dose_index,nominal_occluded_box_fraction,nominal_visible_box_fraction,frame_id,sequence,frame_index,source_image_sha256,source_label_sha256,image_path,image_sha256,label_path,label_sha256,width,height,target_count,canonical_q95_sha256,requested_dose,session,achieved_image_mask_fraction,achieved_annotation_box_mask_fraction,visible_annotation_box_fraction
0,0.0,1.0,land_pad__6500.jpg,land_pad,6500,f72c47ffb3e3d3345c63da92a5de3a9dd2e9c067dd97461609ab97a9c488e8e1,51640b1d3de4656f6fc1afc64a4ee6f2748ebf4805253d426bf9a255b2077bc4,dose_00/images/test/land_pad__6500.jpg,57594893904b9ca47c874fa09e6ad0a375b75d27782ae9616e19b45e8b135396,dose_00/labels/test/land_pad__6500.txt,51640b1d3de4656f6fc1afc64a4ee6f2748ebf4805253d426bf9a255b2077bc4,1052,961,1,57594893904b9ca47c874fa09e6ad0a375b75d27782ae9616e19b45e8b135396,0.0,land_pad,0.0,0.0,1.0
1,0.15,0.85,land_pad__6500.jpg,land_pad,6500,f72c47ffb3e3d3345c63da92a5de3a9dd2e9c067dd97461609ab97a9c488e8e1,51640b1d3de4656f6fc1afc64a4ee6f2748ebf4805253d426bf9a255b2077bc4,dose_01/images/test/land_pad__6500.png,a5ef9e8dca66812d87bed63b32bcc8a703c5081f7320f4ca1563220aebe95c1c,dose_01/labels/test/land_pad__6500.txt,51640b1d3de4656f6fc1afc64a4ee6f2748ebf4805253d426bf9a255b2077bc4,1052,961,1,57594893904b9ca47c874fa09e6ad0a375b75d27782ae9616e19b45e8b135396,0.15,land_pad,7.121858963452994e-05,0.1565217391304348,0.8434782608695652
2,0.3,0.7,land_pad__6500.jpg,land_pad,6500,f72c47ffb3e3d3345c63da92a5de3a9dd2e9c067dd97461609ab97a9c488e8e1,51640b1d3de4656f6fc1afc64a4ee6f2748ebf4805253d426bf9a255b2077bc4,dose_02/images/test/land_pad__6500.png,be6a006f1a5475ea8d3c275d259e0bbefcbe00545685af6d3e76dac34771d980,dose_02/labels/test/land_pad__6500.txt,51640b1d3de4656f6fc1afc64a4ee6f2748ebf4805253d426bf9a255b2077bc4,1052,961,1,57594893904b9ca47c874fa09e6ad0a375b75d27782ae9616e19b45e8b135396,0.3,land_pad,0.0001414480321908025,0.3108695652173913,0.6891304347826087
3,0.45,0.55,land_pad__6500.jpg,land_pad,6500,f72c47ffb3e3d3345c63da92a5de3a9dd2e9c067dd97461609ab97a9c488e8e1,51640b1d3de4656f6fc1afc64a4ee6f2748ebf4805253d426bf9a255b2077bc4,dose_03/images/test/land_pad__6500.png,2ad315385930c053e3e60a9bdc5e3d406aaf42991cdb76a89c999bc068a81142,dose_03/labels/test/land_pad__6500.txt,51640b1d3de4656f6fc1afc64a4ee6f2748ebf4805253d426bf9a255b2077bc4,1052,961,1,57594893904b9ca47c874fa09e6ad0a375b75d27782ae9616e19b45e8b135396,0.45,land_pad,0.00019288368026018523,0.42391304347826086,0.5760869565217391
4,0.6,0.4,land_pad__6500.jpg,land_pad,6500,f72c47ffb3e3d3345c63da92a5de3a9dd2e9c067dd97461609ab97a9c488e8e1,51640b1d3de4656f6fc1afc64a4ee6f2748ebf4805253d426bf9a255b2077bc4,dose_04/images/test/land_pad__6500.png,49bfde735aa306d7561ef364ccfca7dfe3753b8e939ba9a5add681d1ae384eac,dose_04/labels/test/land_pad__6500.txt,51640b1d3de4656f6fc1afc64a4ee6f2748ebf4805253d426bf9a255b2077bc4,1052,961,1,57594893904b9ca47c874fa09e6ad0a375b75d27782ae9616e19b45e8b135396,0.6,land_pad,0.00026706971112948726,0.5869565217391305,0.41304347826086957
5,0.75,0.25,land_pad__6500.jpg,land_pad,6500,f72c47ffb3e3d3345c63da92a5de3a9dd2e9c067dd97461609ab97a9c488e8e1,51640b1d3de4656f6fc1afc64a4ee6f2748ebf4805253d426bf9a255b2077bc4,dose_05/images/test/land_pad__6500.png,5619e0eea9ee4101204513fd958bd30b3bf40615b030a757b47e98f6fd07358b,dose_05/labels/test/land_pad__6500.txt,51640b1d3de4656f6fc1afc64a4ee6f2748ebf4805253d426bf9a255b2077bc4,1052,961,1,57594893904b9ca47c874fa09e6ad0a375b75d27782ae9616e19b45e8b135396,0.75,land_pad,0.0003363100066075025,0.7391304347826086,0.2608695652173913
0,0.0,1.0,land_pad__6525.jpg,land_pad,6525,31045f31c54082b0022ad67444ff0ed6268ee2f34d201ce412bbb5dafe802352,a225e211cd8c78fb20fafc8d2bae4ec34350075954198e5c0976be37f451ca98,dose_00/images/test/land_pad__6525.jpg,9de0a3730c83cb72a56631a6636bb0d6f0d5ea8ea2d7d10dcdc6836872c4a1c2,dose_00/labels/test/land_pad__6525.txt,a225e211cd8c78fb20fafc8d2bae4ec34350075954198e5c0976be37f451ca98,1052,961,1,9de0a3730c83cb72a56631a6636bb0d6f0d5ea8ea2d7d10dcdc6836872c4a1c2,0.0,land_pad,0.0,0.0,1.0
1,0.15,0.85,land_pad__6525.jpg,land_pad,6525,31045f31c54082b0022ad67444ff0ed6268ee2f34d201ce412bbb5dafe802352,a225e211cd8c78fb20fafc8d2bae4ec34350075954198e5c0976be37f451ca98,dose_01/images/test/land_pad__6525.png,377edadf71aba82d9bf0ed6e0c13a19539e623e7203277a6c5c7302c65c67dce,dose_01/labels/test/land_pad__6525.txt,a225e211cd8c78fb20fafc8d2bae4ec34350075954198e5c0976be37f451ca98,1052,961,1,9de0a3730c83cb72a56631a6636bb0d6f0d5ea8ea2d7d10dcdc6836872c4a1c2,0.15,land_pad,7.913176626058882e-05,0.16,0.84
2,0.3,0.7,land_pad__6525.jpg,land_pad,6525,31045f31c54082b0022ad67444ff0ed6268ee2f34d201ce412bbb5dafe802352,a225e211cd8c78fb20fafc8d2bae4ec34350075954198e5c0976be37f451ca98,dose_02/images/test/land_pad__6525.png,1e160bf4b96a1f9f4766336fd6d397a3e7a723f537f716ba07bafd1866d8e18b,dose_02/labels/test/land_pad__6525.txt,a225e211cd8c78fb20fafc8d2bae4ec34350075954198e5c0976be37f451ca98,1052,961,1,9de0a3730c83cb72a56631a6636bb0d6f0d5ea8ea2d7d10dcdc6836872c4a1c2,0.3,land_pad,0.00015232865005163348,0.308,0.692
3,0.45,0.55,land_pad__6525.jpg,land_pad,6525,31045f31c54082b0022ad67444ff0ed6268ee2f34d201ce412bbb5dafe802352,a225e211cd8c78fb20fafc8d2bae4ec34350075954198e5c0976be37f451ca98,dose_03/images/test/land_pad__6525.png,ad6002f8d274ce54726a3492ffb1c8423fa0a0540c90428232395690480ecf12,dose_03/labels/test/land_pad__6525.txt,a225e211cd8c78fb20fafc8d2bae4ec34350075954198e5c0976be37f451ca98,1052,961,1,9de0a3730c83cb72a56631a6636bb0d6f0d5ea8ea2d7d10dcdc6836872c4a1c2,0.45,land_pad,0.00021860150429487663,0.442,0.558
4,0.6,0.4,land_pad__6525.jpg,land_pad,6525,31045f31c54082b0022ad67444ff0ed6268ee2f34d201ce412bbb5dafe802352,a225e211cd8c78fb20fafc8d2bae4ec34350075954198e5c0976be37f451ca98,dose_04/images/test/land_pad__6525.png,938023318484104f31a8d0c6d6661ca57b8066a91ec13c587be13c50ecc5550c,dose_04/labels/test/land_pad__6525.txt,a225e211cd8c78fb20fafc8d2bae4ec34350075954198e5c0976be37f451ca98,1052,961,1,9de0a3730c83cb72a56631a6636bb0d6f0d5ea8ea2d7d10dcdc6836872c4a1c2,0.6,land_pad,0.00028190691730334765,0.57,0.43
5,0.75,0.25,land_pad__6525.jpg,land_pad,6525,31045f31c54082b0022ad67444ff0ed6268ee2f34d201ce412bbb5dafe802352,a225e211cd8c78fb20fafc8d2bae4ec34350075954198e5c0976be37f451ca98,dose_05/images/test/land_pad__6525.png,87b3aa9c565399a0d4ca4d6686a6fed0e01c2e241421c55ab15b3a61abf143b7,dose_05/labels/test/land_pad__6525.txt,a225e211cd8c78fb20fafc8d2bae4ec34350075954198e5c0976be37f451ca98,1052,961,1,9de0a3730c83cb72a56631a6636bb0d6f0d5ea8ea2d7d10dcdc6836872c4a1c2,0.75,land_pad,0.0003699410072682527,0.748,0.252
0,0.0,1.0,land_pad__6550.jpg,land_pad,6550,1f3a2a5b4e074bcd5bb05411ebdabc28392e13c8ad7004d2ab4748d5b488cc08,5a1f431305ee0e535c35e9b11bd869aff299fdd8c2092bcaef90b049c2665d8a,dose_00/images/test/land_pad__6550.jpg,9cc61a23397e5fbf180cfb394134eb0770c0555ba62f5d00baf0d26069d4ceb8,dose_00/labels/test/land_pad__6550.txt,5a1f431305ee0e535c35e9b11bd869aff299fdd8c2092bcaef90b049c2665d8a,1052,961,1,9cc61a23397e5fbf180cfb394134eb0770c0555ba62f5d00baf0d26069d4ceb8,0.0,land_pad,0.0,0.0,1.0
1,0.15,0.85,land_pad__6550.jpg,land_pad,6550,1f3a2a5b4e074bcd5bb05411ebdabc28392e13c8ad7004d2ab4748d5b488cc08,5a1f431305ee0e535c35e9b11bd869aff299fdd8c2092bcaef90b049c2665d8a,dose_01/images/test/land_pad__6550.png,bebb896c02ae1deb6a6975e1b99de55044c4fb39efb092b1bc8e0b9c641e1460,dose_01/labels/test/land_pad__6550.txt,5a1f431305ee0e535c35e9b11bd869aff299fdd8c2092bcaef90b049c2665d8a,1052,961,1,9cc61a23397e5fbf180cfb394134eb0770c0555ba62f5d00baf0d26069d4ceb8,0.15,land_pad,8.704494288664771e-05,0.15714285714285714,0.8428571428571429
2,0.3,0.7,land_pad__6550.jpg,land_pad,6550,1f3a2a5b4e074bcd5bb05411ebdabc28392e13c8ad7004d2ab4748d5b488cc08,5a1f431305ee0e535c35e9b11bd869aff299fdd8c2092bcaef90b049c2665d8a,dose_02/images/test/land_pad__6550.png,e0b4ecdd73cf9c81fe77db4bfa31c234d9738ec65650664e4afa8885aece96cf,dose_02/labels/test/land_pad__6550.txt,5a1f431305ee0e535c35e9b11bd869aff299fdd8c2092bcaef90b049c2665d8a,1052,961,1,9cc61a23397e5fbf180cfb394134eb0770c0555ba62f5d00baf0d26069d4ceb8,0.3,land_pad,0.00016320926791246445,0.29464285714285715,0.7053571428571429
3,0.45,0.55,land_pad__6550.jpg,land_pad,6550,1f3a2a5b4e074bcd5bb05411ebdabc28392e13c8ad7004d2ab4748d5b488cc08,5a1f431305ee0e535c35e9b11bd869aff299fdd8c2092bcaef90b049c2665d8a,dose_03/images/test/land_pad__6550.png,53a887dd9091b66b689dafcacfbccfd4b469dd7da105766301826714867f64e6,dose_03/labels/test/land_pad__6550.txt,5a1f431305ee0e535c35e9b11bd869aff299fdd8c2092bcaef90b049c2665d8a,1052,961,1,9cc61a23397e5fbf180cfb394134eb0770c0555ba62f5d00baf0d26069d4ceb8,0.45,land_pad,0.00024431932832956796,0.44107142857142856,0.5589285714285714
4,0.6,0.4,land_pad__6550.jpg,land_pad,6550,1f3a2a5b4e074bcd5bb05411ebdabc28392e13c8ad7004d2ab4748d5b488cc08,5a1f431305ee0e535c35e9b11bd869aff299fdd8c2092bcaef90b049c2665d8a,dose_04/images/test/land_pad__6550.png,e595b635a8a2156e462ede5525cef332f27cbbaf69cbdcf9c945d18081906c80,dose_04/labels/test/land_pad__6550.txt,5a1f431305ee0e535c35e9b11bd869aff299fdd8c2092bcaef90b049c2665d8a,1052,961,1,9cc61a23397e5fbf180cfb394134eb0770c0555ba62f5d00baf0d26069d4ceb8,0.6,land_pad,0.0003264185358249289,0.5892857142857143,0.4107142857142857
5,0.75,0.25,land_pad__6550.jpg,land_pad,6550,1f3a2a5b4e074bcd5bb05411ebdabc28392e13c8ad7004d2ab4748d5b488cc08,5a1f431305ee0e535c35e9b11bd869aff299fdd8c2092bcaef90b049c2665d8a,dose_05/images/test/land_pad__6550.png,d1d802f69728ec92d37c9763fc944d8debb6405b33850bff476001a4ca6f6eda,dose_05/labels/test/land_pad__6550.txt,5a1f431305ee0e535c35e9b11bd869aff299fdd8c2092bcaef90b049c2665d8a,1052,961,1,9cc61a23397e5fbf180cfb394134eb0770c0555ba62f5d00baf0d26069d4ceb8,0.75,land_pad,0.000403572007929003,0.7285714285714285,0.2714285714285714
0,0.0,1.0,land_pad__6575.jpg,land_pad,6575,fa0a6563e3286533256448ed9d067fc016baf5cca1bbe331272d1c0aa4dcdd0b,1cdbf293aaf7ae8cb877ff159c3f9acacddcbb27756bd62e05761b9c6d68e5d8,dose_00/images/test/land_pad__6575.jpg,2ee7b9f46519ff946a5b1219f712ab9c535626ce375c2458bceeb0db57b67893,dose_00/labels/test/land_pad__6575.txt,1cdbf293aaf7ae8cb877ff159c3f9acacddcbb27756bd62e05761b9c6d68e5d8,1052,961,1,2ee7b9f46519ff946a5b1219f712ab9c535626ce375c2458bceeb0db57b67893,0.0,land_pad,0.0,0.0,1.0
1,0.15,0.85,land_pad__6575.jpg,land_pad,6575,fa0a6563e3286533256448ed9d067fc016baf5cca1bbe331272d1c0aa4dcdd0b,1cdbf293aaf7ae8cb877ff159c3f9acacddcbb27756bd62e05761b9c6d68e5d8,dose_01/images/test/land_pad__6575.png,04ee1ee2213f5aae7055400748078808ebf4cf5f92e7441719150a76c440248e,dose_01/labels/test/land_pad__6575.txt,1cdbf293aaf7ae8cb877ff159c3f9acacddcbb27756bd62e05761b9c6d68e5d8,1052,961,1,2ee7b9f46519ff946a5b1219f712ab9c535626ce375c2458bceeb0db57b67893,0.15,land_pad,7.121858963452994e-05,0.15,0.85
2,0.3,0.7,land_pad__6575.jpg,land_pad,6575,fa0a6563e3286533256448ed9d067fc016baf5cca1bbe331272d1c0aa4dcdd0b,1cdbf293aaf7ae8cb877ff159c3f9acacddcbb27756bd62e05761b9c6d68e5d8,dose_02/images/test/land_pad__6575.png,edf49463b38c23091ac5cc0030625f4fdd1eaf6568e1edc0415b0c5ab2a2e239,dose_02/labels/test/land_pad__6575.txt,1cdbf293aaf7ae8cb877ff159c3f9acacddcbb27756bd62e05761b9c6d68e5d8,1052,961,1,2ee7b9f46519ff946a5b1219f712ab9c535626ce375c2458bceeb0db57b67893,0.3,land_pad,0.0001414480321908025,0.29791666666666666,0.7020833333333333
3,0.45,0.55,land_pad__6575.jpg,land_pad,6575,fa0a6563e3286533256448ed9d067fc016baf5cca1bbe331272d1c0aa4dcdd0b,1cdbf293aaf7ae8cb877ff159c3f9acacddcbb27756bd62e05761b9c6d68e5d8,dose_03/images/test/land_pad__6575.png,978e507632e34ed3b6437448b41ae40e84a31dae8ec44fa04f241e33b4a5f9c7,dose_03/labels/test/land_pad__6575.txt,1cdbf293aaf7ae8cb877ff159c3f9acacddcbb27756bd62e05761b9c6d68e5d8,1052,961,1,2ee7b9f46519ff946a5b1219f712ab9c535626ce375c2458bceeb0db57b67893,0.45,land_pad,0.00020574259227753094,0.43333333333333335,0.5666666666666667
4,0.6,0.4,land_pad__6575.jpg,land_pad,6575,fa0a6563e3286533256448ed9d067fc016baf5cca1bbe331272d1c0aa4dcdd0b,1cdbf293aaf7ae8cb877ff159c3f9acacddcbb27756bd62e05761b9c6d68e5d8,dose_04/images/test/land_pad__6575.png,949282586b70f347f4adeb9a255a3efe5dbe22d8fe31ce16e48c1c60f45401b0,dose_04/labels/test/land_pad__6575.txt,1cdbf293aaf7ae8cb877ff159c3f9acacddcbb27756bd62e05761b9c6d68e5d8,1052,961,1,2ee7b9f46519ff946a5b1219f712ab9c535626ce375c2458bceeb0db57b67893,0.6,land_pad,0.00028190691730334765,0.59375,0.40625
5,0.75,0.25,land_pad__6575.jpg,land_pad,6575,fa0a6563e3286533256448ed9d067fc016baf5cca1bbe331272d1c0aa4dcdd0b,1cdbf293aaf7ae8cb877ff159c3f9acacddcbb27756bd62e05761b9c6d68e5d8,dose_05/images/test/land_pad__6575.png,69f39fa215e8682909814c4bb36d13980f1bb7dd33bd64ecef8bd960d41d4889,dose_05/labels/test/land_pad__6575.txt,1cdbf293aaf7ae8cb877ff159c3f9acacddcbb27756bd62e05761b9c6d68e5d8,1052,961,1,2ee7b9f46519ff946a5b1219f712ab9c535626ce375c2458bceeb0db57b67893,0.75,land_pad,0.0003531255069378776,0.74375,0.25625
0,0.0,1.0,land_pad__6600.jpg,land_pad,6600,95142936d577a13eb25bd70c8b347f3c26737c6880fc1835795e0dd29fc8c617,0a888f6e3db22380450ce475077cdc761aea1a93d924b5a8610e1bbf5e01c783,dose_00/images/test/land_pad__6600.jpg,515e118a610801c9a948c194c81ae1995cd0fe4deb91222c40a009ba3c2dad90,dose_00/labels/test/land_pad__6600.txt,0a888f6e3db22380450ce475077cdc761aea1a93d924b5a8610e1bbf5e01c783,1052,961,1,515e118a610801c9a948c194c81ae1995cd0fe4deb91222c40a009ba3c2dad90,0.0,land_pad,0.0,0.0,1.0
1,0.15,0.85,land_pad__6600.jpg,land_pad,6600,95142936d577a13eb25bd70c8b347f3c26737c6880fc1835795e0dd29fc8c617,0a888f6e3db22380450ce475077cdc761aea1a93d924b5a8610e1bbf5e01c783,dose_01/images/test/land_pad__6600.png,97f9b0f99dd72ae51b0e881b1a184ca05c66c30372dd7fc6d6d19bfbec9ba24f,dose_01/labels/test/land_pad__6600.txt,0a888f6e3db22380450ce475077cdc761aea1a93d924b5a8610e1bbf5e01c783,1052,961,1,515e118a610801c9a948c194c81ae1995cd0fe4deb91222c40a009ba3c2dad90,0.15,land_pad,9.891470782573602e-05,0.14814814814814814,0.8518518518518519
2,0.3,0.7,land_pad__6600.jpg,land_pad,6600,95142936d577a13eb25bd70c8b347f3c26737c6880fc1835795e0dd29fc8c617,0a888f6e3db22380450ce475077cdc761aea1a93d924b5a8610e1bbf5e01c783,dose_02/images/test/land_pad__6600.png,205ac534e3c1e49071e391353e37d11346f6d18f3c65f7c3ec5919197432c359,dose_02/labels/test/land_pad__6600.txt,0a888f6e3db22380450ce475077cdc761aea1a93d924b5a8610e1bbf5e01c783,1052,961,1,515e118a610801c9a948c194c81ae1995cd0fe4deb91222c40a009ba3c2dad90,0.3,land_pad,0.00020772088643404566,0.3111111111111111,0.6888888888888889
3,0.45,0.55,land_pad__6600.jpg,land_pad,6600,95142936d577a13eb25bd70c8b347f3c26737c6880fc1835795e0dd29fc8c617,0a888f6e3db22380450ce475077cdc761aea1a93d924b5a8610e1bbf5e01c783,dose_03/images/test/land_pad__6600.png,7b175395b0f4921fc71bcdd8d10fa42c6fdc2485051800a9692c7604a66b6206,dose_03/labels/test/land_pad__6600.txt,0a888f6e3db22380450ce475077cdc761aea1a93d924b5a8610e1bbf5e01c783,1052,961,1,515e118a610801c9a948c194c81ae1995cd0fe4deb91222c40a009ba3c2dad90,0.45,land_pad,0.00030267900594675224,0.4533333333333333,0.5466666666666666
4,0.6,0.4,land_pad__6600.jpg,land_pad,6600,95142936d577a13eb25bd70c8b347f3c26737c6880fc1835795e0dd29fc8c617,0a888f6e3db22380450ce475077cdc761aea1a93d924b5a8610e1bbf5e01c783,dose_04/images/test/land_pad__6600.png,9fe859c3903515e9189f274527070e917008a11232582a2c4d65dbb001427cd5,dose_04/labels/test/land_pad__6600.txt,0a888f6e3db22380450ce475077cdc761aea1a93d924b5a8610e1bbf5e01c783,1052,961,1,515e118a610801c9a948c194c81ae1995cd0fe4deb91222c40a009ba3c2dad90,0.6,land_pad,0.00039466968422468673,0.5911111111111111,0.4088888888888889
5,0.75,0.25,land_pad__6600.jpg,land_pad,6600,95142936d577a13eb25bd70c8b347f3c26737c6880fc1835795e0dd29fc8c617,0a888f6e3db22380450ce475077cdc761aea1a93d924b5a8610e1bbf5e01c783,dose_05/images/test/land_pad__6600.png,6c28b1a576b30e3270af2b4496a5dbb4517e26f61e20911bb99eafde3f562990,dose_05/labels/test/land_pad__6600.txt,0a888f6e3db22380450ce475077cdc761aea1a93d924b5a8610e1bbf5e01c783,1052,961,1,515e118a610801c9a948c194c81ae1995cd0fe4deb91222c40a009ba3c2dad90,0.75,land_pad,0.0005005084215982243,0.7496296296296296,0.25037037037037035
0,0.0,1.0,land_pad__6625.jpg,land_pad,6625,393e028560483b5dd13ffebc9e2f554245d8fce9b7a2dfb5f16cecd0d3865400,e0331afcb3838a49f63c8b05e8444822a4c4a17297550d14295072767b2eee1e,dose_00/images/test/land_pad__6625.jpg,c41402941e91d4687c68e56f3617953414e429895c25621d160a1edc94341a44,dose_00/labels/test/land_pad__6625.txt,e0331afcb3838a49f63c8b05e8444822a4c4a17297550d14295072767b2eee1e,1052,961,1,c41402941e91d4687c68e56f3617953414e429895c25621d160a1edc94341a44,0.0,land_pad,0.0,0.0,1.0
1,0.15,0.85,land_pad__6625.jpg,land_pad,6625,393e028560483b5dd13ffebc9e2f554245d8fce9b7a2dfb5f16cecd0d3865400,e0331afcb3838a49f63c8b05e8444822a4c4a17297550d14295072767b2eee1e,dose_01/images/test/land_pad__6625.png,3c2c96b8e0ec0d263f1cf8ff98377596f751ecee43ead87e4b89e628eb656e07,dose_01/labels/test/land_pad__6625.txt,e0331afcb3838a49f63c8b05e8444822a4c4a17297550d14295072767b2eee1e,1052,961,1,c41402941e91d4687c68e56f3617953414e429895c25621d160a1edc94341a44,0.15,land_pad,8.012091333884618e-05,0.1600790513833992,0.8399209486166008
2,0.3,0.7,land_pad__6625.jpg,land_pad,6625,393e028560483b5dd13ffebc9e2f554245d8fce9b7a2dfb5f16cecd0d3865400,e0331afcb3838a49f63c8b05e8444822a4c4a17297550d14295072767b2eee1e,dose_02/images/test/land_pad__6625.png,71b800e8662b1c60b416ab34cbf959820dae5b742bcaf05598fa5c1d6aa91833,dose_02/labels/test/land_pad__6625.txt,e0331afcb3838a49f63c8b05e8444822a4c4a17297550d14295072767b2eee1e,1052,961,1,c41402941e91d4687c68e56f3617953414e429895c25621d160a1edc94341a44,0.3,land_pad,0.0001543069442081482,0.308300395256917,0.691699604743083
3,0.45,0.55,land_pad__6625.jpg,land_pad,6625,393e028560483b5dd13ffebc9e2f554245d8fce9b7a2dfb5f16cecd0d3865400,e0331afcb3838a49f63c8b05e8444822a4c4a17297550d14295072767b2eee1e,dose_03/images/test/land_pad__6625.png,c4b45683a84722f1ed38cace641a681d162209617ee22d0b857df1079cc2afea,dose_03/labels/test/land_pad__6625.txt,e0331afcb3838a49f63c8b05e8444822a4c4a17297550d14295072767b2eee1e,1052,961,1,c41402941e91d4687c68e56f3617953414e429895c25621d160a1edc94341a44,0.45,land_pad,0.00022255809260790605,0.44466403162055335,0.5553359683794467
4,0.6,0.4,land_pad__6625.jpg,land_pad,6625,393e028560483b5dd13ffebc9e2f554245d8fce9b7a2dfb5f16cecd0d3865400,e0331afcb3838a49f63c8b05e8444822a4c4a17297550d14295072767b2eee1e,dose_04/images/test/land_pad__6625.png,4882204e5ad58247e6bbb009a75e8ab6845a2d7230b64486efde4f679f6e4f30,dose_04/labels/test/land_pad__6625.txt,e0331afcb3838a49f63c8b05e8444822a4c4a17297550d14295072767b2eee1e,1052,961,1,c41402941e91d4687c68e56f3617953414e429895c25621d160a1edc94341a44,0.6,land_pad,0.00030267900594675224,0.6047430830039525,0.3952569169960474
5,0.75,0.25,land_pad__6625.jpg,land_pad,6625,393e028560483b5dd13ffebc9e2f554245d8fce9b7a2dfb5f16cecd0d3865400,e0331afcb3838a49f63c8b05e8444822a4c4a17297550d14295072767b2eee1e,dose_05/images/test/land_pad__6625.png,a717a060be95dda64bf66f71c7c47d01080bd7fab6801e096d9affbce70d4736,dose_05/labels/test/land_pad__6625.txt,e0331afcb3838a49f63c8b05e8444822a4c4a17297550d14295072767b2eee1e,1052,961,1,c41402941e91d4687c68e56f3617953414e429895c25621d160a1edc94341a44,0.75,land_pad,0.0003758758897377969,0.7509881422924901,0.2490118577075099
0,0.0,1.0,land_pad__6650.jpg,land_pad,6650,34342350e7251c2f9d95d59ead7a5503d518b01caa11ace5f83e48900557e5d1,22128c3eb36a4e736b6d63a0dbf25d5fade603166a4dd06fe1140e4a31876c36,dose_00/images/test/land_pad__6650.jpg,5c9ec86f1d82fca86f694075f05097ed09e70100ff0a6634350aca67146fab14,dose_00/labels/test/land_pad__6650.txt,22128c3eb36a4e736b6d63a0dbf25d5fade603166a4dd06fe1140e4a31876c36,1052,961,1,5c9ec86f1d82fca86f694075f05097ed09e70100ff0a6634350aca67146fab14,0.0,land_pad,0.0,0.0,1.0
1,0.15,0.85,land_pad__6650.jpg,land_pad,6650,34342350e7251c2f9d95d59ead7a5503d518b01caa11ace5f83e48900557e5d1,22128c3eb36a4e736b6d63a0dbf25d5fade603166a4dd06fe1140e4a31876c36,dose_01/images/test/land_pad__6650.png,927138606fa9a9463d1bee10f092e7c07bee50fd2ec1c3f6f6b1f5ef60b24664,dose_01/labels/test/land_pad__6650.txt,22128c3eb36a4e736b6d63a0dbf25d5fade603166a4dd06fe1140e4a31876c36,1052,961,1,5c9ec86f1d82fca86f694075f05097ed09e70100ff0a6634350aca67146fab14,0.15,land_pad,6.23162659302137e-05,0.1590909090909091,0.8409090909090909
2,0.3,0.7,land_pad__6650.jpg,land_pad,6650,34342350e7251c2f9d95d59ead7a5503d518b01caa11ace5f83e48900557e5d1,22128c3eb36a4e736b6d63a0dbf25d5fade603166a4dd06fe1140e4a31876c36,dose_02/images/test/land_pad__6650.png,179844343ad709cade0cf1ca33267a7affafc359550a085850cf50316801939e,dose_02/labels/test/land_pad__6650.txt,22128c3eb36a4e736b6d63a0dbf25d5fade603166a4dd06fe1140e4a31876c36,1052,961,1,5c9ec86f1d82fca86f694075f05097ed09e70100ff0a6634350aca67146fab14,0.3,land_pad,0.00011869764939088324,0.30303030303030304,0.696969696969697
3,0.45,0.55,land_pad__6650.jpg,land_pad,6650,34342350e7251c2f9d95d59ead7a5503d518b01caa11ace5f83e48900557e5d1,22128c3eb36a4e736b6d63a0dbf25d5fade603166a4dd06fe1140e4a31876c36,dose_03/images/test/land_pad__6650.png,7105076314b78cf7868de32efc92ef4f765c9a10334174c4d403f6384a51bab9,dose_03/labels/test/land_pad__6650.txt,22128c3eb36a4e736b6d63a0dbf25d5fade603166a4dd06fe1140e4a31876c36,1052,961,1,5c9ec86f1d82fca86f694075f05097ed09e70100ff0a6634350aca67146fab14,0.45,land_pad,0.00017804647408632484,0.45454545454545453,0.5454545454545454
4,0.6,0.4,land_pad__6650.jpg,land_pad,6650,34342350e7251c2f9d95d59ead7a5503d518b01caa11ace5f83e48900557e5d1,22128c3eb36a4e736b6d63a0dbf25d5fade603166a4dd06fe1140e4a31876c36,dose_04/images/test/land_pad__6650.png,f895e94262f69a1dac840291d31dc58fd735e574142d17aa623cf6496e87843a,dose_04/labels/test/land_pad__6650.txt,22128c3eb36a4e736b6d63a0dbf25d5fade603166a4dd06fe1140e4a31876c36,1052,961,1,5c9ec86f1d82fca86f694075f05097ed09e70100ff0a6634350aca67146fab14,0.6,land_pad,0.00023541700462525173,0.601010101010101,0.398989898989899
5,0.75,0.25,land_pad__6650.jpg,land_pad,6650,34342350e7251c2f9d95d59ead7a5503d518b01caa11ace5f83e48900557e5d1,22128c3eb36a4e736b6d63a0dbf25d5fade603166a4dd06fe1140e4a31876c36,dose_05/images/test/land_pad__6650.png,d1792600285d53b7612d175b33d45213df9bae7cd5773c341f14adc1fac2a724,dose_05/labels/test/land_pad__6650.txt,22128c3eb36a4e736b6d63a0dbf25d5fade603166a4dd06fe1140e4a31876c36,1052,961,1,5c9ec86f1d82fca86f694075f05097ed09e70100ff0a6634350aca67146fab14,0.75,land_pad,0.00030070071179023753,0.7676767676767676,0.23232323232323232
0,0.0,1.0,land_pad__6675.jpg,land_pad,6675,4dc8a02d5f8aa1158860b37d93d3a0290dede06cc1d2384547544a417b298251,75cbfbb4ed9de149c2e307da2c80e59ff9a36a5ca6153727227e4ada44470930,dose_00/images/test/land_pad__6675.jpg,660cca0252ddc88782a7f613ddce5fba30c869d4217fe991baa50353870fddc9,dose_00/labels/test/land_pad__6675.txt,75cbfbb4ed9de149c2e307da2c80e59ff9a36a5ca6153727227e4ada44470930,1052,961,1,660cca0252ddc88782a7f613ddce5fba30c869d4217fe991baa50353870fddc9,0.0,land_pad,0.0,0.0,1.0
1,0.15,0.85,land_pad__6675.jpg,land_pad,6675,4dc8a02d5f8aa1158860b37d93d3a0290dede06cc1d2384547544a417b298251,75cbfbb4ed9de149c2e307da2c80e59ff9a36a5ca6153727227e4ada44470930,dose_01/images/test/land_pad__6675.png,4908d1ccbeebc42dbc1a4bb1f0323cec8334fa4037dbff79c17ae543073c72d5,dose_01/labels/test/land_pad__6675.txt,75cbfbb4ed9de149c2e307da2c80e59ff9a36a5ca6153727227e4ada44470930,1052,961,1,660cca0252ddc88782a7f613ddce5fba30c869d4217fe991baa50353870fddc9,0.15,land_pad,6.924029547801522e-05,0.14736842105263157,0.8526315789473684
2,0.3,0.7,land_pad__6675.jpg,land_pad,6675,4dc8a02d5f8aa1158860b37d93d3a0290dede06cc1d2384547544a417b298251,75cbfbb4ed9de149c2e307da2c80e59ff9a36a5ca6153727227e4ada44470930,dose_02/images/test/land_pad__6675.png,6acb6aaad881a4cc49c0979e44ed1056752b7273ab0f48d57f1518e9d97a9fb3,dose_02/labels/test/land_pad__6675.txt,75cbfbb4ed9de149c2e307da2c80e59ff9a36a5ca6153727227e4ada44470930,1052,961,1,660cca0252ddc88782a7f613ddce5fba30c869d4217fe991baa50353870fddc9,0.3,land_pad,0.00013848059095603044,0.29473684210526313,0.7052631578947368
3,0.45,0.55,land_pad__6675.jpg,land_pad,6675,4dc8a02d5f8aa1158860b37d93d3a0290dede06cc1d2384547544a417b298251,75cbfbb4ed9de149c2e307da2c80e59ff9a36a5ca6153727227e4ada44470930,dose_03/images/test/land_pad__6675.png,b5e26b63d7387fa3a3e50de38f48a072d7d477a823bee9ea3d3e1dd8ddd41813,dose_03/labels/test/land_pad__6675.txt,75cbfbb4ed9de149c2e307da2c80e59ff9a36a5ca6153727227e4ada44470930,1052,961,1,660cca0252ddc88782a7f613ddce5fba30c869d4217fe991baa50353870fddc9,0.45,land_pad,0.00021860150429487663,0.4652631578947368,0.5347368421052632
4,0.6,0.4,land_pad__6675.jpg,land_pad,6675,4dc8a02d5f8aa1158860b37d93d3a0290dede06cc1d2384547544a417b298251,75cbfbb4ed9de149c2e307da2c80e59ff9a36a5ca6153727227e4ada44470930,dose_04/images/test/land_pad__6675.png,b059ab3df22b43d6f24e2cbc400ca3e3d0697845eef837f1791c5e7cef3db792,dose_04/labels/test/land_pad__6675.txt,75cbfbb4ed9de149c2e307da2c80e59ff9a36a5ca6153727227e4ada44470930,1052,961,1,660cca0252ddc88782a7f613ddce5fba30c869d4217fe991baa50353870fddc9,0.6,land_pad,0.00028190691730334765,0.6,0.4
5,0.75,0.25,land_pad__6675.jpg,land_pad,6675,4dc8a02d5f8aa1158860b37d93d3a0290dede06cc1d2384547544a417b298251,75cbfbb4ed9de149c2e307da2c80e59ff9a36a5ca6153727227e4ada44470930,dose_05/images/test/land_pad__6675.png,1f13448126dbc455d0118d830a4a8822f08730523a2c0578487638c5b6682bc7,dose_05/labels/test/land_pad__6675.txt,75cbfbb4ed9de149c2e307da2c80e59ff9a36a5ca6153727227e4ada44470930,1052,961,1,660cca0252ddc88782a7f613ddce5fba30c869d4217fe991baa50353870fddc9,0.75,land_pad,0.00034817977154659083,0.7410526315789474,0.25894736842105265
0,0.0,1.0,land_pad__6700.jpg,land_pad,6700,b654087e78b422f9f60dce5c2a40ee77031f498a1ac8b79d346042ebeb9812c1,614b9d7d3d2f5ccbc601ed8269ded8c028eefed6ed08ddc1c24cd5c1206ad28c,dose_00/images/test/land_pad__6700.jpg,52e539eb199fb7dffaabfd153e0b17d9bda0c7149e234744a53557d6eed43fa4,dose_00/labels/test/land_pad__6700.txt,614b9d7d3d2f5ccbc601ed8269ded8c028eefed6ed08ddc1c24cd5c1206ad28c,1052,961,1,52e539eb199fb7dffaabfd153e0b17d9bda0c7149e234744a53557d6eed43fa4,0.0,land_pad,0.0,0.0,1.0
1,0.15,0.85,land_pad__6700.jpg,land_pad,6700,b654087e78b422f9f60dce5c2a40ee77031f498a1ac8b79d346042ebeb9812c1,614b9d7d3d2f5ccbc601ed8269ded8c028eefed6ed08ddc1c24cd5c1206ad28c,dose_01/images/test/land_pad__6700.png,e19eb90ceeb2e177293f6ad90345469675806f1cd9bc2252b65f01c60c82dbb1,dose_01/labels/test/land_pad__6700.txt,614b9d7d3d2f5ccbc601ed8269ded8c028eefed6ed08ddc1c24cd5c1206ad28c,1052,961,1,52e539eb199fb7dffaabfd153e0b17d9bda0c7149e234744a53557d6eed43fa4,0.15,land_pad,7.121858963452994e-05,0.16363636363636364,0.8363636363636363
2,0.3,0.7,land_pad__6700.jpg,land_pad,6700,b654087e78b422f9f60dce5c2a40ee77031f498a1ac8b79d346042ebeb9812c1,614b9d7d3d2f5ccbc601ed8269ded8c028eefed6ed08ddc1c24cd5c1206ad28c,dose_02/images/test/land_pad__6700.png,d0ba69c4b7c0675b844e9245599b627e6568497c9a0c17a7a203ec9f293a2ea3,dose_02/labels/test/land_pad__6700.txt,614b9d7d3d2f5ccbc601ed8269ded8c028eefed6ed08ddc1c24cd5c1206ad28c,1052,961,1,52e539eb199fb7dffaabfd153e0b17d9bda0c7149e234744a53557d6eed43fa4,0.3,land_pad,0.00013056741432997156,0.3,0.7
3,0.45,0.55,land_pad__6700.jpg,land_pad,6700,b654087e78b422f9f60dce5c2a40ee77031f498a1ac8b79d346042ebeb9812c1,614b9d7d3d2f5ccbc601ed8269ded8c028eefed6ed08ddc1c24cd5c1206ad28c,dose_03/images/test/land_pad__6700.png,76e6f3644fc208c68d0518b3e1c123231e9d59afa6ed07af2baf4551319e9d7d,dose_03/labels/test/land_pad__6700.txt,614b9d7d3d2f5ccbc601ed8269ded8c028eefed6ed08ddc1c24cd5c1206ad28c,1052,961,1,52e539eb199fb7dffaabfd153e0b17d9bda0c7149e234744a53557d6eed43fa4,0.45,land_pad,0.00019288368026018523,0.4431818181818182,0.5568181818181818
4,0.6,0.4,land_pad__6700.jpg,land_pad,6700,b654087e78b422f9f60dce5c2a40ee77031f498a1ac8b79d346042ebeb9812c1,614b9d7d3d2f5ccbc601ed8269ded8c028eefed6ed08ddc1c24cd5c1206ad28c,dose_04/images/test/land_pad__6700.png,b560a12c656570c9b000b9c3b2b4e06fa5c53bd2507ab1dec8e371a482fce456,dose_04/labels/test/land_pad__6700.txt,614b9d7d3d2f5ccbc601ed8269ded8c028eefed6ed08ddc1c24cd5c1206ad28c,1052,961,1,52e539eb199fb7dffaabfd153e0b17d9bda0c7149e234744a53557d6eed43fa4,0.6,land_pad,0.00025223250495562687,0.5795454545454546,0.42045454545454547
5,0.75,0.25,land_pad__6700.jpg,land_pad,6700,b654087e78b422f9f60dce5c2a40ee77031f498a1ac8b79d346042ebeb9812c1,614b9d7d3d2f5ccbc601ed8269ded8c028eefed6ed08ddc1c24cd5c1206ad28c,dose_05/images/test/land_pad__6700.png,fe6d9371a7a45a660cee704abb9c6f94d864487dbbf303c433844ae9411abb06,dose_05/labels/test/land_pad__6700.txt,614b9d7d3d2f5ccbc601ed8269ded8c028eefed6ed08ddc1c24cd5c1206ad28c,1052,961,1,52e539eb199fb7dffaabfd153e0b17d9bda0c7149e234744a53557d6eed43fa4,0.75,land_pad,0.00031949450627712735,0.7340909090909091,0.26590909090909093
0,0.0,1.0,land_pad__6725.jpg,land_pad,6725,8eabf7fe85e5171edf09c9b7d2f6f6e41f1578aaf09c41f8fdd877a955951d80,f843aef58e57e1079596faeb8c6cdd242c1df4fd1dd2dc0f8992a12427eaabaa,dose_00/images/test/land_pad__6725.jpg,62f3a656f7742796d195eed7960f46264856e28ad7b9dd20c17bc83ebe7ad7ae,dose_00/labels/test/land_pad__6725.txt,f843aef58e57e1079596faeb8c6cdd242c1df4fd1dd2dc0f8992a12427eaabaa,1052,961,1,62f3a656f7742796d195eed7960f46264856e28ad7b9dd20c17bc83ebe7ad7ae,0.0,land_pad,0.0,0.0,1.0
1,0.15,0.85,land_pad__6725.jpg,land_pad,6725,8eabf7fe85e5171edf09c9b7d2f6f6e41f1578aaf09c41f8fdd877a955951d80,f843aef58e57e1079596faeb8c6cdd242c1df4fd1dd2dc0f8992a12427eaabaa,dose_01/images/test/land_pad__6725.png,d525f0a521f141bace41055487ea70759747f164e18a3a44efd93fa458dcdc77,dose_01/labels/test/land_pad__6725.txt,f843aef58e57e1079596faeb8c6cdd242c1df4fd1dd2dc0f8992a12427eaabaa,1052,961,1,62f3a656f7742796d195eed7960f46264856e28ad7b9dd20c17bc83ebe7ad7ae,0.15,land_pad,5.3413942225897455e-05,0.140625,0.859375
2,0.3,0.7,land_pad__6725.jpg,land_pad,6725,8eabf7fe85e5171edf09c9b7d2f6f6e41f1578aaf09c41f8fdd877a955951d80,f843aef58e57e1079596faeb8c6cdd242c1df4fd1dd2dc0f8992a12427eaabaa,dose_02/images/test/land_pad__6725.png,5cf0372bb95a4e6790f17d9c0988fcc2392e0caaa2b6745dc3ed26f0352bdda3,dose_02/labels/test/land_pad__6725.txt,f843aef58e57e1079596faeb8c6cdd242c1df4fd1dd2dc0f8992a12427eaabaa,1052,961,1,62f3a656f7742796d195eed7960f46264856e28ad7b9dd20c17bc83ebe7ad7ae,0.3,land_pad,0.00011573020815611115,0.3046875,0.6953125
3,0.45,0.55,land_pad__6725.jpg,land_pad,6725,8eabf7fe85e5171edf09c9b7d2f6f6e41f1578aaf09c41f8fdd877a955951d80,f843aef58e57e1079596faeb8c6cdd242c1df4fd1dd2dc0f8992a12427eaabaa,dose_03/images/test/land_pad__6725.png,913bec7309fa38fd57d2a5e288967d6bb0d1e5587da22e968d9ae6f4ebc4cd23,dose_03/labels/test/land_pad__6725.txt,f843aef58e57e1079596faeb8c6cdd242c1df4fd1dd2dc0f8992a12427eaabaa,1052,961,1,62f3a656f7742796d195eed7960f46264856e28ad7b9dd20c17bc83ebe7ad7ae,0.45,land_pad,0.00017408988577329542,0.4583333333333333,0.5416666666666666
4,0.6,0.4,land_pad__6725.jpg,land_pad,6725,8eabf7fe85e5171edf09c9b7d2f6f6e41f1578aaf09c41f8fdd877a955951d80,f843aef58e57e1079596faeb8c6cdd242c1df4fd1dd2dc0f8992a12427eaabaa,dose_04/images/test/land_pad__6725.png,4a102f0180dc5c4727f3e8e7b4b30e116c545d205048cdc7886e502b643fa361,dose_04/labels/test/land_pad__6725.txt,f843aef58e57e1079596faeb8c6cdd242c1df4fd1dd2dc0f8992a12427eaabaa,1052,961,1,62f3a656f7742796d195eed7960f46264856e28ad7b9dd20c17bc83ebe7ad7ae,0.6,land_pad,0.00022552553384267815,0.59375,0.40625
5,0.75,0.25,land_pad__6725.jpg,land_pad,6725,8eabf7fe85e5171edf09c9b7d2f6f6e41f1578aaf09c41f8fdd877a955951d80,f843aef58e57e1079596faeb8c6cdd242c1df4fd1dd2dc0f8992a12427eaabaa,dose_05/images/test/land_pad__6725.png,fd599d2fc3a97bbf5cb7690af6a2481ee7ce3106827c147f3be5bdf9d6bf63dd,dose_05/labels/test/land_pad__6725.txt,f843aef58e57e1079596faeb8c6cdd242c1df4fd1dd2dc0f8992a12427eaabaa,1052,961,1,62f3a656f7742796d195eed7960f46264856e28ad7b9dd20c17bc83ebe7ad7ae,0.75,land_pad,0.0002908092410076639,0.765625,0.234375
0,0.0,1.0,land_pad__6750.jpg,land_pad,6750,7e6c77731025866bdc14184d99a06bee656fdae3fe13598a6557cfa6801596e5,4ecc60fb612d47f3815ee45761d6b04bdc7eb9b70bc29f08faac99438bafcdb9,dose_00/images/test/land_pad__6750.jpg,bf8a7920f34d99d67ce9deb5c11e07721d3ae708c5cbb42622c8105879e8ba06,dose_00/labels/test/land_pad__6750.txt,4ecc60fb612d47f3815ee45761d6b04bdc7eb9b70bc29f08faac99438bafcdb9,1052,961,1,bf8a7920f34d99d67ce9deb5c11e07721d3ae708c5cbb42622c8105879e8ba06,0.0,land_pad,0.0,0.0,1.0
1,0.15,0.85,land_pad__6750.jpg,land_pad,6750,7e6c77731025866bdc14184d99a06bee656fdae3fe13598a6557cfa6801596e5,4ecc60fb612d47f3815ee45761d6b04bdc7eb9b70bc29f08faac99438bafcdb9,dose_01/images/test/land_pad__6750.png,26e999d80804c33aed92f0734dec246dc0d7c5ee1e2f262388e9d1f8f623fbd8,dose_01/labels/test/land_pad__6750.txt,4ecc60fb612d47f3815ee45761d6b04bdc7eb9b70bc29f08faac99438bafcdb9,1052,961,1,bf8a7920f34d99d67ce9deb5c11e07721d3ae708c5cbb42622c8105879e8ba06,0.15,land_pad,5.3413942225897455e-05,0.16363636363636364,0.8363636363636363
2,0.3,0.7,land_pad__6750.jpg,land_pad,6750,7e6c77731025866bdc14184d99a06bee656fdae3fe13598a6557cfa6801596e5,4ecc60fb612d47f3815ee45761d6b04bdc7eb9b70bc29f08faac99438bafcdb9,dose_02/images/test/land_pad__6750.png,58f539793e28eb9c83e640e96f424e2df2ddebcd6b8ce90738b93f4846286959,dose_02/labels/test/land_pad__6750.txt,4ecc60fb612d47f3815ee45761d6b04bdc7eb9b70bc29f08faac99438bafcdb9,1052,961,1,bf8a7920f34d99d67ce9deb5c11e07721d3ae708c5cbb42622c8105879e8ba06,0.3,land_pad,9.495811951270658e-05,0.2909090909090909,0.7090909090909091
3,0.45,0.55,land_pad__6750.jpg,land_pad,6750,7e6c77731025866bdc14184d99a06bee656fdae3fe13598a6557cfa6801596e5,4ecc60fb612d47f3815ee45761d6b04bdc7eb9b70bc29f08faac99438bafcdb9,dose_03/images/test/land_pad__6750.png,309e7891f31ec469ed225e5bfd8fc733b082f4823081d2c0c5db2fe4f23ad139,dose_03/labels/test/land_pad__6750.txt,4ecc60fb612d47f3815ee45761d6b04bdc7eb9b70bc29f08faac99438bafcdb9,1052,961,1,bf8a7920f34d99d67ce9deb5c11e07721d3ae708c5cbb42622c8105879e8ba06,0.45,land_pad,0.00014837206173860402,0.45454545454545453,0.5454545454545454
4,0.6,0.4,land_pad__6750.jpg,land_pad,6750,7e6c77731025866bdc14184d99a06bee656fdae3fe13598a6557cfa6801596e5,4ecc60fb612d47f3815ee45761d6b04bdc7eb9b70bc29f08faac99438bafcdb9,dose_04/images/test/land_pad__6750.png,eea108bf9ff380ee5d03839eb59a8982e81d20b64246b1525ebc5ccd445f90ab,dose_04/labels/test/land_pad__6750.txt,4ecc60fb612d47f3815ee45761d6b04bdc7eb9b70bc29f08faac99438bafcdb9,1052,961,1,bf8a7920f34d99d67ce9deb5c11e07721d3ae708c5cbb42622c8105879e8ba06,0.6,land_pad,0.0002017860039645015,0.6181818181818182,0.38181818181818183
5,0.75,0.25,land_pad__6750.jpg,land_pad,6750,7e6c77731025866bdc14184d99a06bee656fdae3fe13598a6557cfa6801596e5,4ecc60fb612d47f3815ee45761d6b04bdc7eb9b70bc29f08faac99438bafcdb9,dose_05/images/test/land_pad__6750.png,8a4835a13eefb6b7e7b5cce82bd6b04f0a28c11b65cbb9f43ec77b398b529deb,dose_05/labels/test/land_pad__6750.txt,4ecc60fb612d47f3815ee45761d6b04bdc7eb9b70bc29f08faac99438bafcdb9,1052,961,1,bf8a7920f34d99d67ce9deb5c11e07721d3ae708c5cbb42622c8105879e8ba06,0.75,land_pad,0.00024431932832956796,0.7484848484848485,0.2515151515151515
0,0.0,1.0,land_pad__6775.jpg,land_pad,6775,b2e707df7cafc89711799beea8f9f37c73d4657244f52599c60ea4e72cdf6349,76b70d1a5ec5f4e4d1dc1b9176340df264f35f2e22e7801dea90c42faa8e71ec,dose_00/images/test/land_pad__6775.jpg,b86ec0083e4f674f28e58ff50d388cc2bb3b5f389b893b798aa829ae4f79df6e,dose_00/labels/test/land_pad__6775.txt,76b70d1a5ec5f4e4d1dc1b9176340df264f35f2e22e7801dea90c42faa8e71ec,1052,961,1,b86ec0083e4f674f28e58ff50d388cc2bb3b5f389b893b798aa829ae4f79df6e,0.0,land_pad,0.0,0.0,1.0
1,0.15,0.85,land_pad__6775.jpg,land_pad,6775,b2e707df7cafc89711799beea8f9f37c73d4657244f52599c60ea4e72cdf6349,76b70d1a5ec5f4e4d1dc1b9176340df264f35f2e22e7801dea90c42faa8e71ec,dose_01/images/test/land_pad__6775.png,d4516e2d7d425ae3ba5ae749eb442160ee27946ea8b4a2ea9e7bfc9e42f9073b,dose_01/labels/test/land_pad__6775.txt,76b70d1a5ec5f4e4d1dc1b9176340df264f35f2e22e7801dea90c42faa8e71ec,1052,961,1,b86ec0083e4f674f28e58ff50d388cc2bb3b5f389b893b798aa829ae4f79df6e,0.15,land_pad,4.747905975635329e-05,0.14285714285714285,0.8571428571428571
2,0.3,0.7,land_pad__6775.jpg,land_pad,6775,b2e707df7cafc89711799beea8f9f37c73d4657244f52599c60ea4e72cdf6349,76b70d1a5ec5f4e4d1dc1b9176340df264f35f2e22e7801dea90c42faa8e71ec,dose_02/images/test/land_pad__6775.png,0661935b5c75d23508fd4fa6242f27a01315c0e712790e4adedcdb11382cd479,dose_02/labels/test/land_pad__6775.txt,76b70d1a5ec5f4e4d1dc1b9176340df264f35f2e22e7801dea90c42faa8e71ec,1052,961,1,b86ec0083e4f674f28e58ff50d388cc2bb3b5f389b893b798aa829ae4f79df6e,0.3,land_pad,0.00010682788445179491,0.32142857142857145,0.6785714285714286
3,0.45,0.55,land_pad__6775.jpg,land_pad,6775,b2e707df7cafc89711799beea8f9f37c73d4657244f52599c60ea4e72cdf6349,76b70d1a5ec5f4e4d1dc1b9176340df264f35f2e22e7801dea90c42faa8e71ec,dose_03/images/test/land_pad__6775.png,bf5964c3ce5803812d663a8a78293dad9e56dceb6e4ce10850952de4607bf818,dose_03/labels/test/land_pad__6775.txt,76b70d1a5ec5f4e4d1dc1b9176340df264f35f2e22e7801dea90c42faa8e71ec,1052,961,1,b86ec0083e4f674f28e58ff50d388cc2bb3b5f389b893b798aa829ae4f79df6e,0.45,land_pad,0.00015232865005163348,0.4583333333333333,0.5416666666666666
4,0.6,0.4,land_pad__6775.jpg,land_pad,6775,b2e707df7cafc89711799beea8f9f37c73d4657244f52599c60ea4e72cdf6349,76b70d1a5ec5f4e4d1dc1b9176340df264f35f2e22e7801dea90c42faa8e71ec,dose_04/images/test/land_pad__6775.png,b091343e0e0ef43b7d74d5df032f0a148c8762d0db0067747cfda8c5008b9ba3,dose_04/labels/test/land_pad__6775.txt,76b70d1a5ec5f4e4d1dc1b9176340df264f35f2e22e7801dea90c42faa8e71ec,1052,961,1,b86ec0083e4f674f28e58ff50d388cc2bb3b5f389b893b798aa829ae4f79df6e,0.6,land_pad,0.00018991623902541317,0.5714285714285714,0.42857142857142855
5,0.75,0.25,land_pad__6775.jpg,land_pad,6775,b2e707df7cafc89711799beea8f9f37c73d4657244f52599c60ea4e72cdf6349,76b70d1a5ec5f4e4d1dc1b9176340df264f35f2e22e7801dea90c42faa8e71ec,dose_05/images/test/land_pad__6775.png,4473272f689891787f1e1f539adcffa8917cb799c7d29abc9e350de1997a4a56,dose_05/labels/test/land_pad__6775.txt,76b70d1a5ec5f4e4d1dc1b9176340df264f35f2e22e7801dea90c42faa8e71ec,1052,961,1,b86ec0083e4f674f28e58ff50d388cc2bb3b5f389b893b798aa829ae4f79df6e,0.75,land_pad,0.0002492650637208548,0.75,0.25
0,0.0,1.0,land_pad__6800.jpg,land_pad,6800,e3378c32f6ca4c39dcfbb73271ab3a6d6feef68a49b88ecf7fa4fc1080bc9cf6,cfdcb5e2e7aa3fc57245480f2b3fedc37651f00272a10a86ed3fedb23808eeee,dose_00/images/test/land_pad__6800.jpg,2111899b1df047c027f93ba6bcc97cac6e83a7d16127e225b5ee15c540a43e3a,dose_00/labels/test/land_pad__6800.txt,cfdcb5e2e7aa3fc57245480f2b3fedc37651f00272a10a86ed3fedb23808eeee,1052,961,1,2111899b1df047c027f93ba6bcc97cac6e83a7d16127e225b5ee15c540a43e3a,0.0,land_pad,0.0,0.0,1.0
1,0.15,0.85,land_pad__6800.jpg,land_pad,6800,e3378c32f6ca4c39dcfbb73271ab3a6d6feef68a49b88ecf7fa4fc1080bc9cf6,cfdcb5e2e7aa3fc57245480f2b3fedc37651f00272a10a86ed3fedb23808eeee,dose_01/images/test/land_pad__6800.png,408fed986a6f3d2ee3a6790ebaa5b462f3646decef504627450c5c1c3536cae1,dose_01/labels/test/land_pad__6800.txt,cfdcb5e2e7aa3fc57245480f2b3fedc37651f00272a10a86ed3fedb23808eeee,1052,961,1,2111899b1df047c027f93ba6bcc97cac6e83a7d16127e225b5ee15c540a43e3a,0.15,land_pad,6.23162659302137e-05,0.16844919786096257,0.8315508021390374
2,0.3,0.7,land_pad__6800.jpg,land_pad,6800,e3378c32f6ca4c39dcfbb73271ab3a6d6feef68a49b88ecf7fa4fc1080bc9cf6,cfdcb5e2e7aa3fc57245480f2b3fedc37651f00272a10a86ed3fedb23808eeee,dose_02/images/test/land_pad__6800.png,383b0118dc89ecfb48216269ba49ce4ce7d126bd4d60229decc6f101aa8cfe2a,dose_02/labels/test/land_pad__6800.txt,cfdcb5e2e7aa3fc57245480f2b3fedc37651f00272a10a86ed3fedb23808eeee,1052,961,1,2111899b1df047c027f93ba6bcc97cac6e83a7d16127e225b5ee15c540a43e3a,0.3,land_pad,0.00010682788445179491,0.2887700534759358,0.7112299465240641
3,0.45,0.55,land_pad__6800.jpg,land_pad,6800,e3378c32f6ca4c39dcfbb73271ab3a6d6feef68a49b88ecf7fa4fc1080bc9cf6,cfdcb5e2e7aa3fc57245480f2b3fedc37651f00272a10a86ed3fedb23808eeee,dose_03/images/test/land_pad__6800.png,dff96c4be6f5d16ea3735178fad89d95c463a46971888d26ef8162a6d05d7e29,dose_03/labels/test/land_pad__6800.txt,cfdcb5e2e7aa3fc57245480f2b3fedc37651f00272a10a86ed3fedb23808eeee,1052,961,1,2111899b1df047c027f93ba6bcc97cac6e83a7d16127e225b5ee15c540a43e3a,0.45,land_pad,0.00016320926791246445,0.4411764705882353,0.5588235294117647
4,0.6,0.4,land_pad__6800.jpg,land_pad,6800,e3378c32f6ca4c39dcfbb73271ab3a6d6feef68a49b88ecf7fa4fc1080bc9cf6,cfdcb5e2e7aa3fc57245480f2b3fedc37651f00272a10a86ed3fedb23808eeee,dose_04/images/test/land_pad__6800.png,17b5537c0ca3c03ef264fb04c8d73806b88f056482158f9bbd4105b717c4f5fa,dose_04/labels/test/land_pad__6800.txt,cfdcb5e2e7aa3fc57245480f2b3fedc37651f00272a10a86ed3fedb23808eeee,1052,961,1,2111899b1df047c027f93ba6bcc97cac6e83a7d16127e225b5ee15c540a43e3a,0.6,land_pad,0.00021860150429487663,0.5909090909090909,0.4090909090909091
5,0.75,0.25,land_pad__6800.jpg,land_pad,6800,e3378c32f6ca4c39dcfbb73271ab3a6d6feef68a49b88ecf7fa4fc1080bc9cf6,cfdcb5e2e7aa3fc57245480f2b3fedc37651f00272a10a86ed3fedb23808eeee,dose_05/images/test/land_pad__6800.png,552b6cb2bc9709bfc0b165339822d94aaac60875c5ae17c0b3b6ebed34bc262e,dose_05/labels/test/land_pad__6800.txt,cfdcb5e2e7aa3fc57245480f2b3fedc37651f00272a10a86ed3fedb23808eeee,1052,961,1,2111899b1df047c027f93ba6bcc97cac6e83a7d16127e225b5ee15c540a43e3a,0.75,land_pad,0.00028190691730334765,0.7620320855614974,0.23796791443850268
0,0.0,1.0,land_pad__6825.jpg,land_pad,6825,799c8e41e0a6c3272c91d7079b8731dd29c1a24eb47d4f758ca6b5842519e9a1,6470a60aa4629edfe8401d4f2276e03ce0c5f0f65a3de13d508e44d47213052b,dose_00/images/test/land_pad__6825.jpg,3f9f794f489d0133c867bbb1f2f12523d8db0958a254c1b3fd70a0fc92388b64,dose_00/labels/test/land_pad__6825.txt,6470a60aa4629edfe8401d4f2276e03ce0c5f0f65a3de13d508e44d47213052b,1052,961,1,3f9f794f489d0133c867bbb1f2f12523d8db0958a254c1b3fd70a0fc92388b64,0.0,land_pad,0.0,0.0,1.0
1,0.15,0.85,land_pad__6825.jpg,land_pad,6825,799c8e41e0a6c3272c91d7079b8731dd29c1a24eb47d4f758ca6b5842519e9a1,6470a60aa4629edfe8401d4f2276e03ce0c5f0f65a3de13d508e44d47213052b,dose_01/images/test/land_pad__6825.png,fd8646c3a8d5ed6ea42115ed52777168704986f85d32c7cdd77f8b3df2244369,dose_01/labels/test/land_pad__6825.txt,6470a60aa4629edfe8401d4f2276e03ce0c5f0f65a3de13d508e44d47213052b,1052,961,1,3f9f794f489d0133c867bbb1f2f12523d8db0958a254c1b3fd70a0fc92388b64,0.15,land_pad,5.3413942225897455e-05,0.140625,0.859375
2,0.3,0.7,land_pad__6825.jpg,land_pad,6825,799c8e41e0a6c3272c91d7079b8731dd29c1a24eb47d4f758ca6b5842519e9a1,6470a60aa4629edfe8401d4f2276e03ce0c5f0f65a3de13d508e44d47213052b,dose_02/images/test/land_pad__6825.png,4df28f78c55c447e0410dfd1746c301eb476f827b177ebed199822ab7febd043,dose_02/labels/test/land_pad__6825.txt,6470a60aa4629edfe8401d4f2276e03ce0c5f0f65a3de13d508e44d47213052b,1052,961,1,3f9f794f489d0133c867bbb1f2f12523d8db0958a254c1b3fd70a0fc92388b64,0.3,land_pad,0.00011573020815611115,0.3046875,0.6953125
3,0.45,0.55,land_pad__6825.jpg,land_pad,6825,799c8e41e0a6c3272c91d7079b8731dd29c1a24eb47d4f758ca6b5842519e9a1,6470a60aa4629edfe8401d4f2276e03ce0c5f0f65a3de13d508e44d47213052b,dose_03/images/test/land_pad__6825.png,1050288d55bd5f7be669089da7e43580f42b096179ccecb6e717cc0ce08695a1,dose_03/labels/test/land_pad__6825.txt,6470a60aa4629edfe8401d4f2276e03ce0c5f0f65a3de13d508e44d47213052b,1052,961,1,3f9f794f489d0133c867bbb1f2f12523d8db0958a254c1b3fd70a0fc92388b64,0.45,land_pad,0.00017408988577329542,0.4583333333333333,0.5416666666666666
4,0.6,0.4,land_pad__6825.jpg,land_pad,6825,799c8e41e0a6c3272c91d7079b8731dd29c1a24eb47d4f758ca6b5842519e9a1,6470a60aa4629edfe8401d4f2276e03ce0c5f0f65a3de13d508e44d47213052b,dose_04/images/test/land_pad__6825.png,93db15b67135b5264202be2f7478efaffb6c574808fd960c6e6544678b8ef54a,dose_04/labels/test/land_pad__6825.txt,6470a60aa4629edfe8401d4f2276e03ce0c5f0f65a3de13d508e44d47213052b,1052,961,1,3f9f794f489d0133c867bbb1f2f12523d8db0958a254c1b3fd70a0fc92388b64,0.6,land_pad,0.00022552553384267815,0.59375,0.40625
5,0.75,0.25,land_pad__6825.jpg,land_pad,6825,799c8e41e0a6c3272c91d7079b8731dd29c1a24eb47d4f758ca6b5842519e9a1,6470a60aa4629edfe8401d4f2276e03ce0c5f0f65a3de13d508e44d47213052b,dose_05/images/test/land_pad__6825.png,a9e13e0040d322a609b00b4f61de3d13579b7419b36c61dfc6b65b4bd5ee0fa6,dose_05/labels/test/land_pad__6825.txt,6470a60aa4629edfe8401d4f2276e03ce0c5f0f65a3de13d508e44d47213052b,1052,961,1,3f9f794f489d0133c867bbb1f2f12523d8db0958a254c1b3fd70a0fc92388b64,0.75,land_pad,0.0002908092410076639,0.765625,0.234375
0,0.0,1.0,land_pad__6850.jpg,land_pad,6850,1f2b4502a376e6fd09135686c2c17f6446e17e61f9db5391078f180b301caed9,74792a134bbddda5ca6a26446077fd3cd26577d5e5ccf3f5c1d9ab472102312d,dose_00/images/test/land_pad__6850.jpg,e67e93e0bccbc4ef6fcde3f54208cab32395a5c653405d900b3d19dde94d4653,dose_00/labels/test/land_pad__6850.txt,74792a134bbddda5ca6a26446077fd3cd26577d5e5ccf3f5c1d9ab472102312d,1052,961,1,e67e93e0bccbc4ef6fcde3f54208cab32395a5c653405d900b3d19dde94d4653,0.0,land_pad,0.0,0.0,1.0
1,0.15,0.85,land_pad__6850.jpg,land_pad,6850,1f2b4502a376e6fd09135686c2c17f6446e17e61f9db5391078f180b301caed9,74792a134bbddda5ca6a26446077fd3cd26577d5e5ccf3f5c1d9ab472102312d,dose_01/images/test/land_pad__6850.png,deaf0a9ac31de291f152815f67367629580d2a865c4f4403fe03304d100e28ad,dose_01/labels/test/land_pad__6850.txt,74792a134bbddda5ca6a26446077fd3cd26577d5e5ccf3f5c1d9ab472102312d,1052,961,1,e67e93e0bccbc4ef6fcde3f54208cab32395a5c653405d900b3d19dde94d4653,0.15,land_pad,6.23162659302137e-05,0.16844919786096257,0.8315508021390374
2,0.3,0.7,land_pad__6850.jpg,land_pad,6850,1f2b4502a376e6fd09135686c2c17f6446e17e61f9db5391078f180b301caed9,74792a134bbddda5ca6a26446077fd3cd26577d5e5ccf3f5c1d9ab472102312d,dose_02/images/test/land_pad__6850.png,3a716ff5bcbbe4244cd3d4e67d8583b7ca4c0c9ad37328af66cbe88a6dd59df0,dose_02/labels/test/land_pad__6850.txt,74792a134bbddda5ca6a26446077fd3cd26577d5e5ccf3f5c1d9ab472102312d,1052,961,1,e67e93e0bccbc4ef6fcde3f54208cab32395a5c653405d900b3d19dde94d4653,0.3,land_pad,0.00010682788445179491,0.2887700534759358,0.7112299465240641
3,0.45,0.55,land_pad__6850.jpg,land_pad,6850,1f2b4502a376e6fd09135686c2c17f6446e17e61f9db5391078f180b301caed9,74792a134bbddda5ca6a26446077fd3cd26577d5e5ccf3f5c1d9ab472102312d,dose_03/images/test/land_pad__6850.png,8c8e8c5ab5975f0940c411b9bc53e6c54d0832dc70d465f9af64b57fbec2b2ea,dose_03/labels/test/land_pad__6850.txt,74792a134bbddda5ca6a26446077fd3cd26577d5e5ccf3f5c1d9ab472102312d,1052,961,1,e67e93e0bccbc4ef6fcde3f54208cab32395a5c653405d900b3d19dde94d4653,0.45,land_pad,0.00016320926791246445,0.4411764705882353,0.5588235294117647
4,0.6,0.4,land_pad__6850.jpg,land_pad,6850,1f2b4502a376e6fd09135686c2c17f6446e17e61f9db5391078f180b301caed9,74792a134bbddda5ca6a26446077fd3cd26577d5e5ccf3f5c1d9ab472102312d,dose_04/images/test/land_pad__6850.png,265715546e4bf93742a6c2c70c5c88fca16a1995cb59d4d41eff102016d02a32,dose_04/labels/test/land_pad__6850.txt,74792a134bbddda5ca6a26446077fd3cd26577d5e5ccf3f5c1d9ab472102312d,1052,961,1,e67e93e0bccbc4ef6fcde3f54208cab32395a5c653405d900b3d19dde94d4653,0.6,land_pad,0.00021860150429487663,0.5909090909090909,0.4090909090909091
5,0.75,0.25,land_pad__6850.jpg,land_pad,6850,1f2b4502a376e6fd09135686c2c17f6446e17e61f9db5391078f180b301caed9,74792a134bbddda5ca6a26446077fd3cd26577d5e5ccf3f5c1d9ab472102312d,dose_05/images/test/land_pad__6850.png,b0aa2b1af7ee6a59733e703b17bfbc43a79360eea30aafeae69b1601767fd205,dose_05/labels/test/land_pad__6850.txt,74792a134bbddda5ca6a26446077fd3cd26577d5e5ccf3f5c1d9ab472102312d,1052,961,1,e67e93e0bccbc4ef6fcde3f54208cab32395a5c653405d900b3d19dde94d4653,0.75,land_pad,0.00028190691730334765,0.7620320855614974,0.23796791443850268
0,0.0,1.0,land_pad__7450.jpg,land_pad,7450,935e3d27cfafbe2c2948aadf31084aea9303a6cf3e5e9d0588765098d0c4bbaf,a41402090b64c18347e3a6039e8db77ce203fa4bad005c6adc2999722f1388dc,dose_00/images/test/land_pad__7450.jpg,79030ed1fdfb2e8df7c198740c7e57b6cfaf2ec387e2004b7ee972c2e37c02c5,dose_00/labels/test/land_pad__7450.txt,a41402090b64c18347e3a6039e8db77ce203fa4bad005c6adc2999722f1388dc,1052,961,1,79030ed1fdfb2e8df7c198740c7e57b6cfaf2ec387e2004b7ee972c2e37c02c5,0.0,land_pad,0.0,0.0,1.0
1,0.15,0.85,land_pad__7450.jpg,land_pad,7450,935e3d27cfafbe2c2948aadf31084aea9303a6cf3e5e9d0588765098d0c4bbaf,a41402090b64c18347e3a6039e8db77ce203fa4bad005c6adc2999722f1388dc,dose_01/images/test/land_pad__7450.png,24014f80c8477cc8b130d517f87ee979fc716374599a5dfa313779ddc2579f68,dose_01/labels/test/land_pad__7450.txt,a41402090b64c18347e3a6039e8db77ce203fa4bad005c6adc2999722f1388dc,1052,961,1,79030ed1fdfb2e8df7c198740c7e57b6cfaf2ec387e2004b7ee972c2e37c02c5,0.15,land_pad,6.23162659302137e-05,0.16112531969309463,0.8388746803069054
2,0.3,0.7,land_pad__7450.jpg,land_pad,7450,935e3d27cfafbe2c2948aadf31084aea9303a6cf3e5e9d0588765098d0c4bbaf,a41402090b64c18347e3a6039e8db77ce203fa4bad005c6adc2999722f1388dc,dose_02/images/test/land_pad__7450.png,919cc14cc2dff1988ed1b2abc7f7e10bcc80ef4e3d6e81a0488a7fbd4a38a6ff,dose_02/labels/test/land_pad__7450.txt,a41402090b64c18347e3a6039e8db77ce203fa4bad005c6adc2999722f1388dc,1052,961,1,79030ed1fdfb2e8df7c198740c7e57b6cfaf2ec387e2004b7ee972c2e37c02c5,0.3,land_pad,0.00011573020815611115,0.29923273657289,0.7007672634271099
3,0.45,0.55,land_pad__7450.jpg,land_pad,7450,935e3d27cfafbe2c2948aadf31084aea9303a6cf3e5e9d0588765098d0c4bbaf,a41402090b64c18347e3a6039e8db77ce203fa4bad005c6adc2999722f1388dc,dose_03/images/test/land_pad__7450.png,b4ed573d30216c3091266a425cd581a044c788c4ba0588998c11ce420c2e2d6b,dose_03/labels/test/land_pad__7450.txt,a41402090b64c18347e3a6039e8db77ce203fa4bad005c6adc2999722f1388dc,1052,961,1,79030ed1fdfb2e8df7c198740c7e57b6cfaf2ec387e2004b7ee972c2e37c02c5,0.45,land_pad,0.00016320926791246445,0.4219948849104859,0.578005115089514
4,0.6,0.4,land_pad__7450.jpg,land_pad,7450,935e3d27cfafbe2c2948aadf31084aea9303a6cf3e5e9d0588765098d0c4bbaf,a41402090b64c18347e3a6039e8db77ce203fa4bad005c6adc2999722f1388dc,dose_04/images/test/land_pad__7450.png,1e396f64a5224c5bb44e379e82f37183e8accdc6eea4f0fab7bf2c20712c3d68,dose_04/labels/test/land_pad__7450.txt,a41402090b64c18347e3a6039e8db77ce203fa4bad005c6adc2999722f1388dc,1052,961,1,79030ed1fdfb2e8df7c198740c7e57b6cfaf2ec387e2004b7ee972c2e37c02c5,0.6,land_pad,0.0002314604163122223,0.59846547314578,0.40153452685422
5,0.75,0.25,land_pad__7450.jpg,land_pad,7450,935e3d27cfafbe2c2948aadf31084aea9303a6cf3e5e9d0588765098d0c4bbaf,a41402090b64c18347e3a6039e8db77ce203fa4bad005c6adc2999722f1388dc,dose_05/images/test/land_pad__7450.png,94749025591bea2ac5a51b1c5fda5ca2d2a3b56f31ae0f4ea73807b3d977fb37,dose_05/labels/test/land_pad__7450.txt,a41402090b64c18347e3a6039e8db77ce203fa4bad005c6adc2999722f1388dc,1052,961,1,79030ed1fdfb2e8df7c198740c7e57b6cfaf2ec387e2004b7ee972c2e37c02c5,0.75,land_pad,0.00029674412347720805,0.7672634271099744,0.23273657289002558
0,0.0,1.0,land_pad__7475.jpg,land_pad,7475,0ea800f36327b9d46e2e00bff45b8a9011e138c0d26bef7ec43360ce7ab0ec91,1aa27389e1356d9403ae31f65ff7126170c031f625ef862de0f68cc030aab000,dose_00/images/test/land_pad__7475.jpg,ffae6ec03ab116a96d8215041ae178d286ceb9dbee06c2a8576c65744e5bf97c,dose_00/labels/test/land_pad__7475.txt,1aa27389e1356d9403ae31f65ff7126170c031f625ef862de0f68cc030aab000,1052,961,1,ffae6ec03ab116a96d8215041ae178d286ceb9dbee06c2a8576c65744e5bf97c,0.0,land_pad,0.0,0.0,1.0
1,0.15,0.85,land_pad__7475.jpg,land_pad,7475,0ea800f36327b9d46e2e00bff45b8a9011e138c0d26bef7ec43360ce7ab0ec91,1aa27389e1356d9403ae31f65ff7126170c031f625ef862de0f68cc030aab000,dose_01/images/test/land_pad__7475.png,34613decc51b9b2613d8618b798fcc82b79505bb74f80a043a1dc882c50fbbc0,dose_01/labels/test/land_pad__7475.txt,1aa27389e1356d9403ae31f65ff7126170c031f625ef862de0f68cc030aab000,1052,961,1,ffae6ec03ab116a96d8215041ae178d286ceb9dbee06c2a8576c65744e5bf97c,0.15,land_pad,4.747905975635329e-05,0.15,0.85
2,0.3,0.7,land_pad__7475.jpg,land_pad,7475,0ea800f36327b9d46e2e00bff45b8a9011e138c0d26bef7ec43360ce7ab0ec91,1aa27389e1356d9403ae31f65ff7126170c031f625ef862de0f68cc030aab000,dose_02/images/test/land_pad__7475.png,5160d5d6bcb21cf97e9b4a6e5bec420d18bfed534099a56c3ac4f0ab0725b5ae,dose_02/labels/test/land_pad__7475.txt,1aa27389e1356d9403ae31f65ff7126170c031f625ef862de0f68cc030aab000,1052,961,1,ffae6ec03ab116a96d8215041ae178d286ceb9dbee06c2a8576c65744e5bf97c,0.3,land_pad,9.792556074747866e-05,0.309375,0.690625
3,0.45,0.55,land_pad__7475.jpg,land_pad,7475,0ea800f36327b9d46e2e00bff45b8a9011e138c0d26bef7ec43360ce7ab0ec91,1aa27389e1356d9403ae31f65ff7126170c031f625ef862de0f68cc030aab000,dose_03/images/test/land_pad__7475.png,e217e722d47c3a95539c4a85ed33b9dd518ca7215c353c0a422372930a8347a8,dose_03/labels/test/land_pad__7475.txt,1aa27389e1356d9403ae31f65ff7126170c031f625ef862de0f68cc030aab000,1052,961,1,ffae6ec03ab116a96d8215041ae178d286ceb9dbee06c2a8576c65744e5bf97c,0.45,land_pad,0.0001414480321908025,0.446875,0.553125
4,0.6,0.4,land_pad__7475.jpg,land_pad,7475,0ea800f36327b9d46e2e00bff45b8a9011e138c0d26bef7ec43360ce7ab0ec91,1aa27389e1356d9403ae31f65ff7126170c031f625ef862de0f68cc030aab000,dose_04/images/test/land_pad__7475.png,480945125a1e5eccd6755667e7b2512e5974fd843e6c2500b237cfcef6274711,dose_04/labels/test/land_pad__7475.txt,1aa27389e1356d9403ae31f65ff7126170c031f625ef862de0f68cc030aab000,1052,961,1,ffae6ec03ab116a96d8215041ae178d286ceb9dbee06c2a8576c65744e5bf97c,0.6,land_pad,0.00017804647408632484,0.5625,0.4375
5,0.75,0.25,land_pad__7475.jpg,land_pad,7475,0ea800f36327b9d46e2e00bff45b8a9011e138c0d26bef7ec43360ce7ab0ec91,1aa27389e1356d9403ae31f65ff7126170c031f625ef862de0f68cc030aab000,dose_05/images/test/land_pad__7475.png,63a59b15816cad967ba7bf4910fede46922e2ea0c1c7216e9b695e674e1b08ac,dose_05/labels/test/land_pad__7475.txt,1aa27389e1356d9403ae31f65ff7126170c031f625ef862de0f68cc030aab000,1052,961,1,ffae6ec03ab116a96d8215041ae178d286ceb9dbee06c2a8576c65744e5bf97c,0.75,land_pad,0.00023541700462525173,0.74375,0.25625
0,0.0,1.0,land_pad__7500.jpg,land_pad,7500,2bcff4d1fe5a28745c8bfe1e1c2b0bb36cf59dc1bfa271194780e55b1202661a,bfd84ecfbd4ec5d72b0f501e42d1412017adc79d62c8bd517ac5a3296e9cf98a,dose_00/images/test/land_pad__7500.jpg,0f849e96a6d15b772860d37146fc7ea097dc37f9f7be0dae4a304a9793e14b3a,dose_00/labels/test/land_pad__7500.txt,bfd84ecfbd4ec5d72b0f501e42d1412017adc79d62c8bd517ac5a3296e9cf98a,1052,961,1,0f849e96a6d15b772860d37146fc7ea097dc37f9f7be0dae4a304a9793e14b3a,0.0,land_pad,0.0,0.0,1.0
1,0.15,0.85,land_pad__7500.jpg,land_pad,7500,2bcff4d1fe5a28745c8bfe1e1c2b0bb36cf59dc1bfa271194780e55b1202661a,bfd84ecfbd4ec5d72b0f501e42d1412017adc79d62c8bd517ac5a3296e9cf98a,dose_01/images/test/land_pad__7500.png,50f5025bb5d8be517acda5a0fbb3e070acdbf107c859dc3c38a31304c2d36e62,dose_01/labels/test/land_pad__7500.txt,bfd84ecfbd4ec5d72b0f501e42d1412017adc79d62c8bd517ac5a3296e9cf98a,1052,961,1,0f849e96a6d15b772860d37146fc7ea097dc37f9f7be0dae4a304a9793e14b3a,0.15,land_pad,3.956588313029441e-05,0.1360544217687075,0.8639455782312925
2,0.3,0.7,land_pad__7500.jpg,land_pad,7500,2bcff4d1fe5a28745c8bfe1e1c2b0bb36cf59dc1bfa271194780e55b1202661a,bfd84ecfbd4ec5d72b0f501e42d1412017adc79d62c8bd517ac5a3296e9cf98a,dose_02/images/test/land_pad__7500.png,794baafabc7a661a9784c4b70a25157fe6795c2d6b71d03205dac5965f545917,dose_02/labels/test/land_pad__7500.txt,bfd84ecfbd4ec5d72b0f501e42d1412017adc79d62c8bd517ac5a3296e9cf98a,1052,961,1,0f849e96a6d15b772860d37146fc7ea097dc37f9f7be0dae4a304a9793e14b3a,0.3,land_pad,9.495811951270658e-05,0.32653061224489793,0.673469387755102
3,0.45,0.55,land_pad__7500.jpg,land_pad,7500,2bcff4d1fe5a28745c8bfe1e1c2b0bb36cf59dc1bfa271194780e55b1202661a,bfd84ecfbd4ec5d72b0f501e42d1412017adc79d62c8bd517ac5a3296e9cf98a,dose_03/images/test/land_pad__7500.png,a01a30f04ac58d6d47a7fb9138258a2720f1881f5294b588cc0b005469a847d7,dose_03/labels/test/land_pad__7500.txt,bfd84ecfbd4ec5d72b0f501e42d1412017adc79d62c8bd517ac5a3296e9cf98a,1052,961,1,0f849e96a6d15b772860d37146fc7ea097dc37f9f7be0dae4a304a9793e14b3a,0.45,land_pad,0.0001246325318604274,0.42857142857142855,0.5714285714285714
4,0.6,0.4,land_pad__7500.jpg,land_pad,7500,2bcff4d1fe5a28745c8bfe1e1c2b0bb36cf59dc1bfa271194780e55b1202661a,bfd84ecfbd4ec5d72b0f501e42d1412017adc79d62c8bd517ac5a3296e9cf98a,dose_04/images/test/land_pad__7500.png,5c165b1c3c1852ba3ff60b03481159af666e76cc017839eb2c6de928f278b5bd,dose_04/labels/test/land_pad__7500.txt,bfd84ecfbd4ec5d72b0f501e42d1412017adc79d62c8bd517ac5a3296e9cf98a,1052,961,1,0f849e96a6d15b772860d37146fc7ea097dc37f9f7be0dae4a304a9793e14b3a,0.6,land_pad,0.00017408988577329542,0.5986394557823129,0.4013605442176871
5,0.75,0.25,land_pad__7500.jpg,land_pad,7500,2bcff4d1fe5a28745c8bfe1e1c2b0bb36cf59dc1bfa271194780e55b1202661a,bfd84ecfbd4ec5d72b0f501e42d1412017adc79d62c8bd517ac5a3296e9cf98a,dose_05/images/test/land_pad__7500.png,8d217c12a2a8fa212155766ee0b2dcbd68fabd13a9d1b0616ae09ad965cc1cb7,dose_05/labels/test/land_pad__7500.txt,bfd84ecfbd4ec5d72b0f501e42d1412017adc79d62c8bd517ac5a3296e9cf98a,1052,961,1,0f849e96a6d15b772860d37146fc7ea097dc37f9f7be0dae4a304a9793e14b3a,0.75,land_pad,0.00021365576890358982,0.7346938775510204,0.2653061224489796
0,0.0,1.0,land_pad__7525.jpg,land_pad,7525,7a14ecea02abbda5318e32edfb98d988e2631ca6dd832b3826b44c346987456e,fae75b0bdd0da2a2173b1f8f695b61c180c975b8b20c82de4af92699d16aadee,dose_00/images/test/land_pad__7525.jpg,49383ac48dc9716df098854ccd7d0b959d3bfaa4b099551533a518fe912cb9bf,dose_00/labels/test/land_pad__7525.txt,fae75b0bdd0da2a2173b1f8f695b61c180c975b8b20c82de4af92699d16aadee,1052,961,1,49383ac48dc9716df098854ccd7d0b959d3bfaa4b099551533a518fe912cb9bf,0.0,land_pad,0.0,0.0,1.0
1,0.15,0.85,land_pad__7525.jpg,land_pad,7525,7a14ecea02abbda5318e32edfb98d988e2631ca6dd832b3826b44c346987456e,fae75b0bdd0da2a2173b1f8f695b61c180c975b8b20c82de4af92699d16aadee,dose_01/images/test/land_pad__7525.png,2b429e37b895cd9b16b363a3308e44894c4c3804ee189fee9aa6aa42335c02e2,dose_01/labels/test/land_pad__7525.txt,fae75b0bdd0da2a2173b1f8f695b61c180c975b8b20c82de4af92699d16aadee,1052,961,1,49383ac48dc9716df098854ccd7d0b959d3bfaa4b099551533a518fe912cb9bf,0.15,land_pad,4.154417728680913e-05,0.15555555555555556,0.8444444444444444
2,0.3,0.7,land_pad__7525.jpg,land_pad,7525,7a14ecea02abbda5318e32edfb98d988e2631ca6dd832b3826b44c346987456e,fae75b0bdd0da2a2173b1f8f695b61c180c975b8b20c82de4af92699d16aadee,dose_02/images/test/land_pad__7525.png,ad4d41b2b1e1d38daa023db420377d3f56fc9479f4031bc29206e3f240d20ad6,dose_02/labels/test/land_pad__7525.txt,fae75b0bdd0da2a2173b1f8f695b61c180c975b8b20c82de4af92699d16aadee,1052,961,1,49383ac48dc9716df098854ccd7d0b959d3bfaa4b099551533a518fe912cb9bf,0.3,land_pad,7.913176626058882e-05,0.2962962962962963,0.7037037037037037
3,0.45,0.55,land_pad__7525.jpg,land_pad,7525,7a14ecea02abbda5318e32edfb98d988e2631ca6dd832b3826b44c346987456e,fae75b0bdd0da2a2173b1f8f695b61c180c975b8b20c82de4af92699d16aadee,dose_03/images/test/land_pad__7525.png,574b6cca9c15d003d72ffa324afcca0c22eaf8c5fe92de0b84ad772689e34dd2,dose_03/labels/test/land_pad__7525.txt,fae75b0bdd0da2a2173b1f8f695b61c180c975b8b20c82de4af92699d16aadee,1052,961,1,49383ac48dc9716df098854ccd7d0b959d3bfaa4b099551533a518fe912cb9bf,0.45,land_pad,0.00011869764939088324,0.4444444444444444,0.5555555555555556
4,0.6,0.4,land_pad__7525.jpg,land_pad,7525,7a14ecea02abbda5318e32edfb98d988e2631ca6dd832b3826b44c346987456e,fae75b0bdd0da2a2173b1f8f695b61c180c975b8b20c82de4af92699d16aadee,dose_04/images/test/land_pad__7525.png,b12f9c29c288027b50300f455b03fa8dd742b802cacf3c79097f7e7818aa66f0,dose_04/labels/test/land_pad__7525.txt,fae75b0bdd0da2a2173b1f8f695b61c180c975b8b20c82de4af92699d16aadee,1052,961,1,49383ac48dc9716df098854ccd7d0b959d3bfaa4b099551533a518fe912cb9bf,0.6,land_pad,0.00016617670914723651,0.6222222222222222,0.37777777777777777
5,0.75,0.25,land_pad__7525.jpg,land_pad,7525,7a14ecea02abbda5318e32edfb98d988e2631ca6dd832b3826b44c346987456e,fae75b0bdd0da2a2173b1f8f695b61c180c975b8b20c82de4af92699d16aadee,dose_05/images/test/land_pad__7525.png,b2c75f5c88d5fab83a250112cf55a4315dba35e682c3fab6fa3a575a4d6a81d3,dose_05/labels/test/land_pad__7525.txt,fae75b0bdd0da2a2173b1f8f695b61c180c975b8b20c82de4af92699d16aadee,1052,961,1,49383ac48dc9716df098854ccd7d0b959d3bfaa4b099551533a518fe912cb9bf,0.75,land_pad,0.00020574259227753094,0.7703703703703704,0.22962962962962963
0,0.0,1.0,land_pad__7550.jpg,land_pad,7550,3efc8b6f09ea8d79468015eca5941be8600bc5ffff39e5ed2f0a4e0cacd380a8,64b70e917d941aaea741efd961989aef80b398727e3ad7613b7f8ca9013b8c74,dose_00/images/test/land_pad__7550.jpg,a582322d25604db2255715c363c46250d4c3c4d076483427639410cc94363ea6,dose_00/labels/test/land_pad__7550.txt,64b70e917d941aaea741efd961989aef80b398727e3ad7613b7f8ca9013b8c74,1052,961,1,a582322d25604db2255715c363c46250d4c3c4d076483427639410cc94363ea6,0.0,land_pad,0.0,0.0,1.0
1,0.15,0.85,land_pad__7550.jpg,land_pad,7550,3efc8b6f09ea8d79468015eca5941be8600bc5ffff39e5ed2f0a4e0cacd380a8,64b70e917d941aaea741efd961989aef80b398727e3ad7613b7f8ca9013b8c74,dose_01/images/test/land_pad__7550.png,01de689638941d0653802c34446aaa89e0d8afc7fa9dd2cc93867963d08e795a,dose_01/labels/test/land_pad__7550.txt,64b70e917d941aaea741efd961989aef80b398727e3ad7613b7f8ca9013b8c74,1052,961,1,a582322d25604db2255715c363c46250d4c3c4d076483427639410cc94363ea6,0.15,land_pad,4.747905975635329e-05,0.16,0.84
2,0.3,0.7,land_pad__7550.jpg,land_pad,7550,3efc8b6f09ea8d79468015eca5941be8600bc5ffff39e5ed2f0a4e0cacd380a8,64b70e917d941aaea741efd961989aef80b398727e3ad7613b7f8ca9013b8c74,dose_02/images/test/land_pad__7550.png,f1a5f0275565936b48ae9cbd8531910373b5d1abdc15ec84eb960dc24d8ce703,dose_02/labels/test/land_pad__7550.txt,64b70e917d941aaea741efd961989aef80b398727e3ad7613b7f8ca9013b8c74,1052,961,1,a582322d25604db2255715c363c46250d4c3c4d076483427639410cc94363ea6,0.3,land_pad,8.704494288664771e-05,0.29333333333333333,0.7066666666666667
3,0.45,0.55,land_pad__7550.jpg,land_pad,7550,3efc8b6f09ea8d79468015eca5941be8600bc5ffff39e5ed2f0a4e0cacd380a8,64b70e917d941aaea741efd961989aef80b398727e3ad7613b7f8ca9013b8c74,dose_03/images/test/land_pad__7550.png,4de5370d58d4bfdad42bfc05191dee40247c1cca30f85fc52a68df44643f6a15,dose_03/labels/test/land_pad__7550.txt,64b70e917d941aaea741efd961989aef80b398727e3ad7613b7f8ca9013b8c74,1052,961,1,a582322d25604db2255715c363c46250d4c3c4d076483427639410cc94363ea6,0.45,land_pad,0.00012858912017345682,0.43333333333333335,0.5666666666666667
4,0.6,0.4,land_pad__7550.jpg,land_pad,7550,3efc8b6f09ea8d79468015eca5941be8600bc5ffff39e5ed2f0a4e0cacd380a8,64b70e917d941aaea741efd961989aef80b398727e3ad7613b7f8ca9013b8c74,dose_04/images/test/land_pad__7550.png,4083439a8cf277d7a787291b4716026177e290321953e119dce82884a9de0c76,dose_04/labels/test/land_pad__7550.txt,64b70e917d941aaea741efd961989aef80b398727e3ad7613b7f8ca9013b8c74,1052,961,1,a582322d25604db2255715c363c46250d4c3c4d076483427639410cc94363ea6,0.6,land_pad,0.00017804647408632484,0.6,0.4
5,0.75,0.25,land_pad__7550.jpg,land_pad,7550,3efc8b6f09ea8d79468015eca5941be8600bc5ffff39e5ed2f0a4e0cacd380a8,64b70e917d941aaea741efd961989aef80b398727e3ad7613b7f8ca9013b8c74,dose_05/images/test/land_pad__7550.png,8756927d511fd39c7e307ff96b8badef4d6020555a565ade60a0c6915f8394eb,dose_05/labels/test/land_pad__7550.txt,64b70e917d941aaea741efd961989aef80b398727e3ad7613b7f8ca9013b8c74,1052,961,1,a582322d25604db2255715c363c46250d4c3c4d076483427639410cc94363ea6,0.75,land_pad,0.00021860150429487663,0.7366666666666667,0.2633333333333333
0,0.0,1.0,land_pad__7575.jpg,land_pad,7575,b19cc7c32ba8bee57c8db43b166e5e359a48a3a7a5a2bfaa5e58080ff808807e,6dc94ed95b986caeabfcc7487e14cf03b4fb4b13ec98fe8380643de4025d3b38,dose_00/images/test/land_pad__7575.jpg,6092b817ec9b255fead13d9a26d6fdd233db897c896a8916b32f1d2785c6a8cf,dose_00/labels/test/land_pad__7575.txt,6dc94ed95b986caeabfcc7487e14cf03b4fb4b13ec98fe8380643de4025d3b38,1052,961,1,6092b817ec9b255fead13d9a26d6fdd233db897c896a8916b32f1d2785c6a8cf,0.0,land_pad,0.0,0.0,1.0
1,0.15,0.85,land_pad__7575.jpg,land_pad,7575,b19cc7c32ba8bee57c8db43b166e5e359a48a3a7a5a2bfaa5e58080ff808807e,6dc94ed95b986caeabfcc7487e14cf03b4fb4b13ec98fe8380643de4025d3b38,dose_01/images/test/land_pad__7575.png,2f3c42bfa963270ee77640e4a9d4d9dbed2d7bcbe6b9eb41ed5f981d91e546ad,dose_01/labels/test/land_pad__7575.txt,6dc94ed95b986caeabfcc7487e14cf03b4fb4b13ec98fe8380643de4025d3b38,1052,961,1,6092b817ec9b255fead13d9a26d6fdd233db897c896a8916b32f1d2785c6a8cf,0.15,land_pad,4.451161852158121e-05,0.13975155279503104,0.860248447204969
2,0.3,0.7,land_pad__7575.jpg,land_pad,7575,b19cc7c32ba8bee57c8db43b166e5e359a48a3a7a5a2bfaa5e58080ff808807e,6dc94ed95b986caeabfcc7487e14cf03b4fb4b13ec98fe8380643de4025d3b38,dose_02/images/test/land_pad__7575.png,4b014bb82ebd203146f1cf9f4902ee11e51ec6e4effe2299b3eada9723a4002a,dose_02/labels/test/land_pad__7575.txt,6dc94ed95b986caeabfcc7487e14cf03b4fb4b13ec98fe8380643de4025d3b38,1052,961,1,6092b817ec9b255fead13d9a26d6fdd233db897c896a8916b32f1d2785c6a8cf,0.3,land_pad,0.00010287129613876547,0.32298136645962733,0.6770186335403726
3,0.45,0.55,land_pad__7575.jpg,land_pad,7575,b19cc7c32ba8bee57c8db43b166e5e359a48a3a7a5a2bfaa5e58080ff808807e,6dc94ed95b986caeabfcc7487e14cf03b4fb4b13ec98fe8380643de4025d3b38,dose_03/images/test/land_pad__7575.png,e77921993689e174a11c5d2dd80bf2b82be8a48c12a0ab23e275e9bc586570df,dose_03/labels/test/land_pad__7575.txt,6dc94ed95b986caeabfcc7487e14cf03b4fb4b13ec98fe8380643de4025d3b38,1052,961,1,6092b817ec9b255fead13d9a26d6fdd233db897c896a8916b32f1d2785c6a8cf,0.45,land_pad,0.00013353485556474363,0.4192546583850932,0.5807453416149069
4,0.6,0.4,land_pad__7575.jpg,land_pad,7575,b19cc7c32ba8bee57c8db43b166e5e359a48a3a7a5a2bfaa5e58080ff808807e,6dc94ed95b986caeabfcc7487e14cf03b4fb4b13ec98fe8380643de4025d3b38,dose_04/images/test/land_pad__7575.png,3098de7dcc0401257d30fd136e06b002c20d62a36a40abfb66bd3ce4fd35d36a,dose_04/labels/test/land_pad__7575.txt,6dc94ed95b986caeabfcc7487e14cf03b4fb4b13ec98fe8380643de4025d3b38,1052,961,1,6092b817ec9b255fead13d9a26d6fdd233db897c896a8916b32f1d2785c6a8cf,0.6,land_pad,0.00019585112149495733,0.6149068322981367,0.38509316770186336
5,0.75,0.25,land_pad__7575.jpg,land_pad,7575,b19cc7c32ba8bee57c8db43b166e5e359a48a3a7a5a2bfaa5e58080ff808807e,6dc94ed95b986caeabfcc7487e14cf03b4fb4b13ec98fe8380643de4025d3b38,dose_05/images/test/land_pad__7575.png,21ac651007194d2f8367a682f3ca6a1c2081ec464379140d3480c1f34a4ec870,dose_05/labels/test/land_pad__7575.txt,6dc94ed95b986caeabfcc7487e14cf03b4fb4b13ec98fe8380643de4025d3b38,1052,961,1,6092b817ec9b255fead13d9a26d6fdd233db897c896a8916b32f1d2785c6a8cf,0.75,land_pad,0.00023739529878176647,0.7453416149068323,0.2546583850931677
0,0.0,1.0,land_pad__7600.jpg,land_pad,7600,eb8935519a422de2068c7a232a73917ddbf441909353752284743c1fe9ea1b3b,e183472390793264f73d2b3f332dad845e0d9d60a08694f9d428153c75460490,dose_00/images/test/land_pad__7600.jpg,0cede57c723a1e320dc8fff21cc68e42d01a32a1eb6a973fbb4bc5829134733a,dose_00/labels/test/land_pad__7600.txt,e183472390793264f73d2b3f332dad845e0d9d60a08694f9d428153c75460490,1052,961,1,0cede57c723a1e320dc8fff21cc68e42d01a32a1eb6a973fbb4bc5829134733a,0.0,land_pad,0.0,0.0,1.0
1,0.15,0.85,land_pad__7600.jpg,land_pad,7600,eb8935519a422de2068c7a232a73917ddbf441909353752284743c1fe9ea1b3b,e183472390793264f73d2b3f332dad845e0d9d60a08694f9d428153c75460490,dose_01/images/test/land_pad__7600.png,52b8253b7fef9cdea312584e4e263ef3d6ae1a1c858c32905cd2b70f353ab274,dose_01/labels/test/land_pad__7600.txt,e183472390793264f73d2b3f332dad845e0d9d60a08694f9d428153c75460490,1052,961,1,0cede57c723a1e320dc8fff21cc68e42d01a32a1eb6a973fbb4bc5829134733a,0.15,land_pad,3.956588313029441e-05,0.14652014652014653,0.8534798534798534
2,0.3,0.7,land_pad__7600.jpg,land_pad,7600,eb8935519a422de2068c7a232a73917ddbf441909353752284743c1fe9ea1b3b,e183472390793264f73d2b3f332dad845e0d9d60a08694f9d428153c75460490,dose_02/images/test/land_pad__7600.png,cd965ccec80140d20c78615675aad5b69b24a7829b7b5dd32c06090a31bb93b0,dose_02/labels/test/land_pad__7600.txt,e183472390793264f73d2b3f332dad845e0d9d60a08694f9d428153c75460490,1052,961,1,0cede57c723a1e320dc8fff21cc68e42d01a32a1eb6a973fbb4bc5829134733a,0.3,land_pad,8.308835457361826e-05,0.3076923076923077,0.6923076923076923
3,0.45,0.55,land_pad__7600.jpg,land_pad,7600,eb8935519a422de2068c7a232a73917ddbf441909353752284743c1fe9ea1b3b,e183472390793264f73d2b3f332dad845e0d9d60a08694f9d428153c75460490,dose_03/images/test/land_pad__7600.png,cd853d61436ba055935484c652761130d74e7bc5bc8d7f1ab7f24f7b6560974b,dose_03/labels/test/land_pad__7600.txt,e183472390793264f73d2b3f332dad845e0d9d60a08694f9d428153c75460490,1052,961,1,0cede57c723a1e320dc8fff21cc68e42d01a32a1eb6a973fbb4bc5829134733a,0.45,land_pad,0.0001246325318604274,0.46153846153846156,0.5384615384615384
4,0.6,0.4,land_pad__7600.jpg,land_pad,7600,eb8935519a422de2068c7a232a73917ddbf441909353752284743c1fe9ea1b3b,e183472390793264f73d2b3f332dad845e0d9d60a08694f9d428153c75460490,dose_04/images/test/land_pad__7600.png,1103a933b86003826c1cf43797cd3f5f9326e8f67e219d3ccf4c59c1aaba0d86,dose_04/labels/test/land_pad__7600.txt,e183472390793264f73d2b3f332dad845e0d9d60a08694f9d428153c75460490,1052,961,1,0cede57c723a1e320dc8fff21cc68e42d01a32a1eb6a973fbb4bc5829134733a,0.6,land_pad,0.00015826353252117764,0.5860805860805861,0.4139194139194139
5,0.75,0.25,land_pad__7600.jpg,land_pad,7600,eb8935519a422de2068c7a232a73917ddbf441909353752284743c1fe9ea1b3b,e183472390793264f73d2b3f332dad845e0d9d60a08694f9d428153c75460490,dose_05/images/test/land_pad__7600.png,7b70a40eb451160a63aaae466f70ff98b5ff3c26a9e007c84e1e1f16363a3d61,dose_05/labels/test/land_pad__7600.txt,e183472390793264f73d2b3f332dad845e0d9d60a08694f9d428153c75460490,1052,961,1,0cede57c723a1e320dc8fff21cc68e42d01a32a1eb6a973fbb4bc5829134733a,0.75,land_pad,0.00019585112149495733,0.7252747252747253,0.27472527472527475
0,0.0,1.0,land_pad__7625.jpg,land_pad,7625,58f314b4117f92d4f162e696f56f1b036cbb05e9287a43c1f46578941f41f7a1,aaa875ddd2f0957fb2b9c4da67a7912027db8184c088fce971aec07a82012970,dose_00/images/test/land_pad__7625.jpg,c55530cba1870e69e3ebf9bdfb3cf2daa1181810801b47ce28cdc4fa491af875,dose_00/labels/test/land_pad__7625.txt,aaa875ddd2f0957fb2b9c4da67a7912027db8184c088fce971aec07a82012970,1052,961,1,c55530cba1870e69e3ebf9bdfb3cf2daa1181810801b47ce28cdc4fa491af875,0.0,land_pad,0.0,0.0,1.0
1,0.15,0.85,land_pad__7625.jpg,land_pad,7625,58f314b4117f92d4f162e696f56f1b036cbb05e9287a43c1f46578941f41f7a1,aaa875ddd2f0957fb2b9c4da67a7912027db8184c088fce971aec07a82012970,dose_01/images/test/land_pad__7625.png,5035707c6ce890204ef6e112ab4cd540057d06fc246e2f86f9719e5891279654,dose_01/labels/test/land_pad__7625.txt,aaa875ddd2f0957fb2b9c4da67a7912027db8184c088fce971aec07a82012970,1052,961,1,c55530cba1870e69e3ebf9bdfb3cf2daa1181810801b47ce28cdc4fa491af875,0.15,land_pad,4.451161852158121e-05,0.14423076923076922,0.8557692307692307
2,0.3,0.7,land_pad__7625.jpg,land_pad,7625,58f314b4117f92d4f162e696f56f1b036cbb05e9287a43c1f46578941f41f7a1,aaa875ddd2f0957fb2b9c4da67a7912027db8184c088fce971aec07a82012970,dose_02/images/test/land_pad__7625.png,c5329a49fc61b8f2e741bf3200aecdae3b4d5f9c8e0607fe45fd83bf52b5dfba,dose_02/labels/test/land_pad__7625.txt,aaa875ddd2f0957fb2b9c4da67a7912027db8184c088fce971aec07a82012970,1052,961,1,c55530cba1870e69e3ebf9bdfb3cf2daa1181810801b47ce28cdc4fa491af875,0.3,land_pad,9.001238412141978e-05,0.2916666666666667,0.7083333333333334
3,0.45,0.55,land_pad__7625.jpg,land_pad,7625,58f314b4117f92d4f162e696f56f1b036cbb05e9287a43c1f46578941f41f7a1,aaa875ddd2f0957fb2b9c4da67a7912027db8184c088fce971aec07a82012970,dose_03/images/test/land_pad__7625.png,df4b3d85104e43e880c25efeeb48e036b28b83f5e2748a91d989a300efd8cd9a,dose_03/labels/test/land_pad__7625.txt,aaa875ddd2f0957fb2b9c4da67a7912027db8184c088fce971aec07a82012970,1052,961,1,c55530cba1870e69e3ebf9bdfb3cf2daa1181810801b47ce28cdc4fa491af875,0.45,land_pad,0.0001424371792690599,0.46153846153846156,0.5384615384615384
4,0.6,0.4,land_pad__7625.jpg,land_pad,7625,58f314b4117f92d4f162e696f56f1b036cbb05e9287a43c1f46578941f41f7a1,aaa875ddd2f0957fb2b9c4da67a7912027db8184c088fce971aec07a82012970,dose_04/images/test/land_pad__7625.png,95c0e25a1ba2bac470ce55994a90ef7141028ed5b0a6b4565a2167959485b78c,dose_04/labels/test/land_pad__7625.txt,aaa875ddd2f0957fb2b9c4da67a7912027db8184c088fce971aec07a82012970,1052,961,1,c55530cba1870e69e3ebf9bdfb3cf2daa1181810801b47ce28cdc4fa491af875,0.6,land_pad,0.00018793794486889845,0.6089743589743589,0.391025641025641
5,0.75,0.25,land_pad__7625.jpg,land_pad,7625,58f314b4117f92d4f162e696f56f1b036cbb05e9287a43c1f46578941f41f7a1,aaa875ddd2f0957fb2b9c4da67a7912027db8184c088fce971aec07a82012970,dose_05/images/test/land_pad__7625.png,a21c290a3e5ef4f35519bbb9fd9624faa50419c64a963cacf164e73d5856d67d,dose_05/labels/test/land_pad__7625.txt,aaa875ddd2f0957fb2b9c4da67a7912027db8184c088fce971aec07a82012970,1052,961,1,c55530cba1870e69e3ebf9bdfb3cf2daa1181810801b47ce28cdc4fa491af875,0.75,land_pad,0.0002284929750774502,0.7403846153846154,0.25961538461538464
0,0.0,1.0,land_pad__7650.jpg,land_pad,7650,db2658ddad21f85402934a1111a68fa1f193e84c65e0236d466301a12e2b6eb3,27119e6cc6fc57030a61ee8cb893e1b60e63f534054b98a412620722a17c4ef9,dose_00/images/test/land_pad__7650.jpg,e67fdcadc968a91a8732f93ac40d448e699ce62ff246bffd31c6dd48c7d3cf19,dose_00/labels/test/land_pad__7650.txt,27119e6cc6fc57030a61ee8cb893e1b60e63f534054b98a412620722a17c4ef9,1052,961,1,e67fdcadc968a91a8732f93ac40d448e699ce62ff246bffd31c6dd48c7d3cf19,0.0,land_pad,0.0,0.0,1.0
1,0.15,0.85,land_pad__7650.jpg,land_pad,7650,db2658ddad21f85402934a1111a68fa1f193e84c65e0236d466301a12e2b6eb3,27119e6cc6fc57030a61ee8cb893e1b60e63f534054b98a412620722a17c4ef9,dose_01/images/test/land_pad__7650.png,6bd1041f9c8677953d96ded88481e41a5db8a1fd363d3730f10cb461a8dc8b37,dose_01/labels/test/land_pad__7650.txt,27119e6cc6fc57030a61ee8cb893e1b60e63f534054b98a412620722a17c4ef9,1052,961,1,e67fdcadc968a91a8732f93ac40d448e699ce62ff246bffd31c6dd48c7d3cf19,0.15,land_pad,3.956588313029441e-05,0.14652014652014653,0.8534798534798534
2,0.3,0.7,land_pad__7650.jpg,land_pad,7650,db2658ddad21f85402934a1111a68fa1f193e84c65e0236d466301a12e2b6eb3,27119e6cc6fc57030a61ee8cb893e1b60e63f534054b98a412620722a17c4ef9,dose_02/images/test/land_pad__7650.png,5f33820d73bc6c888ca8fc2a87d3c0e17d1592288011f4c09c4fcc644bd16b3a,dose_02/labels/test/land_pad__7650.txt,27119e6cc6fc57030a61ee8cb893e1b60e63f534054b98a412620722a17c4ef9,1052,961,1,e67fdcadc968a91a8732f93ac40d448e699ce62ff246bffd31c6dd48c7d3cf19,0.3,land_pad,8.308835457361826e-05,0.3076923076923077,0.6923076923076923
3,0.45,0.55,land_pad__7650.jpg,land_pad,7650,db2658ddad21f85402934a1111a68fa1f193e84c65e0236d466301a12e2b6eb3,27119e6cc6fc57030a61ee8cb893e1b60e63f534054b98a412620722a17c4ef9,dose_03/images/test/land_pad__7650.png,a75a11bd57b27a866108b47e4e5e612898f9cc00828eedfe1dd3f8b9ef862cc5,dose_03/labels/test/land_pad__7650.txt,27119e6cc6fc57030a61ee8cb893e1b60e63f534054b98a412620722a17c4ef9,1052,961,1,e67fdcadc968a91a8732f93ac40d448e699ce62ff246bffd31c6dd48c7d3cf19,0.45,land_pad,0.0001246325318604274,0.46153846153846156,0.5384615384615384
4,0.6,0.4,land_pad__7650.jpg,land_pad,7650,db2658ddad21f85402934a1111a68fa1f193e84c65e0236d466301a12e2b6eb3,27119e6cc6fc57030a61ee8cb893e1b60e63f534054b98a412620722a17c4ef9,dose_04/images/test/land_pad__7650.png,50cc1c1ed946f2834e3ed172fc1215e80784d2b8e6b969207e96ceee82f7587e,dose_04/labels/test/land_pad__7650.txt,27119e6cc6fc57030a61ee8cb893e1b60e63f534054b98a412620722a17c4ef9,1052,961,1,e67fdcadc968a91a8732f93ac40d448e699ce62ff246bffd31c6dd48c7d3cf19,0.6,land_pad,0.00015826353252117764,0.5860805860805861,0.4139194139194139
5,0.75,0.25,land_pad__7650.jpg,land_pad,7650,db2658ddad21f85402934a1111a68fa1f193e84c65e0236d466301a12e2b6eb3,27119e6cc6fc57030a61ee8cb893e1b60e63f534054b98a412620722a17c4ef9,dose_05/images/test/land_pad__7650.png,7877c73cbbdb3fc6d779efcba802639d0c3ec7cbffd4c3d3c43b4cb46241df9b,dose_05/labels/test/land_pad__7650.txt,27119e6cc6fc57030a61ee8cb893e1b60e63f534054b98a412620722a17c4ef9,1052,961,1,e67fdcadc968a91a8732f93ac40d448e699ce62ff246bffd31c6dd48c7d3cf19,0.75,land_pad,0.00019585112149495733,0.7252747252747253,0.27472527472527475
0,0.0,1.0,land_pad__7675.jpg,land_pad,7675,69dc200d8b80fe8c1159e8f6ee4caeefa118295684b92b24ff79ec4f879af9d6,ed90aca892a3cdce05134ddc7296b93779d857214c265c21d1936420c9515aef,dose_00/images/test/land_pad__7675.jpg,af5f920ddcf810efdc0c1cc7348731a5e90fffc76e33268c854ca965ba409e5f,dose_00/labels/test/land_pad__7675.txt,ed90aca892a3cdce05134ddc7296b93779d857214c265c21d1936420c9515aef,1052,961,1,af5f920ddcf810efdc0c1cc7348731a5e90fffc76e33268c854ca965ba409e5f,0.0,land_pad,0.0,0.0,1.0
1,0.15,0.85,land_pad__7675.jpg,land_pad,7675,69dc200d8b80fe8c1159e8f6ee4caeefa118295684b92b24ff79ec4f879af9d6,ed90aca892a3cdce05134ddc7296b93779d857214c265c21d1936420c9515aef,dose_01/images/test/land_pad__7675.png,7038b46e3df2e2f2e355993d17f282e77570686d8b0362c81d729debe9dd4ba5,dose_01/labels/test/land_pad__7675.txt,ed90aca892a3cdce05134ddc7296b93779d857214c265c21d1936420c9515aef,1052,961,1,af5f920ddcf810efdc0c1cc7348731a5e90fffc76e33268c854ca965ba409e5f,0.15,land_pad,5.3413942225897455e-05,0.1565217391304348,0.8434782608695652
2,0.3,0.7,land_pad__7675.jpg,land_pad,7675,69dc200d8b80fe8c1159e8f6ee4caeefa118295684b92b24ff79ec4f879af9d6,ed90aca892a3cdce05134ddc7296b93779d857214c265c21d1936420c9515aef,dose_02/images/test/land_pad__7675.png,ec263a9bc0970beb753e77438588b99717fe122b0507ba256f02bef5f8d8fcf9,dose_02/labels/test/land_pad__7675.txt,ed90aca892a3cdce05134ddc7296b93779d857214c265c21d1936420c9515aef,1052,961,1,af5f920ddcf810efdc0c1cc7348731a5e90fffc76e33268c854ca965ba409e5f,0.3,land_pad,0.00010287129613876547,0.30144927536231886,0.6985507246376812
3,0.45,0.55,land_pad__7675.jpg,land_pad,7675,69dc200d8b80fe8c1159e8f6ee4caeefa118295684b92b24ff79ec4f879af9d6,ed90aca892a3cdce05134ddc7296b93779d857214c265c21d1936420c9515aef,dose_03/images/test/land_pad__7675.png,ef221676eda71f03187d5ad3e7238afdaa0b678a4559169bdd94e0e3b3b1ac11,dose_03/labels/test/land_pad__7675.txt,ed90aca892a3cdce05134ddc7296b93779d857214c265c21d1936420c9515aef,1052,961,1,af5f920ddcf810efdc0c1cc7348731a5e90fffc76e33268c854ca965ba409e5f,0.45,land_pad,0.00014837206173860402,0.43478260869565216,0.5652173913043478
4,0.6,0.4,land_pad__7675.jpg,land_pad,7675,69dc200d8b80fe8c1159e8f6ee4caeefa118295684b92b24ff79ec4f879af9d6,ed90aca892a3cdce05134ddc7296b93779d857214c265c21d1936420c9515aef,dose_04/images/test/land_pad__7675.png,960cf14cb23b43202f4344518c433f9d54090d0c416561403e873a2291ff7596,dose_04/labels/test/land_pad__7675.txt,ed90aca892a3cdce05134ddc7296b93779d857214c265c21d1936420c9515aef,1052,961,1,af5f920ddcf810efdc0c1cc7348731a5e90fffc76e33268c854ca965ba409e5f,0.6,land_pad,0.00021365576890358982,0.6260869565217392,0.3739130434782609
5,0.75,0.25,land_pad__7675.jpg,land_pad,7675,69dc200d8b80fe8c1159e8f6ee4caeefa118295684b92b24ff79ec4f879af9d6,ed90aca892a3cdce05134ddc7296b93779d857214c265c21d1936420c9515aef,dose_05/images/test/land_pad__7675.png,fa43053f17c76b17ca3aa400c87a1221c2af8d685d3cf09e85ace4772632fcce,dose_05/labels/test/land_pad__7675.txt,ed90aca892a3cdce05134ddc7296b93779d857214c265c21d1936420c9515aef,1052,961,1,af5f920ddcf810efdc0c1cc7348731a5e90fffc76e33268c854ca965ba409e5f,0.75,land_pad,0.00025717824034691365,0.7536231884057971,0.2463768115942029
0,0.0,1.0,land_pad__7700.jpg,land_pad,7700,64a5976b78eacf7afcc088db0567aec83ee2c0e582bda044665b5e499fedf1a8,f622f2d0702dbcd74931e960d44d3ded3bf2e4f89cfe50e0351d6c6fda826806,dose_00/images/test/land_pad__7700.jpg,6150445b4a3f5b18f102648856d7ba1d07813b9b3ca72fefcef432a1874ecba9,dose_00/labels/test/land_pad__7700.txt,f622f2d0702dbcd74931e960d44d3ded3bf2e4f89cfe50e0351d6c6fda826806,1052,961,1,6150445b4a3f5b18f102648856d7ba1d07813b9b3ca72fefcef432a1874ecba9,0.0,land_pad,0.0,0.0,1.0
1,0.15,0.85,land_pad__7700.jpg,land_pad,7700,64a5976b78eacf7afcc088db0567aec83ee2c0e582bda044665b5e499fedf1a8,f622f2d0702dbcd74931e960d44d3ded3bf2e4f89cfe50e0351d6c6fda826806,dose_01/images/test/land_pad__7700.png,0078148d4646e0e4e84671f328247a561c80c9aa3f771d549b03b82494f2a9cc,dose_01/labels/test/land_pad__7700.txt,f622f2d0702dbcd74931e960d44d3ded3bf2e4f89cfe50e0351d6c6fda826806,1052,961,1,6150445b4a3f5b18f102648856d7ba1d07813b9b3ca72fefcef432a1874ecba9,0.15,land_pad,4.451161852158121e-05,0.1461038961038961,0.8538961038961039
2,0.3,0.7,land_pad__7700.jpg,land_pad,7700,64a5976b78eacf7afcc088db0567aec83ee2c0e582bda044665b5e499fedf1a8,f622f2d0702dbcd74931e960d44d3ded3bf2e4f89cfe50e0351d6c6fda826806,dose_02/images/test/land_pad__7700.png,454cc2ca4d862459922faa6cd1387a210924c19440cbd5b8b2316924d5790b32,dose_02/labels/test/land_pad__7700.txt,f622f2d0702dbcd74931e960d44d3ded3bf2e4f89cfe50e0351d6c6fda826806,1052,961,1,6150445b4a3f5b18f102648856d7ba1d07813b9b3ca72fefcef432a1874ecba9,0.3,land_pad,9.495811951270658e-05,0.3116883116883117,0.6883116883116883
3,0.45,0.55,land_pad__7700.jpg,land_pad,7700,64a5976b78eacf7afcc088db0567aec83ee2c0e582bda044665b5e499fedf1a8,f622f2d0702dbcd74931e960d44d3ded3bf2e4f89cfe50e0351d6c6fda826806,dose_03/images/test/land_pad__7700.png,7854c4815c41d51e0b4f5c7b9d444fe3cd7b5260fb9531c56dcee3ea851e400c,dose_03/labels/test/land_pad__7700.txt,f622f2d0702dbcd74931e960d44d3ded3bf2e4f89cfe50e0351d6c6fda826806,1052,961,1,6150445b4a3f5b18f102648856d7ba1d07813b9b3ca72fefcef432a1874ecba9,0.45,land_pad,0.00013353485556474363,0.4383116883116883,0.5616883116883117
4,0.6,0.4,land_pad__7700.jpg,land_pad,7700,64a5976b78eacf7afcc088db0567aec83ee2c0e582bda044665b5e499fedf1a8,f622f2d0702dbcd74931e960d44d3ded3bf2e4f89cfe50e0351d6c6fda826806,dose_04/images/test/land_pad__7700.png,9200ee61b1a950fd84a239b6e83954815a564427b274ed1b2be53790f7030517,dose_04/labels/test/land_pad__7700.txt,f622f2d0702dbcd74931e960d44d3ded3bf2e4f89cfe50e0351d6c6fda826806,1052,961,1,6150445b4a3f5b18f102648856d7ba1d07813b9b3ca72fefcef432a1874ecba9,0.6,land_pad,0.00018497050363412636,0.6071428571428571,0.39285714285714285
5,0.75,0.25,land_pad__7700.jpg,land_pad,7700,64a5976b78eacf7afcc088db0567aec83ee2c0e582bda044665b5e499fedf1a8,f622f2d0702dbcd74931e960d44d3ded3bf2e4f89cfe50e0351d6c6fda826806,dose_05/images/test/land_pad__7700.png,f05a336586cfb0696d979b887cb6c31d54444976e04636eb5304bd5727b764e0,dose_05/labels/test/land_pad__7700.txt,f622f2d0702dbcd74931e960d44d3ded3bf2e4f89cfe50e0351d6c6fda826806,1052,961,1,6150445b4a3f5b18f102648856d7ba1d07813b9b3ca72fefcef432a1874ecba9,0.75,land_pad,0.00022552553384267815,0.7402597402597403,0.2597402597402597
0,0.0,1.0,land_pad__7725.jpg,land_pad,7725,24e7b1128bd08328b4494906e2023cdd4b12a9c550574b6b6e3a587d5eb16239,07c5f6ae6fdfbc2e8eb929ec09c10656e4f61c9c89d531aebd4df5feb7ba0f57,dose_00/images/test/land_pad__7725.jpg,addaee9b57c22ac39c32420bbe4ed8cca1e4d7c059625cdae583e2e2b4d15bc8,dose_00/labels/test/land_pad__7725.txt,07c5f6ae6fdfbc2e8eb929ec09c10656e4f61c9c89d531aebd4df5feb7ba0f57,1052,961,1,addaee9b57c22ac39c32420bbe4ed8cca1e4d7c059625cdae583e2e2b4d15bc8,0.0,land_pad,0.0,0.0,1.0
1,0.15,0.85,land_pad__7725.jpg,land_pad,7725,24e7b1128bd08328b4494906e2023cdd4b12a9c550574b6b6e3a587d5eb16239,07c5f6ae6fdfbc2e8eb929ec09c10656e4f61c9c89d531aebd4df5feb7ba0f57,dose_01/images/test/land_pad__7725.png,ba625d051569ff1fef834ddad55c517299428a7b9325f6d85916b8927182b395,dose_01/labels/test/land_pad__7725.txt,07c5f6ae6fdfbc2e8eb929ec09c10656e4f61c9c89d531aebd4df5feb7ba0f57,1052,961,1,addaee9b57c22ac39c32420bbe4ed8cca1e4d7c059625cdae583e2e2b4d15bc8,0.15,land_pad,3.956588313029441e-05,0.15384615384615385,0.8461538461538461
2,0.3,0.7,land_pad__7725.jpg,land_pad,7725,24e7b1128bd08328b4494906e2023cdd4b12a9c550574b6b6e3a587d5eb16239,07c5f6ae6fdfbc2e8eb929ec09c10656e4f61c9c89d531aebd4df5feb7ba0f57,dose_02/images/test/land_pad__7725.png,4fda8f4fdfe163c6bb161c8eaa2cde2f1efd170aa43c7c9e67656b0cff227cf7,dose_02/labels/test/land_pad__7725.txt,07c5f6ae6fdfbc2e8eb929ec09c10656e4f61c9c89d531aebd4df5feb7ba0f57,1052,961,1,addaee9b57c22ac39c32420bbe4ed8cca1e4d7c059625cdae583e2e2b4d15bc8,0.3,land_pad,7.616432502581674e-05,0.29615384615384616,0.7038461538461539
3,0.45,0.55,land_pad__7725.jpg,land_pad,7725,24e7b1128bd08328b4494906e2023cdd4b12a9c550574b6b6e3a587d5eb16239,07c5f6ae6fdfbc2e8eb929ec09c10656e4f61c9c89d531aebd4df5feb7ba0f57,dose_03/images/test/land_pad__7725.png,e10a1426fd4f9e251f54a5219d58bab0b0e663ba33621b9f67048ca00656b3c1,dose_03/labels/test/land_pad__7725.txt,07c5f6ae6fdfbc2e8eb929ec09c10656e4f61c9c89d531aebd4df5feb7ba0f57,1052,961,1,addaee9b57c22ac39c32420bbe4ed8cca1e4d7c059625cdae583e2e2b4d15bc8,0.45,land_pad,0.00011573020815611115,0.45,0.55
4,0.6,0.4,land_pad__7725.jpg,land_pad,7725,24e7b1128bd08328b4494906e2023cdd4b12a9c550574b6b6e3a587d5eb16239,07c5f6ae6fdfbc2e8eb929ec09c10656e4f61c9c89d531aebd4df5feb7ba0f57,dose_04/images/test/land_pad__7725.png,15ff5ad59037595b0a14f7cddfec511601a48646ff3aa954a1915ae373d463c1,dose_04/labels/test/land_pad__7725.txt,07c5f6ae6fdfbc2e8eb929ec09c10656e4f61c9c89d531aebd4df5feb7ba0f57,1052,961,1,addaee9b57c22ac39c32420bbe4ed8cca1e4d7c059625cdae583e2e2b4d15bc8,0.6,land_pad,0.00014837206173860402,0.5769230769230769,0.4230769230769231
5,0.75,0.25,land_pad__7725.jpg,land_pad,7725,24e7b1128bd08328b4494906e2023cdd4b12a9c550574b6b6e3a587d5eb16239,07c5f6ae6fdfbc2e8eb929ec09c10656e4f61c9c89d531aebd4df5feb7ba0f57,dose_05/images/test/land_pad__7725.png,4000c68fe8593b65c29673df8199b97cb609ccfbd8111f2adfae329a29295cd9,dose_05/labels/test/land_pad__7725.txt,07c5f6ae6fdfbc2e8eb929ec09c10656e4f61c9c89d531aebd4df5feb7ba0f57,1052,961,1,addaee9b57c22ac39c32420bbe4ed8cca1e4d7c059625cdae583e2e2b4d15bc8,0.75,land_pad,0.00018497050363412636,0.7192307692307692,0.28076923076923077
0,0.0,1.0,land_pad__7750.jpg,land_pad,7750,9b97c4bbfd7b2a1717afb1077a80f7de21c04153e487e0167f99ba0e1d431171,e71e71dc8f38697d37d835722e93d1af2d2c2ca3b53b2253630ea63af1ef5ed9,dose_00/images/test/land_pad__7750.jpg,096c7523440ee6ca13df77d91cd76bea9de88320d6ad7b28c9a97df4c457f26b,dose_00/labels/test/land_pad__7750.txt,e71e71dc8f38697d37d835722e93d1af2d2c2ca3b53b2253630ea63af1ef5ed9,1052,961,1,096c7523440ee6ca13df77d91cd76bea9de88320d6ad7b28c9a97df4c457f26b,0.0,land_pad,0.0,0.0,1.0
1,0.15,0.85,land_pad__7750.jpg,land_pad,7750,9b97c4bbfd7b2a1717afb1077a80f7de21c04153e487e0167f99ba0e1d431171,e71e71dc8f38697d37d835722e93d1af2d2c2ca3b53b2253630ea63af1ef5ed9,dose_01/images/test/land_pad__7750.png,1b8591796a7aec81a53a200a0ca9905f766937c418628423ef49a9584569bc5c,dose_01/labels/test/land_pad__7750.txt,e71e71dc8f38697d37d835722e93d1af2d2c2ca3b53b2253630ea63af1ef5ed9,1052,961,1,096c7523440ee6ca13df77d91cd76bea9de88320d6ad7b28c9a97df4c457f26b,0.15,land_pad,4.451161852158121e-05,0.15734265734265734,0.8426573426573427
2,0.3,0.7,land_pad__7750.jpg,land_pad,7750,9b97c4bbfd7b2a1717afb1077a80f7de21c04153e487e0167f99ba0e1d431171,e71e71dc8f38697d37d835722e93d1af2d2c2ca3b53b2253630ea63af1ef5ed9,dose_02/images/test/land_pad__7750.png,d7d5e8e2f1ee00695293d8358756473ae3a03156f3b92b3c063eec24b514fd3d,dose_02/labels/test/land_pad__7750.txt,e71e71dc8f38697d37d835722e93d1af2d2c2ca3b53b2253630ea63af1ef5ed9,1052,961,1,096c7523440ee6ca13df77d91cd76bea9de88320d6ad7b28c9a97df4c457f26b,0.3,land_pad,8.308835457361826e-05,0.2937062937062937,0.7062937062937062
3,0.45,0.55,land_pad__7750.jpg,land_pad,7750,9b97c4bbfd7b2a1717afb1077a80f7de21c04153e487e0167f99ba0e1d431171,e71e71dc8f38697d37d835722e93d1af2d2c2ca3b53b2253630ea63af1ef5ed9,dose_03/images/test/land_pad__7750.png,e403cd1ba100db4306b223371fbbdef662976b19e20836bf66a9115aac764f1a,dose_03/labels/test/land_pad__7750.txt,e71e71dc8f38697d37d835722e93d1af2d2c2ca3b53b2253630ea63af1ef5ed9,1052,961,1,096c7523440ee6ca13df77d91cd76bea9de88320d6ad7b28c9a97df4c457f26b,0.45,land_pad,0.00013353485556474363,0.47202797202797203,0.527972027972028
4,0.6,0.4,land_pad__7750.jpg,land_pad,7750,9b97c4bbfd7b2a1717afb1077a80f7de21c04153e487e0167f99ba0e1d431171,e71e71dc8f38697d37d835722e93d1af2d2c2ca3b53b2253630ea63af1ef5ed9,dose_04/images/test/land_pad__7750.png,b433c0e85a1a56a586296bbaa089bac24ed50282827b4da9f824e0d84203572f,dose_04/labels/test/land_pad__7750.txt,e71e71dc8f38697d37d835722e93d1af2d2c2ca3b53b2253630ea63af1ef5ed9,1052,961,1,096c7523440ee6ca13df77d91cd76bea9de88320d6ad7b28c9a97df4c457f26b,0.6,land_pad,0.00016815500330375125,0.5944055944055944,0.40559440559440557
5,0.75,0.25,land_pad__7750.jpg,land_pad,7750,9b97c4bbfd7b2a1717afb1077a80f7de21c04153e487e0167f99ba0e1d431171,e71e71dc8f38697d37d835722e93d1af2d2c2ca3b53b2253630ea63af1ef5ed9,dose_05/images/test/land_pad__7750.png,cda0b3a7ec75e0c30693053e534f21ae66224793707216d3ed5a466834973fa8,dose_05/labels/test/land_pad__7750.txt,e71e71dc8f38697d37d835722e93d1af2d2c2ca3b53b2253630ea63af1ef5ed9,1052,961,1,096c7523440ee6ca13df77d91cd76bea9de88320d6ad7b28c9a97df4c457f26b,0.75,land_pad,0.0002067317393557883,0.7307692307692307,0.2692307692307692
0,0.0,1.0,land_pad__7775.jpg,land_pad,7775,dbea6822e1c835bb9bb22cce1f55f2668442da9c8f1601deb83fdf578b7f3a99,2431eb43bb3b0f0b2f7d4f50193e501e23936c54ae1ff4ff81e9ebe2c1b15eeb,dose_00/images/test/land_pad__7775.jpg,1f2ef132134509762de806a415e3e9a754ab2dd21c580914ff7b93e61745d85c,dose_00/labels/test/land_pad__7775.txt,2431eb43bb3b0f0b2f7d4f50193e501e23936c54ae1ff4ff81e9ebe2c1b15eeb,1052,961,1,1f2ef132134509762de806a415e3e9a754ab2dd21c580914ff7b93e61745d85c,0.0,land_pad,0.0,0.0,1.0
1,0.15,0.85,land_pad__7775.jpg,land_pad,7775,dbea6822e1c835bb9bb22cce1f55f2668442da9c8f1601deb83fdf578b7f3a99,2431eb43bb3b0f0b2f7d4f50193e501e23936c54ae1ff4ff81e9ebe2c1b15eeb,dose_01/images/test/land_pad__7775.png,98bb51a1096200a7f38cb1f21d8011f5822ef42ed44ac3ef70c5febeab838c2f,dose_01/labels/test/land_pad__7775.txt,2431eb43bb3b0f0b2f7d4f50193e501e23936c54ae1ff4ff81e9ebe2c1b15eeb,1052,961,1,1f2ef132134509762de806a415e3e9a754ab2dd21c580914ff7b93e61745d85c,0.15,land_pad,5.3413942225897455e-05,0.16363636363636364,0.8363636363636363
2,0.3,0.7,land_pad__7775.jpg,land_pad,7775,dbea6822e1c835bb9bb22cce1f55f2668442da9c8f1601deb83fdf578b7f3a99,2431eb43bb3b0f0b2f7d4f50193e501e23936c54ae1ff4ff81e9ebe2c1b15eeb,dose_02/images/test/land_pad__7775.png,2b960a492e8fb37e8779e1a45bde53425915fc49bb59ebe56c706a12fdae6917,dose_02/labels/test/land_pad__7775.txt,2431eb43bb3b0f0b2f7d4f50193e501e23936c54ae1ff4ff81e9ebe2c1b15eeb,1052,961,1,1f2ef132134509762de806a415e3e9a754ab2dd21c580914ff7b93e61745d85c,0.3,land_pad,9.495811951270658e-05,0.2909090909090909,0.7090909090909091
3,0.45,0.55,land_pad__7775.jpg,land_pad,7775,dbea6822e1c835bb9bb22cce1f55f2668442da9c8f1601deb83fdf578b7f3a99,2431eb43bb3b0f0b2f7d4f50193e501e23936c54ae1ff4ff81e9ebe2c1b15eeb,dose_03/images/test/land_pad__7775.png,7c1942911b52823587f12599b248dcb66eb0cf26be3bc157bce6dd5a12f4e8d3,dose_03/labels/test/land_pad__7775.txt,2431eb43bb3b0f0b2f7d4f50193e501e23936c54ae1ff4ff81e9ebe2c1b15eeb,1052,961,1,1f2ef132134509762de806a415e3e9a754ab2dd21c580914ff7b93e61745d85c,0.45,land_pad,0.00014837206173860402,0.45454545454545453,0.5454545454545454
4,0.6,0.4,land_pad__7775.jpg,land_pad,7775,dbea6822e1c835bb9bb22cce1f55f2668442da9c8f1601deb83fdf578b7f3a99,2431eb43bb3b0f0b2f7d4f50193e501e23936c54ae1ff4ff81e9ebe2c1b15eeb,dose_04/images/test/land_pad__7775.png,e4980c9c7cc78e340f216a828451431ff86e133c728d9e7f4f26b7f8ae046561,dose_04/labels/test/land_pad__7775.txt,2431eb43bb3b0f0b2f7d4f50193e501e23936c54ae1ff4ff81e9ebe2c1b15eeb,1052,961,1,1f2ef132134509762de806a415e3e9a754ab2dd21c580914ff7b93e61745d85c,0.6,land_pad,0.0002017860039645015,0.6181818181818182,0.38181818181818183
5,0.75,0.25,land_pad__7775.jpg,land_pad,7775,dbea6822e1c835bb9bb22cce1f55f2668442da9c8f1601deb83fdf578b7f3a99,2431eb43bb3b0f0b2f7d4f50193e501e23936c54ae1ff4ff81e9ebe2c1b15eeb,dose_05/images/test/land_pad__7775.png,312cb17ca2ea87e6ed1a6ea2994423f68fbf34958ddbb6442aaba7d27a470cbe,dose_05/labels/test/land_pad__7775.txt,2431eb43bb3b0f0b2f7d4f50193e501e23936c54ae1ff4ff81e9ebe2c1b15eeb,1052,961,1,1f2ef132134509762de806a415e3e9a754ab2dd21c580914ff7b93e61745d85c,0.75,land_pad,0.00024431932832956796,0.7484848484848485,0.2515151515151515
0,0.0,1.0,land_pad__7800.jpg,land_pad,7800,138ed68711a50ca358963968fcc5d169082b7b7854f2c695919874112deb84d9,7a87632277819d7ac47437d836bbdfc65fdc61d9bfa6e39a2cfc0c10f783ed14,dose_00/images/test/land_pad__7800.jpg,94a94b4d9a3e8a855c0781e85e3d0a9c986862cba99b3b0cd5d241fb56d00db7,dose_00/labels/test/land_pad__7800.txt,7a87632277819d7ac47437d836bbdfc65fdc61d9bfa6e39a2cfc0c10f783ed14,1052,961,1,94a94b4d9a3e8a855c0781e85e3d0a9c986862cba99b3b0cd5d241fb56d00db7,0.0,land_pad,0.0,0.0,1.0
1,0.15,0.85,land_pad__7800.jpg,land_pad,7800,138ed68711a50ca358963968fcc5d169082b7b7854f2c695919874112deb84d9,7a87632277819d7ac47437d836bbdfc65fdc61d9bfa6e39a2cfc0c10f783ed14,dose_01/images/test/land_pad__7800.png,573548dd76b72d7ca7874a48db88afe0f4ef125d10c5fa86ad813994251efe70,dose_01/labels/test/land_pad__7800.txt,7a87632277819d7ac47437d836bbdfc65fdc61d9bfa6e39a2cfc0c10f783ed14,1052,961,1,94a94b4d9a3e8a855c0781e85e3d0a9c986862cba99b3b0cd5d241fb56d00db7,0.15,land_pad,3.956588313029441e-05,0.14652014652014653,0.8534798534798534
2,0.3,0.7,land_pad__7800.jpg,land_pad,7800,138ed68711a50ca358963968fcc5d169082b7b7854f2c695919874112deb84d9,7a87632277819d7ac47437d836bbdfc65fdc61d9bfa6e39a2cfc0c10f783ed14,dose_02/images/test/land_pad__7800.png,24b163c702cedf6e6c97ae37db0cef79107f5f1a38ecab254889b6b7458a8235,dose_02/labels/test/land_pad__7800.txt,7a87632277819d7ac47437d836bbdfc65fdc61d9bfa6e39a2cfc0c10f783ed14,1052,961,1,94a94b4d9a3e8a855c0781e85e3d0a9c986862cba99b3b0cd5d241fb56d00db7,0.3,land_pad,8.308835457361826e-05,0.3076923076923077,0.6923076923076923
3,0.45,0.55,land_pad__7800.jpg,land_pad,7800,138ed68711a50ca358963968fcc5d169082b7b7854f2c695919874112deb84d9,7a87632277819d7ac47437d836bbdfc65fdc61d9bfa6e39a2cfc0c10f783ed14,dose_03/images/test/land_pad__7800.png,c8a49736c0fb1018ac50f41a4a9a8ef2c1a17332acdbb7e08c395f155f8df1ff,dose_03/labels/test/land_pad__7800.txt,7a87632277819d7ac47437d836bbdfc65fdc61d9bfa6e39a2cfc0c10f783ed14,1052,961,1,94a94b4d9a3e8a855c0781e85e3d0a9c986862cba99b3b0cd5d241fb56d00db7,0.45,land_pad,0.0001246325318604274,0.46153846153846156,0.5384615384615384
4,0.6,0.4,land_pad__7800.jpg,land_pad,7800,138ed68711a50ca358963968fcc5d169082b7b7854f2c695919874112deb84d9,7a87632277819d7ac47437d836bbdfc65fdc61d9bfa6e39a2cfc0c10f783ed14,dose_04/images/test/land_pad__7800.png,a881ac57b0374c9e217b23e441659a6521c0589399a51d256741322fc7043808,dose_04/labels/test/land_pad__7800.txt,7a87632277819d7ac47437d836bbdfc65fdc61d9bfa6e39a2cfc0c10f783ed14,1052,961,1,94a94b4d9a3e8a855c0781e85e3d0a9c986862cba99b3b0cd5d241fb56d00db7,0.6,land_pad,0.00015826353252117764,0.5860805860805861,0.4139194139194139
5,0.75,0.25,land_pad__7800.jpg,land_pad,7800,138ed68711a50ca358963968fcc5d169082b7b7854f2c695919874112deb84d9,7a87632277819d7ac47437d836bbdfc65fdc61d9bfa6e39a2cfc0c10f783ed14,dose_05/images/test/land_pad__7800.png,bd8eb6e40855abc76905132c49d5dfe1d4056e8cec7a21485ab26410a9a50b50,dose_05/labels/test/land_pad__7800.txt,7a87632277819d7ac47437d836bbdfc65fdc61d9bfa6e39a2cfc0c10f783ed14,1052,961,1,94a94b4d9a3e8a855c0781e85e3d0a9c986862cba99b3b0cd5d241fb56d00db7,0.75,land_pad,0.00019585112149495733,0.7252747252747253,0.27472527472527475
0,0.0,1.0,land_pad__7825.jpg,land_pad,7825,f8d83454e0fabdad4e9933c865c10f3fa819a720a919da17a1e4a0b44930bfb1,fa69b1c645b47b95c1a67c611c197318e1b431f8a50d433ead1b3c72c8fabaa0,dose_00/images/test/land_pad__7825.jpg,7b482c27769f11471e13d8459cb52a337c5aeff092861bd6851d410862abe2e9,dose_00/labels/test/land_pad__7825.txt,fa69b1c645b47b95c1a67c611c197318e1b431f8a50d433ead1b3c72c8fabaa0,1052,961,1,7b482c27769f11471e13d8459cb52a337c5aeff092861bd6851d410862abe2e9,0.0,land_pad,0.0,0.0,1.0
1,0.15,0.85,land_pad__7825.jpg,land_pad,7825,f8d83454e0fabdad4e9933c865c10f3fa819a720a919da17a1e4a0b44930bfb1,fa69b1c645b47b95c1a67c611c197318e1b431f8a50d433ead1b3c72c8fabaa0,dose_01/images/test/land_pad__7825.png,f8448c19f7d90a5b8d0abfef9d3f0d4c23eb9eeb3b72c1e0fc087d1fa0221e62,dose_01/labels/test/land_pad__7825.txt,fa69b1c645b47b95c1a67c611c197318e1b431f8a50d433ead1b3c72c8fabaa0,1052,961,1,7b482c27769f11471e13d8459cb52a337c5aeff092861bd6851d410862abe2e9,0.15,land_pad,4.451161852158121e-05,0.1461038961038961,0.8538961038961039
2,0.3,0.7,land_pad__7825.jpg,land_pad,7825,f8d83454e0fabdad4e9933c865c10f3fa819a720a919da17a1e4a0b44930bfb1,fa69b1c645b47b95c1a67c611c197318e1b431f8a50d433ead1b3c72c8fabaa0,dose_02/images/test/land_pad__7825.png,31c024f600256d7f4846d2c4377eb029265b597da2c07f08b11d2b72c41085de,dose_02/labels/test/land_pad__7825.txt,fa69b1c645b47b95c1a67c611c197318e1b431f8a50d433ead1b3c72c8fabaa0,1052,961,1,7b482c27769f11471e13d8459cb52a337c5aeff092861bd6851d410862abe2e9,0.3,land_pad,9.495811951270658e-05,0.3116883116883117,0.6883116883116883
3,0.45,0.55,land_pad__7825.jpg,land_pad,7825,f8d83454e0fabdad4e9933c865c10f3fa819a720a919da17a1e4a0b44930bfb1,fa69b1c645b47b95c1a67c611c197318e1b431f8a50d433ead1b3c72c8fabaa0,dose_03/images/test/land_pad__7825.png,f7167dc1e69f1b9bcae1079d2f17790207c6b7585a5367d0fd1fcda0746601a5,dose_03/labels/test/land_pad__7825.txt,fa69b1c645b47b95c1a67c611c197318e1b431f8a50d433ead1b3c72c8fabaa0,1052,961,1,7b482c27769f11471e13d8459cb52a337c5aeff092861bd6851d410862abe2e9,0.45,land_pad,0.00013353485556474363,0.4383116883116883,0.5616883116883117
4,0.6,0.4,land_pad__7825.jpg,land_pad,7825,f8d83454e0fabdad4e9933c865c10f3fa819a720a919da17a1e4a0b44930bfb1,fa69b1c645b47b95c1a67c611c197318e1b431f8a50d433ead1b3c72c8fabaa0,dose_04/images/test/land_pad__7825.png,4456da3979d5cdf483dc81cd93dce1f80685bcee33836beb2821e5974b750de5,dose_04/labels/test/land_pad__7825.txt,fa69b1c645b47b95c1a67c611c197318e1b431f8a50d433ead1b3c72c8fabaa0,1052,961,1,7b482c27769f11471e13d8459cb52a337c5aeff092861bd6851d410862abe2e9,0.6,land_pad,0.00018497050363412636,0.6071428571428571,0.39285714285714285
5,0.75,0.25,land_pad__7825.jpg,land_pad,7825,f8d83454e0fabdad4e9933c865c10f3fa819a720a919da17a1e4a0b44930bfb1,fa69b1c645b47b95c1a67c611c197318e1b431f8a50d433ead1b3c72c8fabaa0,dose_05/images/test/land_pad__7825.png,d973b9646a042485b92d30146286d765fe022053bc026a9463fb801b410ca900,dose_05/labels/test/land_pad__7825.txt,fa69b1c645b47b95c1a67c611c197318e1b431f8a50d433ead1b3c72c8fabaa0,1052,961,1,7b482c27769f11471e13d8459cb52a337c5aeff092861bd6851d410862abe2e9,0.75,land_pad,0.00022552553384267815,0.7402597402597403,0.2597402597402597
0,0.0,1.0,land_pad__7850.jpg,land_pad,7850,a8a85dc7a6ede37037fb7b317f843a61dfea04a70e5f244efda719bac23a8c7e,1914977714149ca3512dbbf5b11085cc5bca917dc8f3f709a6e63478eeb265cb,dose_00/images/test/land_pad__7850.jpg,ae1e5f49b24e2b23dec876d2cec58d7b47d04d231917026a5d6487be0ef7c04e,dose_00/labels/test/land_pad__7850.txt,1914977714149ca3512dbbf5b11085cc5bca917dc8f3f709a6e63478eeb265cb,1052,961,1,ae1e5f49b24e2b23dec876d2cec58d7b47d04d231917026a5d6487be0ef7c04e,0.0,land_pad,0.0,0.0,1.0
1,0.15,0.85,land_pad__7850.jpg,land_pad,7850,a8a85dc7a6ede37037fb7b317f843a61dfea04a70e5f244efda719bac23a8c7e,1914977714149ca3512dbbf5b11085cc5bca917dc8f3f709a6e63478eeb265cb,dose_01/images/test/land_pad__7850.png,944f230ac0b0df9e11e7c8b0c6cccda83b4e2b9424b8dab406dab2e595c42ae8,dose_01/labels/test/land_pad__7850.txt,1914977714149ca3512dbbf5b11085cc5bca917dc8f3f709a6e63478eeb265cb,1052,961,1,ae1e5f49b24e2b23dec876d2cec58d7b47d04d231917026a5d6487be0ef7c04e,0.15,land_pad,4.451161852158121e-05,0.15734265734265734,0.8426573426573427
2,0.3,0.7,land_pad__7850.jpg,land_pad,7850,a8a85dc7a6ede37037fb7b317f843a61dfea04a70e5f244efda719bac23a8c7e,1914977714149ca3512dbbf5b11085cc5bca917dc8f3f709a6e63478eeb265cb,dose_02/images/test/land_pad__7850.png,e259213ac705c7b1a2d20c2cae068fd49a0c0740b9a6b0b8ff7b7ab1918e95ab,dose_02/labels/test/land_pad__7850.txt,1914977714149ca3512dbbf5b11085cc5bca917dc8f3f709a6e63478eeb265cb,1052,961,1,ae1e5f49b24e2b23dec876d2cec58d7b47d04d231917026a5d6487be0ef7c04e,0.3,land_pad,8.308835457361826e-05,0.2937062937062937,0.7062937062937062
3,0.45,0.55,land_pad__7850.jpg,land_pad,7850,a8a85dc7a6ede37037fb7b317f843a61dfea04a70e5f244efda719bac23a8c7e,1914977714149ca3512dbbf5b11085cc5bca917dc8f3f709a6e63478eeb265cb,dose_03/images/test/land_pad__7850.png,61c07eceaa579faa3b585fda9df04e38103ebcf6f6a4d799b6d7b7c007541c49,dose_03/labels/test/land_pad__7850.txt,1914977714149ca3512dbbf5b11085cc5bca917dc8f3f709a6e63478eeb265cb,1052,961,1,ae1e5f49b24e2b23dec876d2cec58d7b47d04d231917026a5d6487be0ef7c04e,0.45,land_pad,0.00013353485556474363,0.47202797202797203,0.527972027972028
4,0.6,0.4,land_pad__7850.jpg,land_pad,7850,a8a85dc7a6ede37037fb7b317f843a61dfea04a70e5f244efda719bac23a8c7e,1914977714149ca3512dbbf5b11085cc5bca917dc8f3f709a6e63478eeb265cb,dose_04/images/test/land_pad__7850.png,0f15cf2b6e5541f362d9118448ead7573350e3f36028ece5a6c9716b2eb41ee3,dose_04/labels/test/land_pad__7850.txt,1914977714149ca3512dbbf5b11085cc5bca917dc8f3f709a6e63478eeb265cb,1052,961,1,ae1e5f49b24e2b23dec876d2cec58d7b47d04d231917026a5d6487be0ef7c04e,0.6,land_pad,0.00016815500330375125,0.5944055944055944,0.40559440559440557
5,0.75,0.25,land_pad__7850.jpg,land_pad,7850,a8a85dc7a6ede37037fb7b317f843a61dfea04a70e5f244efda719bac23a8c7e,1914977714149ca3512dbbf5b11085cc5bca917dc8f3f709a6e63478eeb265cb,dose_05/images/test/land_pad__7850.png,6340883bdc040ce729216422f5fcb051b980fd92b5438a0ed1dd72a152a66776,dose_05/labels/test/land_pad__7850.txt,1914977714149ca3512dbbf5b11085cc5bca917dc8f3f709a6e63478eeb265cb,1052,961,1,ae1e5f49b24e2b23dec876d2cec58d7b47d04d231917026a5d6487be0ef7c04e,0.75,land_pad,0.0002067317393557883,0.7307692307692307,0.2692307692307692
0,0.0,1.0,land_pad__7875.jpg,land_pad,7875,58d448e41fee416835285a3242cb26ad9f63a3fd937e2b355da3ec00bec0134d,382a4535877851ad6f81a72d77d4dfc42f8633522b2e760dad3955d9815e549d,dose_00/images/test/land_pad__7875.jpg,e4cfa0cb73493924d5e821ae241f1e148fb6b8d307a68c39f9e1b7b90bd8b526,dose_00/labels/test/land_pad__7875.txt,382a4535877851ad6f81a72d77d4dfc42f8633522b2e760dad3955d9815e549d,1052,961,1,e4cfa0cb73493924d5e821ae241f1e148fb6b8d307a68c39f9e1b7b90bd8b526,0.0,land_pad,0.0,0.0,1.0
1,0.15,0.85,land_pad__7875.jpg,land_pad,7875,58d448e41fee416835285a3242cb26ad9f63a3fd937e2b355da3ec00bec0134d,382a4535877851ad6f81a72d77d4dfc42f8633522b2e760dad3955d9815e549d,dose_01/images/test/land_pad__7875.png,51e6e7abeb18e6ec676b78bdc3615227c345848deb9526a866ea8a7515f1c68a,dose_01/labels/test/land_pad__7875.txt,382a4535877851ad6f81a72d77d4dfc42f8633522b2e760dad3955d9815e549d,1052,961,1,e4cfa0cb73493924d5e821ae241f1e148fb6b8d307a68c39f9e1b7b90bd8b526,0.15,land_pad,4.451161852158121e-05,0.1461038961038961,0.8538961038961039
2,0.3,0.7,land_pad__7875.jpg,land_pad,7875,58d448e41fee416835285a3242cb26ad9f63a3fd937e2b355da3ec00bec0134d,382a4535877851ad6f81a72d77d4dfc42f8633522b2e760dad3955d9815e549d,dose_02/images/test/land_pad__7875.png,1d10235ed80e166ba2b0dff216ea24d0d16808c5bc6bc0123e9698ecf4948f6e,dose_02/labels/test/land_pad__7875.txt,382a4535877851ad6f81a72d77d4dfc42f8633522b2e760dad3955d9815e549d,1052,961,1,e4cfa0cb73493924d5e821ae241f1e148fb6b8d307a68c39f9e1b7b90bd8b526,0.3,land_pad,9.495811951270658e-05,0.3116883116883117,0.6883116883116883
3,0.45,0.55,land_pad__7875.jpg,land_pad,7875,58d448e41fee416835285a3242cb26ad9f63a3fd937e2b355da3ec00bec0134d,382a4535877851ad6f81a72d77d4dfc42f8633522b2e760dad3955d9815e549d,dose_03/images/test/land_pad__7875.png,5a5f2a20f19965350811b990454273a63907af39a77101be528c043608a7f661,dose_03/labels/test/land_pad__7875.txt,382a4535877851ad6f81a72d77d4dfc42f8633522b2e760dad3955d9815e549d,1052,961,1,e4cfa0cb73493924d5e821ae241f1e148fb6b8d307a68c39f9e1b7b90bd8b526,0.45,land_pad,0.00013353485556474363,0.4383116883116883,0.5616883116883117
4,0.6,0.4,land_pad__7875.jpg,land_pad,7875,58d448e41fee416835285a3242cb26ad9f63a3fd937e2b355da3ec00bec0134d,382a4535877851ad6f81a72d77d4dfc42f8633522b2e760dad3955d9815e549d,dose_04/images/test/land_pad__7875.png,6045dd06d3d27071d39110c5ac40698c8edc586efdad0be31e0ff9f81bb77eb1,dose_04/labels/test/land_pad__7875.txt,382a4535877851ad6f81a72d77d4dfc42f8633522b2e760dad3955d9815e549d,1052,961,1,e4cfa0cb73493924d5e821ae241f1e148fb6b8d307a68c39f9e1b7b90bd8b526,0.6,land_pad,0.00018497050363412636,0.6071428571428571,0.39285714285714285
5,0.75,0.25,land_pad__7875.jpg,land_pad,7875,58d448e41fee416835285a3242cb26ad9f63a3fd937e2b355da3ec00bec0134d,382a4535877851ad6f81a72d77d4dfc42f8633522b2e760dad3955d9815e549d,dose_05/images/test/land_pad__7875.png,7467baafd06f037843525a4a9e2ad6f1fb53bfb688d81db464db206a019bce84,dose_05/labels/test/land_pad__7875.txt,382a4535877851ad6f81a72d77d4dfc42f8633522b2e760dad3955d9815e549d,1052,961,1,e4cfa0cb73493924d5e821ae241f1e148fb6b8d307a68c39f9e1b7b90bd8b526,0.75,land_pad,0.00022552553384267815,0.7402597402597403,0.2597402597402597
0,0.0,1.0,land_pad__7900.jpg,land_pad,7900,5d1a938f8fea46795d917c2c75b287872451c9c886fcf4f53609323840b5d371,09a8a54e1c98155424e003c3df46b2c4085f7395840826499f0a478c23790099,dose_00/images/test/land_pad__7900.jpg,a853f654849647f5d1c1f73bf84efba517dd15203a929f29ea26e28fd02eae0f,dose_00/labels/test/land_pad__7900.txt,09a8a54e1c98155424e003c3df46b2c4085f7395840826499f0a478c23790099,1052,961,1,a853f654849647f5d1c1f73bf84efba517dd15203a929f29ea26e28fd02eae0f,0.0,land_pad,0.0,0.0,1.0
1,0.15,0.85,land_pad__7900.jpg,land_pad,7900,5d1a938f8fea46795d917c2c75b287872451c9c886fcf4f53609323840b5d371,09a8a54e1c98155424e003c3df46b2c4085f7395840826499f0a478c23790099,dose_01/images/test/land_pad__7900.png,18aeccb3b2f53956e0797e14d879126f2617b0281d4bd8f2dc0921ccf817d970,dose_01/labels/test/land_pad__7900.txt,09a8a54e1c98155424e003c3df46b2c4085f7395840826499f0a478c23790099,1052,961,1,a853f654849647f5d1c1f73bf84efba517dd15203a929f29ea26e28fd02eae0f,0.15,land_pad,5.3413942225897455e-05,0.1565217391304348,0.8434782608695652
2,0.3,0.7,land_pad__7900.jpg,land_pad,7900,5d1a938f8fea46795d917c2c75b287872451c9c886fcf4f53609323840b5d371,09a8a54e1c98155424e003c3df46b2c4085f7395840826499f0a478c23790099,dose_02/images/test/land_pad__7900.png,12b8cb955de7ccf47c0f9c0e1b6556c685e33936d2532b742d37b1d49d509372,dose_02/labels/test/land_pad__7900.txt,09a8a54e1c98155424e003c3df46b2c4085f7395840826499f0a478c23790099,1052,961,1,a853f654849647f5d1c1f73bf84efba517dd15203a929f29ea26e28fd02eae0f,0.3,land_pad,0.00010287129613876547,0.30144927536231886,0.6985507246376812
3,0.45,0.55,land_pad__7900.jpg,land_pad,7900,5d1a938f8fea46795d917c2c75b287872451c9c886fcf4f53609323840b5d371,09a8a54e1c98155424e003c3df46b2c4085f7395840826499f0a478c23790099,dose_03/images/test/land_pad__7900.png,c08a59c0f16e4edaac16c140b90f4dbfba13d065fdd22137105d2abc514a5ba6,dose_03/labels/test/land_pad__7900.txt,09a8a54e1c98155424e003c3df46b2c4085f7395840826499f0a478c23790099,1052,961,1,a853f654849647f5d1c1f73bf84efba517dd15203a929f29ea26e28fd02eae0f,0.45,land_pad,0.00014837206173860402,0.43478260869565216,0.5652173913043478
4,0.6,0.4,land_pad__7900.jpg,land_pad,7900,5d1a938f8fea46795d917c2c75b287872451c9c886fcf4f53609323840b5d371,09a8a54e1c98155424e003c3df46b2c4085f7395840826499f0a478c23790099,dose_04/images/test/land_pad__7900.png,adb2e20d95d275e754021aa5170c049ddf3501cd0042aac273ab72b9a76a51d2,dose_04/labels/test/land_pad__7900.txt,09a8a54e1c98155424e003c3df46b2c4085f7395840826499f0a478c23790099,1052,961,1,a853f654849647f5d1c1f73bf84efba517dd15203a929f29ea26e28fd02eae0f,0.6,land_pad,0.00021365576890358982,0.6260869565217392,0.3739130434782609
5,0.75,0.25,land_pad__7900.jpg,land_pad,7900,5d1a938f8fea46795d917c2c75b287872451c9c886fcf4f53609323840b5d371,09a8a54e1c98155424e003c3df46b2c4085f7395840826499f0a478c23790099,dose_05/images/test/land_pad__7900.png,05f7787900146e41e74e61612af20b546891dd31d72dc6445c87571f112e2860,dose_05/labels/test/land_pad__7900.txt,09a8a54e1c98155424e003c3df46b2c4085f7395840826499f0a478c23790099,1052,961,1,a853f654849647f5d1c1f73bf84efba517dd15203a929f29ea26e28fd02eae0f,0.75,land_pad,0.00025717824034691365,0.7536231884057971,0.2463768115942029
0,0.0,1.0,land_pad__7925.jpg,land_pad,7925,b692b231472413740d0551bb2a8dda57170116e5fc534200ec293fb0a7376eda,6fac819e94f2b891da38a222c0a0e31059776a01029fcaf417554c241a7945b5,dose_00/images/test/land_pad__7925.jpg,a1443cb77b5bcc3f53c0c8e13161751c4f3761cf16e31a1e6526e4e2bf4fa4af,dose_00/labels/test/land_pad__7925.txt,6fac819e94f2b891da38a222c0a0e31059776a01029fcaf417554c241a7945b5,1052,961,1,a1443cb77b5bcc3f53c0c8e13161751c4f3761cf16e31a1e6526e4e2bf4fa4af,0.0,land_pad,0.0,0.0,1.0
1,0.15,0.85,land_pad__7925.jpg,land_pad,7925,b692b231472413740d0551bb2a8dda57170116e5fc534200ec293fb0a7376eda,6fac819e94f2b891da38a222c0a0e31059776a01029fcaf417554c241a7945b5,dose_01/images/test/land_pad__7925.png,ea665c325fe1d288b991ba7754d7b7ba997fe66faf778f0685f3decc6d8fb743,dose_01/labels/test/land_pad__7925.txt,6fac819e94f2b891da38a222c0a0e31059776a01029fcaf417554c241a7945b5,1052,961,1,a1443cb77b5bcc3f53c0c8e13161751c4f3761cf16e31a1e6526e4e2bf4fa4af,0.15,land_pad,3.956588313029441e-05,0.1360544217687075,0.8639455782312925
2,0.3,0.7,land_pad__7925.jpg,land_pad,7925,b692b231472413740d0551bb2a8dda57170116e5fc534200ec293fb0a7376eda,6fac819e94f2b891da38a222c0a0e31059776a01029fcaf417554c241a7945b5,dose_02/images/test/land_pad__7925.png,526d07428834fb4ffdffe6797a26e5a837a0b29c975be148b3ca1aa3b441397e,dose_02/labels/test/land_pad__7925.txt,6fac819e94f2b891da38a222c0a0e31059776a01029fcaf417554c241a7945b5,1052,961,1,a1443cb77b5bcc3f53c0c8e13161751c4f3761cf16e31a1e6526e4e2bf4fa4af,0.3,land_pad,9.495811951270658e-05,0.32653061224489793,0.673469387755102
3,0.45,0.55,land_pad__7925.jpg,land_pad,7925,b692b231472413740d0551bb2a8dda57170116e5fc534200ec293fb0a7376eda,6fac819e94f2b891da38a222c0a0e31059776a01029fcaf417554c241a7945b5,dose_03/images/test/land_pad__7925.png,a69932904a9e410abbb28e22f95c55a59783b5ea132938772052eb0254c28abd,dose_03/labels/test/land_pad__7925.txt,6fac819e94f2b891da38a222c0a0e31059776a01029fcaf417554c241a7945b5,1052,961,1,a1443cb77b5bcc3f53c0c8e13161751c4f3761cf16e31a1e6526e4e2bf4fa4af,0.45,land_pad,0.0001246325318604274,0.42857142857142855,0.5714285714285714
4,0.6,0.4,land_pad__7925.jpg,land_pad,7925,b692b231472413740d0551bb2a8dda57170116e5fc534200ec293fb0a7376eda,6fac819e94f2b891da38a222c0a0e31059776a01029fcaf417554c241a7945b5,dose_04/images/test/land_pad__7925.png,f22441bd7c4c4f2dfc96e16b8065b627be0ff6274c8aa6eb9e70983b5f1e67ac,dose_04/labels/test/land_pad__7925.txt,6fac819e94f2b891da38a222c0a0e31059776a01029fcaf417554c241a7945b5,1052,961,1,a1443cb77b5bcc3f53c0c8e13161751c4f3761cf16e31a1e6526e4e2bf4fa4af,0.6,land_pad,0.00017408988577329542,0.5986394557823129,0.4013605442176871
5,0.75,0.25,land_pad__7925.jpg,land_pad,7925,b692b231472413740d0551bb2a8dda57170116e5fc534200ec293fb0a7376eda,6fac819e94f2b891da38a222c0a0e31059776a01029fcaf417554c241a7945b5,dose_05/images/test/land_pad__7925.png,33fc43756cb9d06bdc5c9194477d4ed228395c8b1a619cdc5d77686b5cf001ea,dose_05/labels/test/land_pad__7925.txt,6fac819e94f2b891da38a222c0a0e31059776a01029fcaf417554c241a7945b5,1052,961,1,a1443cb77b5bcc3f53c0c8e13161751c4f3761cf16e31a1e6526e4e2bf4fa4af,0.75,land_pad,0.00021365576890358982,0.7346938775510204,0.2653061224489796
0,0.0,1.0,land_pad__7950.jpg,land_pad,7950,6f43a27d3a12872d5559a038d7129eeb701187c4bfc8fb76cd466b3103a4abba,96ee3b57f5f46a295614aea5e91c21e4feb7206658ffa198dbd3f2cb1260308b,dose_00/images/test/land_pad__7950.jpg,d5e3b53d09cf41e0ee0b3ad7bf322a2a2e9a8b33d9d5ca4d899da00ebf4fe092,dose_00/labels/test/land_pad__7950.txt,96ee3b57f5f46a295614aea5e91c21e4feb7206658ffa198dbd3f2cb1260308b,1052,961,1,d5e3b53d09cf41e0ee0b3ad7bf322a2a2e9a8b33d9d5ca4d899da00ebf4fe092,0.0,land_pad,0.0,0.0,1.0
1,0.15,0.85,land_pad__7950.jpg,land_pad,7950,6f43a27d3a12872d5559a038d7129eeb701187c4bfc8fb76cd466b3103a4abba,96ee3b57f5f46a295614aea5e91c21e4feb7206658ffa198dbd3f2cb1260308b,dose_01/images/test/land_pad__7950.png,e51ee3e9adb6241a9e752964e55a6d47c83f8067500d195aed57919787670bba,dose_01/labels/test/land_pad__7950.txt,96ee3b57f5f46a295614aea5e91c21e4feb7206658ffa198dbd3f2cb1260308b,1052,961,1,d5e3b53d09cf41e0ee0b3ad7bf322a2a2e9a8b33d9d5ca4d899da00ebf4fe092,0.15,land_pad,4.451161852158121e-05,0.15734265734265734,0.8426573426573427
2,0.3,0.7,land_pad__7950.jpg,land_pad,7950,6f43a27d3a12872d5559a038d7129eeb701187c4bfc8fb76cd466b3103a4abba,96ee3b57f5f46a295614aea5e91c21e4feb7206658ffa198dbd3f2cb1260308b,dose_02/images/test/land_pad__7950.png,1b271d5c30f77ea8e3f38b68df6188bc7d8db3488a59697a515e55254ea531c1,dose_02/labels/test/land_pad__7950.txt,96ee3b57f5f46a295614aea5e91c21e4feb7206658ffa198dbd3f2cb1260308b,1052,961,1,d5e3b53d09cf41e0ee0b3ad7bf322a2a2e9a8b33d9d5ca4d899da00ebf4fe092,0.3,land_pad,8.308835457361826e-05,0.2937062937062937,0.7062937062937062
3,0.45,0.55,land_pad__7950.jpg,land_pad,7950,6f43a27d3a12872d5559a038d7129eeb701187c4bfc8fb76cd466b3103a4abba,96ee3b57f5f46a295614aea5e91c21e4feb7206658ffa198dbd3f2cb1260308b,dose_03/images/test/land_pad__7950.png,80f9f7df2bef3fa93da03a3cd5f15aae776f2fb6e92d233dcd58339e7a339fe0,dose_03/labels/test/land_pad__7950.txt,96ee3b57f5f46a295614aea5e91c21e4feb7206658ffa198dbd3f2cb1260308b,1052,961,1,d5e3b53d09cf41e0ee0b3ad7bf322a2a2e9a8b33d9d5ca4d899da00ebf4fe092,0.45,land_pad,0.00013353485556474363,0.47202797202797203,0.527972027972028
4,0.6,0.4,land_pad__7950.jpg,land_pad,7950,6f43a27d3a12872d5559a038d7129eeb701187c4bfc8fb76cd466b3103a4abba,96ee3b57f5f46a295614aea5e91c21e4feb7206658ffa198dbd3f2cb1260308b,dose_04/images/test/land_pad__7950.png,f73c6ba0e9e00b6488b52a911975bbf0b36734ac86ebc0871be9dfce10eba776,dose_04/labels/test/land_pad__7950.txt,96ee3b57f5f46a295614aea5e91c21e4feb7206658ffa198dbd3f2cb1260308b,1052,961,1,d5e3b53d09cf41e0ee0b3ad7bf322a2a2e9a8b33d9d5ca4d899da00ebf4fe092,0.6,land_pad,0.00016815500330375125,0.5944055944055944,0.40559440559440557
5,0.75,0.25,land_pad__7950.jpg,land_pad,7950,6f43a27d3a12872d5559a038d7129eeb701187c4bfc8fb76cd466b3103a4abba,96ee3b57f5f46a295614aea5e91c21e4feb7206658ffa198dbd3f2cb1260308b,dose_05/images/test/land_pad__7950.png,60043aff5fe1a21f80f2f8430507315d40dd2028b291cb409c8348e87eb49f7f,dose_05/labels/test/land_pad__7950.txt,96ee3b57f5f46a295614aea5e91c21e4feb7206658ffa198dbd3f2cb1260308b,1052,961,1,d5e3b53d09cf41e0ee0b3ad7bf322a2a2e9a8b33d9d5ca4d899da00ebf4fe092,0.75,land_pad,0.0002067317393557883,0.7307692307692307,0.2692307692307692
0,0.0,1.0,land_pad__7975.jpg,land_pad,7975,e8626d1f944fd7a5756d63dbd947aa1483d07974138075bfe84aab0266e84659,c2f73ab38e8cd0161363ad8cf51cf00c0c8f6b0926d16e03651932f09dd84cb9,dose_00/images/test/land_pad__7975.jpg,96c2c82c710cebcf582e6a83c4de74a833b54e844f6ed9f38a9e62a4bdc30b29,dose_00/labels/test/land_pad__7975.txt,c2f73ab38e8cd0161363ad8cf51cf00c0c8f6b0926d16e03651932f09dd84cb9,1052,961,1,96c2c82c710cebcf582e6a83c4de74a833b54e844f6ed9f38a9e62a4bdc30b29,0.0,land_pad,0.0,0.0,1.0
1,0.15,0.85,land_pad__7975.jpg,land_pad,7975,e8626d1f944fd7a5756d63dbd947aa1483d07974138075bfe84aab0266e84659,c2f73ab38e8cd0161363ad8cf51cf00c0c8f6b0926d16e03651932f09dd84cb9,dose_01/images/test/land_pad__7975.png,5d6b644b16cc6e1be468d4fd44b559bc2c0d327c0d13850cc170dceb72abfbec,dose_01/labels/test/land_pad__7975.txt,c2f73ab38e8cd0161363ad8cf51cf00c0c8f6b0926d16e03651932f09dd84cb9,1052,961,1,96c2c82c710cebcf582e6a83c4de74a833b54e844f6ed9f38a9e62a4bdc30b29,0.15,land_pad,5.3413942225897455e-05,0.1565217391304348,0.8434782608695652
2,0.3,0.7,land_pad__7975.jpg,land_pad,7975,e8626d1f944fd7a5756d63dbd947aa1483d07974138075bfe84aab0266e84659,c2f73ab38e8cd0161363ad8cf51cf00c0c8f6b0926d16e03651932f09dd84cb9,dose_02/images/test/land_pad__7975.png,78a3781b310f970958db419529f775749e1dd86fab7b1969e751bb522451b0ca,dose_02/labels/test/land_pad__7975.txt,c2f73ab38e8cd0161363ad8cf51cf00c0c8f6b0926d16e03651932f09dd84cb9,1052,961,1,96c2c82c710cebcf582e6a83c4de74a833b54e844f6ed9f38a9e62a4bdc30b29,0.3,land_pad,0.00010287129613876547,0.30144927536231886,0.6985507246376812
3,0.45,0.55,land_pad__7975.jpg,land_pad,7975,e8626d1f944fd7a5756d63dbd947aa1483d07974138075bfe84aab0266e84659,c2f73ab38e8cd0161363ad8cf51cf00c0c8f6b0926d16e03651932f09dd84cb9,dose_03/images/test/land_pad__7975.png,06db457ac1858dbb4026daafed986698b0f686dc52b28956870c362a5ac80468,dose_03/labels/test/land_pad__7975.txt,c2f73ab38e8cd0161363ad8cf51cf00c0c8f6b0926d16e03651932f09dd84cb9,1052,961,1,96c2c82c710cebcf582e6a83c4de74a833b54e844f6ed9f38a9e62a4bdc30b29,0.45,land_pad,0.00014837206173860402,0.43478260869565216,0.5652173913043478
4,0.6,0.4,land_pad__7975.jpg,land_pad,7975,e8626d1f944fd7a5756d63dbd947aa1483d07974138075bfe84aab0266e84659,c2f73ab38e8cd0161363ad8cf51cf00c0c8f6b0926d16e03651932f09dd84cb9,dose_04/images/test/land_pad__7975.png,95bc29b5923aae14ad9c9ff63e5f74c15387017c3d2b913ca29c0cc6af331676,dose_04/labels/test/land_pad__7975.txt,c2f73ab38e8cd0161363ad8cf51cf00c0c8f6b0926d16e03651932f09dd84cb9,1052,961,1,96c2c82c710cebcf582e6a83c4de74a833b54e844f6ed9f38a9e62a4bdc30b29,0.6,land_pad,0.00021365576890358982,0.6260869565217392,0.3739130434782609
5,0.75,0.25,land_pad__7975.jpg,land_pad,7975,e8626d1f944fd7a5756d63dbd947aa1483d07974138075bfe84aab0266e84659,c2f73ab38e8cd0161363ad8cf51cf00c0c8f6b0926d16e03651932f09dd84cb9,dose_05/images/test/land_pad__7975.png,b13e3ee04732c1e9a03d86ed87edc1b2cc31c7f2c13440c75f08c367f1016ff9,dose_05/labels/test/land_pad__7975.txt,c2f73ab38e8cd0161363ad8cf51cf00c0c8f6b0926d16e03651932f09dd84cb9,1052,961,1,96c2c82c710cebcf582e6a83c4de74a833b54e844f6ed9f38a9e62a4bdc30b29,0.75,land_pad,0.00025717824034691365,0.7536231884057971,0.2463768115942029
0,0.0,1.0,land_pad__8000.jpg,land_pad,8000,66679fc30dd94f2048f5efc137a7702f7c6089c684cf75e900f66c9b1abf4563,e4063174117555e4428cce002dc8a98e9bf23e4d6b30c358920afe7a57076316,dose_00/images/test/land_pad__8000.jpg,333cae8b4812d5ba2db9341108f715012cdd3d5a13d34c686d7e06f6a37fbf27,dose_00/labels/test/land_pad__8000.txt,e4063174117555e4428cce002dc8a98e9bf23e4d6b30c358920afe7a57076316,1052,961,1,333cae8b4812d5ba2db9341108f715012cdd3d5a13d34c686d7e06f6a37fbf27,0.0,land_pad,0.0,0.0,1.0
1,0.15,0.85,land_pad__8000.jpg,land_pad,8000,66679fc30dd94f2048f5efc137a7702f7c6089c684cf75e900f66c9b1abf4563,e4063174117555e4428cce002dc8a98e9bf23e4d6b30c358920afe7a57076316,dose_01/images/test/land_pad__8000.png,a54783c5fe146d33e552f811566a5e6b3af23b1a1edddb802758625daa465875,dose_01/labels/test/land_pad__8000.txt,e4063174117555e4428cce002dc8a98e9bf23e4d6b30c358920afe7a57076316,1052,961,1,333cae8b4812d5ba2db9341108f715012cdd3d5a13d34c686d7e06f6a37fbf27,0.15,land_pad,3.956588313029441e-05,0.14285714285714285,0.8571428571428571
2,0.3,0.7,land_pad__8000.jpg,land_pad,8000,66679fc30dd94f2048f5efc137a7702f7c6089c684cf75e900f66c9b1abf4563,e4063174117555e4428cce002dc8a98e9bf23e4d6b30c358920afe7a57076316,dose_02/images/test/land_pad__8000.png,a1862670f39d87073b72f4403abe6e18e225738b9dca355938ea8f13cba43bb2,dose_02/labels/test/land_pad__8000.txt,e4063174117555e4428cce002dc8a98e9bf23e4d6b30c358920afe7a57076316,1052,961,1,333cae8b4812d5ba2db9341108f715012cdd3d5a13d34c686d7e06f6a37fbf27,0.3,land_pad,8.704494288664771e-05,0.3142857142857143,0.6857142857142857
3,0.45,0.55,land_pad__8000.jpg,land_pad,8000,66679fc30dd94f2048f5efc137a7702f7c6089c684cf75e900f66c9b1abf4563,e4063174117555e4428cce002dc8a98e9bf23e4d6b30c358920afe7a57076316,dose_03/images/test/land_pad__8000.png,bc302d3e348ade48a6ff784406b748de60dc3c729900da6a141bdb81fbafde05,dose_03/labels/test/land_pad__8000.txt,e4063174117555e4428cce002dc8a98e9bf23e4d6b30c358920afe7a57076316,1052,961,1,333cae8b4812d5ba2db9341108f715012cdd3d5a13d34c686d7e06f6a37fbf27,0.45,land_pad,0.00011573020815611115,0.41785714285714287,0.5821428571428572
4,0.6,0.4,land_pad__8000.jpg,land_pad,8000,66679fc30dd94f2048f5efc137a7702f7c6089c684cf75e900f66c9b1abf4563,e4063174117555e4428cce002dc8a98e9bf23e4d6b30c358920afe7a57076316,dose_04/images/test/land_pad__8000.png,17d3e5b75e72465255583e4b62b7a56551b9973118c52abaaef1e0619da9a15a,dose_04/labels/test/land_pad__8000.txt,e4063174117555e4428cce002dc8a98e9bf23e4d6b30c358920afe7a57076316,1052,961,1,333cae8b4812d5ba2db9341108f715012cdd3d5a13d34c686d7e06f6a37fbf27,0.6,land_pad,0.00016320926791246445,0.5892857142857143,0.4107142857142857
5,0.75,0.25,land_pad__8000.jpg,land_pad,8000,66679fc30dd94f2048f5efc137a7702f7c6089c684cf75e900f66c9b1abf4563,e4063174117555e4428cce002dc8a98e9bf23e4d6b30c358920afe7a57076316,dose_05/images/test/land_pad__8000.png,c7e5e73116de402d0311e672e6e2fdfaa5a6ebe43bce715b433c00d05d92e2c6,dose_05/labels/test/land_pad__8000.txt,e4063174117555e4428cce002dc8a98e9bf23e4d6b30c358920afe7a57076316,1052,961,1,333cae8b4812d5ba2db9341108f715012cdd3d5a13d34c686d7e06f6a37fbf27,0.75,land_pad,0.0002017860039645015,0.7285714285714285,0.2714285714285714
0,0.0,1.0,land_pad__8025.jpg,land_pad,8025,ce697b9962e97f541b286c777368d3ae2bb4bd2aaa45d6f461b31a22bff8ec0e,861ec79b6bbc53a6b72b304eeb9bf1e9a49f237f867092c802673d061fd65c73,dose_00/images/test/land_pad__8025.jpg,a6d28ac3d520023ba595a7ae967028d0c80dc3f8d23731ad91fd1c3dd7b68c75,dose_00/labels/test/land_pad__8025.txt,861ec79b6bbc53a6b72b304eeb9bf1e9a49f237f867092c802673d061fd65c73,1052,961,1,a6d28ac3d520023ba595a7ae967028d0c80dc3f8d23731ad91fd1c3dd7b68c75,0.0,land_pad,0.0,0.0,1.0
1,0.15,0.85,land_pad__8025.jpg,land_pad,8025,ce697b9962e97f541b286c777368d3ae2bb4bd2aaa45d6f461b31a22bff8ec0e,861ec79b6bbc53a6b72b304eeb9bf1e9a49f237f867092c802673d061fd65c73,dose_01/images/test/land_pad__8025.png,83825093642e25c382e5deac43a5ae77f26202ae43d6f6fd26d15c807399bcb7,dose_01/labels/test/land_pad__8025.txt,861ec79b6bbc53a6b72b304eeb9bf1e9a49f237f867092c802673d061fd65c73,1052,961,1,a6d28ac3d520023ba595a7ae967028d0c80dc3f8d23731ad91fd1c3dd7b68c75,0.15,land_pad,4.154417728680913e-05,0.14736842105263157,0.8526315789473684
2,0.3,0.7,land_pad__8025.jpg,land_pad,8025,ce697b9962e97f541b286c777368d3ae2bb4bd2aaa45d6f461b31a22bff8ec0e,861ec79b6bbc53a6b72b304eeb9bf1e9a49f237f867092c802673d061fd65c73,dose_02/images/test/land_pad__8025.png,8f0882a77103ca2007f39c0134dd3573826bd0c5268345ff48294b0f60c4f43a,dose_02/labels/test/land_pad__8025.txt,861ec79b6bbc53a6b72b304eeb9bf1e9a49f237f867092c802673d061fd65c73,1052,961,1,a6d28ac3d520023ba595a7ae967028d0c80dc3f8d23731ad91fd1c3dd7b68c75,0.3,land_pad,7.913176626058882e-05,0.2807017543859649,0.7192982456140351
3,0.45,0.55,land_pad__8025.jpg,land_pad,8025,ce697b9962e97f541b286c777368d3ae2bb4bd2aaa45d6f461b31a22bff8ec0e,861ec79b6bbc53a6b72b304eeb9bf1e9a49f237f867092c802673d061fd65c73,dose_03/images/test/land_pad__8025.png,31642096b166e07032749f17d2e4056a2e0db4f1f6f65abf8feb92b3427438fb,dose_03/labels/test/land_pad__8025.txt,861ec79b6bbc53a6b72b304eeb9bf1e9a49f237f867092c802673d061fd65c73,1052,961,1,a6d28ac3d520023ba595a7ae967028d0c80dc3f8d23731ad91fd1c3dd7b68c75,0.45,land_pad,0.00012858912017345682,0.45614035087719296,0.543859649122807
4,0.6,0.4,land_pad__8025.jpg,land_pad,8025,ce697b9962e97f541b286c777368d3ae2bb4bd2aaa45d6f461b31a22bff8ec0e,861ec79b6bbc53a6b72b304eeb9bf1e9a49f237f867092c802673d061fd65c73,dose_04/images/test/land_pad__8025.png,875d96bfb79debf16077e6ec711707b21917aea61e4d05f120ff76a5f8ea8497,dose_04/labels/test/land_pad__8025.txt,861ec79b6bbc53a6b72b304eeb9bf1e9a49f237f867092c802673d061fd65c73,1052,961,1,a6d28ac3d520023ba595a7ae967028d0c80dc3f8d23731ad91fd1c3dd7b68c75,0.6,land_pad,0.00017804647408632484,0.631578947368421,0.3684210526315789
5,0.75,0.25,land_pad__8025.jpg,land_pad,8025,ce697b9962e97f541b286c777368d3ae2bb4bd2aaa45d6f461b31a22bff8ec0e,861ec79b6bbc53a6b72b304eeb9bf1e9a49f237f867092c802673d061fd65c73,dose_05/images/test/land_pad__8025.png,cad2f34d12ee930015fa78f8ea9ff08a9c4d6d3be14ca1b18e2d845063c5929b,dose_05/labels/test/land_pad__8025.txt,861ec79b6bbc53a6b72b304eeb9bf1e9a49f237f867092c802673d061fd65c73,1052,961,1,a6d28ac3d520023ba595a7ae967028d0c80dc3f8d23731ad91fd1c3dd7b68c75,0.75,land_pad,0.00020574259227753094,0.7298245614035088,0.27017543859649124
0,0.0,1.0,land_pad__8050.jpg,land_pad,8050,c37ef1ef752a759daf38f8607104e7a02f02d61164deda9c6471260de1f15e50,6381539e7c66c71ef65a8c07ec9845cf2d022203cda45117f9bf1fc341b4a027,dose_00/images/test/land_pad__8050.jpg,6bef3cf71b0887f08ae5dd3507d423cbf67d80940138cc5eb94d5143771d5a62,dose_00/labels/test/land_pad__8050.txt,6381539e7c66c71ef65a8c07ec9845cf2d022203cda45117f9bf1fc341b4a027,1052,961,1,6bef3cf71b0887f08ae5dd3507d423cbf67d80940138cc5eb94d5143771d5a62,0.0,land_pad,0.0,0.0,1.0
1,0.15,0.85,land_pad__8050.jpg,land_pad,8050,c37ef1ef752a759daf38f8607104e7a02f02d61164deda9c6471260de1f15e50,6381539e7c66c71ef65a8c07ec9845cf2d022203cda45117f9bf1fc341b4a027,dose_01/images/test/land_pad__8050.png,dfb9f8c0442e1bfbea3cf20d46f77f90879b6f02f8572498cb8b235cee6e8adb,dose_01/labels/test/land_pad__8050.txt,6381539e7c66c71ef65a8c07ec9845cf2d022203cda45117f9bf1fc341b4a027,1052,961,1,6bef3cf71b0887f08ae5dd3507d423cbf67d80940138cc5eb94d5143771d5a62,0.15,land_pad,4.747905975635329e-05,0.16,0.84
2,0.3,0.7,land_pad__8050.jpg,land_pad,8050,c37ef1ef752a759daf38f8607104e7a02f02d61164deda9c6471260de1f15e50,6381539e7c66c71ef65a8c07ec9845cf2d022203cda45117f9bf1fc341b4a027,dose_02/images/test/land_pad__8050.png,09ad9961475001ad611ac7c498de162564d77fe1bff72d14f5b89d31d60394cd,dose_02/labels/test/land_pad__8050.txt,6381539e7c66c71ef65a8c07ec9845cf2d022203cda45117f9bf1fc341b4a027,1052,961,1,6bef3cf71b0887f08ae5dd3507d423cbf67d80940138cc5eb94d5143771d5a62,0.3,land_pad,8.704494288664771e-05,0.29333333333333333,0.7066666666666667
3,0.45,0.55,land_pad__8050.jpg,land_pad,8050,c37ef1ef752a759daf38f8607104e7a02f02d61164deda9c6471260de1f15e50,6381539e7c66c71ef65a8c07ec9845cf2d022203cda45117f9bf1fc341b4a027,dose_03/images/test/land_pad__8050.png,15174f80145722d96dfa1b997c3fc0eb33728c89e3e1a6d73d2a62c98d50bade,dose_03/labels/test/land_pad__8050.txt,6381539e7c66c71ef65a8c07ec9845cf2d022203cda45117f9bf1fc341b4a027,1052,961,1,6bef3cf71b0887f08ae5dd3507d423cbf67d80940138cc5eb94d5143771d5a62,0.45,land_pad,0.00012858912017345682,0.43333333333333335,0.5666666666666667
4,0.6,0.4,land_pad__8050.jpg,land_pad,8050,c37ef1ef752a759daf38f8607104e7a02f02d61164deda9c6471260de1f15e50,6381539e7c66c71ef65a8c07ec9845cf2d022203cda45117f9bf1fc341b4a027,dose_04/images/test/land_pad__8050.png,d63e2cebee4a90dc6a02ff5a3de05ac5bffe3d3f794f610d5279d0226b650438,dose_04/labels/test/land_pad__8050.txt,6381539e7c66c71ef65a8c07ec9845cf2d022203cda45117f9bf1fc341b4a027,1052,961,1,6bef3cf71b0887f08ae5dd3507d423cbf67d80940138cc5eb94d5143771d5a62,0.6,land_pad,0.00017804647408632484,0.6,0.4
5,0.75,0.25,land_pad__8050.jpg,land_pad,8050,c37ef1ef752a759daf38f8607104e7a02f02d61164deda9c6471260de1f15e50,6381539e7c66c71ef65a8c07ec9845cf2d022203cda45117f9bf1fc341b4a027,dose_05/images/test/land_pad__8050.png,aa172430372139681eed0c3739cdc1704bc8f4f7cdbcd8719878d584542a5cc1,dose_05/labels/test/land_pad__8050.txt,6381539e7c66c71ef65a8c07ec9845cf2d022203cda45117f9bf1fc341b4a027,1052,961,1,6bef3cf71b0887f08ae5dd3507d423cbf67d80940138cc5eb94d5143771d5a62,0.75,land_pad,0.00021860150429487663,0.7366666666666667,0.2633333333333333
0,0.0,1.0,land_pad__8075.jpg,land_pad,8075,ac20eff3c9735c895af0fa2c3b6076c225f8cbf81c71ebc8839edfd0c8c612c1,46b1724f5962af05fd7c22a9b4fef5f4487a39c8e17be08b99f48331ad03fe3c,dose_00/images/test/land_pad__8075.jpg,4753e0f9ccb1808bbbbc98d56981f456c58b853500e85805b43e5dedaf43e948,dose_00/labels/test/land_pad__8075.txt,46b1724f5962af05fd7c22a9b4fef5f4487a39c8e17be08b99f48331ad03fe3c,1052,961,1,4753e0f9ccb1808bbbbc98d56981f456c58b853500e85805b43e5dedaf43e948,0.0,land_pad,0.0,0.0,1.0
1,0.15,0.85,land_pad__8075.jpg,land_pad,8075,ac20eff3c9735c895af0fa2c3b6076c225f8cbf81c71ebc8839edfd0c8c612c1,46b1724f5962af05fd7c22a9b4fef5f4487a39c8e17be08b99f48331ad03fe3c,dose_01/images/test/land_pad__8075.png,f805cbd6d9405ec6d94ebbda4e4c51d73e0cebb01f7176c5a8cdfc22bd59d5d9,dose_01/labels/test/land_pad__8075.txt,46b1724f5962af05fd7c22a9b4fef5f4487a39c8e17be08b99f48331ad03fe3c,1052,961,1,4753e0f9ccb1808bbbbc98d56981f456c58b853500e85805b43e5dedaf43e948,0.15,land_pad,4.451161852158121e-05,0.1461038961038961,0.8538961038961039
2,0.3,0.7,land_pad__8075.jpg,land_pad,8075,ac20eff3c9735c895af0fa2c3b6076c225f8cbf81c71ebc8839edfd0c8c612c1,46b1724f5962af05fd7c22a9b4fef5f4487a39c8e17be08b99f48331ad03fe3c,dose_02/images/test/land_pad__8075.png,00d5b476c4d13fd069dc664348c7f9b7a6c7adc583369e4e138db8bc3ac33a83,dose_02/labels/test/land_pad__8075.txt,46b1724f5962af05fd7c22a9b4fef5f4487a39c8e17be08b99f48331ad03fe3c,1052,961,1,4753e0f9ccb1808bbbbc98d56981f456c58b853500e85805b43e5dedaf43e948,0.3,land_pad,9.495811951270658e-05,0.3116883116883117,0.6883116883116883
3,0.45,0.55,land_pad__8075.jpg,land_pad,8075,ac20eff3c9735c895af0fa2c3b6076c225f8cbf81c71ebc8839edfd0c8c612c1,46b1724f5962af05fd7c22a9b4fef5f4487a39c8e17be08b99f48331ad03fe3c,dose_03/images/test/land_pad__8075.png,3d7a265c4c6c7da512d5ab55ef90bdfbf69a9d015eec098663d295b4ac5547ee,dose_03/labels/test/land_pad__8075.txt,46b1724f5962af05fd7c22a9b4fef5f4487a39c8e17be08b99f48331ad03fe3c,1052,961,1,4753e0f9ccb1808bbbbc98d56981f456c58b853500e85805b43e5dedaf43e948,0.45,land_pad,0.00013353485556474363,0.4383116883116883,0.5616883116883117
4,0.6,0.4,land_pad__8075.jpg,land_pad,8075,ac20eff3c9735c895af0fa2c3b6076c225f8cbf81c71ebc8839edfd0c8c612c1,46b1724f5962af05fd7c22a9b4fef5f4487a39c8e17be08b99f48331ad03fe3c,dose_04/images/test/land_pad__8075.png,91c37deaeb5a21300456cf2ababf65a1fad1505b039342dc39e3d3620b08da8f,dose_04/labels/test/land_pad__8075.txt,46b1724f5962af05fd7c22a9b4fef5f4487a39c8e17be08b99f48331ad03fe3c,1052,961,1,4753e0f9ccb1808bbbbc98d56981f456c58b853500e85805b43e5dedaf43e948,0.6,land_pad,0.00018497050363412636,0.6071428571428571,0.39285714285714285
5,0.75,0.25,land_pad__8075.jpg,land_pad,8075,ac20eff3c9735c895af0fa2c3b6076c225f8cbf81c71ebc8839edfd0c8c612c1,46b1724f5962af05fd7c22a9b4fef5f4487a39c8e17be08b99f48331ad03fe3c,dose_05/images/test/land_pad__8075.png,d66414c0604692606faef58ad5da091be7f1e976c19865baa1c2ed2f25e9759e,dose_05/labels/test/land_pad__8075.txt,46b1724f5962af05fd7c22a9b4fef5f4487a39c8e17be08b99f48331ad03fe3c,1052,961,1,4753e0f9ccb1808bbbbc98d56981f456c58b853500e85805b43e5dedaf43e948,0.75,land_pad,0.00022552553384267815,0.7402597402597403,0.2597402597402597
0,0.0,1.0,land_pad__8100.jpg,land_pad,8100,9b37a47163f82daf97a952b68520c5630804f518e472441b3a97d95ca4e176e3,d5c2b4b7723d1d633c7ae3c00ac74ed274d44f71c1387b0dd2b60ebf29940a0b,dose_00/images/test/land_pad__8100.jpg,9a82c77036f26a7bb1f91571dd9098bbd42a7d42228fa0715fe3aa84f4753142,dose_00/labels/test/land_pad__8100.txt,d5c2b4b7723d1d633c7ae3c00ac74ed274d44f71c1387b0dd2b60ebf29940a0b,1052,961,1,9a82c77036f26a7bb1f91571dd9098bbd42a7d42228fa0715fe3aa84f4753142,0.0,land_pad,0.0,0.0,1.0
1,0.15,0.85,land_pad__8100.jpg,land_pad,8100,9b37a47163f82daf97a952b68520c5630804f518e472441b3a97d95ca4e176e3,d5c2b4b7723d1d633c7ae3c00ac74ed274d44f71c1387b0dd2b60ebf29940a0b,dose_01/images/test/land_pad__8100.png,b00d55ee0579abc96a898703ae965cad4980924893ae011c4040dae14130954e,dose_01/labels/test/land_pad__8100.txt,d5c2b4b7723d1d633c7ae3c00ac74ed274d44f71c1387b0dd2b60ebf29940a0b,1052,961,1,9a82c77036f26a7bb1f91571dd9098bbd42a7d42228fa0715fe3aa84f4753142,0.15,land_pad,4.154417728680913e-05,0.14736842105263157,0.8526315789473684
2,0.3,0.7,land_pad__8100.jpg,land_pad,8100,9b37a47163f82daf97a952b68520c5630804f518e472441b3a97d95ca4e176e3,d5c2b4b7723d1d633c7ae3c00ac74ed274d44f71c1387b0dd2b60ebf29940a0b,dose_02/images/test/land_pad__8100.png,395f42a605871e980c0f8b2ddb14fb191bfc6b9adbde530fe7611d673c65a04b,dose_02/labels/test/land_pad__8100.txt,d5c2b4b7723d1d633c7ae3c00ac74ed274d44f71c1387b0dd2b60ebf29940a0b,1052,961,1,9a82c77036f26a7bb1f91571dd9098bbd42a7d42228fa0715fe3aa84f4753142,0.3,land_pad,7.913176626058882e-05,0.2807017543859649,0.7192982456140351
3,0.45,0.55,land_pad__8100.jpg,land_pad,8100,9b37a47163f82daf97a952b68520c5630804f518e472441b3a97d95ca4e176e3,d5c2b4b7723d1d633c7ae3c00ac74ed274d44f71c1387b0dd2b60ebf29940a0b,dose_03/images/test/land_pad__8100.png,9fd1d6d141278c97862c7ce597bc00461887ea1e6362c5b281ea39cf416d85bc,dose_03/labels/test/land_pad__8100.txt,d5c2b4b7723d1d633c7ae3c00ac74ed274d44f71c1387b0dd2b60ebf29940a0b,1052,961,1,9a82c77036f26a7bb1f91571dd9098bbd42a7d42228fa0715fe3aa84f4753142,0.45,land_pad,0.00012858912017345682,0.45614035087719296,0.543859649122807
4,0.6,0.4,land_pad__8100.jpg,land_pad,8100,9b37a47163f82daf97a952b68520c5630804f518e472441b3a97d95ca4e176e3,d5c2b4b7723d1d633c7ae3c00ac74ed274d44f71c1387b0dd2b60ebf29940a0b,dose_04/images/test/land_pad__8100.png,8dac06b82287eb1a40e2936d66ef0185c77e63b4656174fbe802a89280a2dc8f,dose_04/labels/test/land_pad__8100.txt,d5c2b4b7723d1d633c7ae3c00ac74ed274d44f71c1387b0dd2b60ebf29940a0b,1052,961,1,9a82c77036f26a7bb1f91571dd9098bbd42a7d42228fa0715fe3aa84f4753142,0.6,land_pad,0.00017804647408632484,0.631578947368421,0.3684210526315789
5,0.75,0.25,land_pad__8100.jpg,land_pad,8100,9b37a47163f82daf97a952b68520c5630804f518e472441b3a97d95ca4e176e3,d5c2b4b7723d1d633c7ae3c00ac74ed274d44f71c1387b0dd2b60ebf29940a0b,dose_05/images/test/land_pad__8100.png,0b783dbe4291ff327b60205b0efe5c30eb9823e6b8be94ae05bfceada1d5a375,dose_05/labels/test/land_pad__8100.txt,d5c2b4b7723d1d633c7ae3c00ac74ed274d44f71c1387b0dd2b60ebf29940a0b,1052,961,1,9a82c77036f26a7bb1f91571dd9098bbd42a7d42228fa0715fe3aa84f4753142,0.75,land_pad,0.00020574259227753094,0.7298245614035088,0.27017543859649124
0,0.0,1.0,land_pad__8125.jpg,land_pad,8125,ce0594716803733c6c0924748dc520cbb0ac7f077476bdcd839f1c1adf5ceeba,27beb29c2af8b4a70484de5a0bc24ae5bbe85f60ae1ccb0630f183fa792b80f5,dose_00/images/test/land_pad__8125.jpg,e814e68dcca1397b6e9d75340320025db7a74f4bb3218051837426965f799a6c,dose_00/labels/test/land_pad__8125.txt,27beb29c2af8b4a70484de5a0bc24ae5bbe85f60ae1ccb0630f183fa792b80f5,1052,961,1,e814e68dcca1397b6e9d75340320025db7a74f4bb3218051837426965f799a6c,0.0,land_pad,0.0,0.0,1.0
1,0.15,0.85,land_pad__8125.jpg,land_pad,8125,ce0594716803733c6c0924748dc520cbb0ac7f077476bdcd839f1c1adf5ceeba,27beb29c2af8b4a70484de5a0bc24ae5bbe85f60ae1ccb0630f183fa792b80f5,dose_01/images/test/land_pad__8125.png,3480168b666f2286690db8c6c8ae794f4469357c09af011b139307cfbf4ded33,dose_01/labels/test/land_pad__8125.txt,27beb29c2af8b4a70484de5a0bc24ae5bbe85f60ae1ccb0630f183fa792b80f5,1052,961,1,e814e68dcca1397b6e9d75340320025db7a74f4bb3218051837426965f799a6c,0.15,land_pad,3.956588313029441e-05,0.1360544217687075,0.8639455782312925
2,0.3,0.7,land_pad__8125.jpg,land_pad,8125,ce0594716803733c6c0924748dc520cbb0ac7f077476bdcd839f1c1adf5ceeba,27beb29c2af8b4a70484de5a0bc24ae5bbe85f60ae1ccb0630f183fa792b80f5,dose_02/images/test/land_pad__8125.png,6fed64da155868cae134ae38350e217a8eda0506b0d73f2355ec699184505b6b,dose_02/labels/test/land_pad__8125.txt,27beb29c2af8b4a70484de5a0bc24ae5bbe85f60ae1ccb0630f183fa792b80f5,1052,961,1,e814e68dcca1397b6e9d75340320025db7a74f4bb3218051837426965f799a6c,0.3,land_pad,9.495811951270658e-05,0.32653061224489793,0.673469387755102
3,0.45,0.55,land_pad__8125.jpg,land_pad,8125,ce0594716803733c6c0924748dc520cbb0ac7f077476bdcd839f1c1adf5ceeba,27beb29c2af8b4a70484de5a0bc24ae5bbe85f60ae1ccb0630f183fa792b80f5,dose_03/images/test/land_pad__8125.png,475dbbd9cc2028128ea5ab87d7801c9e6c67a32285e2c4ce1fcb62ff642b2af7,dose_03/labels/test/land_pad__8125.txt,27beb29c2af8b4a70484de5a0bc24ae5bbe85f60ae1ccb0630f183fa792b80f5,1052,961,1,e814e68dcca1397b6e9d75340320025db7a74f4bb3218051837426965f799a6c,0.45,land_pad,0.0001246325318604274,0.42857142857142855,0.5714285714285714
4,0.6,0.4,land_pad__8125.jpg,land_pad,8125,ce0594716803733c6c0924748dc520cbb0ac7f077476bdcd839f1c1adf5ceeba,27beb29c2af8b4a70484de5a0bc24ae5bbe85f60ae1ccb0630f183fa792b80f5,dose_04/images/test/land_pad__8125.png,3346c16deb597defcea317e17e0452b8a39ad20e5fc6bd5b52dec0a24665f77f,dose_04/labels/test/land_pad__8125.txt,27beb29c2af8b4a70484de5a0bc24ae5bbe85f60ae1ccb0630f183fa792b80f5,1052,961,1,e814e68dcca1397b6e9d75340320025db7a74f4bb3218051837426965f799a6c,0.6,land_pad,0.00017408988577329542,0.5986394557823129,0.4013605442176871
5,0.75,0.25,land_pad__8125.jpg,land_pad,8125,ce0594716803733c6c0924748dc520cbb0ac7f077476bdcd839f1c1adf5ceeba,27beb29c2af8b4a70484de5a0bc24ae5bbe85f60ae1ccb0630f183fa792b80f5,dose_05/images/test/land_pad__8125.png,094e9860903de6505119105f211954b0a54f0eedd11a2818b7fedc3ccef93e6c,dose_05/labels/test/land_pad__8125.txt,27beb29c2af8b4a70484de5a0bc24ae5bbe85f60ae1ccb0630f183fa792b80f5,1052,961,1,e814e68dcca1397b6e9d75340320025db7a74f4bb3218051837426965f799a6c,0.75,land_pad,0.00021365576890358982,0.7346938775510204,0.2653061224489796
0,0.0,1.0,land_pad__8150.jpg,land_pad,8150,c24f0948162d273fbc880877e87729e2fed91d1a9fc33a907d33471162f8a3d1,f87d536456b0afe650f6a108d8c488589e2376836039e0be750998cd01c113d7,dose_00/images/test/land_pad__8150.jpg,e4b6698b7d33f9cb1fe76f45503d47510eced7cbb41b8f23a15ab999f49baa94,dose_00/labels/test/land_pad__8150.txt,f87d536456b0afe650f6a108d8c488589e2376836039e0be750998cd01c113d7,1052,961,1,e4b6698b7d33f9cb1fe76f45503d47510eced7cbb41b8f23a15ab999f49baa94,0.0,land_pad,0.0,0.0,1.0
1,0.15,0.85,land_pad__8150.jpg,land_pad,8150,c24f0948162d273fbc880877e87729e2fed91d1a9fc33a907d33471162f8a3d1,f87d536456b0afe650f6a108d8c488589e2376836039e0be750998cd01c113d7,dose_01/images/test/land_pad__8150.png,1ba7b3e0209e651c268e103764abade68ebf2d7e37b55968a6d836157adc90de,dose_01/labels/test/land_pad__8150.txt,f87d536456b0afe650f6a108d8c488589e2376836039e0be750998cd01c113d7,1052,961,1,e4b6698b7d33f9cb1fe76f45503d47510eced7cbb41b8f23a15ab999f49baa94,0.15,land_pad,3.956588313029441e-05,0.14285714285714285,0.8571428571428571
2,0.3,0.7,land_pad__8150.jpg,land_pad,8150,c24f0948162d273fbc880877e87729e2fed91d1a9fc33a907d33471162f8a3d1,f87d536456b0afe650f6a108d8c488589e2376836039e0be750998cd01c113d7,dose_02/images/test/land_pad__8150.png,44ac732e9ceed48e4bdd54b9ea7515aa61dcd42fbf0418271bdbc869f4123ea9,dose_02/labels/test/land_pad__8150.txt,f87d536456b0afe650f6a108d8c488589e2376836039e0be750998cd01c113d7,1052,961,1,e4b6698b7d33f9cb1fe76f45503d47510eced7cbb41b8f23a15ab999f49baa94,0.3,land_pad,8.704494288664771e-05,0.3142857142857143,0.6857142857142857
3,0.45,0.55,land_pad__8150.jpg,land_pad,8150,c24f0948162d273fbc880877e87729e2fed91d1a9fc33a907d33471162f8a3d1,f87d536456b0afe650f6a108d8c488589e2376836039e0be750998cd01c113d7,dose_03/images/test/land_pad__8150.png,d783505d906504c681dc982b960e2d0c158e0ec1e0bb3b6e4e8e21262e72823d,dose_03/labels/test/land_pad__8150.txt,f87d536456b0afe650f6a108d8c488589e2376836039e0be750998cd01c113d7,1052,961,1,e4b6698b7d33f9cb1fe76f45503d47510eced7cbb41b8f23a15ab999f49baa94,0.45,land_pad,0.00011573020815611115,0.41785714285714287,0.5821428571428572
4,0.6,0.4,land_pad__8150.jpg,land_pad,8150,c24f0948162d273fbc880877e87729e2fed91d1a9fc33a907d33471162f8a3d1,f87d536456b0afe650f6a108d8c488589e2376836039e0be750998cd01c113d7,dose_04/images/test/land_pad__8150.png,178a760e5713d530f163406c679cfb671d957391dc49c12009cfbe9140d2f9e1,dose_04/labels/test/land_pad__8150.txt,f87d536456b0afe650f6a108d8c488589e2376836039e0be750998cd01c113d7,1052,961,1,e4b6698b7d33f9cb1fe76f45503d47510eced7cbb41b8f23a15ab999f49baa94,0.6,land_pad,0.00016320926791246445,0.5892857142857143,0.4107142857142857
5,0.75,0.25,land_pad__8150.jpg,land_pad,8150,c24f0948162d273fbc880877e87729e2fed91d1a9fc33a907d33471162f8a3d1,f87d536456b0afe650f6a108d8c488589e2376836039e0be750998cd01c113d7,dose_05/images/test/land_pad__8150.png,ea9dd552799cd5ad1d134d69e39211d28e1d9f0457cf5e854f1453afb6660c46,dose_05/labels/test/land_pad__8150.txt,f87d536456b0afe650f6a108d8c488589e2376836039e0be750998cd01c113d7,1052,961,1,e4b6698b7d33f9cb1fe76f45503d47510eced7cbb41b8f23a15ab999f49baa94,0.75,land_pad,0.0002017860039645015,0.7285714285714285,0.2714285714285714
0,0.0,1.0,land_pad__8175.jpg,land_pad,8175,ceff0e4de811db1aa9d8e4cd0ddabbdb07c0915f5a1072032c18c98a3ff88758,8e3f21d654597bf9573cc454e5ae15597d0465ac6b36c26faa707ba8a55b2a87,dose_00/images/test/land_pad__8175.jpg,5fce143f143be0bbcc71eb500be4f800ca90c45720e119dd6c10bf20bccc6b56,dose_00/labels/test/land_pad__8175.txt,8e3f21d654597bf9573cc454e5ae15597d0465ac6b36c26faa707ba8a55b2a87,1052,961,1,5fce143f143be0bbcc71eb500be4f800ca90c45720e119dd6c10bf20bccc6b56,0.0,land_pad,0.0,0.0,1.0
1,0.15,0.85,land_pad__8175.jpg,land_pad,8175,ceff0e4de811db1aa9d8e4cd0ddabbdb07c0915f5a1072032c18c98a3ff88758,8e3f21d654597bf9573cc454e5ae15597d0465ac6b36c26faa707ba8a55b2a87,dose_01/images/test/land_pad__8175.png,182663a2c2f80b5c7ed7b8fe16e2e3b36ff5a8a85f2038a6bce8e085f9d7617e,dose_01/labels/test/land_pad__8175.txt,8e3f21d654597bf9573cc454e5ae15597d0465ac6b36c26faa707ba8a55b2a87,1052,961,1,5fce143f143be0bbcc71eb500be4f800ca90c45720e119dd6c10bf20bccc6b56,0.15,land_pad,3.462014773900761e-05,0.14957264957264957,0.8504273504273504
2,0.3,0.7,land_pad__8175.jpg,land_pad,8175,ceff0e4de811db1aa9d8e4cd0ddabbdb07c0915f5a1072032c18c98a3ff88758,8e3f21d654597bf9573cc454e5ae15597d0465ac6b36c26faa707ba8a55b2a87,dose_02/images/test/land_pad__8175.png,986fd4c64d0cb9f0e8a5b668aa3dfcd7ca2fcbb81162beb22cce97ca1474072d,dose_02/labels/test/land_pad__8175.txt,8e3f21d654597bf9573cc454e5ae15597d0465ac6b36c26faa707ba8a55b2a87,1052,961,1,5fce143f143be0bbcc71eb500be4f800ca90c45720e119dd6c10bf20bccc6b56,0.3,land_pad,6.924029547801522e-05,0.29914529914529914,0.7008547008547008
3,0.45,0.55,land_pad__8175.jpg,land_pad,8175,ceff0e4de811db1aa9d8e4cd0ddabbdb07c0915f5a1072032c18c98a3ff88758,8e3f21d654597bf9573cc454e5ae15597d0465ac6b36c26faa707ba8a55b2a87,dose_03/images/test/land_pad__8175.png,870b4e1c9b03938614854c02f2ea462f5dd02f2bd118ea5c3fa1893ed47ef56d,dose_03/labels/test/land_pad__8175.txt,8e3f21d654597bf9573cc454e5ae15597d0465ac6b36c26faa707ba8a55b2a87,1052,961,1,5fce143f143be0bbcc71eb500be4f800ca90c45720e119dd6c10bf20bccc6b56,0.45,land_pad,0.00010682788445179491,0.46153846153846156,0.5384615384615384
4,0.6,0.4,land_pad__8175.jpg,land_pad,8175,ceff0e4de811db1aa9d8e4cd0ddabbdb07c0915f5a1072032c18c98a3ff88758,8e3f21d654597bf9573cc454e5ae15597d0465ac6b36c26faa707ba8a55b2a87,dose_04/images/test/land_pad__8175.png,9e9af89c7964460e1c2f0f499e4af00cae3a69713e0749e603adfad8bbb4ac45,dose_04/labels/test/land_pad__8175.txt,8e3f21d654597bf9573cc454e5ae15597d0465ac6b36c26faa707ba8a55b2a87,1052,961,1,5fce143f143be0bbcc71eb500be4f800ca90c45720e119dd6c10bf20bccc6b56,0.6,land_pad,0.00013848059095603044,0.5982905982905983,0.4017094017094017
5,0.75,0.25,land_pad__8175.jpg,land_pad,8175,ceff0e4de811db1aa9d8e4cd0ddabbdb07c0915f5a1072032c18c98a3ff88758,8e3f21d654597bf9573cc454e5ae15597d0465ac6b36c26faa707ba8a55b2a87,dose_05/images/test/land_pad__8175.png,f337c9229e55f4b050931f1722269a56a739e533d6e1e0f49a6b04ed770fdea9,dose_05/labels/test/land_pad__8175.txt,8e3f21d654597bf9573cc454e5ae15597d0465ac6b36c26faa707ba8a55b2a87,1052,961,1,5fce143f143be0bbcc71eb500be4f800ca90c45720e119dd6c10bf20bccc6b56,0.75,land_pad,0.00017408988577329542,0.7521367521367521,0.24786324786324787
0,0.0,1.0,land_pad__8200.jpg,land_pad,8200,7d3a654f59540ff1ea8ddc6e3cef983dbe8c465c9bdfe986edd623a60cfd0de2,7d278bcae45692204724bf60164ca0d1a1e911ce88929e6191f092853b6b1b07,dose_00/images/test/land_pad__8200.jpg,92cb986433c352921d6f3282f39407ce978b775758f6c9cce2f9a23a3b3d7505,dose_00/labels/test/land_pad__8200.txt,7d278bcae45692204724bf60164ca0d1a1e911ce88929e6191f092853b6b1b07,1052,961,1,92cb986433c352921d6f3282f39407ce978b775758f6c9cce2f9a23a3b3d7505,0.0,land_pad,0.0,0.0,1.0
1,0.15,0.85,land_pad__8200.jpg,land_pad,8200,7d3a654f59540ff1ea8ddc6e3cef983dbe8c465c9bdfe986edd623a60cfd0de2,7d278bcae45692204724bf60164ca0d1a1e911ce88929e6191f092853b6b1b07,dose_01/images/test/land_pad__8200.png,0918e1ea309ab5f1a00aef71685061d5d96a8c7857fdd958f17165d64297e521,dose_01/labels/test/land_pad__8200.txt,7d278bcae45692204724bf60164ca0d1a1e911ce88929e6191f092853b6b1b07,1052,961,1,92cb986433c352921d6f3282f39407ce978b775758f6c9cce2f9a23a3b3d7505,0.15,land_pad,2.967441234772081e-05,0.14423076923076922,0.8557692307692307
2,0.3,0.7,land_pad__8200.jpg,land_pad,8200,7d3a654f59540ff1ea8ddc6e3cef983dbe8c465c9bdfe986edd623a60cfd0de2,7d278bcae45692204724bf60164ca0d1a1e911ce88929e6191f092853b6b1b07,dose_02/images/test/land_pad__8200.png,bb4d1b72905410f8ae1016049a56dd97a586927a136f4115f7fa84034128fe5d,dose_02/labels/test/land_pad__8200.txt,7d278bcae45692204724bf60164ca0d1a1e911ce88929e6191f092853b6b1b07,1052,961,1,92cb986433c352921d6f3282f39407ce978b775758f6c9cce2f9a23a3b3d7505,0.3,land_pad,6.23162659302137e-05,0.30288461538461536,0.6971153846153846
3,0.45,0.55,land_pad__8200.jpg,land_pad,8200,7d3a654f59540ff1ea8ddc6e3cef983dbe8c465c9bdfe986edd623a60cfd0de2,7d278bcae45692204724bf60164ca0d1a1e911ce88929e6191f092853b6b1b07,dose_03/images/test/land_pad__8200.png,3cb6ee252559b0d2918fb79cea344d312b8eebc13c6f160d731c962c58b6b189,dose_03/labels/test/land_pad__8200.txt,7d278bcae45692204724bf60164ca0d1a1e911ce88929e6191f092853b6b1b07,1052,961,1,92cb986433c352921d6f3282f39407ce978b775758f6c9cce2f9a23a3b3d7505,0.45,land_pad,9.792556074747866e-05,0.47596153846153844,0.5240384615384616
4,0.6,0.4,land_pad__8200.jpg,land_pad,8200,7d3a654f59540ff1ea8ddc6e3cef983dbe8c465c9bdfe986edd623a60cfd0de2,7d278bcae45692204724bf60164ca0d1a1e911ce88929e6191f092853b6b1b07,dose_04/images/test/land_pad__8200.png,7574b367f9e8c02df1db7de80adeec9f05d98934a3708e45d774e139268970dc,dose_04/labels/test/land_pad__8200.txt,7d278bcae45692204724bf60164ca0d1a1e911ce88929e6191f092853b6b1b07,1052,961,1,92cb986433c352921d6f3282f39407ce978b775758f6c9cce2f9a23a3b3d7505,0.6,land_pad,0.00011869764939088324,0.5769230769230769,0.4230769230769231
5,0.75,0.25,land_pad__8200.jpg,land_pad,8200,7d3a654f59540ff1ea8ddc6e3cef983dbe8c465c9bdfe986edd623a60cfd0de2,7d278bcae45692204724bf60164ca0d1a1e911ce88929e6191f092853b6b1b07,dose_05/images/test/land_pad__8200.png,2b5e542af37aef47d2682a8444e17585d33eeb73919123bd05783b49a16327ac,dose_05/labels/test/land_pad__8200.txt,7d278bcae45692204724bf60164ca0d1a1e911ce88929e6191f092853b6b1b07,1052,961,1,92cb986433c352921d6f3282f39407ce978b775758f6c9cce2f9a23a3b3d7505,0.75,land_pad,0.00015232865005163348,0.7403846153846154,0.25961538461538464
0,0.0,1.0,land_pad__8225.jpg,land_pad,8225,a4b3683afcaba473b082d1e1af02d81daf0a6539125b0bcef2cb1969addd2936,7c7e2e2e273f9d87235a36c1bbf1d200b48c90860ddd407a67f445571f0ad3d0,dose_00/images/test/land_pad__8225.jpg,5c78f498900671ff3b1054577e2aa652da1c44ea75663ffe4b88872c177f9167,dose_00/labels/test/land_pad__8225.txt,7c7e2e2e273f9d87235a36c1bbf1d200b48c90860ddd407a67f445571f0ad3d0,1052,961,1,5c78f498900671ff3b1054577e2aa652da1c44ea75663ffe4b88872c177f9167,0.0,land_pad,0.0,0.0,1.0
1,0.15,0.85,land_pad__8225.jpg,land_pad,8225,a4b3683afcaba473b082d1e1af02d81daf0a6539125b0bcef2cb1969addd2936,7c7e2e2e273f9d87235a36c1bbf1d200b48c90860ddd407a67f445571f0ad3d0,dose_01/images/test/land_pad__8225.png,0b291b1163f4dba7d130262036779150ba84d2188fee963601c01d845b1c55e5,dose_01/labels/test/land_pad__8225.txt,7c7e2e2e273f9d87235a36c1bbf1d200b48c90860ddd407a67f445571f0ad3d0,1052,961,1,5c78f498900671ff3b1054577e2aa652da1c44ea75663ffe4b88872c177f9167,0.15,land_pad,3.462014773900761e-05,0.14957264957264957,0.8504273504273504
2,0.3,0.7,land_pad__8225.jpg,land_pad,8225,a4b3683afcaba473b082d1e1af02d81daf0a6539125b0bcef2cb1969addd2936,7c7e2e2e273f9d87235a36c1bbf1d200b48c90860ddd407a67f445571f0ad3d0,dose_02/images/test/land_pad__8225.png,969257fc93ac495e551d048aa601d02fd5246b2361d8eda894b9e6701b2e8c28,dose_02/labels/test/land_pad__8225.txt,7c7e2e2e273f9d87235a36c1bbf1d200b48c90860ddd407a67f445571f0ad3d0,1052,961,1,5c78f498900671ff3b1054577e2aa652da1c44ea75663ffe4b88872c177f9167,0.3,land_pad,6.924029547801522e-05,0.29914529914529914,0.7008547008547008
3,0.45,0.55,land_pad__8225.jpg,land_pad,8225,a4b3683afcaba473b082d1e1af02d81daf0a6539125b0bcef2cb1969addd2936,7c7e2e2e273f9d87235a36c1bbf1d200b48c90860ddd407a67f445571f0ad3d0,dose_03/images/test/land_pad__8225.png,cd597c9661011598acd19f8ddb29846dcd44af6e3055efe5eb8a452e70799c7d,dose_03/labels/test/land_pad__8225.txt,7c7e2e2e273f9d87235a36c1bbf1d200b48c90860ddd407a67f445571f0ad3d0,1052,961,1,5c78f498900671ff3b1054577e2aa652da1c44ea75663ffe4b88872c177f9167,0.45,land_pad,0.00010682788445179491,0.46153846153846156,0.5384615384615384
4,0.6,0.4,land_pad__8225.jpg,land_pad,8225,a4b3683afcaba473b082d1e1af02d81daf0a6539125b0bcef2cb1969addd2936,7c7e2e2e273f9d87235a36c1bbf1d200b48c90860ddd407a67f445571f0ad3d0,dose_04/images/test/land_pad__8225.png,f69e14033f95934ad2a9799d3ca5347af82936558bbb3c8648b2c0e764fa2ee3,dose_04/labels/test/land_pad__8225.txt,7c7e2e2e273f9d87235a36c1bbf1d200b48c90860ddd407a67f445571f0ad3d0,1052,961,1,5c78f498900671ff3b1054577e2aa652da1c44ea75663ffe4b88872c177f9167,0.6,land_pad,0.00013848059095603044,0.5982905982905983,0.4017094017094017
5,0.75,0.25,land_pad__8225.jpg,land_pad,8225,a4b3683afcaba473b082d1e1af02d81daf0a6539125b0bcef2cb1969addd2936,7c7e2e2e273f9d87235a36c1bbf1d200b48c90860ddd407a67f445571f0ad3d0,dose_05/images/test/land_pad__8225.png,4edae5d19f3ccf22d808d78b41a42d2e9e15e921a8202662a24ba3e037258b85,dose_05/labels/test/land_pad__8225.txt,7c7e2e2e273f9d87235a36c1bbf1d200b48c90860ddd407a67f445571f0ad3d0,1052,961,1,5c78f498900671ff3b1054577e2aa652da1c44ea75663ffe4b88872c177f9167,0.75,land_pad,0.00017408988577329542,0.7521367521367521,0.24786324786324787
0,0.0,1.0,land_pad__8250.jpg,land_pad,8250,2b3bf29d8c8d62ee73b1147bfc3f1c188fa583ac6d709e7cf2be582348530de4,d0a7dd237afab2a948411292c50dee46a64bde0d8a6a728823d8de0fdfbba94c,dose_00/images/test/land_pad__8250.jpg,b206a4f81c8723e7a1b53a1ec1b551837fd9ef304ccc5bb00d237b1b0ff70e87,dose_00/labels/test/land_pad__8250.txt,d0a7dd237afab2a948411292c50dee46a64bde0d8a6a728823d8de0fdfbba94c,1052,961,1,b206a4f81c8723e7a1b53a1ec1b551837fd9ef304ccc5bb00d237b1b0ff70e87,0.0,land_pad,0.0,0.0,1.0
1,0.15,0.85,land_pad__8250.jpg,land_pad,8250,2b3bf29d8c8d62ee73b1147bfc3f1c188fa583ac6d709e7cf2be582348530de4,d0a7dd237afab2a948411292c50dee46a64bde0d8a6a728823d8de0fdfbba94c,dose_01/images/test/land_pad__8250.png,44318ad51f3bb3184f895fad5b1221479a16b616d6a6c2208a4060083c5dfb62,dose_01/labels/test/land_pad__8250.txt,d0a7dd237afab2a948411292c50dee46a64bde0d8a6a728823d8de0fdfbba94c,1052,961,1,b206a4f81c8723e7a1b53a1ec1b551837fd9ef304ccc5bb00d237b1b0ff70e87,0.15,land_pad,3.462014773900761e-05,0.13157894736842105,0.868421052631579
2,0.3,0.7,land_pad__8250.jpg,land_pad,8250,2b3bf29d8c8d62ee73b1147bfc3f1c188fa583ac6d709e7cf2be582348530de4,d0a7dd237afab2a948411292c50dee46a64bde0d8a6a728823d8de0fdfbba94c,dose_02/images/test/land_pad__8250.png,7a39b0aec12db5aff16d143df412938c59b5fda352176b0d97da60408d364c73,dose_02/labels/test/land_pad__8250.txt,d0a7dd237afab2a948411292c50dee46a64bde0d8a6a728823d8de0fdfbba94c,1052,961,1,b206a4f81c8723e7a1b53a1ec1b551837fd9ef304ccc5bb00d237b1b0ff70e87,0.3,land_pad,7.913176626058882e-05,0.3007518796992481,0.6992481203007519
3,0.45,0.55,land_pad__8250.jpg,land_pad,8250,2b3bf29d8c8d62ee73b1147bfc3f1c188fa583ac6d709e7cf2be582348530de4,d0a7dd237afab2a948411292c50dee46a64bde0d8a6a728823d8de0fdfbba94c,dose_03/images/test/land_pad__8250.png,e92d04883c3728590307360880fc2f30f79caabc09948170a2b237408097e0f3,dose_03/labels/test/land_pad__8250.txt,d0a7dd237afab2a948411292c50dee46a64bde0d8a6a728823d8de0fdfbba94c,1052,961,1,b206a4f81c8723e7a1b53a1ec1b551837fd9ef304ccc5bb00d237b1b0ff70e87,0.45,land_pad,0.00011573020815611115,0.4398496240601504,0.5601503759398496
4,0.6,0.4,land_pad__8250.jpg,land_pad,8250,2b3bf29d8c8d62ee73b1147bfc3f1c188fa583ac6d709e7cf2be582348530de4,d0a7dd237afab2a948411292c50dee46a64bde0d8a6a728823d8de0fdfbba94c,dose_04/images/test/land_pad__8250.png,1338fc5e98905e3f2bd7fdade1bbfa80473adab796ff4a109f062cce60aecb9d,dose_04/labels/test/land_pad__8250.txt,d0a7dd237afab2a948411292c50dee46a64bde0d8a6a728823d8de0fdfbba94c,1052,961,1,b206a4f81c8723e7a1b53a1ec1b551837fd9ef304ccc5bb00d237b1b0ff70e87,0.6,land_pad,0.00016320926791246445,0.6203007518796992,0.37969924812030076
5,0.75,0.25,land_pad__8250.jpg,land_pad,8250,2b3bf29d8c8d62ee73b1147bfc3f1c188fa583ac6d709e7cf2be582348530de4,d0a7dd237afab2a948411292c50dee46a64bde0d8a6a728823d8de0fdfbba94c,dose_05/images/test/land_pad__8250.png,92cca73ed516c749b1f934fccf86933f3e14378f5e0df7702c0cc73b47e90143,dose_05/labels/test/land_pad__8250.txt,d0a7dd237afab2a948411292c50dee46a64bde0d8a6a728823d8de0fdfbba94c,1052,961,1,b206a4f81c8723e7a1b53a1ec1b551837fd9ef304ccc5bb00d237b1b0ff70e87,0.75,land_pad,0.00018991623902541317,0.7218045112781954,0.2781954887218045
0,0.0,1.0,land_pad__8275.jpg,land_pad,8275,01972f1a8a1fdc60eb55748e3ccfc0f85ee30b9c4db008e1cda79b67006dc45e,673dc179246af7e819c5b3eb2656fb351bf195c1b672d1ffe569d42cb767a3db,dose_00/images/test/land_pad__8275.jpg,93a842e05454fda2f030af05ccf55c4e61304bbc73af2dfc0b3db0dcea1dadfc,dose_00/labels/test/land_pad__8275.txt,673dc179246af7e819c5b3eb2656fb351bf195c1b672d1ffe569d42cb767a3db,1052,961,1,93a842e05454fda2f030af05ccf55c4e61304bbc73af2dfc0b3db0dcea1dadfc,0.0,land_pad,0.0,0.0,1.0
1,0.15,0.85,land_pad__8275.jpg,land_pad,8275,01972f1a8a1fdc60eb55748e3ccfc0f85ee30b9c4db008e1cda79b67006dc45e,673dc179246af7e819c5b3eb2656fb351bf195c1b672d1ffe569d42cb767a3db,dose_01/images/test/land_pad__8275.png,b34554d7779e9eeaaca881fd9a904de0f6d14dfb2ecdf1259438585f51e2602b,dose_01/labels/test/land_pad__8275.txt,673dc179246af7e819c5b3eb2656fb351bf195c1b672d1ffe569d42cb767a3db,1052,961,1,93a842e05454fda2f030af05ccf55c4e61304bbc73af2dfc0b3db0dcea1dadfc,0.15,land_pad,3.956588313029441e-05,0.14652014652014653,0.8534798534798534
2,0.3,0.7,land_pad__8275.jpg,land_pad,8275,01972f1a8a1fdc60eb55748e3ccfc0f85ee30b9c4db008e1cda79b67006dc45e,673dc179246af7e819c5b3eb2656fb351bf195c1b672d1ffe569d42cb767a3db,dose_02/images/test/land_pad__8275.png,b64c735b75a77ac5eda13eb43439dd46f5770e363b32ec19e24b9d72bf49f4d9,dose_02/labels/test/land_pad__8275.txt,673dc179246af7e819c5b3eb2656fb351bf195c1b672d1ffe569d42cb767a3db,1052,961,1,93a842e05454fda2f030af05ccf55c4e61304bbc73af2dfc0b3db0dcea1dadfc,0.3,land_pad,8.308835457361826e-05,0.3076923076923077,0.6923076923076923
3,0.45,0.55,land_pad__8275.jpg,land_pad,8275,01972f1a8a1fdc60eb55748e3ccfc0f85ee30b9c4db008e1cda79b67006dc45e,673dc179246af7e819c5b3eb2656fb351bf195c1b672d1ffe569d42cb767a3db,dose_03/images/test/land_pad__8275.png,fac4248d1afddda891c9f5098c3b2f704e7d5ff94dfdfd6de4d72a73ea58999b,dose_03/labels/test/land_pad__8275.txt,673dc179246af7e819c5b3eb2656fb351bf195c1b672d1ffe569d42cb767a3db,1052,961,1,93a842e05454fda2f030af05ccf55c4e61304bbc73af2dfc0b3db0dcea1dadfc,0.45,land_pad,0.0001246325318604274,0.46153846153846156,0.5384615384615384
4,0.6,0.4,land_pad__8275.jpg,land_pad,8275,01972f1a8a1fdc60eb55748e3ccfc0f85ee30b9c4db008e1cda79b67006dc45e,673dc179246af7e819c5b3eb2656fb351bf195c1b672d1ffe569d42cb767a3db,dose_04/images/test/land_pad__8275.png,ae7f97e8ed062dd7c34fb979206a363f560bf833dd881a0430644f655928bcf1,dose_04/labels/test/land_pad__8275.txt,673dc179246af7e819c5b3eb2656fb351bf195c1b672d1ffe569d42cb767a3db,1052,961,1,93a842e05454fda2f030af05ccf55c4e61304bbc73af2dfc0b3db0dcea1dadfc,0.6,land_pad,0.00015826353252117764,0.5860805860805861,0.4139194139194139
5,0.75,0.25,land_pad__8275.jpg,land_pad,8275,01972f1a8a1fdc60eb55748e3ccfc0f85ee30b9c4db008e1cda79b67006dc45e,673dc179246af7e819c5b3eb2656fb351bf195c1b672d1ffe569d42cb767a3db,dose_05/images/test/land_pad__8275.png,7d1e53781bbe96da9786e5f331ea4735749734bf1da5625d1cc77987a6546a85,dose_05/labels/test/land_pad__8275.txt,673dc179246af7e819c5b3eb2656fb351bf195c1b672d1ffe569d42cb767a3db,1052,961,1,93a842e05454fda2f030af05ccf55c4e61304bbc73af2dfc0b3db0dcea1dadfc,0.75,land_pad,0.00019585112149495733,0.7252747252747253,0.27472527472527475
0,0.0,1.0,land_pad__8300.jpg,land_pad,8300,b04283431924dad2fe374a961aafe26bf1a1b0933f186a7af58d38aad1842784,2a0e8af2f45359532c43447ac2a264750429ee0827e43d1b8816564b34f64a04,dose_00/images/test/land_pad__8300.jpg,bca0f0c3d9f3131c7b69473dd386f54061cdf0afee4e3124a62c8951c741cbdd,dose_00/labels/test/land_pad__8300.txt,2a0e8af2f45359532c43447ac2a264750429ee0827e43d1b8816564b34f64a04,1052,961,1,bca0f0c3d9f3131c7b69473dd386f54061cdf0afee4e3124a62c8951c741cbdd,0.0,land_pad,0.0,0.0,1.0
1,0.15,0.85,land_pad__8300.jpg,land_pad,8300,b04283431924dad2fe374a961aafe26bf1a1b0933f186a7af58d38aad1842784,2a0e8af2f45359532c43447ac2a264750429ee0827e43d1b8816564b34f64a04,dose_01/images/test/land_pad__8300.png,7d7103ea7725b43f525f25b524efd0172cd939c1f6b9525a19680c3fda9ec4d3,dose_01/labels/test/land_pad__8300.txt,2a0e8af2f45359532c43447ac2a264750429ee0827e43d1b8816564b34f64a04,1052,961,1,bca0f0c3d9f3131c7b69473dd386f54061cdf0afee4e3124a62c8951c741cbdd,0.15,land_pad,5.3413942225897455e-05,0.15,0.85
2,0.3,0.7,land_pad__8300.jpg,land_pad,8300,b04283431924dad2fe374a961aafe26bf1a1b0933f186a7af58d38aad1842784,2a0e8af2f45359532c43447ac2a264750429ee0827e43d1b8816564b34f64a04,dose_02/images/test/land_pad__8300.png,fe1dde6f01e60c8f9cacf89b060be33d75dbed46485fe2eb06d68d59c8c2c47b,dose_02/labels/test/land_pad__8300.txt,2a0e8af2f45359532c43447ac2a264750429ee0827e43d1b8816564b34f64a04,1052,961,1,bca0f0c3d9f3131c7b69473dd386f54061cdf0afee4e3124a62c8951c741cbdd,0.3,land_pad,0.00010287129613876547,0.28888888888888886,0.7111111111111111
3,0.45,0.55,land_pad__8300.jpg,land_pad,8300,b04283431924dad2fe374a961aafe26bf1a1b0933f186a7af58d38aad1842784,2a0e8af2f45359532c43447ac2a264750429ee0827e43d1b8816564b34f64a04,dose_03/images/test/land_pad__8300.png,b2e2dbb48e070d4ac90f43d3bbbcbe606f01c10f83e300b084e53fd86c8c3a3e,dose_03/labels/test/land_pad__8300.txt,2a0e8af2f45359532c43447ac2a264750429ee0827e43d1b8816564b34f64a04,1052,961,1,bca0f0c3d9f3131c7b69473dd386f54061cdf0afee4e3124a62c8951c741cbdd,0.45,land_pad,0.00015826353252117764,0.4444444444444444,0.5555555555555556
4,0.6,0.4,land_pad__8300.jpg,land_pad,8300,b04283431924dad2fe374a961aafe26bf1a1b0933f186a7af58d38aad1842784,2a0e8af2f45359532c43447ac2a264750429ee0827e43d1b8816564b34f64a04,dose_04/images/test/land_pad__8300.png,249349d686d1a76a7cc6ae5c8ba9f2c67313b81978b947ae24b6c0512d2748a5,dose_04/labels/test/land_pad__8300.txt,2a0e8af2f45359532c43447ac2a264750429ee0827e43d1b8816564b34f64a04,1052,961,1,bca0f0c3d9f3131c7b69473dd386f54061cdf0afee4e3124a62c8951c741cbdd,0.6,land_pad,0.00022552553384267815,0.6333333333333333,0.36666666666666664
5,0.75,0.25,land_pad__8300.jpg,land_pad,8300,b04283431924dad2fe374a961aafe26bf1a1b0933f186a7af58d38aad1842784,2a0e8af2f45359532c43447ac2a264750429ee0827e43d1b8816564b34f64a04,dose_05/images/test/land_pad__8300.png,459a532aceb58903014526c1d98d3fbea9fd082fd53704a99b7846b9d9f6d05e,dose_05/labels/test/land_pad__8300.txt,2a0e8af2f45359532c43447ac2a264750429ee0827e43d1b8816564b34f64a04,1052,961,1,bca0f0c3d9f3131c7b69473dd386f54061cdf0afee4e3124a62c8951c741cbdd,0.75,land_pad,0.00027003715236425933,0.7583333333333333,0.24166666666666667
0,0.0,1.0,land_pad__8325.jpg,land_pad,8325,b49b68d889b1a7dd72f1ea7ac6b7094649da4ff30127e87d53be5d4522f7a009,3d08310e00486ca341ff468be021dda220469547b4c03249660ac6adb4a99e33,dose_00/images/test/land_pad__8325.jpg,ac9bed7e757479e7352af7ead6d24c321886f6b6e20781eb842d69831cb58f3b,dose_00/labels/test/land_pad__8325.txt,3d08310e00486ca341ff468be021dda220469547b4c03249660ac6adb4a99e33,1052,961,1,ac9bed7e757479e7352af7ead6d24c321886f6b6e20781eb842d69831cb58f3b,0.0,land_pad,0.0,0.0,1.0
1,0.15,0.85,land_pad__8325.jpg,land_pad,8325,b49b68d889b1a7dd72f1ea7ac6b7094649da4ff30127e87d53be5d4522f7a009,3d08310e00486ca341ff468be021dda220469547b4c03249660ac6adb4a99e33,dose_01/images/test/land_pad__8325.png,98814cf8b9cb5162a887a753bef6aa40b369d397a4c098c0ba0731b2358f2989,dose_01/labels/test/land_pad__8325.txt,3d08310e00486ca341ff468be021dda220469547b4c03249660ac6adb4a99e33,1052,961,1,ac9bed7e757479e7352af7ead6d24c321886f6b6e20781eb842d69831cb58f3b,0.15,land_pad,6.23162659302137e-05,0.16112531969309463,0.8388746803069054
2,0.3,0.7,land_pad__8325.jpg,land_pad,8325,b49b68d889b1a7dd72f1ea7ac6b7094649da4ff30127e87d53be5d4522f7a009,3d08310e00486ca341ff468be021dda220469547b4c03249660ac6adb4a99e33,dose_02/images/test/land_pad__8325.png,82e11e2b0e6f08b5017f1faa919c4b1a67effc4789dec1c0428ccde0bd7822f3,dose_02/labels/test/land_pad__8325.txt,3d08310e00486ca341ff468be021dda220469547b4c03249660ac6adb4a99e33,1052,961,1,ac9bed7e757479e7352af7ead6d24c321886f6b6e20781eb842d69831cb58f3b,0.3,land_pad,0.00011573020815611115,0.29923273657289,0.7007672634271099
3,0.45,0.55,land_pad__8325.jpg,land_pad,8325,b49b68d889b1a7dd72f1ea7ac6b7094649da4ff30127e87d53be5d4522f7a009,3d08310e00486ca341ff468be021dda220469547b4c03249660ac6adb4a99e33,dose_03/images/test/land_pad__8325.png,42a717be9fb8c3ea9678b4de11d07fadc8b6140adc88b25602170af89f0d35cb,dose_03/labels/test/land_pad__8325.txt,3d08310e00486ca341ff468be021dda220469547b4c03249660ac6adb4a99e33,1052,961,1,ac9bed7e757479e7352af7ead6d24c321886f6b6e20781eb842d69831cb58f3b,0.45,land_pad,0.00016320926791246445,0.4219948849104859,0.578005115089514
4,0.6,0.4,land_pad__8325.jpg,land_pad,8325,b49b68d889b1a7dd72f1ea7ac6b7094649da4ff30127e87d53be5d4522f7a009,3d08310e00486ca341ff468be021dda220469547b4c03249660ac6adb4a99e33,dose_04/images/test/land_pad__8325.png,e3cb3bd051497a522fa12e165146240b8b3c182d5957733da27132e347349327,dose_04/labels/test/land_pad__8325.txt,3d08310e00486ca341ff468be021dda220469547b4c03249660ac6adb4a99e33,1052,961,1,ac9bed7e757479e7352af7ead6d24c321886f6b6e20781eb842d69831cb58f3b,0.6,land_pad,0.0002314604163122223,0.59846547314578,0.40153452685422
5,0.75,0.25,land_pad__8325.jpg,land_pad,8325,b49b68d889b1a7dd72f1ea7ac6b7094649da4ff30127e87d53be5d4522f7a009,3d08310e00486ca341ff468be021dda220469547b4c03249660ac6adb4a99e33,dose_05/images/test/land_pad__8325.png,c3296d2bb85c7e1007fd28c7ec8bf9c54ff441c2d8a572cdd98af6238cccfd4d,dose_05/labels/test/land_pad__8325.txt,3d08310e00486ca341ff468be021dda220469547b4c03249660ac6adb4a99e33,1052,961,1,ac9bed7e757479e7352af7ead6d24c321886f6b6e20781eb842d69831cb58f3b,0.75,land_pad,0.00029674412347720805,0.7672634271099744,0.23273657289002558
0,0.0,1.0,land_pad__8350.jpg,land_pad,8350,158453c45ef146187cf8f3dc2ebf2bab7dee88e99ceef40de33f44b56daa69c6,6f5c30072dd8aed52ba6e47151b47d631a9d03fac6eae1ef886f9f10f8255a02,dose_00/images/test/land_pad__8350.jpg,a6919436431881c763041eaed6d1848d9b92942e033fd9b0b01a3e0a8a772f23,dose_00/labels/test/land_pad__8350.txt,6f5c30072dd8aed52ba6e47151b47d631a9d03fac6eae1ef886f9f10f8255a02,1052,961,1,a6919436431881c763041eaed6d1848d9b92942e033fd9b0b01a3e0a8a772f23,0.0,land_pad,0.0,0.0,1.0
1,0.15,0.85,land_pad__8350.jpg,land_pad,8350,158453c45ef146187cf8f3dc2ebf2bab7dee88e99ceef40de33f44b56daa69c6,6f5c30072dd8aed52ba6e47151b47d631a9d03fac6eae1ef886f9f10f8255a02,dose_01/images/test/land_pad__8350.png,dd06a1311fc5b44008109c207aee21b2c2203c09156a3d7c2011708df5b15bbd,dose_01/labels/test/land_pad__8350.txt,6f5c30072dd8aed52ba6e47151b47d631a9d03fac6eae1ef886f9f10f8255a02,1052,961,1,a6919436431881c763041eaed6d1848d9b92942e033fd9b0b01a3e0a8a772f23,0.15,land_pad,6.924029547801522e-05,0.1440329218106996,0.8559670781893004
2,0.3,0.7,land_pad__8350.jpg,land_pad,8350,158453c45ef146187cf8f3dc2ebf2bab7dee88e99ceef40de33f44b56daa69c6,6f5c30072dd8aed52ba6e47151b47d631a9d03fac6eae1ef886f9f10f8255a02,dose_02/images/test/land_pad__8350.png,f99e23571760fd94e2192510c952973e9486098594b840f033daec05470342a8,dose_02/labels/test/land_pad__8350.txt,6f5c30072dd8aed52ba6e47151b47d631a9d03fac6eae1ef886f9f10f8255a02,1052,961,1,a6919436431881c763041eaed6d1848d9b92942e033fd9b0b01a3e0a8a772f23,0.3,land_pad,0.00014837206173860402,0.30864197530864196,0.691358024691358
3,0.45,0.55,land_pad__8350.jpg,land_pad,8350,158453c45ef146187cf8f3dc2ebf2bab7dee88e99ceef40de33f44b56daa69c6,6f5c30072dd8aed52ba6e47151b47d631a9d03fac6eae1ef886f9f10f8255a02,dose_03/images/test/land_pad__8350.png,642b031a92899dd84d1a3f223d4c9a5dd37cd32425021ba7dde6a540476bc5f6,dose_03/labels/test/land_pad__8350.txt,6f5c30072dd8aed52ba6e47151b47d631a9d03fac6eae1ef886f9f10f8255a02,1052,961,1,a6919436431881c763041eaed6d1848d9b92942e033fd9b0b01a3e0a8a772f23,0.45,land_pad,0.00021365576890358982,0.4444444444444444,0.5555555555555556
4,0.6,0.4,land_pad__8350.jpg,land_pad,8350,158453c45ef146187cf8f3dc2ebf2bab7dee88e99ceef40de33f44b56daa69c6,6f5c30072dd8aed52ba6e47151b47d631a9d03fac6eae1ef886f9f10f8255a02,dose_04/images/test/land_pad__8350.png,bda960666c3ceed3b27d4f000ca4201bb07b5a45435516ccc5655d3403677506,dose_04/labels/test/land_pad__8350.txt,6f5c30072dd8aed52ba6e47151b47d631a9d03fac6eae1ef886f9f10f8255a02,1052,961,1,a6919436431881c763041eaed6d1848d9b92942e033fd9b0b01a3e0a8a772f23,0.6,land_pad,0.0002908092410076639,0.6049382716049383,0.3950617283950617
5,0.75,0.25,land_pad__8350.jpg,land_pad,8350,158453c45ef146187cf8f3dc2ebf2bab7dee88e99ceef40de33f44b56daa69c6,6f5c30072dd8aed52ba6e47151b47d631a9d03fac6eae1ef886f9f10f8255a02,dose_05/images/test/land_pad__8350.png,e97868fc83e5262aa0be40e1b69e9f8ffaa13badbeba436d14554b6a195e1fe2,dose_05/labels/test/land_pad__8350.txt,6f5c30072dd8aed52ba6e47151b47d631a9d03fac6eae1ef886f9f10f8255a02,1052,961,1,a6919436431881c763041eaed6d1848d9b92942e033fd9b0b01a3e0a8a772f23,0.75,land_pad,0.0003640061247987086,0.757201646090535,0.24279835390946503
0,0.0,1.0,land_pad__8375.jpg,land_pad,8375,9cae1faa5b7adeac3273818a51de581f27545b427bbd94640c2e9bcd11b368cb,20a2d735e2941f3cce972e5dfa72de4c69d210fbd58021374a0417dcf669dfb6,dose_00/images/test/land_pad__8375.jpg,3775f60e9f831de8e7ca8dbb3988a49ff4486c7432d4a52a0b199c57ff07ea33,dose_00/labels/test/land_pad__8375.txt,20a2d735e2941f3cce972e5dfa72de4c69d210fbd58021374a0417dcf669dfb6,1052,961,1,3775f60e9f831de8e7ca8dbb3988a49ff4486c7432d4a52a0b199c57ff07ea33,0.0,land_pad,0.0,0.0,1.0
1,0.15,0.85,land_pad__8375.jpg,land_pad,8375,9cae1faa5b7adeac3273818a51de581f27545b427bbd94640c2e9bcd11b368cb,20a2d735e2941f3cce972e5dfa72de4c69d210fbd58021374a0417dcf669dfb6,dose_01/images/test/land_pad__8375.png,bda909d76fae4f178fbfa98989f028ae82bfc59999576170c504dc853392e565,dose_01/labels/test/land_pad__8375.txt,20a2d735e2941f3cce972e5dfa72de4c69d210fbd58021374a0417dcf669dfb6,1052,961,1,3775f60e9f831de8e7ca8dbb3988a49ff4486c7432d4a52a0b199c57ff07ea33,0.15,land_pad,0.0001246325318604274,0.15217391304347827,0.8478260869565217
2,0.3,0.7,land_pad__8375.jpg,land_pad,8375,9cae1faa5b7adeac3273818a51de581f27545b427bbd94640c2e9bcd11b368cb,20a2d735e2941f3cce972e5dfa72de4c69d210fbd58021374a0417dcf669dfb6,dose_02/images/test/land_pad__8375.png,0824bec0eddd6288749db9b54ee267b937a288571e065680994771067b24d97e,dose_02/labels/test/land_pad__8375.txt,20a2d735e2941f3cce972e5dfa72de4c69d210fbd58021374a0417dcf669dfb6,1052,961,1,3775f60e9f831de8e7ca8dbb3988a49ff4486c7432d4a52a0b199c57ff07ea33,0.3,land_pad,0.00025717824034691365,0.3140096618357488,0.6859903381642513
3,0.45,0.55,land_pad__8375.jpg,land_pad,8375,9cae1faa5b7adeac3273818a51de581f27545b427bbd94640c2e9bcd11b368cb,20a2d735e2941f3cce972e5dfa72de4c69d210fbd58021374a0417dcf669dfb6,dose_03/images/test/land_pad__8375.png,27df4392b83dcd781e89eb86b11095d747f126b27783bfa417b121ece38c7fed,dose_03/labels/test/land_pad__8375.txt,20a2d735e2941f3cce972e5dfa72de4c69d210fbd58021374a0417dcf669dfb6,1052,961,1,3775f60e9f831de8e7ca8dbb3988a49ff4486c7432d4a52a0b199c57ff07ea33,0.45,land_pad,0.0003560929481726497,0.43478260869565216,0.5652173913043478
4,0.6,0.4,land_pad__8375.jpg,land_pad,8375,9cae1faa5b7adeac3273818a51de581f27545b427bbd94640c2e9bcd11b368cb,20a2d735e2941f3cce972e5dfa72de4c69d210fbd58021374a0417dcf669dfb6,dose_04/images/test/land_pad__8375.png,d69a6401e6ba8a874d4784de21eef8788ec346a32956627f31a5a67d74c03f99,dose_04/labels/test/land_pad__8375.txt,20a2d735e2941f3cce972e5dfa72de4c69d210fbd58021374a0417dcf669dfb6,1052,961,1,3775f60e9f831de8e7ca8dbb3988a49ff4486c7432d4a52a0b199c57ff07ea33,0.6,land_pad,0.0004985301274417096,0.6086956521739131,0.391304347826087
5,0.75,0.25,land_pad__8375.jpg,land_pad,8375,9cae1faa5b7adeac3273818a51de581f27545b427bbd94640c2e9bcd11b368cb,20a2d735e2941f3cce972e5dfa72de4c69d210fbd58021374a0417dcf669dfb6,dose_05/images/test/land_pad__8375.png,adbf18d8c8681dd6eee6149c950401c8d6fea922ee1082b2cc26cd03d223f3a1,dose_05/labels/test/land_pad__8375.txt,20a2d735e2941f3cce972e5dfa72de4c69d210fbd58021374a0417dcf669dfb6,1052,961,1,3775f60e9f831de8e7ca8dbb3988a49ff4486c7432d4a52a0b199c57ff07ea33,0.75,land_pad,0.0006132711885195633,0.748792270531401,0.25120772946859904
0,0.0,1.0,land_pad__8400.jpg,land_pad,8400,c303df4592f3c9f6b3b71ca9e72d59d04efe2ed8f08d3c3fa409a5b18a790ad6,63db1ef5ee99ea091e26fe063564f75e3fc98171de4493b444e7107a8b20ddb4,dose_00/images/test/land_pad__8400.jpg,5ac8c5d07c3893dbf58d7b17efe589e8d481beef1f961d6e4f97253eac92b1a7,dose_00/labels/test/land_pad__8400.txt,63db1ef5ee99ea091e26fe063564f75e3fc98171de4493b444e7107a8b20ddb4,1052,961,1,5ac8c5d07c3893dbf58d7b17efe589e8d481beef1f961d6e4f97253eac92b1a7,0.0,land_pad,0.0,0.0,1.0
1,0.15,0.85,land_pad__8400.jpg,land_pad,8400,c303df4592f3c9f6b3b71ca9e72d59d04efe2ed8f08d3c3fa409a5b18a790ad6,63db1ef5ee99ea091e26fe063564f75e3fc98171de4493b444e7107a8b20ddb4,dose_01/images/test/land_pad__8400.png,9937b20982ae62130cb18ebbe20fed4463da970de45f88effff0b7198e6641e8,dose_01/labels/test/land_pad__8400.txt,63db1ef5ee99ea091e26fe063564f75e3fc98171de4493b444e7107a8b20ddb4,1052,961,1,5ac8c5d07c3893dbf58d7b17efe589e8d481beef1f961d6e4f97253eac92b1a7,0.15,land_pad,0.00014837206173860402,0.15182186234817813,0.8481781376518218
2,0.3,0.7,land_pad__8400.jpg,land_pad,8400,c303df4592f3c9f6b3b71ca9e72d59d04efe2ed8f08d3c3fa409a5b18a790ad6,63db1ef5ee99ea091e26fe063564f75e3fc98171de4493b444e7107a8b20ddb4,dose_02/images/test/land_pad__8400.png,8254fb8098bdcb720ba7326ddbac907b1625feeda41adb98ad9342b4df8f96a4,dose_02/labels/test/land_pad__8400.txt,63db1ef5ee99ea091e26fe063564f75e3fc98171de4493b444e7107a8b20ddb4,1052,961,1,5ac8c5d07c3893dbf58d7b17efe589e8d481beef1f961d6e4f97253eac92b1a7,0.3,land_pad,0.0002908092410076639,0.2975708502024291,0.7024291497975709
3,0.45,0.55,land_pad__8400.jpg,land_pad,8400,c303df4592f3c9f6b3b71ca9e72d59d04efe2ed8f08d3c3fa409a5b18a790ad6,63db1ef5ee99ea091e26fe063564f75e3fc98171de4493b444e7107a8b20ddb4,dose_03/images/test/land_pad__8400.png,738fa4bf6ec19e5b9cc23d329ad88e19aa5a77417ae9ef6f97b62f27c8f174e2,dose_03/labels/test/land_pad__8400.txt,63db1ef5ee99ea091e26fe063564f75e3fc98171de4493b444e7107a8b20ddb4,1052,961,1,5ac8c5d07c3893dbf58d7b17efe589e8d481beef1f961d6e4f97253eac92b1a7,0.45,land_pad,0.0004203875082593781,0.43016194331983804,0.569838056680162
4,0.6,0.4,land_pad__8400.jpg,land_pad,8400,c303df4592f3c9f6b3b71ca9e72d59d04efe2ed8f08d3c3fa409a5b18a790ad6,63db1ef5ee99ea091e26fe063564f75e3fc98171de4493b444e7107a8b20ddb4,dose_04/images/test/land_pad__8400.png,1ee1c7b9adc9b362a6371e9b7c8a9aadc8ef74eac97658f3bafeda63475c25c0,dose_04/labels/test/land_pad__8400.txt,63db1ef5ee99ea091e26fe063564f75e3fc98171de4493b444e7107a8b20ddb4,1052,961,1,5ac8c5d07c3893dbf58d7b17efe589e8d481beef1f961d6e4f97253eac92b1a7,0.6,land_pad,0.000573705305389269,0.5870445344129555,0.41295546558704455
5,0.75,0.25,land_pad__8400.jpg,land_pad,8400,c303df4592f3c9f6b3b71ca9e72d59d04efe2ed8f08d3c3fa409a5b18a790ad6,63db1ef5ee99ea091e26fe063564f75e3fc98171de4493b444e7107a8b20ddb4,dose_05/images/test/land_pad__8400.png,cef51b00c863d50fdd2d89bc7147d7bd47d92a0a47027c18540e451b34e9433e,dose_05/labels/test/land_pad__8400.txt,63db1ef5ee99ea091e26fe063564f75e3fc98171de4493b444e7107a8b20ddb4,1052,961,1,5ac8c5d07c3893dbf58d7b17efe589e8d481beef1f961d6e4f97253eac92b1a7,0.75,land_pad,0.0007507626323973364,0.7682186234817814,0.23178137651821862
0,0.0,1.0,land_pad__8425.jpg,land_pad,8425,fc0779ed449aaf79cd0aa3627b5d700dc8b06bd1da97fc68ac6f362e7c418913,de72004ecea516562b59c15a59db3a200e2f28f9a439546e8afdb81ceca42cd1,dose_00/images/test/land_pad__8425.jpg,d9e5af2b7b880b7cf48af3afe3ff44e5d00e98286bc6786530cacecc55384576,dose_00/labels/test/land_pad__8425.txt,de72004ecea516562b59c15a59db3a200e2f28f9a439546e8afdb81ceca42cd1,1052,961,1,d9e5af2b7b880b7cf48af3afe3ff44e5d00e98286bc6786530cacecc55384576,0.0,land_pad,0.0,0.0,1.0
1,0.15,0.85,land_pad__8425.jpg,land_pad,8425,fc0779ed449aaf79cd0aa3627b5d700dc8b06bd1da97fc68ac6f362e7c418913,de72004ecea516562b59c15a59db3a200e2f28f9a439546e8afdb81ceca42cd1,dose_01/images/test/land_pad__8425.png,ed90546937e2ed67d2e7ce4263c1006759ec6af771aeda47222c5fe295744c32,dose_01/labels/test/land_pad__8425.txt,de72004ecea516562b59c15a59db3a200e2f28f9a439546e8afdb81ceca42cd1,1052,961,1,d9e5af2b7b880b7cf48af3afe3ff44e5d00e98286bc6786530cacecc55384576,0.15,land_pad,0.0001246325318604274,0.14583333333333334,0.8541666666666666
2,0.3,0.7,land_pad__8425.jpg,land_pad,8425,fc0779ed449aaf79cd0aa3627b5d700dc8b06bd1da97fc68ac6f362e7c418913,de72004ecea516562b59c15a59db3a200e2f28f9a439546e8afdb81ceca42cd1,dose_02/images/test/land_pad__8425.png,8d3b7740b7bd061a7fdaee47018222918c47bd054c93f4c9095d39a5cee62a8b,dose_02/labels/test/land_pad__8425.txt,de72004ecea516562b59c15a59db3a200e2f28f9a439546e8afdb81ceca42cd1,1052,961,1,d9e5af2b7b880b7cf48af3afe3ff44e5d00e98286bc6786530cacecc55384576,0.3,land_pad,0.00025717824034691365,0.30092592592592593,0.6990740740740741
3,0.45,0.55,land_pad__8425.jpg,land_pad,8425,fc0779ed449aaf79cd0aa3627b5d700dc8b06bd1da97fc68ac6f362e7c418913,de72004ecea516562b59c15a59db3a200e2f28f9a439546e8afdb81ceca42cd1,dose_03/images/test/land_pad__8425.png,34cfe0139620b7e8d66928f212fd53bf56d219deb5ba4d65486793768f619944,dose_03/labels/test/land_pad__8425.txt,de72004ecea516562b59c15a59db3a200e2f28f9a439546e8afdb81ceca42cd1,1052,961,1,d9e5af2b7b880b7cf48af3afe3ff44e5d00e98286bc6786530cacecc55384576,0.45,land_pad,0.00037983247805082633,0.4444444444444444,0.5555555555555556
4,0.6,0.4,land_pad__8425.jpg,land_pad,8425,fc0779ed449aaf79cd0aa3627b5d700dc8b06bd1da97fc68ac6f362e7c418913,de72004ecea516562b59c15a59db3a200e2f28f9a439546e8afdb81ceca42cd1,dose_04/images/test/land_pad__8425.png,a61e0755ddeee227b1f2428fff0a1efdc8aeddbc04a6f0f3aedf131c6578cea8,dose_04/labels/test/land_pad__8425.txt,de72004ecea516562b59c15a59db3a200e2f28f9a439546e8afdb81ceca42cd1,1052,961,1,d9e5af2b7b880b7cf48af3afe3ff44e5d00e98286bc6786530cacecc55384576,0.6,land_pad,0.0005262262456329157,0.6157407407407407,0.38425925925925924
5,0.75,0.25,land_pad__8425.jpg,land_pad,8425,fc0779ed449aaf79cd0aa3627b5d700dc8b06bd1da97fc68ac6f362e7c418913,de72004ecea516562b59c15a59db3a200e2f28f9a439546e8afdb81ceca42cd1,dose_05/images/test/land_pad__8425.png,0696e3d2d2055088b695d75c48c88c0c5b12d83781fabdb2bc85168564d03adb,dose_05/labels/test/land_pad__8425.txt,de72004ecea516562b59c15a59db3a200e2f28f9a439546e8afdb81ceca42cd1,1052,961,1,d9e5af2b7b880b7cf48af3afe3ff44e5d00e98286bc6786530cacecc55384576,0.75,land_pad,0.0006439347479455415,0.7534722222222222,0.2465277777777778
0,0.0,1.0,land_pad__8450.jpg,land_pad,8450,9cc43d6bf31a15278dc1868e646bff8db83372ce83853a48b9d4fd83374bd479,30d8adbc2b59f778834b2c7163397040c27c065f14d643a5968a53b7d9c4a59c,dose_00/images/test/land_pad__8450.jpg,511f9f0f7568b9d6e9b71f15e4cbf4be1e03ee259bcbfc43a18060abdd09e818,dose_00/labels/test/land_pad__8450.txt,30d8adbc2b59f778834b2c7163397040c27c065f14d643a5968a53b7d9c4a59c,1052,961,1,511f9f0f7568b9d6e9b71f15e4cbf4be1e03ee259bcbfc43a18060abdd09e818,0.0,land_pad,0.0,0.0,1.0
1,0.15,0.85,land_pad__8450.jpg,land_pad,8450,9cc43d6bf31a15278dc1868e646bff8db83372ce83853a48b9d4fd83374bd479,30d8adbc2b59f778834b2c7163397040c27c065f14d643a5968a53b7d9c4a59c,dose_01/images/test/land_pad__8450.png,1e3e473891c70481f1a7e2736ebc950ad5c54896ab4dbc271a5171a495806074,dose_01/labels/test/land_pad__8450.txt,30d8adbc2b59f778834b2c7163397040c27c065f14d643a5968a53b7d9c4a59c,1052,961,1,511f9f0f7568b9d6e9b71f15e4cbf4be1e03ee259bcbfc43a18060abdd09e818,0.15,land_pad,0.00011078447276482435,0.14814814814814814,0.8518518518518519
2,0.3,0.7,land_pad__8450.jpg,land_pad,8450,9cc43d6bf31a15278dc1868e646bff8db83372ce83853a48b9d4fd83374bd479,30d8adbc2b59f778834b2c7163397040c27c065f14d643a5968a53b7d9c4a59c,dose_02/images/test/land_pad__8450.png,3bee52a38ca4b308f218e64845cac65296c866eabae440cedce54d38f5d0fb87,dose_02/labels/test/land_pad__8450.txt,30d8adbc2b59f778834b2c7163397040c27c065f14d643a5968a53b7d9c4a59c,1052,961,1,511f9f0f7568b9d6e9b71f15e4cbf4be1e03ee259bcbfc43a18060abdd09e818,0.3,land_pad,0.00023739529878176647,0.31746031746031744,0.6825396825396826
3,0.45,0.55,land_pad__8450.jpg,land_pad,8450,9cc43d6bf31a15278dc1868e646bff8db83372ce83853a48b9d4fd83374bd479,30d8adbc2b59f778834b2c7163397040c27c065f14d643a5968a53b7d9c4a59c,dose_03/images/test/land_pad__8450.png,7351b5f07492e1bb2ef6d5d5bbbbf498f025a1d3e5894039447b75051fa11dd7,dose_03/labels/test/land_pad__8450.txt,30d8adbc2b59f778834b2c7163397040c27c065f14d643a5968a53b7d9c4a59c,1052,961,1,511f9f0f7568b9d6e9b71f15e4cbf4be1e03ee259bcbfc43a18060abdd09e818,0.45,land_pad,0.00033235341829447303,0.4444444444444444,0.5555555555555556
4,0.6,0.4,land_pad__8450.jpg,land_pad,8450,9cc43d6bf31a15278dc1868e646bff8db83372ce83853a48b9d4fd83374bd479,30d8adbc2b59f778834b2c7163397040c27c065f14d643a5968a53b7d9c4a59c,dose_04/images/test/land_pad__8450.png,e7a6cc68b5e89acee0fe02ee210be4973f132b8bb090ad29e8091bade349564a,dose_04/labels/test/land_pad__8450.txt,30d8adbc2b59f778834b2c7163397040c27c065f14d643a5968a53b7d9c4a59c,1052,961,1,511f9f0f7568b9d6e9b71f15e4cbf4be1e03ee259bcbfc43a18060abdd09e818,0.6,land_pad,0.0004431378910592974,0.5925925925925926,0.4074074074074074
5,0.75,0.25,land_pad__8450.jpg,land_pad,8450,9cc43d6bf31a15278dc1868e646bff8db83372ce83853a48b9d4fd83374bd479,30d8adbc2b59f778834b2c7163397040c27c065f14d643a5968a53b7d9c4a59c,dose_05/images/test/land_pad__8450.png,8a756a63ebeb81e735f8641dd8f4938bbe7daccdc49c1555433ca46c4f008fd9,dose_05/labels/test/land_pad__8450.txt,30d8adbc2b59f778834b2c7163397040c27c065f14d643a5968a53b7d9c4a59c,1052,961,1,511f9f0f7568b9d6e9b71f15e4cbf4be1e03ee259bcbfc43a18060abdd09e818,0.75,land_pad,0.000551944069667607,0.7380952380952381,0.2619047619047619
0,0.0,1.0,land_pad__8475.jpg,land_pad,8475,7dbe1754425bc79dd4cdd0c0545c199e744f7522f2a5e5bc168d74f261d81b7d,bfd53fbe9fa7d5111a610202c9319d80af21f6c46cae2d68c104a7371103e2fc,dose_00/images/test/land_pad__8475.jpg,f5d95fed786d039d7b66e8dc1517cee7669a9116bf53c2a5683f338f993659ef,dose_00/labels/test/land_pad__8475.txt,bfd53fbe9fa7d5111a610202c9319d80af21f6c46cae2d68c104a7371103e2fc,1052,961,1,f5d95fed786d039d7b66e8dc1517cee7669a9116bf53c2a5683f338f993659ef,0.0,land_pad,0.0,0.0,1.0
1,0.15,0.85,land_pad__8475.jpg,land_pad,8475,7dbe1754425bc79dd4cdd0c0545c199e744f7522f2a5e5bc168d74f261d81b7d,bfd53fbe9fa7d5111a610202c9319d80af21f6c46cae2d68c104a7371103e2fc,dose_01/images/test/land_pad__8475.png,26f74b2d27f82d61e64dcedeee68744fd21f8f28a9a7b0b70d1a5cb7cda51831,dose_01/labels/test/land_pad__8475.txt,bfd53fbe9fa7d5111a610202c9319d80af21f6c46cae2d68c104a7371103e2fc,1052,961,1,f5d95fed786d039d7b66e8dc1517cee7669a9116bf53c2a5683f338f993659ef,0.15,land_pad,0.00013848059095603044,0.16,0.84
2,0.3,0.7,land_pad__8475.jpg,land_pad,8475,7dbe1754425bc79dd4cdd0c0545c199e744f7522f2a5e5bc168d74f261d81b7d,bfd53fbe9fa7d5111a610202c9319d80af21f6c46cae2d68c104a7371103e2fc,dose_02/images/test/land_pad__8475.png,1c5695c290018fea27f64d1df60a0013230d5e69330f9e507a685570b1e5fe5f,dose_02/labels/test/land_pad__8475.txt,bfd53fbe9fa7d5111a610202c9319d80af21f6c46cae2d68c104a7371103e2fc,1052,961,1,f5d95fed786d039d7b66e8dc1517cee7669a9116bf53c2a5683f338f993659ef,0.3,land_pad,0.00026311312281645784,0.304,0.696
3,0.45,0.55,land_pad__8475.jpg,land_pad,8475,7dbe1754425bc79dd4cdd0c0545c199e744f7522f2a5e5bc168d74f261d81b7d,bfd53fbe9fa7d5111a610202c9319d80af21f6c46cae2d68c104a7371103e2fc,dose_03/images/test/land_pad__8475.png,aaf01a28337b638ca5e396faf2aedbfe0d5eae083f900b40a46c9ced52072349,dose_03/labels/test/land_pad__8475.txt,bfd53fbe9fa7d5111a610202c9319d80af21f6c46cae2d68c104a7371103e2fc,1052,961,1,f5d95fed786d039d7b66e8dc1517cee7669a9116bf53c2a5683f338f993659ef,0.45,land_pad,0.0003867565075986279,0.44685714285714284,0.5531428571428572
4,0.6,0.4,land_pad__8475.jpg,land_pad,8475,7dbe1754425bc79dd4cdd0c0545c199e744f7522f2a5e5bc168d74f261d81b7d,bfd53fbe9fa7d5111a610202c9319d80af21f6c46cae2d68c104a7371103e2fc,dose_04/images/test/land_pad__8475.png,b6eae3be4b161c66336e1f5efe1567d2a22e2bd1161229da5f3e570c7d46b60d,dose_04/labels/test/land_pad__8475.txt,bfd53fbe9fa7d5111a610202c9319d80af21f6c46cae2d68c104a7371103e2fc,1052,961,1,f5d95fed786d039d7b66e8dc1517cee7669a9116bf53c2a5683f338f993659ef,0.6,land_pad,0.0005074324511460259,0.5862857142857143,0.4137142857142857
5,0.75,0.25,land_pad__8475.jpg,land_pad,8475,7dbe1754425bc79dd4cdd0c0545c199e744f7522f2a5e5bc168d74f261d81b7d,bfd53fbe9fa7d5111a610202c9319d80af21f6c46cae2d68c104a7371103e2fc,dose_05/images/test/land_pad__8475.png,8639930d430b6090d84aa1ce12bb93177a560733a4318661197d979bd8427286,dose_05/labels/test/land_pad__8475.txt,bfd53fbe9fa7d5111a610202c9319d80af21f6c46cae2d68c104a7371103e2fc,1052,961,1,f5d95fed786d039d7b66e8dc1517cee7669a9116bf53c2a5683f338f993659ef,0.75,land_pad,0.0006528370716498578,0.7542857142857143,0.24571428571428572
0,0.0,1.0,land_pad__8500.jpg,land_pad,8500,076a2d0708a55343260cdfabdca735efaded7890078490b5847d97006ab5eaaf,39c15a955cf0d48ea5684547981f730961781f42f5c888d0989a5234df91e0d3,dose_00/images/test/land_pad__8500.jpg,03bdd53193e3e01e293db7019241931e21d8e53ba83328f16a111f87d9521073,dose_00/labels/test/land_pad__8500.txt,39c15a955cf0d48ea5684547981f730961781f42f5c888d0989a5234df91e0d3,1052,961,1,03bdd53193e3e01e293db7019241931e21d8e53ba83328f16a111f87d9521073,0.0,land_pad,0.0,0.0,1.0
1,0.15,0.85,land_pad__8500.jpg,land_pad,8500,076a2d0708a55343260cdfabdca735efaded7890078490b5847d97006ab5eaaf,39c15a955cf0d48ea5684547981f730961781f42f5c888d0989a5234df91e0d3,dose_01/images/test/land_pad__8500.png,fb52705f9f646d8aa372c72fe46ec772259a7e7809ca6965e95e27f57338d7a7,dose_01/labels/test/land_pad__8500.txt,39c15a955cf0d48ea5684547981f730961781f42f5c888d0989a5234df91e0d3,1052,961,1,03bdd53193e3e01e293db7019241931e21d8e53ba83328f16a111f87d9521073,0.15,land_pad,0.00011573020815611115,0.14338235294117646,0.8566176470588235
2,0.3,0.7,land_pad__8500.jpg,land_pad,8500,076a2d0708a55343260cdfabdca735efaded7890078490b5847d97006ab5eaaf,39c15a955cf0d48ea5684547981f730961781f42f5c888d0989a5234df91e0d3,dose_02/images/test/land_pad__8500.png,ae4f684775b7ffbf822637c51ec32c75be43667a337244a134de43fb69007c7d,dose_02/labels/test/land_pad__8500.txt,39c15a955cf0d48ea5684547981f730961781f42f5c888d0989a5234df91e0d3,1052,961,1,03bdd53193e3e01e293db7019241931e21d8e53ba83328f16a111f87d9521073,0.3,land_pad,0.00024431932832956796,0.30269607843137253,0.6973039215686274
3,0.45,0.55,land_pad__8500.jpg,land_pad,8500,076a2d0708a55343260cdfabdca735efaded7890078490b5847d97006ab5eaaf,39c15a955cf0d48ea5684547981f730961781f42f5c888d0989a5234df91e0d3,dose_03/images/test/land_pad__8500.png,53f7ee09ba12743c8104f85fe9d2deb1638c8ef824b4456e936a017393fb5526,dose_03/labels/test/land_pad__8500.txt,39c15a955cf0d48ea5684547981f730961781f42f5c888d0989a5234df91e0d3,1052,961,1,03bdd53193e3e01e293db7019241931e21d8e53ba83328f16a111f87d9521073,0.45,land_pad,0.0003640061247987086,0.45098039215686275,0.5490196078431373
4,0.6,0.4,land_pad__8500.jpg,land_pad,8500,076a2d0708a55343260cdfabdca735efaded7890078490b5847d97006ab5eaaf,39c15a955cf0d48ea5684547981f730961781f42f5c888d0989a5234df91e0d3,dose_04/images/test/land_pad__8500.png,5de9e2eaf8c2a25749b03ad9c9bacd288f890b5bb67715e74c101b2c7472c24f,dose_04/labels/test/land_pad__8500.txt,39c15a955cf0d48ea5684547981f730961781f42f5c888d0989a5234df91e0d3,1052,961,1,03bdd53193e3e01e293db7019241931e21d8e53ba83328f16a111f87d9521073,0.6,land_pad,0.0004886386566591359,0.6053921568627451,0.3946078431372549
5,0.75,0.25,land_pad__8500.jpg,land_pad,8500,076a2d0708a55343260cdfabdca735efaded7890078490b5847d97006ab5eaaf,39c15a955cf0d48ea5684547981f730961781f42f5c888d0989a5234df91e0d3,dose_05/images/test/land_pad__8500.png,cc622cc571d23ff9075af7a96113ae73c74c8e6956ed568a188b2f75bed1941a,dose_05/labels/test/land_pad__8500.txt,39c15a955cf0d48ea5684547981f730961781f42f5c888d0989a5234df91e0d3,1052,961,1,03bdd53193e3e01e293db7019241931e21d8e53ba83328f16a111f87d9521073,0.75,land_pad,0.0006023905706587324,0.7463235294117647,0.2536764705882353
0,0.0,1.0,land_pad__8525.jpg,land_pad,8525,23444a7b38bedcf9bac654c81f469fb194194f9b44c3cef4e952a8de9eede7c6,ba7e0af43190f33a32c699ce98effe7439e2f5c9bd8b92a29001cbe940083914,dose_00/images/test/land_pad__8525.jpg,a6cd0ecdd30028638bd74ca0f710efcd6aa176d14d24970dc79bf66d8523dcd8,dose_00/labels/test/land_pad__8525.txt,ba7e0af43190f33a32c699ce98effe7439e2f5c9bd8b92a29001cbe940083914,1052,961,1,a6cd0ecdd30028638bd74ca0f710efcd6aa176d14d24970dc79bf66d8523dcd8,0.0,land_pad,0.0,0.0,1.0
1,0.15,0.85,land_pad__8525.jpg,land_pad,8525,23444a7b38bedcf9bac654c81f469fb194194f9b44c3cef4e952a8de9eede7c6,ba7e0af43190f33a32c699ce98effe7439e2f5c9bd8b92a29001cbe940083914,dose_01/images/test/land_pad__8525.png,11ab5d86b83519a2e70795a1c2747014fd17c8e080fe0ab5d5a9decdee30d86c,dose_01/labels/test/land_pad__8525.txt,ba7e0af43190f33a32c699ce98effe7439e2f5c9bd8b92a29001cbe940083914,1052,961,1,a6cd0ecdd30028638bd74ca0f710efcd6aa176d14d24970dc79bf66d8523dcd8,0.15,land_pad,0.0001246325318604274,0.15,0.85
2,0.3,0.7,land_pad__8525.jpg,land_pad,8525,23444a7b38bedcf9bac654c81f469fb194194f9b44c3cef4e952a8de9eede7c6,ba7e0af43190f33a32c699ce98effe7439e2f5c9bd8b92a29001cbe940083914,dose_02/images/test/land_pad__8525.png,3656bc965d0792a50837581422947cfa4582a734aa71b205b9747df6713ecd45,dose_02/labels/test/land_pad__8525.txt,ba7e0af43190f33a32c699ce98effe7439e2f5c9bd8b92a29001cbe940083914,1052,961,1,a6cd0ecdd30028638bd74ca0f710efcd6aa176d14d24970dc79bf66d8523dcd8,0.3,land_pad,0.00024431932832956796,0.29404761904761906,0.705952380952381
3,0.45,0.55,land_pad__8525.jpg,land_pad,8525,23444a7b38bedcf9bac654c81f469fb194194f9b44c3cef4e952a8de9eede7c6,ba7e0af43190f33a32c699ce98effe7439e2f5c9bd8b92a29001cbe940083914,dose_03/images/test/land_pad__8525.png,5edb743f8958b82a2bba775afd921984e396292305a442b9806d8e29a478300c,dose_03/labels/test/land_pad__8525.txt,ba7e0af43190f33a32c699ce98effe7439e2f5c9bd8b92a29001cbe940083914,1052,961,1,a6cd0ecdd30028638bd74ca0f710efcd6aa176d14d24970dc79bf66d8523dcd8,0.45,land_pad,0.0003640061247987086,0.4380952380952381,0.5619047619047619
4,0.6,0.4,land_pad__8525.jpg,land_pad,8525,23444a7b38bedcf9bac654c81f469fb194194f9b44c3cef4e952a8de9eede7c6,ba7e0af43190f33a32c699ce98effe7439e2f5c9bd8b92a29001cbe940083914,dose_04/images/test/land_pad__8525.png,0199601509381ba486a5dcfb08b662417c4fd215c10c36cb3c8e091f89059bf1,dose_04/labels/test/land_pad__8525.txt,ba7e0af43190f33a32c699ce98effe7439e2f5c9bd8b92a29001cbe940083914,1052,961,1,a6cd0ecdd30028638bd74ca0f710efcd6aa176d14d24970dc79bf66d8523dcd8,0.6,land_pad,0.0005074324511460259,0.6107142857142858,0.3892857142857143
5,0.75,0.25,land_pad__8525.jpg,land_pad,8525,23444a7b38bedcf9bac654c81f469fb194194f9b44c3cef4e952a8de9eede7c6,ba7e0af43190f33a32c699ce98effe7439e2f5c9bd8b92a29001cbe940083914,dose_05/images/test/land_pad__8525.png,174933e4b715e4da46b614f8c8d02ef980a8f1571d614187135162ce6719b2f5,dose_05/labels/test/land_pad__8525.txt,ba7e0af43190f33a32c699ce98effe7439e2f5c9bd8b92a29001cbe940083914,1052,961,1,a6cd0ecdd30028638bd74ca0f710efcd6aa176d14d24970dc79bf66d8523dcd8,0.75,land_pad,0.000623162659302137,0.75,0.25
0,0.0,1.0,land_pad__8550.jpg,land_pad,8550,1b3f9ea6f00333c1cbdacccded1f23cc21910edfdfe00166c81ecd463a41a85d,abe728f55db27701c50ca734a5ff477dfa015818a4b35579c48ca9948b001eb4,dose_00/images/test/land_pad__8550.jpg,99006d4aa7bbc66e7f7481ef8f7bbbe43eb346251af985751616e10e0adf694d,dose_00/labels/test/land_pad__8550.txt,abe728f55db27701c50ca734a5ff477dfa015818a4b35579c48ca9948b001eb4,1052,961,1,99006d4aa7bbc66e7f7481ef8f7bbbe43eb346251af985751616e10e0adf694d,0.0,land_pad,0.0,0.0,1.0
1,0.15,0.85,land_pad__8550.jpg,land_pad,8550,1b3f9ea6f00333c1cbdacccded1f23cc21910edfdfe00166c81ecd463a41a85d,abe728f55db27701c50ca734a5ff477dfa015818a4b35579c48ca9948b001eb4,dose_01/images/test/land_pad__8550.png,975257e352b33cf7388fa3cf1e79049f4b82451f537714eaf003f43774a31df3,dose_01/labels/test/land_pad__8550.txt,abe728f55db27701c50ca734a5ff477dfa015818a4b35579c48ca9948b001eb4,1052,961,1,99006d4aa7bbc66e7f7481ef8f7bbbe43eb346251af985751616e10e0adf694d,0.15,land_pad,0.00012858912017345682,0.14705882352941177,0.8529411764705882
2,0.3,0.7,land_pad__8550.jpg,land_pad,8550,1b3f9ea6f00333c1cbdacccded1f23cc21910edfdfe00166c81ecd463a41a85d,abe728f55db27701c50ca734a5ff477dfa015818a4b35579c48ca9948b001eb4,dose_02/images/test/land_pad__8550.png,cc98c9a29ca89c580ad61f04699b35ba5c0686f73e492cddf8e04b09dba5a4d3,dose_02/labels/test/land_pad__8550.txt,abe728f55db27701c50ca734a5ff477dfa015818a4b35579c48ca9948b001eb4,1052,961,1,99006d4aa7bbc66e7f7481ef8f7bbbe43eb346251af985751616e10e0adf694d,0.3,land_pad,0.00026311312281645784,0.3009049773755656,0.6990950226244343
3,0.45,0.55,land_pad__8550.jpg,land_pad,8550,1b3f9ea6f00333c1cbdacccded1f23cc21910edfdfe00166c81ecd463a41a85d,abe728f55db27701c50ca734a5ff477dfa015818a4b35579c48ca9948b001eb4,dose_03/images/test/land_pad__8550.png,0e2427b2a69e41965f6ad9277e1375c95452232327f8688802781d719102bdae,dose_03/labels/test/land_pad__8550.txt,abe728f55db27701c50ca734a5ff477dfa015818a4b35579c48ca9948b001eb4,1052,961,1,99006d4aa7bbc66e7f7481ef8f7bbbe43eb346251af985751616e10e0adf694d,0.45,land_pad,0.0003867565075986279,0.4423076923076923,0.5576923076923077
4,0.6,0.4,land_pad__8550.jpg,land_pad,8550,1b3f9ea6f00333c1cbdacccded1f23cc21910edfdfe00166c81ecd463a41a85d,abe728f55db27701c50ca734a5ff477dfa015818a4b35579c48ca9948b001eb4,dose_04/images/test/land_pad__8550.png,a802effe54960914bdb8ab988a8bac1804b51ae09598a9157429b36a7f5390b5,dose_04/labels/test/land_pad__8550.txt,abe728f55db27701c50ca734a5ff477dfa015818a4b35579c48ca9948b001eb4,1052,961,1,99006d4aa7bbc66e7f7481ef8f7bbbe43eb346251af985751616e10e0adf694d,0.6,land_pad,0.0005143564806938273,0.5882352941176471,0.4117647058823529
5,0.75,0.25,land_pad__8550.jpg,land_pad,8550,1b3f9ea6f00333c1cbdacccded1f23cc21910edfdfe00166c81ecd463a41a85d,abe728f55db27701c50ca734a5ff477dfa015818a4b35579c48ca9948b001eb4,dose_05/images/test/land_pad__8550.png,0025cb7564c19f31a84a91aa4ccf8225620f1d0d534ebb2c500dbdc1a414b4bc,dose_05/labels/test/land_pad__8550.txt,abe728f55db27701c50ca734a5ff477dfa015818a4b35579c48ca9948b001eb4,1052,961,1,99006d4aa7bbc66e7f7481ef8f7bbbe43eb346251af985751616e10e0adf694d,0.75,land_pad,0.0006597611011976593,0.754524886877828,0.24547511312217193
0,0.0,1.0,land_pad__8575.jpg,land_pad,8575,f6200186a2b19a370f1cd36156254e0a0bb31688694b33e8c560a04d2ea9aeb8,3917186d66aaac29c9c932039d5522defe50ddf1e3904931ffcc8488d10e2844,dose_00/images/test/land_pad__8575.jpg,36dc661079da493681aa0905ada63c98ba6975550a0261f883e3b2e83c065ba0,dose_00/labels/test/land_pad__8575.txt,3917186d66aaac29c9c932039d5522defe50ddf1e3904931ffcc8488d10e2844,1052,961,1,36dc661079da493681aa0905ada63c98ba6975550a0261f883e3b2e83c065ba0,0.0,land_pad,0.0,0.0,1.0
1,0.15,0.85,land_pad__8575.jpg,land_pad,8575,f6200186a2b19a370f1cd36156254e0a0bb31688694b33e8c560a04d2ea9aeb8,3917186d66aaac29c9c932039d5522defe50ddf1e3904931ffcc8488d10e2844,dose_01/images/test/land_pad__8575.png,250e92f41f4d852858fd13a38022fa3d8e2488be3f8bbd6a83b951cd566ab5a4,dose_01/labels/test/land_pad__8575.txt,3917186d66aaac29c9c932039d5522defe50ddf1e3904931ffcc8488d10e2844,1052,961,1,36dc661079da493681aa0905ada63c98ba6975550a0261f883e3b2e83c065ba0,0.15,land_pad,0.00013848059095603044,0.15384615384615385,0.8461538461538461
2,0.3,0.7,land_pad__8575.jpg,land_pad,8575,f6200186a2b19a370f1cd36156254e0a0bb31688694b33e8c560a04d2ea9aeb8,3917186d66aaac29c9c932039d5522defe50ddf1e3904931ffcc8488d10e2844,dose_02/images/test/land_pad__8575.png,b473604522682798160880e4e9ecbc91dcd919f2e220d8a93d231303d040e602,dose_02/labels/test/land_pad__8575.txt,3917186d66aaac29c9c932039d5522defe50ddf1e3904931ffcc8488d10e2844,1052,961,1,36dc661079da493681aa0905ada63c98ba6975550a0261f883e3b2e83c065ba0,0.3,land_pad,0.00026311312281645784,0.2923076923076923,0.7076923076923077
3,0.45,0.55,land_pad__8575.jpg,land_pad,8575,f6200186a2b19a370f1cd36156254e0a0bb31688694b33e8c560a04d2ea9aeb8,3917186d66aaac29c9c932039d5522defe50ddf1e3904931ffcc8488d10e2844,dose_03/images/test/land_pad__8575.png,ea7acc65eb8d534f4a241449aed79748b7f0ea783fee6741423c12d25092ef80,dose_03/labels/test/land_pad__8575.txt,3917186d66aaac29c9c932039d5522defe50ddf1e3904931ffcc8488d10e2844,1052,961,1,36dc661079da493681aa0905ada63c98ba6975550a0261f883e3b2e83c065ba0,0.45,land_pad,0.0003867565075986279,0.42967032967032964,0.5703296703296703
4,0.6,0.4,land_pad__8575.jpg,land_pad,8575,f6200186a2b19a370f1cd36156254e0a0bb31688694b33e8c560a04d2ea9aeb8,3917186d66aaac29c9c932039d5522defe50ddf1e3904931ffcc8488d10e2844,dose_04/images/test/land_pad__8575.png,519980732711a08178512231b79483808c5d576656dfade53c961e8002c897f0,dose_04/labels/test/land_pad__8575.txt,3917186d66aaac29c9c932039d5522defe50ddf1e3904931ffcc8488d10e2844,1052,961,1,36dc661079da493681aa0905ada63c98ba6975550a0261f883e3b2e83c065ba0,0.6,land_pad,0.0005341394222589745,0.5934065934065934,0.4065934065934066
5,0.75,0.25,land_pad__8575.jpg,land_pad,8575,f6200186a2b19a370f1cd36156254e0a0bb31688694b33e8c560a04d2ea9aeb8,3917186d66aaac29c9c932039d5522defe50ddf1e3904931ffcc8488d10e2844,dose_05/images/test/land_pad__8575.png,b74240c461be1fa8f8550139fcb4be478d8717a030ed749d059709a19784fa92,dose_05/labels/test/land_pad__8575.txt,3917186d66aaac29c9c932039d5522defe50ddf1e3904931ffcc8488d10e2844,1052,961,1,36dc661079da493681aa0905ada63c98ba6975550a0261f883e3b2e83c065ba0,0.75,land_pad,0.0006825114839975786,0.7582417582417582,0.24175824175824176
0,0.0,1.0,land_pad__8600.jpg,land_pad,8600,1c589678fb62c6433481a2ddfe1164655dc5ac1efebab99d6e0026d3a5bba66a,fdeaccaa9616dfaae97b5ac9222550e439be7cdbdea5273b8f5d4103ee939d5c,dose_00/images/test/land_pad__8600.jpg,408dc57c35bd6e942fc5c0545a4e01dd31e246bd2ae34caf002e297fc55edb8d,dose_00/labels/test/land_pad__8600.txt,fdeaccaa9616dfaae97b5ac9222550e439be7cdbdea5273b8f5d4103ee939d5c,1052,961,1,408dc57c35bd6e942fc5c0545a4e01dd31e246bd2ae34caf002e297fc55edb8d,0.0,land_pad,0.0,0.0,1.0
1,0.15,0.85,land_pad__8600.jpg,land_pad,8600,1c589678fb62c6433481a2ddfe1164655dc5ac1efebab99d6e0026d3a5bba66a,fdeaccaa9616dfaae97b5ac9222550e439be7cdbdea5273b8f5d4103ee939d5c,dose_01/images/test/land_pad__8600.png,1f61ea28d0f926457d6b3193446558d17672af9b8fce24e514f1c4f11a719f51,dose_01/labels/test/land_pad__8600.txt,fdeaccaa9616dfaae97b5ac9222550e439be7cdbdea5273b8f5d4103ee939d5c,1052,961,1,408dc57c35bd6e942fc5c0545a4e01dd31e246bd2ae34caf002e297fc55edb8d,0.15,land_pad,0.00013848059095603044,0.14814814814814814,0.8518518518518519
2,0.3,0.7,land_pad__8600.jpg,land_pad,8600,1c589678fb62c6433481a2ddfe1164655dc5ac1efebab99d6e0026d3a5bba66a,fdeaccaa9616dfaae97b5ac9222550e439be7cdbdea5273b8f5d4103ee939d5c,dose_02/images/test/land_pad__8600.png,5b772446cf5d1ba88c42ccf26dd0e640331bf5c8a00ffc516d8fa67b48f564e5,dose_02/labels/test/land_pad__8600.txt,fdeaccaa9616dfaae97b5ac9222550e439be7cdbdea5273b8f5d4103ee939d5c,1052,961,1,408dc57c35bd6e942fc5c0545a4e01dd31e246bd2ae34caf002e297fc55edb8d,0.3,land_pad,0.00028190691730334765,0.30158730158730157,0.6984126984126984
3,0.45,0.55,land_pad__8600.jpg,land_pad,8600,1c589678fb62c6433481a2ddfe1164655dc5ac1efebab99d6e0026d3a5bba66a,fdeaccaa9616dfaae97b5ac9222550e439be7cdbdea5273b8f5d4103ee939d5c,dose_03/images/test/land_pad__8600.png,03059f595f32048fcc75afce50ed855bf5d4396561e4982f3b4de85fe270b2d9,dose_03/labels/test/land_pad__8600.txt,fdeaccaa9616dfaae97b5ac9222550e439be7cdbdea5273b8f5d4103ee939d5c,1052,961,1,408dc57c35bd6e942fc5c0545a4e01dd31e246bd2ae34caf002e297fc55edb8d,0.45,land_pad,0.0004095068903985471,0.4380952380952381,0.5619047619047619
4,0.6,0.4,land_pad__8600.jpg,land_pad,8600,1c589678fb62c6433481a2ddfe1164655dc5ac1efebab99d6e0026d3a5bba66a,fdeaccaa9616dfaae97b5ac9222550e439be7cdbdea5273b8f5d4103ee939d5c,dose_04/images/test/land_pad__8600.png,38c250fafb3c78f54646f523077cdd141dbaf4e37d03e25f59e8b5769a643efe,dose_04/labels/test/land_pad__8600.txt,fdeaccaa9616dfaae97b5ac9222550e439be7cdbdea5273b8f5d4103ee939d5c,1052,961,1,408dc57c35bd6e942fc5c0545a4e01dd31e246bd2ae34caf002e297fc55edb8d,0.6,land_pad,0.0005608463933719233,0.6,0.4
5,0.75,0.25,land_pad__8600.jpg,land_pad,8600,1c589678fb62c6433481a2ddfe1164655dc5ac1efebab99d6e0026d3a5bba66a,fdeaccaa9616dfaae97b5ac9222550e439be7cdbdea5273b8f5d4103ee939d5c,dose_05/images/test/land_pad__8600.png,677513bc058aba5f74f2b9c039db090a6f09cbb4d0db4764cde17f5fe5d28a2c,dose_05/labels/test/land_pad__8600.txt,fdeaccaa9616dfaae97b5ac9222550e439be7cdbdea5273b8f5d4103ee939d5c,1052,961,1,408dc57c35bd6e942fc5c0545a4e01dd31e246bd2ae34caf002e297fc55edb8d,0.75,land_pad,0.0006825114839975786,0.7301587301587301,0.2698412698412698
0,0.0,1.0,land_pad__8625.jpg,land_pad,8625,ac8fdc61adf6c27f481b522feb04e5cd7589e69e6d189e3e1eb1713e599a9da4,728462766d04d009381c42cf092cf98cc7d0794f8a695b8951a87570a8b97b17,dose_00/images/test/land_pad__8625.jpg,dd0a38e08764ce8b161463468fac7a195d14564b7fba844ed4418fa478990d9e,dose_00/labels/test/land_pad__8625.txt,728462766d04d009381c42cf092cf98cc7d0794f8a695b8951a87570a8b97b17,1052,961,1,dd0a38e08764ce8b161463468fac7a195d14564b7fba844ed4418fa478990d9e,0.0,land_pad,0.0,0.0,1.0
1,0.15,0.85,land_pad__8625.jpg,land_pad,8625,ac8fdc61adf6c27f481b522feb04e5cd7589e69e6d189e3e1eb1713e599a9da4,728462766d04d009381c42cf092cf98cc7d0794f8a695b8951a87570a8b97b17,dose_01/images/test/land_pad__8625.png,0bb6ed7b4aba15faffa26e4fc4b9600063409efe6104c2af0551ec97f63f7f05,dose_01/labels/test/land_pad__8625.txt,728462766d04d009381c42cf092cf98cc7d0794f8a695b8951a87570a8b97b17,1052,961,1,dd0a38e08764ce8b161463468fac7a195d14564b7fba844ed4418fa478990d9e,0.15,land_pad,0.00013848059095603044,0.1440329218106996,0.8559670781893004
2,0.3,0.7,land_pad__8625.jpg,land_pad,8625,ac8fdc61adf6c27f481b522feb04e5cd7589e69e6d189e3e1eb1713e599a9da4,728462766d04d009381c42cf092cf98cc7d0794f8a695b8951a87570a8b97b17,dose_02/images/test/land_pad__8625.png,701b4425459f069b682ab0ef8980f62a30787ef7c234bcadd0cd279f9b55bf11,dose_02/labels/test/land_pad__8625.txt,728462766d04d009381c42cf092cf98cc7d0794f8a695b8951a87570a8b97b17,1052,961,1,dd0a38e08764ce8b161463468fac7a195d14564b7fba844ed4418fa478990d9e,0.3,land_pad,0.00029674412347720805,0.30864197530864196,0.691358024691358
3,0.45,0.55,land_pad__8625.jpg,land_pad,8625,ac8fdc61adf6c27f481b522feb04e5cd7589e69e6d189e3e1eb1713e599a9da4,728462766d04d009381c42cf092cf98cc7d0794f8a695b8951a87570a8b97b17,dose_03/images/test/land_pad__8625.png,4113095a1fac52effcb2bd1ceee8435235a13b563b3e873c176669b0b8553a10,dose_03/labels/test/land_pad__8625.txt,728462766d04d009381c42cf092cf98cc7d0794f8a695b8951a87570a8b97b17,1052,961,1,dd0a38e08764ce8b161463468fac7a195d14564b7fba844ed4418fa478990d9e,0.45,land_pad,0.00042731153780717964,0.4444444444444444,0.5555555555555556
4,0.6,0.4,land_pad__8625.jpg,land_pad,8625,ac8fdc61adf6c27f481b522feb04e5cd7589e69e6d189e3e1eb1713e599a9da4,728462766d04d009381c42cf092cf98cc7d0794f8a695b8951a87570a8b97b17,dose_04/images/test/land_pad__8625.png,efd1af485395d27b5ec6d00da05b3743c2aea34053a13b960c2b87f9f926329e,dose_04/labels/test/land_pad__8625.txt,728462766d04d009381c42cf092cf98cc7d0794f8a695b8951a87570a8b97b17,1052,961,1,dd0a38e08764ce8b161463468fac7a195d14564b7fba844ed4418fa478990d9e,0.6,land_pad,0.0005816184820153278,0.6049382716049383,0.3950617283950617
5,0.75,0.25,land_pad__8625.jpg,land_pad,8625,ac8fdc61adf6c27f481b522feb04e5cd7589e69e6d189e3e1eb1713e599a9da4,728462766d04d009381c42cf092cf98cc7d0794f8a695b8951a87570a8b97b17,dose_05/images/test/land_pad__8625.png,9475e1136001b663714e5ba3f843367ccec2f407621583a16f34f70303e94680,dose_05/labels/test/land_pad__8625.txt,728462766d04d009381c42cf092cf98cc7d0794f8a695b8951a87570a8b97b17,1052,961,1,dd0a38e08764ce8b161463468fac7a195d14564b7fba844ed4418fa478990d9e,0.75,land_pad,0.0007052618667974978,0.7335390946502057,0.2664609053497942
0,0.0,1.0,land_pad__8650.jpg,land_pad,8650,89749f433aaa84fc8b64dc49e8d4b96c66c0954695782074f631c6862a27d149,ff4085f86e6e9e435405d9ed6332dd3b537ebf159e6deb128d8b9b2fa4aa818f,dose_00/images/test/land_pad__8650.jpg,dc3eeb04a9c260136562b9b3affed6f75c37f4eb467e7bf1c51671f11ba23432,dose_00/labels/test/land_pad__8650.txt,ff4085f86e6e9e435405d9ed6332dd3b537ebf159e6deb128d8b9b2fa4aa818f,1052,961,1,dc3eeb04a9c260136562b9b3affed6f75c37f4eb467e7bf1c51671f11ba23432,0.0,land_pad,0.0,0.0,1.0
1,0.15,0.85,land_pad__8650.jpg,land_pad,8650,89749f433aaa84fc8b64dc49e8d4b96c66c0954695782074f631c6862a27d149,ff4085f86e6e9e435405d9ed6332dd3b537ebf159e6deb128d8b9b2fa4aa818f,dose_01/images/test/land_pad__8650.png,5cfca2515df9399e1a00118854a46a77f658d8b3c91480e7ef9ac731168b8634,dose_01/labels/test/land_pad__8650.txt,ff4085f86e6e9e435405d9ed6332dd3b537ebf159e6deb128d8b9b2fa4aa818f,1052,961,1,dc3eeb04a9c260136562b9b3affed6f75c37f4eb467e7bf1c51671f11ba23432,0.15,land_pad,0.00011869764939088324,0.15,0.85
2,0.3,0.7,land_pad__8650.jpg,land_pad,8650,89749f433aaa84fc8b64dc49e8d4b96c66c0954695782074f631c6862a27d149,ff4085f86e6e9e435405d9ed6332dd3b537ebf159e6deb128d8b9b2fa4aa818f,dose_02/images/test/land_pad__8650.png,d53c66b52d2a4e9d68fdf05cf3041c3a6347d4b80f188341b7a7698f48f18b8e,dose_02/labels/test/land_pad__8650.txt,ff4085f86e6e9e435405d9ed6332dd3b537ebf159e6deb128d8b9b2fa4aa818f,1052,961,1,dc3eeb04a9c260136562b9b3affed6f75c37f4eb467e7bf1c51671f11ba23432,0.3,land_pad,0.0002492650637208548,0.315,0.685
3,0.45,0.55,land_pad__8650.jpg,land_pad,8650,89749f433aaa84fc8b64dc49e8d4b96c66c0954695782074f631c6862a27d149,ff4085f86e6e9e435405d9ed6332dd3b537ebf159e6deb128d8b9b2fa4aa818f,dose_03/images/test/land_pad__8650.png,74b7eac4948ec36d7a8746b230d653e2274a6605af34c0eb4e6687e522618e38,dose_03/labels/test/land_pad__8650.txt,ff4085f86e6e9e435405d9ed6332dd3b537ebf159e6deb128d8b9b2fa4aa818f,1052,961,1,dc3eeb04a9c260136562b9b3affed6f75c37f4eb467e7bf1c51671f11ba23432,0.45,land_pad,0.0003531255069378776,0.44625,0.55375
4,0.6,0.4,land_pad__8650.jpg,land_pad,8650,89749f433aaa84fc8b64dc49e8d4b96c66c0954695782074f631c6862a27d149,ff4085f86e6e9e435405d9ed6332dd3b537ebf159e6deb128d8b9b2fa4aa818f,dose_04/images/test/land_pad__8650.png,a8595471a956fabc5731ecca1b46a75f10ee55980244cdd8f9f76c01891a8dd9,dose_04/labels/test/land_pad__8650.txt,ff4085f86e6e9e435405d9ed6332dd3b537ebf159e6deb128d8b9b2fa4aa818f,1052,961,1,dc3eeb04a9c260136562b9b3affed6f75c37f4eb467e7bf1c51671f11ba23432,0.6,land_pad,0.0004698448621722461,0.59375,0.40625
5,0.75,0.25,land_pad__8650.jpg,land_pad,8650,89749f433aaa84fc8b64dc49e8d4b96c66c0954695782074f631c6862a27d149,ff4085f86e6e9e435405d9ed6332dd3b537ebf159e6deb128d8b9b2fa4aa818f,dose_05/images/test/land_pad__8650.png,59b2157dfe9498b4f3f93b627708ce72006abf77ceb4495123d7f31e872ec58f,dose_05/labels/test/land_pad__8650.txt,ff4085f86e6e9e435405d9ed6332dd3b537ebf159e6deb128d8b9b2fa4aa818f,1052,961,1,dc3eeb04a9c260136562b9b3affed6f75c37f4eb467e7bf1c51671f11ba23432,0.75,land_pad,0.0006093146002065339,0.77,0.23
0,0.0,1.0,land_pad__8675.jpg,land_pad,8675,552d1afac41c85e7aad5fc1902dbc5f0e8f5aaa3cdc4927ab54e3dea0f1f4cba,640c4d7ea3b82b7502d6645f89121e8aa4f4eef1ea255e643ab5de2bda3ecea3,dose_00/images/test/land_pad__8675.jpg,2bd73cd160a13a1e2eeb65222b6af3963e6e48d5183f5486651a08d0676934a5,dose_00/labels/test/land_pad__8675.txt,640c4d7ea3b82b7502d6645f89121e8aa4f4eef1ea255e643ab5de2bda3ecea3,1052,961,1,2bd73cd160a13a1e2eeb65222b6af3963e6e48d5183f5486651a08d0676934a5,0.0,land_pad,0.0,0.0,1.0
1,0.15,0.85,land_pad__8675.jpg,land_pad,8675,552d1afac41c85e7aad5fc1902dbc5f0e8f5aaa3cdc4927ab54e3dea0f1f4cba,640c4d7ea3b82b7502d6645f89121e8aa4f4eef1ea255e643ab5de2bda3ecea3,dose_01/images/test/land_pad__8675.png,e99e28da4a3d7f5196ac4c339b0b93fc6536873353e04d6e4d581fc13efb2fd6,dose_01/labels/test/land_pad__8675.txt,640c4d7ea3b82b7502d6645f89121e8aa4f4eef1ea255e643ab5de2bda3ecea3,1052,961,1,2bd73cd160a13a1e2eeb65222b6af3963e6e48d5183f5486651a08d0676934a5,0.15,land_pad,0.00014837206173860402,0.15384615384615385,0.8461538461538461
2,0.3,0.7,land_pad__8675.jpg,land_pad,8675,552d1afac41c85e7aad5fc1902dbc5f0e8f5aaa3cdc4927ab54e3dea0f1f4cba,640c4d7ea3b82b7502d6645f89121e8aa4f4eef1ea255e643ab5de2bda3ecea3,dose_02/images/test/land_pad__8675.png,6931772ac4d43ffbdfd4751590e77a9c12d15daa9a932456493d9c294421bbd3,dose_02/labels/test/land_pad__8675.txt,640c4d7ea3b82b7502d6645f89121e8aa4f4eef1ea255e643ab5de2bda3ecea3,1052,961,1,2bd73cd160a13a1e2eeb65222b6af3963e6e48d5183f5486651a08d0676934a5,0.3,land_pad,0.0002908092410076639,0.30153846153846153,0.6984615384615385
3,0.45,0.55,land_pad__8675.jpg,land_pad,8675,552d1afac41c85e7aad5fc1902dbc5f0e8f5aaa3cdc4927ab54e3dea0f1f4cba,640c4d7ea3b82b7502d6645f89121e8aa4f4eef1ea255e643ab5de2bda3ecea3,dose_03/images/test/land_pad__8675.png,208320f17b23bdf1eb4f1fe71f59d80b660add5f6b1dfe4cfbf2462f75999f89,dose_03/labels/test/land_pad__8675.txt,640c4d7ea3b82b7502d6645f89121e8aa4f4eef1ea255e643ab5de2bda3ecea3,1052,961,1,2bd73cd160a13a1e2eeb65222b6af3963e6e48d5183f5486651a08d0676934a5,0.45,land_pad,0.00043720300858975325,0.4533333333333333,0.5466666666666666
4,0.6,0.4,land_pad__8675.jpg,land_pad,8675,552d1afac41c85e7aad5fc1902dbc5f0e8f5aaa3cdc4927ab54e3dea0f1f4cba,640c4d7ea3b82b7502d6645f89121e8aa4f4eef1ea255e643ab5de2bda3ecea3,dose_04/images/test/land_pad__8675.png,f1afb08da693e55206a13c837dfa6b5347700fc57437cc14b280273b71521797,dose_04/labels/test/land_pad__8675.txt,640c4d7ea3b82b7502d6645f89121e8aa4f4eef1ea255e643ab5de2bda3ecea3,1052,961,1,2bd73cd160a13a1e2eeb65222b6af3963e6e48d5183f5486651a08d0676934a5,0.6,land_pad,0.0005638138346066953,0.5846153846153846,0.4153846153846154
5,0.75,0.25,land_pad__8675.jpg,land_pad,8675,552d1afac41c85e7aad5fc1902dbc5f0e8f5aaa3cdc4927ab54e3dea0f1f4cba,640c4d7ea3b82b7502d6645f89121e8aa4f4eef1ea255e643ab5de2bda3ecea3,dose_05/images/test/land_pad__8675.png,624626201865f9161c0e5619b6efec731a5a16f726579fd769de640b793728ad,dose_05/labels/test/land_pad__8675.txt,640c4d7ea3b82b7502d6645f89121e8aa4f4eef1ea255e643ab5de2bda3ecea3,1052,961,1,2bd73cd160a13a1e2eeb65222b6af3963e6e48d5183f5486651a08d0676934a5,0.75,land_pad,0.0007398820145365054,0.7671794871794871,0.23282051282051283
0,0.0,1.0,land_pad__8700.jpg,land_pad,8700,972dbd4b6e9446d7780e3d407856401df49c2c62ab6b3e9ba3f6ef5f9fab419c,2cf5490ce6ba072437b1d6c6550530cf67f62b5ea7daf1d7b9130eb303a7b473,dose_00/images/test/land_pad__8700.jpg,606a2d6b6482f7e304b376480b8b9c5b47ba23b21c68befd8ece87f0b2f0d7d4,dose_00/labels/test/land_pad__8700.txt,2cf5490ce6ba072437b1d6c6550530cf67f62b5ea7daf1d7b9130eb303a7b473,1052,961,1,606a2d6b6482f7e304b376480b8b9c5b47ba23b21c68befd8ece87f0b2f0d7d4,0.0,land_pad,0.0,0.0,1.0
1,0.15,0.85,land_pad__8700.jpg,land_pad,8700,972dbd4b6e9446d7780e3d407856401df49c2c62ab6b3e9ba3f6ef5f9fab419c,2cf5490ce6ba072437b1d6c6550530cf67f62b5ea7daf1d7b9130eb303a7b473,dose_01/images/test/land_pad__8700.png,ed8b930e7b9690440751f361818d3e563f0a57bdd382c4f00a20a7232d4da3d9,dose_01/labels/test/land_pad__8700.txt,2cf5490ce6ba072437b1d6c6550530cf67f62b5ea7daf1d7b9130eb303a7b473,1052,961,1,606a2d6b6482f7e304b376480b8b9c5b47ba23b21c68befd8ece87f0b2f0d7d4,0.15,land_pad,0.00014837206173860402,0.14619883040935672,0.8538011695906432
2,0.3,0.7,land_pad__8700.jpg,land_pad,8700,972dbd4b6e9446d7780e3d407856401df49c2c62ab6b3e9ba3f6ef5f9fab419c,2cf5490ce6ba072437b1d6c6550530cf67f62b5ea7daf1d7b9130eb303a7b473,dose_02/images/test/land_pad__8700.png,63d8e8e2aade544d3f5b7ac451532bfe898d91e1909305f8ada63628dbef495b,dose_02/labels/test/land_pad__8700.txt,2cf5490ce6ba072437b1d6c6550530cf67f62b5ea7daf1d7b9130eb303a7b473,1052,961,1,606a2d6b6482f7e304b376480b8b9c5b47ba23b21c68befd8ece87f0b2f0d7d4,0.3,land_pad,0.0003115813296510685,0.30701754385964913,0.6929824561403509
3,0.45,0.55,land_pad__8700.jpg,land_pad,8700,972dbd4b6e9446d7780e3d407856401df49c2c62ab6b3e9ba3f6ef5f9fab419c,2cf5490ce6ba072437b1d6c6550530cf67f62b5ea7daf1d7b9130eb303a7b473,dose_03/images/test/land_pad__8700.png,28efc13dbee2d2db81d8cbdf768699124db5459139419757a17f6303900c0e9f,dose_03/labels/test/land_pad__8700.txt,2cf5490ce6ba072437b1d6c6550530cf67f62b5ea7daf1d7b9130eb303a7b473,1052,961,1,606a2d6b6482f7e304b376480b8b9c5b47ba23b21c68befd8ece87f0b2f0d7d4,0.45,land_pad,0.0004451161852158121,0.43859649122807015,0.5614035087719298
4,0.6,0.4,land_pad__8700.jpg,land_pad,8700,972dbd4b6e9446d7780e3d407856401df49c2c62ab6b3e9ba3f6ef5f9fab419c,2cf5490ce6ba072437b1d6c6550530cf67f62b5ea7daf1d7b9130eb303a7b473,dose_04/images/test/land_pad__8700.png,3cf42da018d4f7a312f3c612c86f04d2d7985d90cce365cc49bdb1b542d4904b,dose_04/labels/test/land_pad__8700.txt,2cf5490ce6ba072437b1d6c6550530cf67f62b5ea7daf1d7b9130eb303a7b473,1052,961,1,606a2d6b6482f7e304b376480b8b9c5b47ba23b21c68befd8ece87f0b2f0d7d4,0.6,land_pad,0.0006023905706587324,0.5935672514619883,0.4064327485380117
5,0.75,0.25,land_pad__8700.jpg,land_pad,8700,972dbd4b6e9446d7780e3d407856401df49c2c62ab6b3e9ba3f6ef5f9fab419c,2cf5490ce6ba072437b1d6c6550530cf67f62b5ea7daf1d7b9130eb303a7b473,dose_05/images/test/land_pad__8700.png,895de85ad3427ac11b852623586dc2d6792e2c5cad2a5f49bec5120f85243038,dose_05/labels/test/land_pad__8700.txt,2cf5490ce6ba072437b1d6c6550530cf67f62b5ea7daf1d7b9130eb303a7b473,1052,961,1,606a2d6b6482f7e304b376480b8b9c5b47ba23b21c68befd8ece87f0b2f0d7d4,0.75,land_pad,0.0007507626323973364,0.7397660818713451,0.260233918128655
0,0.0,1.0,land_pad2__2050.jpg,land_pad2,2050,51b79b23d73d323ef475dddc00afd72c148b0837d81fa80f97c42325bc36ea53,8ffb1d0c2394b602444712861260aa08f81e6946b446a7f508f1cf5cef1d606a,dose_00/images/test/land_pad2__2050.jpg,cd2a50a2e024e3132e0a6b2160200991df84fcf055a787f6ce595516784422ba,dose_00/labels/test/land_pad2__2050.txt,8ffb1d0c2394b602444712861260aa08f81e6946b446a7f508f1cf5cef1d606a,1052,961,1,cd2a50a2e024e3132e0a6b2160200991df84fcf055a787f6ce595516784422ba,0.0,land_pad2,0.0,0.0,1.0
1,0.15,0.85,land_pad2__2050.jpg,land_pad2,2050,51b79b23d73d323ef475dddc00afd72c148b0837d81fa80f97c42325bc36ea53,8ffb1d0c2394b602444712861260aa08f81e6946b446a7f508f1cf5cef1d606a,dose_01/images/test/land_pad2__2050.png,1d49129908ea4d149dcf097e0fbc64fc9685ea0ce265bbd7c8c755a30caa4c5c,dose_01/labels/test/land_pad2__2050.txt,8ffb1d0c2394b602444712861260aa08f81e6946b446a7f508f1cf5cef1d606a,1052,961,1,cd2a50a2e024e3132e0a6b2160200991df84fcf055a787f6ce595516784422ba,0.15,land_pad2,0.036276969095088686,0.15003681885125184,0.8499631811487481
2,0.3,0.7,land_pad2__2050.jpg,land_pad2,2050,51b79b23d73d323ef475dddc00afd72c148b0837d81fa80f97c42325bc36ea53,8ffb1d0c2394b602444712861260aa08f81e6946b446a7f508f1cf5cef1d606a,dose_02/images/test/land_pad2__2050.png,e247db6e661470127bc9b925f4f7ef514991e48865c9810f74fbe7fd2cd60ce4,dose_02/labels/test/land_pad2__2050.txt,8ffb1d0c2394b602444712861260aa08f81e6946b446a7f508f1cf5cef1d606a,1052,961,1,cd2a50a2e024e3132e0a6b2160200991df84fcf055a787f6ce595516784422ba,0.3,land_pad2,0.07257372113174253,0.3001554573719522,0.6998445426280477
3,0.45,0.55,land_pad2__2050.jpg,land_pad2,2050,51b79b23d73d323ef475dddc00afd72c148b0837d81fa80f97c42325bc36ea53,8ffb1d0c2394b602444712861260aa08f81e6946b446a7f508f1cf5cef1d606a,dose_03/images/test/land_pad2__2050.png,373c8904540af14998cd21bdaeeb4589bc9aa6a6d506ad2b23cdc69ede7857b2,dose_03/labels/test/land_pad2__2050.txt,8ffb1d0c2394b602444712861260aa08f81e6946b446a7f508f1cf5cef1d606a,1052,961,1,cd2a50a2e024e3132e0a6b2160200991df84fcf055a787f6ce595516784422ba,0.45,land_pad2,0.10878639566674447,0.44992636229749633,0.5500736377025037
4,0.6,0.4,land_pad2__2050.jpg,land_pad2,2050,51b79b23d73d323ef475dddc00afd72c148b0837d81fa80f97c42325bc36ea53,8ffb1d0c2394b602444712861260aa08f81e6946b446a7f508f1cf5cef1d606a,dose_04/images/test/land_pad2__2050.png,8cdc25f624945076928999f1dbd729658091bfdd97f31920e713cffbb9132bc4,dose_04/labels/test/land_pad2__2050.txt,8ffb1d0c2394b602444712861260aa08f81e6946b446a7f508f1cf5cef1d606a,1052,961,1,cd2a50a2e024e3132e0a6b2160200991df84fcf055a787f6ce595516784422ba,0.6,land_pad2,0.1449842329955726,0.599635902470954,0.400364097529046
5,0.75,0.25,land_pad2__2050.jpg,land_pad2,2050,51b79b23d73d323ef475dddc00afd72c148b0837d81fa80f97c42325bc36ea53,8ffb1d0c2394b602444712861260aa08f81e6946b446a7f508f1cf5cef1d606a,dose_05/images/test/land_pad2__2050.png,9ca0641e2322edd7052955d036a680f60e1d33f2e101ea73ccb4d7712b6b9a44,dose_05/labels/test/land_pad2__2050.txt,8ffb1d0c2394b602444712861260aa08f81e6946b446a7f508f1cf5cef1d606a,1052,961,1,cd2a50a2e024e3132e0a6b2160200991df84fcf055a787f6ce595516784422ba,0.75,land_pad2,0.1814649663887823,0.7505154639175258,0.24948453608247423
0,0.0,1.0,land_pad2__2075.jpg,land_pad2,2075,7204e4a48a8b284f9d894b683c0fba56521ca59732b04a2cdcdd782759995ffa,15ed271e590c558ae8cc002c04dc9a12b58614a8af93e45780e78200db22c784,dose_00/images/test/land_pad2__2075.jpg,0274f9ba08de2dcface621fefb1c63d6031cc40637137ac7e1a19f9948b9e550,dose_00/labels/test/land_pad2__2075.txt,15ed271e590c558ae8cc002c04dc9a12b58614a8af93e45780e78200db22c784,1052,961,1,0274f9ba08de2dcface621fefb1c63d6031cc40637137ac7e1a19f9948b9e550,0.0,land_pad2,0.0,0.0,1.0
1,0.15,0.85,land_pad2__2075.jpg,land_pad2,2075,7204e4a48a8b284f9d894b683c0fba56521ca59732b04a2cdcdd782759995ffa,15ed271e590c558ae8cc002c04dc9a12b58614a8af93e45780e78200db22c784,dose_01/images/test/land_pad2__2075.png,ba23d7d1f6a4f69c3c37f23414d48484d5c2ae46996a4a0bcd0655da5a4b4199,dose_01/labels/test/land_pad2__2075.txt,15ed271e590c558ae8cc002c04dc9a12b58614a8af93e45780e78200db22c784,1052,961,1,0274f9ba08de2dcface621fefb1c63d6031cc40637137ac7e1a19f9948b9e550,0.15,land_pad2,0.027288589594964056,0.14982078853046596,0.850179211469534
2,0.3,0.7,land_pad2__2075.jpg,land_pad2,2075,7204e4a48a8b284f9d894b683c0fba56521ca59732b04a2cdcdd782759995ffa,15ed271e590c558ae8cc002c04dc9a12b58614a8af93e45780e78200db22c784,dose_02/images/test/land_pad2__2075.png,060e2003e7606991eca8a9567dc27f47f19c00afbb0b2c87168199388dcb6ee0,dose_02/labels/test/land_pad2__2075.txt,15ed271e590c558ae8cc002c04dc9a12b58614a8af93e45780e78200db22c784,1052,961,1,0274f9ba08de2dcface621fefb1c63d6031cc40637137ac7e1a19f9948b9e550,0.3,land_pad2,0.0547512690757014,0.3005973715651135,0.6994026284348865
3,0.45,0.55,land_pad2__2075.jpg,land_pad2,2075,7204e4a48a8b284f9d894b683c0fba56521ca59732b04a2cdcdd782759995ffa,15ed271e590c558ae8cc002c04dc9a12b58614a8af93e45780e78200db22c784,dose_03/images/test/land_pad2__2075.png,dddff0d5df96767b9220aad4fb5dd5f450ad1ea32bb5221dae12f8d3bd1e7870,dose_03/labels/test/land_pad2__2075.txt,15ed271e590c558ae8cc002c04dc9a12b58614a8af93e45780e78200db22c784,1052,961,1,0274f9ba08de2dcface621fefb1c63d6031cc40637137ac7e1a19f9948b9e550,0.45,land_pad2,0.08199831449337865,0.45019007277071793,0.549809927229282
4,0.6,0.4,land_pad2__2075.jpg,land_pad2,2075,7204e4a48a8b284f9d894b683c0fba56521ca59732b04a2cdcdd782759995ffa,15ed271e590c558ae8cc002c04dc9a12b58614a8af93e45780e78200db22c784,dose_04/images/test/land_pad2__2075.png,86ac7a4ef2eec44310eebbb1b31fc30bf231f28125e2d8c3269524a6a3ba54a3,dose_04/labels/test/land_pad2__2075.txt,15ed271e590c558ae8cc002c04dc9a12b58614a8af93e45780e78200db22c784,1052,961,1,0274f9ba08de2dcface621fefb1c63d6031cc40637137ac7e1a19f9948b9e550,0.6,land_pad2,0.10915435837985622,0.5992831541218638,0.4007168458781362
5,0.75,0.25,land_pad2__2075.jpg,land_pad2,2075,7204e4a48a8b284f9d894b683c0fba56521ca59732b04a2cdcdd782759995ffa,15ed271e590c558ae8cc002c04dc9a12b58614a8af93e45780e78200db22c784,dose_05/images/test/land_pad2__2075.png,9636cb02ad2bf073485a225f60752fbb1abd099d0396ceffbfcd176097efb3e6,dose_05/labels/test/land_pad2__2075.txt,15ed271e590c558ae8cc002c04dc9a12b58614a8af93e45780e78200db22c784,1052,961,1,0274f9ba08de2dcface621fefb1c63d6031cc40637137ac7e1a19f9948b9e550,0.75,land_pad2,0.13656164562421116,0.7497556207233627,0.25024437927663734
0,0.0,1.0,land_pad2__2100.jpg,land_pad2,2100,b0e921535c7ecdf19d7dc2d3072a1f4732c9f6996ca9cffab0a2838f7aa50d66,1c37612c3da22a1789eeac00653a09f81f88415be654db1125b706576c515fa7,dose_00/images/test/land_pad2__2100.jpg,4bf05ee9c44903dc764cadbf1fec83f9056c46b60fb61c9396b0d62738782c8d,dose_00/labels/test/land_pad2__2100.txt,1c37612c3da22a1789eeac00653a09f81f88415be654db1125b706576c515fa7,1052,961,1,4bf05ee9c44903dc764cadbf1fec83f9056c46b60fb61c9396b0d62738782c8d,0.0,land_pad2,0.0,0.0,1.0
1,0.15,0.85,land_pad2__2100.jpg,land_pad2,2100,b0e921535c7ecdf19d7dc2d3072a1f4732c9f6996ca9cffab0a2838f7aa50d66,1c37612c3da22a1789eeac00653a09f81f88415be654db1125b706576c515fa7,dose_01/images/test/land_pad2__2100.png,4379935e351154df5e279d5eb09a6f0cb721a1ddfb62dbf82715f3a623bd2a2c,dose_01/labels/test/land_pad2__2100.txt,1c37612c3da22a1789eeac00653a09f81f88415be654db1125b706576c515fa7,1052,961,1,4bf05ee9c44903dc764cadbf1fec83f9056c46b60fb61c9396b0d62738782c8d,0.15,land_pad2,0.03199099480499955,0.14945609478830674,0.8505439052116933
2,0.3,0.7,land_pad2__2100.jpg,land_pad2,2100,b0e921535c7ecdf19d7dc2d3072a1f4732c9f6996ca9cffab0a2838f7aa50d66,1c37612c3da22a1789eeac00653a09f81f88415be654db1125b706576c515fa7,dose_02/images/test/land_pad2__2100.png,7679c96df2f776efcb21ddf056a5530477da7d845562de1d519946b6043eb584,dose_02/labels/test/land_pad2__2100.txt,1c37612c3da22a1789eeac00653a09f81f88415be654db1125b706576c515fa7,1052,961,1,4bf05ee9c44903dc764cadbf1fec83f9056c46b60fb61c9396b0d62738782c8d,0.3,land_pad2,0.06412047020095513,0.2995591456482962,0.7004408543517038
3,0.45,0.55,land_pad2__2100.jpg,land_pad2,2100,b0e921535c7ecdf19d7dc2d3072a1f4732c9f6996ca9cffab0a2838f7aa50d66,1c37612c3da22a1789eeac00653a09f81f88415be654db1125b706576c515fa7,dose_03/images/test/land_pad2__2100.png,77fa624ee7164b354bae3c6745ae4b2ecac0465ed854f637bda0c9fb4488471a,dose_03/labels/test/land_pad2__2100.txt,1c37612c3da22a1789eeac00653a09f81f88415be654db1125b706576c515fa7,1052,961,1,4bf05ee9c44903dc764cadbf1fec83f9056c46b60fb61c9396b0d62738782c8d,0.45,land_pad2,0.0963191858923887,0.449985674544127,0.5500143254558729
4,0.6,0.4,land_pad2__2100.jpg,land_pad2,2100,b0e921535c7ecdf19d7dc2d3072a1f4732c9f6996ca9cffab0a2838f7aa50d66,1c37612c3da22a1789eeac00653a09f81f88415be654db1125b706576c515fa7,dose_04/images/test/land_pad2__2100.png,c5d4ab2bd6b244c8fb392e13593351d48e1184cb7a05c79caf44763279a504af,dose_04/labels/test/land_pad2__2100.txt,1c37612c3da22a1789eeac00653a09f81f88415be654db1125b706576c515fa7,1052,961,1,4bf05ee9c44903dc764cadbf1fec83f9056c46b60fb61c9396b0d62738782c8d,0.6,land_pad2,0.12827457140257098,0.5992754091997153,0.40072459080028466
5,0.75,0.25,land_pad2__2100.jpg,land_pad2,2100,b0e921535c7ecdf19d7dc2d3072a1f4732c9f6996ca9cffab0a2838f7aa50d66,1c37612c3da22a1789eeac00653a09f81f88415be654db1125b706576c515fa7,dose_05/images/test/land_pad2__2100.png,db758358d491a5e035d17369554caae921151b118ab390f306ee43d57b7b51e1,dose_05/labels/test/land_pad2__2100.txt,1c37612c3da22a1789eeac00653a09f81f88415be654db1125b706576c515fa7,1052,961,1,4bf05ee9c44903dc764cadbf1fec83f9056c46b60fb61c9396b0d62738782c8d,0.75,land_pad2,0.16085905445452495,0.7515041728666624,0.24849582713333765
0,0.0,1.0,land_pad2__2125.jpg,land_pad2,2125,360cb4bf1402d4e54e1175bb641ea798f9fb3d6db192267686c956a80ea51817,15f2062c83f2eaac61ca91c6bdd3725c84c1c45e85b32e5faeae05d5b268df4f,dose_00/images/test/land_pad2__2125.jpg,efc0a32a55a409734ad25f10ede3c1d4c121f62c7460de3c427bec44420de7d5,dose_00/labels/test/land_pad2__2125.txt,15f2062c83f2eaac61ca91c6bdd3725c84c1c45e85b32e5faeae05d5b268df4f,1052,961,1,efc0a32a55a409734ad25f10ede3c1d4c121f62c7460de3c427bec44420de7d5,0.0,land_pad2,0.0,0.0,1.0
1,0.15,0.85,land_pad2__2125.jpg,land_pad2,2125,360cb4bf1402d4e54e1175bb641ea798f9fb3d6db192267686c956a80ea51817,15f2062c83f2eaac61ca91c6bdd3725c84c1c45e85b32e5faeae05d5b268df4f,dose_01/images/test/land_pad2__2125.png,d1b413eaf777a5e18087bf5359c30869ff7ca837c97beb8eead82654211b3b5e,dose_01/labels/test/land_pad2__2125.txt,15f2062c83f2eaac61ca91c6bdd3725c84c1c45e85b32e5faeae05d5b268df4f,1052,961,1,efc0a32a55a409734ad25f10ede3c1d4c121f62c7460de3c427bec44420de7d5,0.15,land_pad2,0.031882188626391236,0.1505591315477247,0.8494408684522753
2,0.3,0.7,land_pad2__2125.jpg,land_pad2,2125,360cb4bf1402d4e54e1175bb641ea798f9fb3d6db192267686c956a80ea51817,15f2062c83f2eaac61ca91c6bdd3725c84c1c45e85b32e5faeae05d5b268df4f,dose_02/images/test/land_pad2__2125.png,28cb9a03f941ca3137c1a59bea34c11327bcc67dd5050e15a511adce60279ba0,dose_02/labels/test/land_pad2__2125.txt,15f2062c83f2eaac61ca91c6bdd3725c84c1c45e85b32e5faeae05d5b268df4f,1052,961,1,efc0a32a55a409734ad25f10ede3c1d4c121f62c7460de3c427bec44420de7d5,0.3,land_pad2,0.06352698195400071,0.2999971973356004,0.7000028026643996
3,0.45,0.55,land_pad2__2125.jpg,land_pad2,2125,360cb4bf1402d4e54e1175bb641ea798f9fb3d6db192267686c956a80ea51817,15f2062c83f2eaac61ca91c6bdd3725c84c1c45e85b32e5faeae05d5b268df4f,dose_03/images/test/land_pad2__2125.png,7816c5c5fc2ef71cf738dcba54d43404cc9a46a4ab794c32855ee95a2fb30591,dose_03/labels/test/land_pad2__2125.txt,15f2062c83f2eaac61ca91c6bdd3725c84c1c45e85b32e5faeae05d5b268df4f,1052,961,1,efc0a32a55a409734ad25f10ede3c1d4c121f62c7460de3c427bec44420de7d5,0.45,land_pad2,0.09532311478458355,0.4501499425453798,0.5498500574546202
4,0.6,0.4,land_pad2__2125.jpg,land_pad2,2125,360cb4bf1402d4e54e1175bb641ea798f9fb3d6db192267686c956a80ea51817,15f2062c83f2eaac61ca91c6bdd3725c84c1c45e85b32e5faeae05d5b268df4f,dose_04/images/test/land_pad2__2125.png,53cc059ec4c39de2b928e1fc8c783dce8d40b904b9dd9e0aae18ffdd7e89e125,dose_04/labels/test/land_pad2__2125.txt,15f2062c83f2eaac61ca91c6bdd3725c84c1c45e85b32e5faeae05d5b268df4f,1052,961,1,efc0a32a55a409734ad25f10ede3c1d4c121f62c7460de3c427bec44420de7d5,0.6,land_pad2,0.12681360116798487,0.5988593155893536,0.4011406844106464
5,0.75,0.25,land_pad2__2125.jpg,land_pad2,2125,360cb4bf1402d4e54e1175bb641ea798f9fb3d6db192267686c956a80ea51817,15f2062c83f2eaac61ca91c6bdd3725c84c1c45e85b32e5faeae05d5b268df4f,dose_05/images/test/land_pad2__2125.png,308149eac35e97b157642ef33f77ee425abcf5cefb48154494a8a04a778ced26,dose_05/labels/test/land_pad2__2125.txt,15f2062c83f2eaac61ca91c6bdd3725c84c1c45e85b32e5faeae05d5b268df4f,1052,961,1,efc0a32a55a409734ad25f10ede3c1d4c121f62c7460de3c427bec44420de7d5,0.75,land_pad2,0.1587699758252454,0.7497687801870312,0.25023121981296886
0,0.0,1.0,land_pad2__2150.jpg,land_pad2,2150,61d64f5543676d46f2d96afa0d0083398d00eb3d8adc70af1b63d0e877ddfd59,9db83eaa76388abd9e5a5f7f23621d0172c094f12040f6720a7d546fc1a6b739,dose_00/images/test/land_pad2__2150.jpg,cb37a935d1166f38f19d30b125d42405e7999f4c3ce13c95f1822b54deb5331c,dose_00/labels/test/land_pad2__2150.txt,9db83eaa76388abd9e5a5f7f23621d0172c094f12040f6720a7d546fc1a6b739,1052,961,1,cb37a935d1166f38f19d30b125d42405e7999f4c3ce13c95f1822b54deb5331c,0.0,land_pad2,0.0,0.0,1.0
1,0.15,0.85,land_pad2__2150.jpg,land_pad2,2150,61d64f5543676d46f2d96afa0d0083398d00eb3d8adc70af1b63d0e877ddfd59,9db83eaa76388abd9e5a5f7f23621d0172c094f12040f6720a7d546fc1a6b739,dose_01/images/test/land_pad2__2150.png,9c281f7ebb0b7f0470ae35a3b1d8f4ef9af1df78d9d96faf9c47b8e424ea1d78,dose_01/labels/test/land_pad2__2150.txt,9db83eaa76388abd9e5a5f7f23621d0172c094f12040f6720a7d546fc1a6b739,1052,961,1,cb37a935d1166f38f19d30b125d42405e7999f4c3ce13c95f1822b54deb5331c,0.15,land_pad2,0.03387927657739285,0.14997372799719766,0.8500262720028023
2,0.3,0.7,land_pad2__2150.jpg,land_pad2,2150,61d64f5543676d46f2d96afa0d0083398d00eb3d8adc70af1b63d0e877ddfd59,9db83eaa76388abd9e5a5f7f23621d0172c094f12040f6720a7d546fc1a6b739,dose_02/images/test/land_pad2__2150.png,4153cd47ca70e5664bb00f120bef715111f8a589690830bb683c9f7f8fd5e922,dose_02/labels/test/land_pad2__2150.txt,9db83eaa76388abd9e5a5f7f23621d0172c094f12040f6720a7d546fc1a6b739,1052,961,1,cb37a935d1166f38f19d30b125d42405e7999f4c3ce13c95f1822b54deb5331c,0.3,land_pad2,0.06768931285930768,0.2996409492950346,0.7003590507049654
3,0.45,0.55,land_pad2__2150.jpg,land_pad2,2150,61d64f5543676d46f2d96afa0d0083398d00eb3d8adc70af1b63d0e877ddfd59,9db83eaa76388abd9e5a5f7f23621d0172c094f12040f6720a7d546fc1a6b739,dose_03/images/test/land_pad2__2150.png,b79fa2d5dae6ed720ac6c2161d749f70281b4cb00dbcd79da9f89eb18254c036,dose_03/labels/test/land_pad2__2150.txt,9db83eaa76388abd9e5a5f7f23621d0172c094f12040f6720a7d546fc1a6b739,1052,961,1,cb37a935d1166f38f19d30b125d42405e7999f4c3ce13c95f1822b54deb5331c,0.45,land_pad2,0.10164969949711762,0.44997372799719765,0.5500262720028023
4,0.6,0.4,land_pad2__2150.jpg,land_pad2,2150,61d64f5543676d46f2d96afa0d0083398d00eb3d8adc70af1b63d0e877ddfd59,9db83eaa76388abd9e5a5f7f23621d0172c094f12040f6720a7d546fc1a6b739,dose_04/images/test/land_pad2__2150.png,28676f46bf182c37c7b5f867ecaf7176c44a297f64104958a93b6608652b08b2,dose_04/labels/test/land_pad2__2150.txt,9db83eaa76388abd9e5a5f7f23621d0172c094f12040f6720a7d546fc1a6b739,1052,961,1,cb37a935d1166f38f19d30b125d42405e7999f4c3ce13c95f1822b54deb5331c,0.6,land_pad2,0.1355171063095714,0.5998949119887906,0.40010508801120936
5,0.75,0.25,land_pad2__2150.jpg,land_pad2,2150,61d64f5543676d46f2d96afa0d0083398d00eb3d8adc70af1b63d0e877ddfd59,9db83eaa76388abd9e5a5f7f23621d0172c094f12040f6720a7d546fc1a6b739,dose_05/images/test/land_pad2__2150.png,ab6f535dd629b1f6630a537042759110402872490c1a3ca5155c144e496ae2cb,dose_05/labels/test/land_pad2__2150.txt,9db83eaa76388abd9e5a5f7f23621d0172c094f12040f6720a7d546fc1a6b739,1052,961,1,cb37a935d1166f38f19d30b125d42405e7999f4c3ce13c95f1822b54deb5331c,0.75,land_pad2,0.16922328214826918,0.7491023732375864,0.2508976267624135
0,0.0,1.0,land_pad2__2175.jpg,land_pad2,2175,5634542411147c434b150db70ed877d689e857f89a99e01d02bef460a2bf6b0d,05899dd9d3244d37e156a2f1a121d069322785b3edce8ef3bf858d99a20f2423,dose_00/images/test/land_pad2__2175.jpg,f6f446916f50f7ed3410c216355eb3cedbfc8e75e40b8446156d5dc3813da2fe,dose_00/labels/test/land_pad2__2175.txt,05899dd9d3244d37e156a2f1a121d069322785b3edce8ef3bf858d99a20f2423,1052,961,1,f6f446916f50f7ed3410c216355eb3cedbfc8e75e40b8446156d5dc3813da2fe,0.0,land_pad2,0.0,0.0,1.0
1,0.15,0.85,land_pad2__2175.jpg,land_pad2,2175,5634542411147c434b150db70ed877d689e857f89a99e01d02bef460a2bf6b0d,05899dd9d3244d37e156a2f1a121d069322785b3edce8ef3bf858d99a20f2423,dose_01/images/test/land_pad2__2175.png,b1797782b496850c7498b389a67710e74ee84fb7855c08caf06942d613192e89,dose_01/labels/test/land_pad2__2175.txt,05899dd9d3244d37e156a2f1a121d069322785b3edce8ef3bf858d99a20f2423,1052,961,1,f6f446916f50f7ed3410c216355eb3cedbfc8e75e40b8446156d5dc3813da2fe,0.15,land_pad2,0.030469686598639724,0.15016086575021936,0.8498391342497806
2,0.3,0.7,land_pad2__2175.jpg,land_pad2,2175,5634542411147c434b150db70ed877d689e857f89a99e01d02bef460a2bf6b0d,05899dd9d3244d37e156a2f1a121d069322785b3edce8ef3bf858d99a20f2423,dose_02/images/test/land_pad2__2175.png,f258832842eaf3d39b7af5b2d22e1e6b7a401d3252e20ed5a126f757e3170af7,dose_02/labels/test/land_pad2__2175.txt,05899dd9d3244d37e156a2f1a121d069322785b3edce8ef3bf858d99a20f2423,1052,961,1,f6f446916f50f7ed3410c216355eb3cedbfc8e75e40b8446156d5dc3813da2fe,0.3,land_pad2,0.060963112727157626,0.30043872477332556,0.6995612752266744
3,0.45,0.55,land_pad2__2175.jpg,land_pad2,2175,5634542411147c434b150db70ed877d689e857f89a99e01d02bef460a2bf6b0d,05899dd9d3244d37e156a2f1a121d069322785b3edce8ef3bf858d99a20f2423,dose_03/images/test/land_pad2__2175.png,658a5644b8b669eb07f5272870633da3437a18bb7d91f8e58556e70dc20a4d63,dose_03/labels/test/land_pad2__2175.txt,05899dd9d3244d37e156a2f1a121d069322785b3edce8ef3bf858d99a20f2423,1052,961,1,f6f446916f50f7ed3410c216355eb3cedbfc8e75e40b8446156d5dc3813da2fe,0.45,land_pad2,0.09148225667971022,0.4508433265087258,0.5491566734912743
4,0.6,0.4,land_pad2__2175.jpg,land_pad2,2175,5634542411147c434b150db70ed877d689e857f89a99e01d02bef460a2bf6b0d,05899dd9d3244d37e156a2f1a121d069322785b3edce8ef3bf858d99a20f2423,dose_04/images/test/land_pad2__2175.png,cbe2cff6dd0687ceb5f0549a553532cfead9d70951267e32d00107ee5af034a8,dose_04/labels/test/land_pad2__2175.txt,05899dd9d3244d37e156a2f1a121d069322785b3edce8ef3bf858d99a20f2423,1052,961,1,f6f446916f50f7ed3410c216355eb3cedbfc8e75e40b8446156d5dc3813da2fe,0.6,land_pad2,0.12158002397692518,0.5991712976503851,0.4008287023496149
5,0.75,0.25,land_pad2__2175.jpg,land_pad2,2175,5634542411147c434b150db70ed877d689e857f89a99e01d02bef460a2bf6b0d,05899dd9d3244d37e156a2f1a121d069322785b3edce8ef3bf858d99a20f2423,dose_05/images/test/land_pad2__2175.png,5edb9a21f776c83773a44c5367d1bffd07b4336edc5380919763c31f3a8f42c7,dose_05/labels/test/land_pad2__2175.txt,05899dd9d3244d37e156a2f1a121d069322785b3edce8ef3bf858d99a20f2423,1052,961,1,f6f446916f50f7ed3410c216355eb3cedbfc8e75e40b8446156d5dc3813da2fe,0.75,land_pad2,0.1524552608776504,0.7513307984790875,0.24866920152091254
0,0.0,1.0,land_pad2__2200.jpg,land_pad2,2200,d1671a417fcf9d28529f07f26e26203d87cc7415c11f4d044979904068cc32b4,a8787464b834a02b138f68699fc43132018a75c0b4cbaffb87d70c88006684cf,dose_00/images/test/land_pad2__2200.jpg,d271b8bef3dea0d01ef40d5f1c6f5c2a7bfb49cbd4b89ea0f4779c01800053fb,dose_00/labels/test/land_pad2__2200.txt,a8787464b834a02b138f68699fc43132018a75c0b4cbaffb87d70c88006684cf,1052,961,1,d271b8bef3dea0d01ef40d5f1c6f5c2a7bfb49cbd4b89ea0f4779c01800053fb,0.0,land_pad2,0.0,0.0,1.0
1,0.15,0.85,land_pad2__2200.jpg,land_pad2,2200,d1671a417fcf9d28529f07f26e26203d87cc7415c11f4d044979904068cc32b4,a8787464b834a02b138f68699fc43132018a75c0b4cbaffb87d70c88006684cf,dose_01/images/test/land_pad2__2200.png,9795bb622c7981adaa828b683637f317173098781af1754c7f4e13d5c0b1123a,dose_01/labels/test/land_pad2__2200.txt,a8787464b834a02b138f68699fc43132018a75c0b4cbaffb87d70c88006684cf,1052,961,1,d271b8bef3dea0d01ef40d5f1c6f5c2a7bfb49cbd4b89ea0f4779c01800053fb,0.15,land_pad2,0.03743723861788457,0.14978569817279494,0.850214301827205
2,0.3,0.7,land_pad2__2200.jpg,land_pad2,2200,d1671a417fcf9d28529f07f26e26203d87cc7415c11f4d044979904068cc32b4,a8787464b834a02b138f68699fc43132018a75c0b4cbaffb87d70c88006684cf,dose_02/images/test/land_pad2__2200.png,279a2347d906d824d202b643b1ef96851aa3961375f8e16f8be3e636d8c2aeb4,dose_02/labels/test/land_pad2__2200.txt,a8787464b834a02b138f68699fc43132018a75c0b4cbaffb87d70c88006684cf,1052,961,1,d271b8bef3dea0d01ef40d5f1c6f5c2a7bfb49cbd4b89ea0f4779c01800053fb,0.3,land_pad2,0.07508120897512494,0.3003985262049778,0.6996014737950221
3,0.45,0.55,land_pad2__2200.jpg,land_pad2,2200,d1671a417fcf9d28529f07f26e26203d87cc7415c11f4d044979904068cc32b4,a8787464b834a02b138f68699fc43132018a75c0b4cbaffb87d70c88006684cf,dose_03/images/test/land_pad2__2200.png,608cf84f7ab07366da980dd40a7a3a2db5bcea67fce22cefd60a3d18754d7de4,dose_03/labels/test/land_pad2__2200.txt,a8787464b834a02b138f68699fc43132018a75c0b4cbaffb87d70c88006684cf,1052,961,1,d271b8bef3dea0d01ef40d5f1c6f5c2a7bfb49cbd4b89ea0f4779c01800053fb,0.45,land_pad2,0.1125253716225573,0.45021192729172355,0.5497880727082765
4,0.6,0.4,land_pad2__2200.jpg,land_pad2,2200,d1671a417fcf9d28529f07f26e26203d87cc7415c11f4d044979904068cc32b4,a8787464b834a02b138f68699fc43132018a75c0b4cbaffb87d70c88006684cf,dose_04/images/test/land_pad2__2200.png,c796c94be4e001a69c040cc98c439bd905acdd2fd63f66400f42cfc37a748347,dose_04/labels/test/land_pad2__2200.txt,a8787464b834a02b138f68699fc43132018a75c0b4cbaffb87d70c88006684cf,1052,961,1,d271b8bef3dea0d01ef40d5f1c6f5c2a7bfb49cbd4b89ea0f4779c01800053fb,0.6,land_pad2,0.14974895447153827,0.5991427926911798,0.4008572073088202
5,0.75,0.25,land_pad2__2200.jpg,land_pad2,2200,d1671a417fcf9d28529f07f26e26203d87cc7415c11f4d044979904068cc32b4,a8787464b834a02b138f68699fc43132018a75c0b4cbaffb87d70c88006684cf,dose_05/images/test/land_pad2__2200.png,562f0d86c35c9c204d78621ef0b764e9430d0ec543de03ad7f96c78ced73f049,dose_05/labels/test/land_pad2__2200.txt,a8787464b834a02b138f68699fc43132018a75c0b4cbaffb87d70c88006684cf,1052,961,1,d271b8bef3dea0d01ef40d5f1c6f5c2a7bfb49cbd4b89ea0f4779c01800053fb,0.75,land_pad2,0.1876609836869864,0.7508281192491719,0.2491718807508281
0,0.0,1.0,land_pad2__2225.jpg,land_pad2,2225,85555b55b528ced66972581a772579f14cfca4c7aa46e72d15f35f1039feb25f,a1316a0b2db08400fecdf9aba41cec5a34d7b582e5ceca7f6ad023c5198d4e4c,dose_00/images/test/land_pad2__2225.jpg,a140378de5985dfa79665f467eabec02acc41c43b80ed7f61a4ed592bf2525b7,dose_00/labels/test/land_pad2__2225.txt,a1316a0b2db08400fecdf9aba41cec5a34d7b582e5ceca7f6ad023c5198d4e4c,1052,961,1,a140378de5985dfa79665f467eabec02acc41c43b80ed7f61a4ed592bf2525b7,0.0,land_pad2,0.0,0.0,1.0
1,0.15,0.85,land_pad2__2225.jpg,land_pad2,2225,85555b55b528ced66972581a772579f14cfca4c7aa46e72d15f35f1039feb25f,a1316a0b2db08400fecdf9aba41cec5a34d7b582e5ceca7f6ad023c5198d4e4c,dose_01/images/test/land_pad2__2225.png,c92acca027006a9c2777a90c1e82baddc4b5b14cb6e170784e90ce6e1f269625,dose_01/labels/test/land_pad2__2225.txt,a1316a0b2db08400fecdf9aba41cec5a34d7b582e5ceca7f6ad023c5198d4e4c,1052,961,1,a140378de5985dfa79665f467eabec02acc41c43b80ed7f61a4ed592bf2525b7,0.15,land_pad2,0.043443339677063264,0.1500081971692442,0.8499918028307558
2,0.3,0.7,land_pad2__2225.jpg,land_pad2,2225,85555b55b528ced66972581a772579f14cfca4c7aa46e72d15f35f1039feb25f,a1316a0b2db08400fecdf9aba41cec5a34d7b582e5ceca7f6ad023c5198d4e4c,dose_02/images/test/land_pad2__2225.png,a10ce92bba30aed774a6e387f34f531aa8ac2da6fc2c26683869521005b32500,dose_02/labels/test/land_pad2__2225.txt,a1316a0b2db08400fecdf9aba41cec5a34d7b582e5ceca7f6ad023c5198d4e4c,1052,961,1,a140378de5985dfa79665f467eabec02acc41c43b80ed7f61a4ed592bf2525b7,0.3,land_pad2,0.08693020182556985,0.3001666757746325,0.6998333242253675
3,0.45,0.55,land_pad2__2225.jpg,land_pad2,2225,85555b55b528ced66972581a772579f14cfca4c7aa46e72d15f35f1039feb25f,a1316a0b2db08400fecdf9aba41cec5a34d7b582e5ceca7f6ad023c5198d4e4c,dose_03/images/test/land_pad2__2225.png,ba565cffbe379d3d1e3b6b90459c08e1d6ede27f5ac291f8bb1d3faef262ae73,dose_03/labels/test/land_pad2__2225.txt,a1316a0b2db08400fecdf9aba41cec5a34d7b582e5ceca7f6ad023c5198d4e4c,1052,961,1,a140378de5985dfa79665f467eabec02acc41c43b80ed7f61a4ed592bf2525b7,0.45,land_pad2,0.13012526558599052,0.44931758566041863,0.5506824143395814
4,0.6,0.4,land_pad2__2225.jpg,land_pad2,2225,85555b55b528ced66972581a772579f14cfca4c7aa46e72d15f35f1039feb25f,a1316a0b2db08400fecdf9aba41cec5a34d7b582e5ceca7f6ad023c5198d4e4c,dose_04/images/test/land_pad2__2225.png,cf60a060030e8df08598576e4236fff1ae771cdb3c00e056e49b0ed229166f0d,dose_04/labels/test/land_pad2__2225.txt,a1316a0b2db08400fecdf9aba41cec5a34d7b582e5ceca7f6ad023c5198d4e4c,1052,961,1,a140378de5985dfa79665f467eabec02acc41c43b80ed7f61a4ed592bf2525b7,0.6,land_pad2,0.17364575873515783,0.5995921908301,0.4004078091699
5,0.75,0.25,land_pad2__2225.jpg,land_pad2,2225,85555b55b528ced66972581a772579f14cfca4c7aa46e72d15f35f1039feb25f,a1316a0b2db08400fecdf9aba41cec5a34d7b582e5ceca7f6ad023c5198d4e4c,dose_05/images/test/land_pad2__2225.png,f6368bc0abf5dd4ec6242fca7959085ece237c6c2ecb4076692698456acd367d,dose_05/labels/test/land_pad2__2225.txt,a1316a0b2db08400fecdf9aba41cec5a34d7b582e5ceca7f6ad023c5198d4e4c,1052,961,1,a140378de5985dfa79665f467eabec02acc41c43b80ed7f61a4ed592bf2525b7,0.75,land_pad2,0.21710987050086453,0.7496721132302312,0.25032788676976886
0,0.0,1.0,land_pad2__2250.jpg,land_pad2,2250,d9ced95c7ec34b0239a57784ea02d19b1873329e0affd61067b3c35f7727df77,005da16c9d31660c8e7a9a5bb0de5311e8e512128a6997d0cdbebc8b459ed3b4,dose_00/images/test/land_pad2__2250.jpg,2e2364c8dd141492f50f3401f423859e9ea129fb31647694a37ebfc04918ac17,dose_00/labels/test/land_pad2__2250.txt,005da16c9d31660c8e7a9a5bb0de5311e8e512128a6997d0cdbebc8b459ed3b4,1052,961,1,2e2364c8dd141492f50f3401f423859e9ea129fb31647694a37ebfc04918ac17,0.0,land_pad2,0.0,0.0,1.0
1,0.15,0.85,land_pad2__2250.jpg,land_pad2,2250,d9ced95c7ec34b0239a57784ea02d19b1873329e0affd61067b3c35f7727df77,005da16c9d31660c8e7a9a5bb0de5311e8e512128a6997d0cdbebc8b459ed3b4,dose_01/images/test/land_pad2__2250.png,c78d64e30802cf71db5ee37b110bb9de1952ecc6c6aa2ca5565b8e84b2807668,dose_01/labels/test/land_pad2__2250.txt,005da16c9d31660c8e7a9a5bb0de5311e8e512128a6997d0cdbebc8b459ed3b4,1052,961,1,2e2364c8dd141492f50f3401f423859e9ea129fb31647694a37ebfc04918ac17,0.15,land_pad2,0.04279347004664818,0.14989294103788295,0.850107058962117
2,0.3,0.7,land_pad2__2250.jpg,land_pad2,2250,d9ced95c7ec34b0239a57784ea02d19b1873329e0affd61067b3c35f7727df77,005da16c9d31660c8e7a9a5bb0de5311e8e512128a6997d0cdbebc8b459ed3b4,dose_02/images/test/land_pad2__2250.png,ce2b8372b127806d23fe8790b16f614e80b34b01f375ae24e57e36b861d6fd35,dose_02/labels/test/land_pad2__2250.txt,005da16c9d31660c8e7a9a5bb0de5311e8e512128a6997d0cdbebc8b459ed3b4,1052,961,1,2e2364c8dd141492f50f3401f423859e9ea129fb31647694a37ebfc04918ac17,0.3,land_pad2,0.08569574627190467,0.3001669981221373,0.6998330018778627
3,0.45,0.55,land_pad2__2250.jpg,land_pad2,2250,d9ced95c7ec34b0239a57784ea02d19b1873329e0affd61067b3c35f7727df77,005da16c9d31660c8e7a9a5bb0de5311e8e512128a6997d0cdbebc8b459ed3b4,dose_03/images/test/land_pad2__2250.png,dd8ad9ab855d6d9d87c8dbb66066149079b1d2f653217493aeb088c3e678aac2,dose_03/labels/test/land_pad2__2250.txt,005da16c9d31660c8e7a9a5bb0de5311e8e512128a6997d0cdbebc8b459ed3b4,1052,961,1,2e2364c8dd141492f50f3401f423859e9ea129fb31647694a37ebfc04918ac17,0.45,land_pad2,0.12867418682218695,0.45070783643885165,0.5492921635611483
4,0.6,0.4,land_pad2__2250.jpg,land_pad2,2250,d9ced95c7ec34b0239a57784ea02d19b1873329e0affd61067b3c35f7727df77,005da16c9d31660c8e7a9a5bb0de5311e8e512128a6997d0cdbebc8b459ed3b4,dose_04/images/test/land_pad2__2250.png,4129c8545f440311efdb6a7c913796abc3222ad9b9391ab7696c7fa98973bfe3,dose_04/labels/test/land_pad2__2250.txt,005da16c9d31660c8e7a9a5bb0de5311e8e512128a6997d0cdbebc8b459ed3b4,1052,961,1,2e2364c8dd141492f50f3401f423859e9ea129fb31647694a37ebfc04918ac17,0.6,land_pad2,0.17117388018659271,0.5995717641515318,0.40042823584846826
5,0.75,0.25,land_pad2__2250.jpg,land_pad2,2250,d9ced95c7ec34b0239a57784ea02d19b1873329e0affd61067b3c35f7727df77,005da16c9d31660c8e7a9a5bb0de5311e8e512128a6997d0cdbebc8b459ed3b4,dose_05/images/test/land_pad2__2250.png,fb8066e586811b761d49635ef4478616a287739f1e7501a0504b85254987dca3,dose_05/labels/test/land_pad2__2250.txt,005da16c9d31660c8e7a9a5bb0de5311e8e512128a6997d0cdbebc8b459ed3b4,1052,961,1,2e2364c8dd141492f50f3401f423859e9ea129fb31647694a37ebfc04918ac17,0.75,land_pad2,0.21442532533047404,0.7510688572755053,0.24893114272449468
0,0.0,1.0,land_pad2__2275.jpg,land_pad2,2275,402ae05ab42afc2fffa75fbe66d84734a283109d99656fc72f014d6edb1ab588,66737c94ff8dea0dd8c60616a44cceb639e580dec57e03df38a92e3f7772c2d9,dose_00/images/test/land_pad2__2275.jpg,40a903545faabd9f9accf88181488d4f4c3032708dc9ebdcb68047a1b4a96e71,dose_00/labels/test/land_pad2__2275.txt,66737c94ff8dea0dd8c60616a44cceb639e580dec57e03df38a92e3f7772c2d9,1052,961,1,40a903545faabd9f9accf88181488d4f4c3032708dc9ebdcb68047a1b4a96e71,0.0,land_pad2,0.0,0.0,1.0
1,0.15,0.85,land_pad2__2275.jpg,land_pad2,2275,402ae05ab42afc2fffa75fbe66d84734a283109d99656fc72f014d6edb1ab588,66737c94ff8dea0dd8c60616a44cceb639e580dec57e03df38a92e3f7772c2d9,dose_01/images/test/land_pad2__2275.png,f9368f5a2e3090de065547855873fa9e38902d13ca57d1e9564b8a9a4d89c5f0,dose_01/labels/test/land_pad2__2275.txt,66737c94ff8dea0dd8c60616a44cceb639e580dec57e03df38a92e3f7772c2d9,1052,961,1,40a903545faabd9f9accf88181488d4f4c3032708dc9ebdcb68047a1b4a96e71,0.15,land_pad2,0.03885765382226214,0.1500162297366964,0.8499837702633036
2,0.3,0.7,land_pad2__2275.jpg,land_pad2,2275,402ae05ab42afc2fffa75fbe66d84734a283109d99656fc72f014d6edb1ab588,66737c94ff8dea0dd8c60616a44cceb639e580dec57e03df38a92e3f7772c2d9,dose_02/images/test/land_pad2__2275.png,97937d83eec4efffd49cfb0290a79cd152983a12b4763b949c81c17c2d009c94,dose_02/labels/test/land_pad2__2275.txt,66737c94ff8dea0dd8c60616a44cceb639e580dec57e03df38a92e3f7772c2d9,1052,961,1,40a903545faabd9f9accf88181488d4f4c3032708dc9ebdcb68047a1b4a96e71,0.3,land_pad2,0.07768958982048958,0.2999331716724266,0.7000668283275734
3,0.45,0.55,land_pad2__2275.jpg,land_pad2,2275,402ae05ab42afc2fffa75fbe66d84734a283109d99656fc72f014d6edb1ab588,66737c94ff8dea0dd8c60616a44cceb639e580dec57e03df38a92e3f7772c2d9,dose_03/images/test/land_pad2__2275.png,a17f17c19f63a12497e25eac5a05edd3d783b5b3794742662ed805eb85146227,dose_03/labels/test/land_pad2__2275.txt,66737c94ff8dea0dd8c60616a44cceb639e580dec57e03df38a92e3f7772c2d9,1052,961,1,40a903545faabd9f9accf88181488d4f4c3032708dc9ebdcb68047a1b4a96e71,0.45,land_pad2,0.11631776152059602,0.44906344872357895,0.550936551276421
4,0.6,0.4,land_pad2__2275.jpg,land_pad2,2275,402ae05ab42afc2fffa75fbe66d84734a283109d99656fc72f014d6edb1ab588,66737c94ff8dea0dd8c60616a44cceb639e580dec57e03df38a92e3f7772c2d9,dose_04/images/test/land_pad2__2275.png,06cedbf9b9d72cd1a92be5f92075f7fece09373f9472f176dd9eb45793126960,dose_04/labels/test/land_pad2__2275.txt,66737c94ff8dea0dd8c60616a44cceb639e580dec57e03df38a92e3f7772c2d9,1052,961,1,40a903545faabd9f9accf88181488d4f4c3032708dc9ebdcb68047a1b4a96e71,0.6,land_pad2,0.15526542772697957,0.5994271857636568,0.40057281423634317
5,0.75,0.25,land_pad2__2275.jpg,land_pad2,2275,402ae05ab42afc2fffa75fbe66d84734a283109d99656fc72f014d6edb1ab588,66737c94ff8dea0dd8c60616a44cceb639e580dec57e03df38a92e3f7772c2d9,dose_05/images/test/land_pad2__2275.png,0fbab0471ee8e10067d0ba352f9f35e97b5a0bc905deb4bdbf05ed16a0bf895a,dose_05/labels/test/land_pad2__2275.txt,66737c94ff8dea0dd8c60616a44cceb639e580dec57e03df38a92e3f7772c2d9,1052,961,1,40a903545faabd9f9accf88181488d4f4c3032708dc9ebdcb68047a1b4a96e71,0.75,land_pad2,0.1938866753975382,0.7485307314837798,0.2514692685162202
0,0.0,1.0,land_pad2__2300.jpg,land_pad2,2300,ff07e86b21e05b8d552e3f03b6baf0e87a4e43009f4ed595d462407ea796c9b8,bbf3727844a751e7941202dd81992a31aea89335af63cd0f73d6bc5391829df1,dose_00/images/test/land_pad2__2300.jpg,d9e5843bcae9042248dd98d852d9eac96e38a19ddaa64a7edc4a090e53fa958e,dose_00/labels/test/land_pad2__2300.txt,bbf3727844a751e7941202dd81992a31aea89335af63cd0f73d6bc5391829df1,1052,961,1,d9e5843bcae9042248dd98d852d9eac96e38a19ddaa64a7edc4a090e53fa958e,0.0,land_pad2,0.0,0.0,1.0
1,0.15,0.85,land_pad2__2300.jpg,land_pad2,2300,ff07e86b21e05b8d552e3f03b6baf0e87a4e43009f4ed595d462407ea796c9b8,bbf3727844a751e7941202dd81992a31aea89335af63cd0f73d6bc5391829df1,dose_01/images/test/land_pad2__2300.png,58d52870b1715ada0788e46af8b3acd7c696f7c388a62b1aad8b321942bd7a6b,dose_01/labels/test/land_pad2__2300.txt,bbf3727844a751e7941202dd81992a31aea89335af63cd0f73d6bc5391829df1,1052,961,1,d9e5843bcae9042248dd98d852d9eac96e38a19ddaa64a7edc4a090e53fa958e,0.15,land_pad2,0.038616301935167345,0.14968177287017867,0.8503182271298213
2,0.3,0.7,land_pad2__2300.jpg,land_pad2,2300,ff07e86b21e05b8d552e3f03b6baf0e87a4e43009f4ed595d462407ea796c9b8,bbf3727844a751e7941202dd81992a31aea89335af63cd0f73d6bc5391829df1,dose_02/images/test/land_pad2__2300.png,5d446df21ebdea03bf4e1e43c0d2defa0acb0afce6852271a72cc3a8409a503f,dose_02/labels/test/land_pad2__2300.txt,bbf3727844a751e7941202dd81992a31aea89335af63cd0f73d6bc5391829df1,1052,961,1,d9e5843bcae9042248dd98d852d9eac96e38a19ddaa64a7edc4a090e53fa958e,0.3,land_pad2,0.07746505343372517,0.3002645502645503,0.6997354497354498
3,0.45,0.55,land_pad2__2300.jpg,land_pad2,2300,ff07e86b21e05b8d552e3f03b6baf0e87a4e43009f4ed595d462407ea796c9b8,bbf3727844a751e7941202dd81992a31aea89335af63cd0f73d6bc5391829df1,dose_03/images/test/land_pad2__2300.png,f5b5d3718e4d0a381828acc1d3fc5eeb81c278f3597c5b6325a8a5c886a298ec,dose_03/labels/test/land_pad2__2300.txt,bbf3727844a751e7941202dd81992a31aea89335af63cd0f73d6bc5391829df1,1052,961,1,d9e5843bcae9042248dd98d852d9eac96e38a19ddaa64a7edc4a090e53fa958e,0.45,land_pad2,0.11631776152059602,0.45086266390614216,0.5491373360938578
4,0.6,0.4,land_pad2__2300.jpg,land_pad2,2300,ff07e86b21e05b8d552e3f03b6baf0e87a4e43009f4ed595d462407ea796c9b8,bbf3727844a751e7941202dd81992a31aea89335af63cd0f73d6bc5391829df1,dose_04/images/test/land_pad2__2300.png,0529d4150d9f1df1e3f7301f72c5ebf157e32113126c6a1a723acac264ecd7b9,dose_04/labels/test/land_pad2__2300.txt,bbf3727844a751e7941202dd81992a31aea89335af63cd0f73d6bc5391829df1,1052,961,1,d9e5843bcae9042248dd98d852d9eac96e38a19ddaa64a7edc4a090e53fa958e,0.6,land_pad2,0.15494791151485895,0.6005981136415919,0.3994018863584081
5,0.75,0.25,land_pad2__2300.jpg,land_pad2,2300,ff07e86b21e05b8d552e3f03b6baf0e87a4e43009f4ed595d462407ea796c9b8,bbf3727844a751e7941202dd81992a31aea89335af63cd0f73d6bc5391829df1,dose_05/images/test/land_pad2__2300.png,634daacfba5d1c57877de1da142577261b50996363424aced7a4a6cf09f02896,dose_05/labels/test/land_pad2__2300.txt,bbf3727844a751e7941202dd81992a31aea89335af63cd0f73d6bc5391829df1,1052,961,1,d9e5843bcae9042248dd98d852d9eac96e38a19ddaa64a7edc4a090e53fa958e,0.75,land_pad2,0.1938866753975382,0.7515297906602254,0.24847020933977457
0,0.0,1.0,land_pad2__2325.jpg,land_pad2,2325,23d96423398a5d8a5724fe8f06ead733736e330cf1ab3e54a793331d91d6aeb0,8115abe25864ddb8484b4f947fa2ce2b0b4ffafea9cdb7a95e81c15e400cd229,dose_00/images/test/land_pad2__2325.jpg,de8347312164475c420bd67bfcafd115800683de4ee7f6ac6cc2c39ad78d13e3,dose_00/labels/test/land_pad2__2325.txt,8115abe25864ddb8484b4f947fa2ce2b0b4ffafea9cdb7a95e81c15e400cd229,1052,961,1,de8347312164475c420bd67bfcafd115800683de4ee7f6ac6cc2c39ad78d13e3,0.0,land_pad2,0.0,0.0,1.0
1,0.15,0.85,land_pad2__2325.jpg,land_pad2,2325,23d96423398a5d8a5724fe8f06ead733736e330cf1ab3e54a793331d91d6aeb0,8115abe25864ddb8484b4f947fa2ce2b0b4ffafea9cdb7a95e81c15e400cd229,dose_01/images/test/land_pad2__2325.png,7e18fa555de3bdc6402ef2a7dd2fa1da19b18deaec0cfb2846520c2ca50aeab2,dose_01/labels/test/land_pad2__2325.txt,8115abe25864ddb8484b4f947fa2ce2b0b4ffafea9cdb7a95e81c15e400cd229,1052,961,1,de8347312164475c420bd67bfcafd115800683de4ee7f6ac6cc2c39ad78d13e3,0.15,land_pad2,0.04220888412339808,0.15045748638118575,0.8495425136188143
2,0.3,0.7,land_pad2__2325.jpg,land_pad2,2325,23d96423398a5d8a5724fe8f06ead733736e330cf1ab3e54a793331d91d6aeb0,8115abe25864ddb8484b4f947fa2ce2b0b4ffafea9cdb7a95e81c15e400cd229,dose_02/images/test/land_pad2__2325.png,6b07c71c437d25214d02d6af7ee852214e5a37cbe5b7476f1dfa60c99ee488a8,dose_02/labels/test/land_pad2__2325.txt,8115abe25864ddb8484b4f947fa2ce2b0b4ffafea9cdb7a95e81c15e400cd229,1052,961,1,de8347312164475c420bd67bfcafd115800683de4ee7f6ac6cc2c39ad78d13e3,0.3,land_pad2,0.08415960085937098,0.2999947111401019,0.7000052888598981
3,0.45,0.55,land_pad2__2325.jpg,land_pad2,2325,23d96423398a5d8a5724fe8f06ead733736e330cf1ab3e54a793331d91d6aeb0,8115abe25864ddb8484b4f947fa2ce2b0b4ffafea9cdb7a95e81c15e400cd229,dose_03/images/test/land_pad2__2325.png,29c7857ed5921fd6982e0d04f58a425f04c6bb77e57fb29a62643d957bb2014d,dose_03/labels/test/land_pad2__2325.txt,8115abe25864ddb8484b4f947fa2ce2b0b4ffafea9cdb7a95e81c15e400cd229,1052,961,1,de8347312164475c420bd67bfcafd115800683de4ee7f6ac6cc2c39ad78d13e3,0.45,land_pad2,0.12592831453294454,0.44888316908485093,0.5511168309151491
4,0.6,0.4,land_pad2__2325.jpg,land_pad2,2325,23d96423398a5d8a5724fe8f06ead733736e330cf1ab3e54a793331d91d6aeb0,8115abe25864ddb8484b4f947fa2ce2b0b4ffafea9cdb7a95e81c15e400cd229,dose_04/images/test/land_pad2__2325.png,98d7307c94a5b3c3faf1213a2b3677f6fb0b8f59e4be91afdaa070f6f911f238,dose_04/labels/test/land_pad2__2325.txt,8115abe25864ddb8484b4f947fa2ce2b0b4ffafea9cdb7a95e81c15e400cd229,1052,961,1,de8347312164475c420bd67bfcafd115800683de4ee7f6ac6cc2c39ad78d13e3,0.6,land_pad2,0.16800168550662134,0.5988576062620101,0.4011423937379899
5,0.75,0.25,land_pad2__2325.jpg,land_pad2,2325,23d96423398a5d8a5724fe8f06ead733736e330cf1ab3e54a793331d91d6aeb0,8115abe25864ddb8484b4f947fa2ce2b0b4ffafea9cdb7a95e81c15e400cd229,dose_05/images/test/land_pad2__2325.png,f0a9688ce9bcc8871efeffb6fbdc293c6153e1929f9913e39a747085350ef43b,dose_05/labels/test/land_pad2__2325.txt,8115abe25864ddb8484b4f947fa2ce2b0b4ffafea9cdb7a95e81c15e400cd229,1052,961,1,de8347312164475c420bd67bfcafd115800683de4ee7f6ac6cc2c39ad78d13e3,0.75,land_pad2,0.21031739751447123,0.7496958905558592,0.25030410944414083
0,0.0,1.0,land_pad2__2350.jpg,land_pad2,2350,cf09f077f3666b811c0daf1415b79fe8f61853aea2aa6c0cbfef3503b40a02c1,f96774afce2c68c35b0dba5a3e713f5cc4dac45924c9e60fe6a1bd1e3057d6fe,dose_00/images/test/land_pad2__2350.jpg,b8115b132e284b1f34232c00a1fd02b0cd9ae16496daeebc03cb3e5dda475645,dose_00/labels/test/land_pad2__2350.txt,f96774afce2c68c35b0dba5a3e713f5cc4dac45924c9e60fe6a1bd1e3057d6fe,1052,961,1,b8115b132e284b1f34232c00a1fd02b0cd9ae16496daeebc03cb3e5dda475645,0.0,land_pad2,0.0,0.0,1.0
1,0.15,0.85,land_pad2__2350.jpg,land_pad2,2350,cf09f077f3666b811c0daf1415b79fe8f61853aea2aa6c0cbfef3503b40a02c1,f96774afce2c68c35b0dba5a3e713f5cc4dac45924c9e60fe6a1bd1e3057d6fe,dose_01/images/test/land_pad2__2350.png,f4db5742bee3a6ddb3f658488e557cf7bfbf3dc81664310b2c1535e456e4b5ec,dose_01/labels/test/land_pad2__2350.txt,f96774afce2c68c35b0dba5a3e713f5cc4dac45924c9e60fe6a1bd1e3057d6fe,1052,961,1,b8115b132e284b1f34232c00a1fd02b0cd9ae16496daeebc03cb3e5dda475645,0.15,land_pad2,0.04414959069093902,0.14970367165410584,0.8502963283458942
2,0.3,0.7,land_pad2__2350.jpg,land_pad2,2350,cf09f077f3666b811c0daf1415b79fe8f61853aea2aa6c0cbfef3503b40a02c1,f96774afce2c68c35b0dba5a3e713f5cc4dac45924c9e60fe6a1bd1e3057d6fe,dose_02/images/test/land_pad2__2350.png,62d95525453a6477f3f8e25ad7bb2c75088748487b9285057f9a3f0579e50e68,dose_02/labels/test/land_pad2__2350.txt,f96774afce2c68c35b0dba5a3e713f5cc4dac45924c9e60fe6a1bd1e3057d6fe,1052,961,1,b8115b132e284b1f34232c00a1fd02b0cd9ae16496daeebc03cb3e5dda475645,0.3,land_pad2,0.08845447747316444,0.29993392565462235,0.7000660743453776
3,0.45,0.55,land_pad2__2350.jpg,land_pad2,2350,cf09f077f3666b811c0daf1415b79fe8f61853aea2aa6c0cbfef3503b40a02c1,f96774afce2c68c35b0dba5a3e713f5cc4dac45924c9e60fe6a1bd1e3057d6fe,dose_03/images/test/land_pad2__2350.png,57dbd2d168ec289a7683b4ee52abfff10e21c8ede5a0ec454c4c259eb178cebb,dose_03/labels/test/land_pad2__2350.txt,f96774afce2c68c35b0dba5a3e713f5cc4dac45924c9e60fe6a1bd1e3057d6fe,1052,961,1,b8115b132e284b1f34232c00a1fd02b0cd9ae16496daeebc03cb3e5dda475645,0.45,land_pad2,0.132644623194312,0.4497751124437781,0.5502248875562219
4,0.6,0.4,land_pad2__2350.jpg,land_pad2,2350,cf09f077f3666b811c0daf1415b79fe8f61853aea2aa6c0cbfef3503b40a02c1,f96774afce2c68c35b0dba5a3e713f5cc4dac45924c9e60fe6a1bd1e3057d6fe,dose_04/images/test/land_pad2__2350.png,11fc7894390ba5fd0d7fb8ef833ee5d52ef90289a0ebd8691155efb2721c22fd,dose_04/labels/test/land_pad2__2350.txt,f96774afce2c68c35b0dba5a3e713f5cc4dac45924c9e60fe6a1bd1e3057d6fe,1052,961,1,b8115b132e284b1f34232c00a1fd02b0cd9ae16496daeebc03cb3e5dda475645,0.6,land_pad2,0.17694060765283312,0.5999751801951373,0.40002481980486265
5,0.75,0.25,land_pad2__2350.jpg,land_pad2,2350,cf09f077f3666b811c0daf1415b79fe8f61853aea2aa6c0cbfef3503b40a02c1,f96774afce2c68c35b0dba5a3e713f5cc4dac45924c9e60fe6a1bd1e3057d6fe,dose_05/images/test/land_pad2__2350.png,bf89790b85a7fe3d428b9cb18d4826601cdc4d43e41b84f36880b715b80b018e,dose_05/labels/test/land_pad2__2350.txt,f96774afce2c68c35b0dba5a3e713f5cc4dac45924c9e60fe6a1bd1e3057d6fe,1052,961,1,b8115b132e284b1f34232c00a1fd02b0cd9ae16496daeebc03cb3e5dda475645,0.75,land_pad2,0.2212583533470759,0.7502490365555478,0.24975096344445227
0,0.0,1.0,land_pad2__2375.jpg,land_pad2,2375,a8b9448c170c2f5759e648cf46906b276c4029584032902fa4d29ba71ff421bb,9328787568a6a854d195226aa4cac467034b0f3082b4e794e9201c43e43e35a4,dose_00/images/test/land_pad2__2375.jpg,08895d194ebe7b4570ae1968b32c7c9f5f2556506309653c00bac8379e9b5bf0,dose_00/labels/test/land_pad2__2375.txt,9328787568a6a854d195226aa4cac467034b0f3082b4e794e9201c43e43e35a4,1052,961,1,08895d194ebe7b4570ae1968b32c7c9f5f2556506309653c00bac8379e9b5bf0,0.0,land_pad2,0.0,0.0,1.0
1,0.15,0.85,land_pad2__2375.jpg,land_pad2,2375,a8b9448c170c2f5759e648cf46906b276c4029584032902fa4d29ba71ff421bb,9328787568a6a854d195226aa4cac467034b0f3082b4e794e9201c43e43e35a4,dose_01/images/test/land_pad2__2375.png,e79d7ae1f50e47e6aa8697617f40f5e9d0efded25beb9f09fe7c1f5f3bbc18c3,dose_01/labels/test/land_pad2__2375.txt,9328787568a6a854d195226aa4cac467034b0f3082b4e794e9201c43e43e35a4,1052,961,1,08895d194ebe7b4570ae1968b32c7c9f5f2556506309653c00bac8379e9b5bf0,0.15,land_pad2,0.0414056966958531,0.15032409818109996,0.8496759018189001
2,0.3,0.7,land_pad2__2375.jpg,land_pad2,2375,a8b9448c170c2f5759e648cf46906b276c4029584032902fa4d29ba71ff421bb,9328787568a6a854d195226aa4cac467034b0f3082b4e794e9201c43e43e35a4,dose_02/images/test/land_pad2__2375.png,ff06628e00dbc999e865f02a110c104d72d724e92ad35ac2f0a16160cb7c1962,dose_02/labels/test/land_pad2__2375.txt,9328787568a6a854d195226aa4cac467034b0f3082b4e794e9201c43e43e35a4,1052,961,1,08895d194ebe7b4570ae1968b32c7c9f5f2556506309653c00bac8379e9b5bf0,0.3,land_pad2,0.08262939032930684,0.2999874310954698,0.7000125689045302
3,0.45,0.55,land_pad2__2375.jpg,land_pad2,2375,a8b9448c170c2f5759e648cf46906b276c4029584032902fa4d29ba71ff421bb,9328787568a6a854d195226aa4cac467034b0f3082b4e794e9201c43e43e35a4,dose_03/images/test/land_pad2__2375.png,b996a2cb1fbe46e1a6555d83c511ae6b5ec4349ed3fe78e3131eb0939f60efb9,dose_03/labels/test/land_pad2__2375.txt,9328787568a6a854d195226aa4cac467034b0f3082b4e794e9201c43e43e35a4,1052,961,1,08895d194ebe7b4570ae1968b32c7c9f5f2556506309653c00bac8379e9b5bf0,0.45,land_pad2,0.12374229948999577,0.4492485590648735,0.5507514409351265
4,0.6,0.4,land_pad2__2375.jpg,land_pad2,2375,a8b9448c170c2f5759e648cf46906b276c4029584032902fa4d29ba71ff421bb,9328787568a6a854d195226aa4cac467034b0f3082b4e794e9201c43e43e35a4,dose_04/images/test/land_pad2__2375.png,6c029d533b6e93c94c60a4baa17ed423e04b590a49b0f13c7213894c62a4f30a,dose_04/labels/test/land_pad2__2375.txt,9328787568a6a854d195226aa4cac467034b0f3082b4e794e9201c43e43e35a4,1052,961,1,08895d194ebe7b4570ae1968b32c7c9f5f2556506309653c00bac8379e9b5bf0,0.6,land_pad2,0.16510843030271857,0.5994290126227713,0.40057098737722874
5,0.75,0.25,land_pad2__2375.jpg,land_pad2,2375,a8b9448c170c2f5759e648cf46906b276c4029584032902fa4d29ba71ff421bb,9328787568a6a854d195226aa4cac467034b0f3082b4e794e9201c43e43e35a4,dose_05/images/test/land_pad2__2375.png,35703f0917d4f34a0c4b80233f77f739284b4cfba62be812019e3e054987fa09,dose_05/labels/test/land_pad2__2375.txt,9328787568a6a854d195226aa4cac467034b0f3082b4e794e9201c43e43e35a4,1052,961,1,08895d194ebe7b4570ae1968b32c7c9f5f2556506309653c00bac8379e9b5bf0,0.75,land_pad2,0.20631530843584195,0.7490312965722802,0.2509687034277198
0,0.0,1.0,land_pad2__2400.jpg,land_pad2,2400,f043a7fec23fdd06ae2fc057ac020ed842af471650e97ab9e5f9dd881311c89e,0f5f6db4ed15bffbd4dbc59f5714eacbcee65adc828257d1e61189c06a34fdc5,dose_00/images/test/land_pad2__2400.jpg,203f28bc196c8642d8724843859415d00cd7897ddf3237697cc14561e4e252ab,dose_00/labels/test/land_pad2__2400.txt,0f5f6db4ed15bffbd4dbc59f5714eacbcee65adc828257d1e61189c06a34fdc5,1052,961,1,203f28bc196c8642d8724843859415d00cd7897ddf3237697cc14561e4e252ab,0.0,land_pad2,0.0,0.0,1.0
1,0.15,0.85,land_pad2__2400.jpg,land_pad2,2400,f043a7fec23fdd06ae2fc057ac020ed842af471650e97ab9e5f9dd881311c89e,0f5f6db4ed15bffbd4dbc59f5714eacbcee65adc828257d1e61189c06a34fdc5,dose_01/images/test/land_pad2__2400.png,b5dca14d11a3683b814015b5d72537cb836ef46b91a954568103db9d7e2f2e1f,dose_01/labels/test/land_pad2__2400.txt,0f5f6db4ed15bffbd4dbc59f5714eacbcee65adc828257d1e61189c06a34fdc5,1052,961,1,203f28bc196c8642d8724843859415d00cd7897ddf3237697cc14561e4e252ab,0.15,land_pad2,0.05602232307126211,0.15040630975143404,0.849593690248566
2,0.3,0.7,land_pad2__2400.jpg,land_pad2,2400,f043a7fec23fdd06ae2fc057ac020ed842af471650e97ab9e5f9dd881311c89e,0f5f6db4ed15bffbd4dbc59f5714eacbcee65adc828257d1e61189c06a34fdc5,dose_02/images/test/land_pad2__2400.png,ee2e432d60247ed1caf01ee0c8e399c73a3f2335cea0a1be71f258dcdcfe8562,dose_02/labels/test/land_pad2__2400.txt,0f5f6db4ed15bffbd4dbc59f5714eacbcee65adc828257d1e61189c06a34fdc5,1052,961,1,203f28bc196c8642d8724843859415d00cd7897ddf3237697cc14561e4e252ab,0.3,land_pad2,0.11146104936635239,0.29924580412152113,0.7007541958784789
3,0.45,0.55,land_pad2__2400.jpg,land_pad2,2400,f043a7fec23fdd06ae2fc057ac020ed842af471650e97ab9e5f9dd881311c89e,0f5f6db4ed15bffbd4dbc59f5714eacbcee65adc828257d1e61189c06a34fdc5,dose_03/images/test/land_pad2__2400.png,cd2b2eef33e31be6d45065591902bb75ede7a946a46d5d6927c056fab58dc03f,dose_03/labels/test/land_pad2__2400.txt,0f5f6db4ed15bffbd4dbc59f5714eacbcee65adc828257d1e61189c06a34fdc5,1052,961,1,203f28bc196c8642d8724843859415d00cd7897ddf3237697cc14561e4e252ab,0.45,land_pad2,0.16769307161820504,0.4502151051625239,0.5497848948374761
4,0.6,0.4,land_pad2__2400.jpg,land_pad2,2400,f043a7fec23fdd06ae2fc057ac020ed842af471650e97ab9e5f9dd881311c89e,0f5f6db4ed15bffbd4dbc59f5714eacbcee65adc828257d1e61189c06a34fdc5,dose_04/images/test/land_pad2__2400.png,20d8da89e4a21d187ad3f2714b0138c2281c7b7b9c0f7cfdefb3c8e4a00fa68e,dose_04/labels/test/land_pad2__2400.txt,0f5f6db4ed15bffbd4dbc59f5714eacbcee65adc828257d1e61189c06a34fdc5,1052,961,1,203f28bc196c8642d8724843859415d00cd7897ddf3237697cc14561e4e252ab,0.6,land_pad2,0.22353734821538085,0.6001434034416826,0.3998565965583174
5,0.75,0.25,land_pad2__2400.jpg,land_pad2,2400,f043a7fec23fdd06ae2fc057ac020ed842af471650e97ab9e5f9dd881311c89e,0f5f6db4ed15bffbd4dbc59f5714eacbcee65adc828257d1e61189c06a34fdc5,dose_05/images/test/land_pad2__2400.png,f4297a689464ba1251cff09337a3bd6762bf8a59b9f4873612c0ccf6b28a2e7a,dose_05/labels/test/land_pad2__2400.txt,0f5f6db4ed15bffbd4dbc59f5714eacbcee65adc828257d1e61189c06a34fdc5,1052,961,1,203f28bc196c8642d8724843859415d00cd7897ddf3237697cc14561e4e252ab,0.75,land_pad2,0.27960418290516453,0.7506692160611854,0.24933078393881453
0,0.0,1.0,land_pad2__2425.jpg,land_pad2,2425,f0013c116ddc22ebc936c3152bb8ac5feb81557a191a403db91a2b8024740310,f177bc33fd0664ea11c9977630952ad43ae4fc8d0d637aa066d2b9f95b7bd82f,dose_00/images/test/land_pad2__2425.jpg,bf3e412409da76743c67629122fff0464f93b18616295a67d36c5b51afbf2be1,dose_00/labels/test/land_pad2__2425.txt,f177bc33fd0664ea11c9977630952ad43ae4fc8d0d637aa066d2b9f95b7bd82f,1052,961,1,bf3e412409da76743c67629122fff0464f93b18616295a67d36c5b51afbf2be1,0.0,land_pad2,0.0,0.0,1.0
1,0.15,0.85,land_pad2__2425.jpg,land_pad2,2425,f0013c116ddc22ebc936c3152bb8ac5feb81557a191a403db91a2b8024740310,f177bc33fd0664ea11c9977630952ad43ae4fc8d0d637aa066d2b9f95b7bd82f,dose_01/images/test/land_pad2__2425.png,f9467ba9cecc18d22571ae1f5d12d5f11cff216791b3f26266339336a0435f44,dose_01/labels/test/land_pad2__2425.txt,f177bc33fd0664ea11c9977630952ad43ae4fc8d0d637aa066d2b9f95b7bd82f,1052,961,1,bf3e412409da76743c67629122fff0464f93b18616295a67d36c5b51afbf2be1,0.15,land_pad2,0.0522714773505102,0.14957373819713335,0.8504262618028666
2,0.3,0.7,land_pad2__2425.jpg,land_pad2,2425,f0013c116ddc22ebc936c3152bb8ac5feb81557a191a403db91a2b8024740310,f177bc33fd0664ea11c9977630952ad43ae4fc8d0d637aa066d2b9f95b7bd82f,dose_02/images/test/land_pad2__2425.png,e6bdfbbba4d255c4720806a70462e5069399ee3268c718279430be558aa0243c,dose_02/labels/test/land_pad2__2425.txt,f177bc33fd0664ea11c9977630952ad43ae4fc8d0d637aa066d2b9f95b7bd82f,1052,961,1,bf3e412409da76743c67629122fff0464f93b18616295a67d36c5b51afbf2be1,0.3,land_pad2,0.10483376394202806,0.29997962094966374,0.7000203790503362
3,0.45,0.55,land_pad2__2425.jpg,land_pad2,2425,f0013c116ddc22ebc936c3152bb8ac5feb81557a191a403db91a2b8024740310,f177bc33fd0664ea11c9977630952ad43ae4fc8d0d637aa066d2b9f95b7bd82f,dose_03/images/test/land_pad2__2425.png,c9b76d80a8eb12a9594dc30409deba2c74966848667f23e895fd136f41f185ae,dose_03/labels/test/land_pad2__2425.txt,f177bc33fd0664ea11c9977630952ad43ae4fc8d0d637aa066d2b9f95b7bd82f,1052,961,1,bf3e412409da76743c67629122fff0464f93b18616295a67d36c5b51afbf2be1,0.45,land_pad2,0.15713590485196424,0.4496411022801893,0.5503588977198107
4,0.6,0.4,land_pad2__2425.jpg,land_pad2,2425,f0013c116ddc22ebc936c3152bb8ac5feb81557a191a403db91a2b8024740310,f177bc33fd0664ea11c9977630952ad43ae4fc8d0d637aa066d2b9f95b7bd82f,dose_04/images/test/land_pad2__2425.png,45a8bd06b1c133b39662c3489ee49cabee2ff70d48dea0ef9f99aaeaa3895f52,dose_04/labels/test/land_pad2__2425.txt,f177bc33fd0664ea11c9977630952ad43ae4fc8d0d637aa066d2b9f95b7bd82f,1052,961,1,bf3e412409da76743c67629122fff0464f93b18616295a67d36c5b51afbf2be1,0.6,land_pad2,0.20947167676256118,0.5993988180150805,0.4006011819849195
5,0.75,0.25,land_pad2__2425.jpg,land_pad2,2425,f0013c116ddc22ebc936c3152bb8ac5feb81557a191a403db91a2b8024740310,f177bc33fd0664ea11c9977630952ad43ae4fc8d0d637aa066d2b9f95b7bd82f,dose_05/images/test/land_pad2__2425.png,4a9bb6e07c3bb294c10810e828c4bc1c0f1a03d2a3a6049efe789bf7979c7286,dose_05/labels/test/land_pad2__2425.txt,f177bc33fd0664ea11c9977630952ad43ae4fc8d0d637aa066d2b9f95b7bd82f,1052,961,1,bf3e412409da76743c67629122fff0464f93b18616295a67d36c5b51afbf2be1,0.75,land_pad2,0.2617797525549669,0.749077281887553,0.2509227181124471
0,0.0,1.0,land_pad2__2450.jpg,land_pad2,2450,0d76c0cac01e125aa8e24291ef0650fb13860bab5844f951a834cf05aa5859be,cf93b05f5e2ec1926ba80f638ac135fcb54fb55cb298d9bfec3151eefc85eac3,dose_00/images/test/land_pad2__2450.jpg,b8300fa04b8f833c156d0366aa4420b37d7421609be35ca0d5e24fd64b20a8fa,dose_00/labels/test/land_pad2__2450.txt,cf93b05f5e2ec1926ba80f638ac135fcb54fb55cb298d9bfec3151eefc85eac3,1052,961,1,b8300fa04b8f833c156d0366aa4420b37d7421609be35ca0d5e24fd64b20a8fa,0.0,land_pad2,0.0,0.0,1.0
1,0.15,0.85,land_pad2__2450.jpg,land_pad2,2450,0d76c0cac01e125aa8e24291ef0650fb13860bab5844f951a834cf05aa5859be,cf93b05f5e2ec1926ba80f638ac135fcb54fb55cb298d9bfec3151eefc85eac3,dose_01/images/test/land_pad2__2450.png,d83272a2c7c5b6f34da36874f9e76a07f66c3a247e6643bd36ac0669a2028a98,dose_01/labels/test/land_pad2__2450.txt,cf93b05f5e2ec1926ba80f638ac135fcb54fb55cb298d9bfec3151eefc85eac3,1052,961,1,b8300fa04b8f833c156d0366aa4420b37d7421609be35ca0d5e24fd64b20a8fa,0.15,land_pad2,0.0750703283572641,0.14951124279472197,0.8504887572052781
2,0.3,0.7,land_pad2__2450.jpg,land_pad2,2450,0d76c0cac01e125aa8e24291ef0650fb13860bab5844f951a834cf05aa5859be,cf93b05f5e2ec1926ba80f638ac135fcb54fb55cb298d9bfec3151eefc85eac3,dose_02/images/test/land_pad2__2450.png,071706c88cc90dc8aedc571f420b900d500c61f38e4b71968bcadde347ee19fb,dose_02/labels/test/land_pad2__2450.txt,cf93b05f5e2ec1926ba80f638ac135fcb54fb55cb298d9bfec3151eefc85eac3,1052,961,1,b8300fa04b8f833c156d0366aa4420b37d7421609be35ca0d5e24fd64b20a8fa,0.3,land_pad2,0.1508231681985258,0.30038178616035016,0.6996182138396498
3,0.45,0.55,land_pad2__2450.jpg,land_pad2,2450,0d76c0cac01e125aa8e24291ef0650fb13860bab5844f951a834cf05aa5859be,cf93b05f5e2ec1926ba80f638ac135fcb54fb55cb298d9bfec3151eefc85eac3,dose_03/images/test/land_pad2__2450.png,875dd3fb3490f926b75af4438e785966c654a7f9682433cbf8a51df678eedbfb,dose_03/labels/test/land_pad2__2450.txt,cf93b05f5e2ec1926ba80f638ac135fcb54fb55cb298d9bfec3151eefc85eac3,1052,961,1,b8300fa04b8f833c156d0366aa4420b37d7421609be35ca0d5e24fd64b20a8fa,0.45,land_pad2,0.22598845467530257,0.4500821490345026,0.5499178509654974
4,0.6,0.4,land_pad2__2450.jpg,land_pad2,2450,0d76c0cac01e125aa8e24291ef0650fb13860bab5844f951a834cf05aa5859be,cf93b05f5e2ec1926ba80f638ac135fcb54fb55cb298d9bfec3151eefc85eac3,dose_04/images/test/land_pad2__2450.png,6741bbb648fa5547134025f23d7ae93dbe830f6ce4355b1fe73cc6e6157b4d28,dose_04/labels/test/land_pad2__2450.txt,cf93b05f5e2ec1926ba80f638ac135fcb54fb55cb298d9bfec3151eefc85eac3,1052,961,1,b8300fa04b8f833c156d0366aa4420b37d7421609be35ca0d5e24fd64b20a8fa,0.6,land_pad2,0.30137234265637425,0.6002178820915105,0.3997821179084895
5,0.75,0.25,land_pad2__2450.jpg,land_pad2,2450,0d76c0cac01e125aa8e24291ef0650fb13860bab5844f951a834cf05aa5859be,cf93b05f5e2ec1926ba80f638ac135fcb54fb55cb298d9bfec3151eefc85eac3,dose_05/images/test/land_pad2__2450.png,fe47cb31e5e6e9175cbde8cf81ddca8cd254c4c60feda74188ee6017ae33a98e,dose_05/labels/test/land_pad2__2450.txt,cf93b05f5e2ec1926ba80f638ac135fcb54fb55cb298d9bfec3151eefc85eac3,1052,961,1,b8300fa04b8f833c156d0366aa4420b37d7421609be35ca0d5e24fd64b20a8fa,0.75,land_pad2,0.37652180277989894,0.7498867249524245,0.2501132750475755
0,0.0,1.0,land_pad2__2475.jpg,land_pad2,2475,680c5987d402b13da1635ca16b6afd26863f7baf55ac0c680e0cba1ccc5f8d75,b586cf3c1d58c05d3672ae7496cca9e09bd1e71ebc2424bc1e7681dfb1dfef32,dose_00/images/test/land_pad2__2475.jpg,4b66414a9675f1545fd0761d0c26d0000aa498b7ca72918c6ff5c1915184acde,dose_00/labels/test/land_pad2__2475.txt,b586cf3c1d58c05d3672ae7496cca9e09bd1e71ebc2424bc1e7681dfb1dfef32,1052,961,1,4b66414a9675f1545fd0761d0c26d0000aa498b7ca72918c6ff5c1915184acde,0.0,land_pad2,0.0,0.0,1.0
1,0.15,0.85,land_pad2__2475.jpg,land_pad2,2475,680c5987d402b13da1635ca16b6afd26863f7baf55ac0c680e0cba1ccc5f8d75,b586cf3c1d58c05d3672ae7496cca9e09bd1e71ebc2424bc1e7681dfb1dfef32,dose_01/images/test/land_pad2__2475.png,d591ec3a4102304bf718895c70a740af91a0eb14cdd4909f86c917e9e15dfecc,dose_01/labels/test/land_pad2__2475.txt,b586cf3c1d58c05d3672ae7496cca9e09bd1e71ebc2424bc1e7681dfb1dfef32,1052,961,1,4b66414a9675f1545fd0761d0c26d0000aa498b7ca72918c6ff5c1915184acde,0.15,land_pad2,0.11841277503234511,0.15029264581444923,0.8497073541855508
2,0.3,0.7,land_pad2__2475.jpg,land_pad2,2475,680c5987d402b13da1635ca16b6afd26863f7baf55ac0c680e0cba1ccc5f8d75,b586cf3c1d58c05d3672ae7496cca9e09bd1e71ebc2424bc1e7681dfb1dfef32,dose_02/images/test/land_pad2__2475.png,637538e170328dfd38e6bf6bb806b8c39a09c909444444c5fef91dacafda4cdc,dose_02/labels/test/land_pad2__2475.txt,b586cf3c1d58c05d3672ae7496cca9e09bd1e71ebc2424bc1e7681dfb1dfef32,1052,961,1,4b66414a9675f1545fd0761d0c26d0000aa498b7ca72918c6ff5c1915184acde,0.3,land_pad2,0.23651693617627392,0.30019359066747353,0.6998064093325265
3,0.45,0.55,land_pad2__2475.jpg,land_pad2,2475,680c5987d402b13da1635ca16b6afd26863f7baf55ac0c680e0cba1ccc5f8d75,b586cf3c1d58c05d3672ae7496cca9e09bd1e71ebc2424bc1e7681dfb1dfef32,dose_03/images/test/land_pad2__2475.png,79ada14ce1738832eb3b6e6eb6ba2f8f59a4bdebc4508b1c9950ad144692285d,dose_03/labels/test/land_pad2__2475.txt,b586cf3c1d58c05d3672ae7496cca9e09bd1e71ebc2424bc1e7681dfb1dfef32,1052,961,1,4b66414a9675f1545fd0761d0c26d0000aa498b7ca72918c6ff5c1915184acde,0.45,land_pad2,0.3543025919610039,0.44969028004107836,0.5503097199589216
4,0.6,0.4,land_pad2__2475.jpg,land_pad2,2475,680c5987d402b13da1635ca16b6afd26863f7baf55ac0c680e0cba1ccc5f8d75,b586cf3c1d58c05d3672ae7496cca9e09bd1e71ebc2424bc1e7681dfb1dfef32,dose_04/images/test/land_pad2__2475.png,e57480bea826e1cec119dd61b9aca1effccff11cc5bd8f51f394075db5db572e,dose_04/labels/test/land_pad2__2475.txt,b586cf3c1d58c05d3672ae7496cca9e09bd1e71ebc2424bc1e7681dfb1dfef32,1052,961,1,4b66414a9675f1545fd0761d0c26d0000aa498b7ca72918c6ff5c1915184acde,0.6,land_pad2,0.4729626537629133,0.6002967888053874,0.3997032111946126
5,0.75,0.25,land_pad2__2475.jpg,land_pad2,2475,680c5987d402b13da1635ca16b6afd26863f7baf55ac0c680e0cba1ccc5f8d75,b586cf3c1d58c05d3672ae7496cca9e09bd1e71ebc2424bc1e7681dfb1dfef32,dose_05/images/test/land_pad2__2475.png,13e6848629963acc32a0139bc72fb7f3f06ecb32898c263ac268a2fdfe778818,dose_05/labels/test/land_pad2__2475.txt,b586cf3c1d58c05d3672ae7496cca9e09bd1e71ebc2424bc1e7681dfb1dfef32,1052,961,1,4b66414a9675f1545fd0761d0c26d0000aa498b7ca72918c6ff5c1915184acde,0.75,land_pad2,0.5910193358470858,0.7501374719720386,0.2498625280279614
0,0.0,1.0,land_pad2__2500.jpg,land_pad2,2500,da59d66e6237f1599d9107727b625f475d090a1730bea9ecbbde699e5e2cea09,59d6b983a0b7f45d21944014720d51e468b3f63f3e4cc0d5fda056fbbdcae626,dose_00/images/test/land_pad2__2500.jpg,010d8834fdef6802e9a300255fb480f46cbc766eac230e38787e1678b6b7545f,dose_00/labels/test/land_pad2__2500.txt,59d6b983a0b7f45d21944014720d51e468b3f63f3e4cc0d5fda056fbbdcae626,1052,961,1,010d8834fdef6802e9a300255fb480f46cbc766eac230e38787e1678b6b7545f,0.0,land_pad2,0.0,0.0,1.0
1,0.15,0.85,land_pad2__2500.jpg,land_pad2,2500,da59d66e6237f1599d9107727b625f475d090a1730bea9ecbbde699e5e2cea09,59d6b983a0b7f45d21944014720d51e468b3f63f3e4cc0d5fda056fbbdcae626,dose_01/images/test/land_pad2__2500.png,b87f290b25e6f27eb54af7a8b2d516f8951c29e35685f8b03f8ee8b9f906008f,dose_01/labels/test/land_pad2__2500.txt,59d6b983a0b7f45d21944014720d51e468b3f63f3e4cc0d5fda056fbbdcae626,1052,961,1,010d8834fdef6802e9a300255fb480f46cbc766eac230e38787e1678b6b7545f,0.15,land_pad2,0.11089525723758917,0.15005206423307646,0.8499479357669235
2,0.3,0.7,land_pad2__2500.jpg,land_pad2,2500,da59d66e6237f1599d9107727b625f475d090a1730bea9ecbbde699e5e2cea09,59d6b983a0b7f45d21944014720d51e468b3f63f3e4cc0d5fda056fbbdcae626,dose_02/images/test/land_pad2__2500.png,22235d38253e6e54c68a6a831b40a2128a4669ff4804c174e62176831343c617,dose_02/labels/test/land_pad2__2500.txt,59d6b983a0b7f45d21944014720d51e468b3f63f3e4cc0d5fda056fbbdcae626,1052,961,1,010d8834fdef6802e9a300255fb480f46cbc766eac230e38787e1678b6b7545f,0.3,land_pad2,0.22159367420660514,0.2998377844460446,0.7001622155539554
3,0.45,0.55,land_pad2__2500.jpg,land_pad2,2500,da59d66e6237f1599d9107727b625f475d090a1730bea9ecbbde699e5e2cea09,59d6b983a0b7f45d21944014720d51e468b3f63f3e4cc0d5fda056fbbdcae626,dose_03/images/test/land_pad2__2500.png,22188954eae2f2ee4d2dbad6f70975854d84a1083373cc45194d2900851e031a,dose_03/labels/test/land_pad2__2500.txt,59d6b983a0b7f45d21944014720d51e468b3f63f3e4cc0d5fda056fbbdcae626,1052,961,1,010d8834fdef6802e9a300255fb480f46cbc766eac230e38787e1678b6b7545f,0.45,land_pad2,0.3326729128007502,0.4501387933411318,0.5498612066588682
4,0.6,0.4,land_pad2__2500.jpg,land_pad2,2500,da59d66e6237f1599d9107727b625f475d090a1730bea9ecbbde699e5e2cea09,59d6b983a0b7f45d21944014720d51e468b3f63f3e4cc0d5fda056fbbdcae626,dose_04/images/test/land_pad2__2500.png,e37c3e0d890df1f88a395d3561e7eb48a21fffd014aa122758ce9ce852176340,dose_04/labels/test/land_pad2__2500.txt,59d6b983a0b7f45d21944014720d51e468b3f63f3e4cc0d5fda056fbbdcae626,1052,961,1,010d8834fdef6802e9a300255fb480f46cbc766eac230e38787e1678b6b7545f,0.6,land_pad2,0.4434692553305136,0.6000570163580734,0.39994298364192654
5,0.75,0.25,land_pad2__2500.jpg,land_pad2,2500,da59d66e6237f1599d9107727b625f475d090a1730bea9ecbbde699e5e2cea09,59d6b983a0b7f45d21944014720d51e468b3f63f3e4cc0d5fda056fbbdcae626,dose_05/images/test/land_pad2__2500.png,aa89829c611a7e9eaa3736be792657614176114309d6ade89fefc41af998692e,dose_05/labels/test/land_pad2__2500.txt,59d6b983a0b7f45d21944014720d51e468b3f63f3e4cc0d5fda056fbbdcae626,1052,961,1,010d8834fdef6802e9a300255fb480f46cbc766eac230e38787e1678b6b7545f,0.75,land_pad2,0.554634549720467,0.7504744671111979,0.24952553288880205
0,0.0,1.0,land_pad2__2525.jpg,land_pad2,2525,4bf67210ed80cf3afaf88562036fa2a70121f4c746d38ef74363c85e46d7eae0,b6210b6e877cf704d786f59eec447f613daccb2e33243f45d62c144995f27015,dose_00/images/test/land_pad2__2525.jpg,44607d6cab2cd49bb32adc57fec22a81ecedebaf125db119f8627db209ea35aa,dose_00/labels/test/land_pad2__2525.txt,b6210b6e877cf704d786f59eec447f613daccb2e33243f45d62c144995f27015,1052,961,1,44607d6cab2cd49bb32adc57fec22a81ecedebaf125db119f8627db209ea35aa,0.0,land_pad2,0.0,0.0,1.0
1,0.15,0.85,land_pad2__2525.jpg,land_pad2,2525,4bf67210ed80cf3afaf88562036fa2a70121f4c746d38ef74363c85e46d7eae0,b6210b6e877cf704d786f59eec447f613daccb2e33243f45d62c144995f27015,dose_01/images/test/land_pad2__2525.png,a1fa3e595c4205b2b148f6296de3f77ae3004a44dca81fdff25dee464aaa4493,dose_01/labels/test/land_pad2__2525.txt,b6210b6e877cf704d786f59eec447f613daccb2e33243f45d62c144995f27015,1052,961,1,44607d6cab2cd49bb32adc57fec22a81ecedebaf125db119f8627db209ea35aa,0.15,land_pad2,0.1341876926363935,0.15030246626337831,0.8496975337366217
2,0.3,0.7,land_pad2__2525.jpg,land_pad2,2525,4bf67210ed80cf3afaf88562036fa2a70121f4c746d38ef74363c85e46d7eae0,b6210b6e877cf704d786f59eec447f613daccb2e33243f45d62c144995f27015,dose_02/images/test/land_pad2__2525.png,fa7ea753e2b50caad2f1017a8771023753e953eb3f54e8a2eaeafad9c3c2a567,dose_02/labels/test/land_pad2__2525.txt,b6210b6e877cf704d786f59eec447f613daccb2e33243f45d62c144995f27015,1052,961,1,44607d6cab2cd49bb32adc57fec22a81ecedebaf125db119f8627db209ea35aa,0.3,land_pad2,0.26771067843619806,0.2998604001861331,0.7001395998138669
3,0.45,0.55,land_pad2__2525.jpg,land_pad2,2525,4bf67210ed80cf3afaf88562036fa2a70121f4c746d38ef74363c85e46d7eae0,b6210b6e877cf704d786f59eec447f613daccb2e33243f45d62c144995f27015,dose_03/images/test/land_pad2__2525.png,bdfa2acf1a313f4b549f7bed11284259afafb956abde22a5ac9dffcf4ef11259,dose_03/labels/test/land_pad2__2525.txt,b6210b6e877cf704d786f59eec447f613daccb2e33243f45d62c144995f27015,1052,961,1,44607d6cab2cd49bb32adc57fec22a81ecedebaf125db119f8627db209ea35aa,0.45,land_pad2,0.40161943159652297,0.4498504287708569,0.5501495712291431
4,0.6,0.4,land_pad2__2525.jpg,land_pad2,2525,4bf67210ed80cf3afaf88562036fa2a70121f4c746d38ef74363c85e46d7eae0,b6210b6e877cf704d786f59eec447f613daccb2e33243f45d62c144995f27015,dose_04/images/test/land_pad2__2525.png,7995759887d0faa767b045fd28c3fec89e1c2f08c9ae59c6e79194a18c8829e9,dose_04/labels/test/land_pad2__2525.txt,b6210b6e877cf704d786f59eec447f613daccb2e33243f45d62c144995f27015,1052,961,1,44607d6cab2cd49bb32adc57fec22a81ecedebaf125db119f8627db209ea35aa,0.6,land_pad2,0.5352937568993009,0.5995778767533072,0.4004221232466928
5,0.75,0.25,land_pad2__2525.jpg,land_pad2,2525,4bf67210ed80cf3afaf88562036fa2a70121f4c746d38ef74363c85e46d7eae0,b6210b6e877cf704d786f59eec447f613daccb2e33243f45d62c144995f27015,dose_05/images/test/land_pad2__2525.png,784aadc8e47f82076303d812a2a724b3af07d1ed7799dbc72f231a5294d649ef,dose_05/labels/test/land_pad2__2525.txt,b6210b6e877cf704d786f59eec447f613daccb2e33243f45d62c144995f27015,1052,961,1,44607d6cab2cd49bb32adc57fec22a81ecedebaf125db119f8627db209ea35aa,0.75,land_pad2,0.6701491238135181,0.7506281991624011,0.24937180083759888
