frame_id,sequence,frame_index,dose_index,gt_count,detection_count,tp,fp,fn,frame_success,best_confidence_any,best_confidence_tp,best_iou,session,requested_dose,achieved_image_mask_fraction,achieved_annotation_box_mask_fraction,visible_annotation_box_fraction,source_sha256,canonical_q95_sha256,treatment_sha256,pred_count,best_confidence
land_pad__6500.jpg,land_pad,6500,0,1,264,1,263,0,True,0.011134485714137554,0.005123250186443329,0.6448266951156497,land_pad,0.0,0.0,0.0,1.0,f72c47ffb3e3d3345c63da92a5de3a9dd2e9c067dd97461609ab97a9c488e8e1,57594893904b9ca47c874fa09e6ad0a375b75d27782ae9616e19b45e8b135396,57594893904b9ca47c874fa09e6ad0a375b75d27782ae9616e19b45e8b135396,264,0.0028234408237040043
land_pad__6525.jpg,land_pad,6525,0,1,257,1,256,0,True,0.012625186704099178,0.005241314880549908,0.5503121913150915,land_pad,0.0,0.0,0.0,1.0,31045f31c54082b0022ad67444ff0ed6268ee2f34d201ce412bbb5dafe802352,9de0a3730c83cb72a56631a6636bb0d6f0d5ea8ea2d7d10dcdc6836872c4a1c2,9de0a3730c83cb72a56631a6636bb0d6f0d5ea8ea2d7d10dcdc6836872c4a1c2,257,0.005241314880549908
land_pad__6550.jpg,land_pad,6550,0,1,248,1,247,0,True,0.0171184279024601,0.0029453851748257875,0.6435925616933991,land_pad,0.0,0.0,0.0,1.0,1f3a2a5b4e074bcd5bb05411ebdabc28392e13c8ad7004d2ab4748d5b488cc08,9cc61a23397e5fbf180cfb394134eb0770c0555ba62f5d00baf0d26069d4ceb8,9cc61a23397e5fbf180cfb394134eb0770c0555ba62f5d00baf0d26069d4ceb8,248,0.0029453851748257875
land_pad__6575.jpg,land_pad,6575,0,1,259,1,258,0,True,0.012846163474023342,0.0025820767041295767,0.7775960666959449,land_pad,0.0,0.0,0.0,1.0,fa0a6563e3286533256448ed9d067fc016baf5cca1bbe331272d1c0aa4dcdd0b,2ee7b9f46519ff946a5b1219f712ab9c535626ce375c2458bceeb0db57b67893,2ee7b9f46519ff946a5b1219f712ab9c535626ce375c2458bceeb0db57b67893,259,0.0025820767041295767
land_pad__6600.jpg,land_pad,6600,0,1,267,1,266,0,True,0.0153323570266366,0.005089051555842161,0.6757926534581428,land_pad,0.0,0.0,0.0,1.0,95142936d577a13eb25bd70c8b347f3c26737c6880fc1835795e0dd29fc8c617,515e118a610801c9a948c194c81ae1995cd0fe4deb91222c40a009ba3c2dad90,515e118a610801c9a948c194c81ae1995cd0fe4deb91222c40a009ba3c2dad90,267,0.005089051555842161
land_pad__6625.jpg,land_pad,6625,0,1,235,1,234,0,True,0.02100999467074871,0.0014956047525629401,0.6786466998707651,land_pad,0.0,0.0,0.0,1.0,393e028560483b5dd13ffebc9e2f554245d8fce9b7a2dfb5f16cecd0d3865400,c41402941e91d4687c68e56f3617953414e429895c25621d160a1edc94341a44,c41402941e91d4687c68e56f3617953414e429895c25621d160a1edc94341a44,235,0.0014956047525629401
land_pad__6650.jpg,land_pad,6650,0,1,265,1,264,0,True,0.017444970086216927,0.007993550971150398,0.5513072899551199,land_pad,0.0,0.0,0.0,1.0,34342350e7251c2f9d95d59ead7a5503d518b01caa11ace5f83e48900557e5d1,5c9ec86f1d82fca86f694075f05097ed09e70100ff0a6634350aca67146fab14,5c9ec86f1d82fca86f694075f05097ed09e70100ff0a6634350aca67146fab14,265,0.007993550971150398
land_pad__6675.jpg,land_pad,6675,0,1,257,1,256,0,True,0.01958584412932396,0.01624254323542118,0.5338759198135654,land_pad,0.0,0.0,0.0,1.0,4dc8a02d5f8aa1158860b37d93d3a0290dede06cc1d2384547544a417b298251,660cca0252ddc88782a7f613ddce5fba30c869d4217fe991baa50353870fddc9,660cca0252ddc88782a7f613ddce5fba30c869d4217fe991baa50353870fddc9,257,0.01624254323542118
land_pad__6700.jpg,land_pad,6700,0,1,258,1,257,0,True,0.021429255604743958,0.018505394458770752,0.5922726019258816,land_pad,0.0,0.0,0.0,1.0,b654087e78b422f9f60dce5c2a40ee77031f498a1ac8b79d346042ebeb9812c1,52e539eb199fb7dffaabfd153e0b17d9bda0c7149e234744a53557d6eed43fa4,52e539eb199fb7dffaabfd153e0b17d9bda0c7149e234744a53557d6eed43fa4,258,0.018505394458770752
land_pad__6725.jpg,land_pad,6725,0,1,256,1,255,0,True,0.01744643971323967,0.0101307462900877,0.5249899775896952,land_pad,0.0,0.0,0.0,1.0,8eabf7fe85e5171edf09c9b7d2f6f6e41f1578aaf09c41f8fdd877a955951d80,62f3a656f7742796d195eed7960f46264856e28ad7b9dd20c17bc83ebe7ad7ae,62f3a656f7742796d195eed7960f46264856e28ad7b9dd20c17bc83ebe7ad7ae,256,0.0101307462900877
land_pad__6750.jpg,land_pad,6750,0,1,248,0,248,1,False,0.027670303359627724,,0.4283961493969383,land_pad,0.0,0.0,0.0,1.0,7e6c77731025866bdc14184d99a06bee656fdae3fe13598a6557cfa6801596e5,bf8a7920f34d99d67ce9deb5c11e07721d3ae708c5cbb42622c8105879e8ba06,bf8a7920f34d99d67ce9deb5c11e07721d3ae708c5cbb42622c8105879e8ba06,248,0.00886461604386568
land_pad__6775.jpg,land_pad,6775,0,1,250,1,249,0,True,0.030105002224445343,0.01252138614654541,0.5416898129527791,land_pad,0.0,0.0,0.0,1.0,b2e707df7cafc89711799beea8f9f37c73d4657244f52599c60ea4e72cdf6349,b86ec0083e4f674f28e58ff50d388cc2bb3b5f389b893b798aa829ae4f79df6e,b86ec0083e4f674f28e58ff50d388cc2bb3b5f389b893b798aa829ae4f79df6e,250,0.01252138614654541
land_pad__6800.jpg,land_pad,6800,0,1,252,0,252,1,False,0.026423335075378418,,0.348474593242943,land_pad,0.0,0.0,0.0,1.0,e3378c32f6ca4c39dcfbb73271ab3a6d6feef68a49b88ecf7fa4fc1080bc9cf6,2111899b1df047c027f93ba6bcc97cac6e83a7d16127e225b5ee15c540a43e3a,2111899b1df047c027f93ba6bcc97cac6e83a7d16127e225b5ee15c540a43e3a,252,0.003595445305109024
land_pad__6825.jpg,land_pad,6825,0,1,252,0,252,1,False,0.04032803326845169,,0.2962797405755757,land_pad,0.0,0.0,0.0,1.0,799c8e41e0a6c3272c91d7079b8731dd29c1a24eb47d4f758ca6b5842519e9a1,3f9f794f489d0133c867bbb1f2f12523d8db0958a254c1b3fd70a0fc92388b64,3f9f794f489d0133c867bbb1f2f12523d8db0958a254c1b3fd70a0fc92388b64,252,0.010013679973781109
land_pad__6850.jpg,land_pad,6850,0,1,243,0,243,1,False,0.03176543489098549,,0.15195033415033746,land_pad,0.0,0.0,0.0,1.0,1f2b4502a376e6fd09135686c2c17f6446e17e61f9db5391078f180b301caed9,e67e93e0bccbc4ef6fcde3f54208cab32395a5c653405d900b3d19dde94d4653,e67e93e0bccbc4ef6fcde3f54208cab32395a5c653405d900b3d19dde94d4653,243,0.005135565064847469
land_pad__7450.jpg,land_pad,7450,0,1,283,1,282,0,True,0.030715974047780037,0.02644280157983303,0.7278315324523765,land_pad,0.0,0.0,0.0,1.0,935e3d27cfafbe2c2948aadf31084aea9303a6cf3e5e9d0588765098d0c4bbaf,79030ed1fdfb2e8df7c198740c7e57b6cfaf2ec387e2004b7ee972c2e37c02c5,79030ed1fdfb2e8df7c198740c7e57b6cfaf2ec387e2004b7ee972c2e37c02c5,283,0.02644280157983303
land_pad__7475.jpg,land_pad,7475,0,1,263,1,262,0,True,0.1327478587627411,0.04749589040875435,0.6215238470894845,land_pad,0.0,0.0,0.0,1.0,0ea800f36327b9d46e2e00bff45b8a9011e138c0d26bef7ec43360ce7ab0ec91,ffae6ec03ab116a96d8215041ae178d286ceb9dbee06c2a8576c65744e5bf97c,ffae6ec03ab116a96d8215041ae178d286ceb9dbee06c2a8576c65744e5bf97c,263,0.04749589040875435
land_pad__7500.jpg,land_pad,7500,0,1,287,0,287,1,False,0.13515257835388184,,0.4812309331149243,land_pad,0.0,0.0,0.0,1.0,2bcff4d1fe5a28745c8bfe1e1c2b0bb36cf59dc1bfa271194780e55b1202661a,0f849e96a6d15b772860d37146fc7ea097dc37f9f7be0dae4a304a9793e14b3a,0f849e96a6d15b772860d37146fc7ea097dc37f9f7be0dae4a304a9793e14b3a,287,0.003676945110782981
land_pad__7525.jpg,land_pad,7525,0,1,300,0,300,1,False,0.20466025173664093,,0.4888326937900274,land_pad,0.0,0.0,0.0,1.0,7a14ecea02abbda5318e32edfb98d988e2631ca6dd832b3826b44c346987456e,49383ac48dc9716df098854ccd7d0b959d3bfaa4b099551533a518fe912cb9bf,49383ac48dc9716df098854ccd7d0b959d3bfaa4b099551533a518fe912cb9bf,300,0.0028278990648686886
land_pad__7550.jpg,land_pad,7550,0,1,279,1,278,0,True,0.08365508168935776,0.08365508168935776,0.6365499616777146,land_pad,0.0,0.0,0.0,1.0,3efc8b6f09ea8d79468015eca5941be8600bc5ffff39e5ed2f0a4e0cacd380a8,a582322d25604db2255715c363c46250d4c3c4d076483427639410cc94363ea6,a582322d25604db2255715c363c46250d4c3c4d076483427639410cc94363ea6,279,0.08365508168935776
land_pad__7575.jpg,land_pad,7575,0,1,300,1,299,0,True,0.04122748225927353,0.0036808233708143234,0.6152664488415278,land_pad,0.0,0.0,0.0,1.0,b19cc7c32ba8bee57c8db43b166e5e359a48a3a7a5a2bfaa5e58080ff808807e,6092b817ec9b255fead13d9a26d6fdd233db897c896a8916b32f1d2785c6a8cf,6092b817ec9b255fead13d9a26d6fdd233db897c896a8916b32f1d2785c6a8cf,300,0.0036808233708143234
land_pad__7600.jpg,land_pad,7600,0,1,300,0,300,1,False,0.03377293050289154,,0.45604069349315457,land_pad,0.0,0.0,0.0,1.0,eb8935519a422de2068c7a232a73917ddbf441909353752284743c1fe9ea1b3b,0cede57c723a1e320dc8fff21cc68e42d01a32a1eb6a973fbb4bc5829134733a,0cede57c723a1e320dc8fff21cc68e42d01a32a1eb6a973fbb4bc5829134733a,300,0.028149621561169624
land_pad__7625.jpg,land_pad,7625,0,1,300,0,300,1,False,0.2661033570766449,,0.35555975078188384,land_pad,0.0,0.0,0.0,1.0,58f314b4117f92d4f162e696f56f1b036cbb05e9287a43c1f46578941f41f7a1,c55530cba1870e69e3ebf9bdfb3cf2daa1181810801b47ce28cdc4fa491af875,c55530cba1870e69e3ebf9bdfb3cf2daa1181810801b47ce28cdc4fa491af875,300,0.039556581526994705
land_pad__7650.jpg,land_pad,7650,0,1,300,0,300,1,False,0.13654181361198425,,0.29336947664820506,land_pad,0.0,0.0,0.0,1.0,db2658ddad21f85402934a1111a68fa1f193e84c65e0236d466301a12e2b6eb3,e67fdcadc968a91a8732f93ac40d448e699ce62ff246bffd31c6dd48c7d3cf19,e67fdcadc968a91a8732f93ac40d448e699ce62ff246bffd31c6dd48c7d3cf19,300,0.0013482305221259594
land_pad__7675.jpg,land_pad,7675,0,1,300,0,300,1,False,0.1894768476486206,,0.4451684233832344,land_pad,0.0,0.0,0.0,1.0,69dc200d8b80fe8c1159e8f6ee4caeefa118295684b92b24ff79ec4f879af9d6,af5f920ddcf810efdc0c1cc7348731a5e90fffc76e33268c854ca965ba409e5f,af5f920ddcf810efdc0c1cc7348731a5e90fffc76e33268c854ca965ba409e5f,300,0.003170566400513053
land_pad__7700.jpg,land_pad,7700,0,1,300,0,300,1,False,0.2579638361930847,,0.4057444701992634,land_pad,0.0,0.0,0.0,1.0,64a5976b78eacf7afcc088db0567aec83ee2c0e582bda044665b5e499fedf1a8,6150445b4a3f5b18f102648856d7ba1d07813b9b3ca72fefcef432a1874ecba9,6150445b4a3f5b18f102648856d7ba1d07813b9b3ca72fefcef432a1874ecba9,300,0.06264863163232803
land_pad__7725.jpg,land_pad,7725,0,1,300,0,300,1,False,0.26985761523246765,,0.46428256210076874,land_pad,0.0,0.0,0.0,1.0,24e7b1128bd08328b4494906e2023cdd4b12a9c550574b6b6e3a587d5eb16239,addaee9b57c22ac39c32420bbe4ed8cca1e4d7c059625cdae583e2e2b4d15bc8,addaee9b57c22ac39c32420bbe4ed8cca1e4d7c059625cdae583e2e2b4d15bc8,300,0.26985761523246765
land_pad__7750.jpg,land_pad,7750,0,1,300,0,300,1,False,0.21671628952026367,,0.35660802008025716,land_pad,0.0,0.0,0.0,1.0,9b97c4bbfd7b2a1717afb1077a80f7de21c04153e487e0167f99ba0e1d431171,096c7523440ee6ca13df77d91cd76bea9de88320d6ad7b28c9a97df4c457f26b,096c7523440ee6ca13df77d91cd76bea9de88320d6ad7b28c9a97df4c457f26b,300,0.00649472139775753
land_pad__7775.jpg,land_pad,7775,0,1,300,0,300,1,False,0.285529226064682,,0.4603038830337491,land_pad,0.0,0.0,0.0,1.0,dbea6822e1c835bb9bb22cce1f55f2668442da9c8f1601deb83fdf578b7f3a99,1f2ef132134509762de806a415e3e9a754ab2dd21c580914ff7b93e61745d85c,1f2ef132134509762de806a415e3e9a754ab2dd21c580914ff7b93e61745d85c,300,0.017921121791005135
land_pad__7800.jpg,land_pad,7800,0,1,294,0,294,1,False,0.28061050176620483,,0.2802659367197403,land_pad,0.0,0.0,0.0,1.0,138ed68711a50ca358963968fcc5d169082b7b7854f2c695919874112deb84d9,94a94b4d9a3e8a855c0781e85e3d0a9c986862cba99b3b0cd5d241fb56d00db7,94a94b4d9a3e8a855c0781e85e3d0a9c986862cba99b3b0cd5d241fb56d00db7,294,0.02428353577852249
land_pad__7825.jpg,land_pad,7825,0,1,300,0,300,1,False,0.461014062166214,,0.3411565054063826,land_pad,0.0,0.0,0.0,1.0,f8d83454e0fabdad4e9933c865c10f3fa819a720a919da17a1e4a0b44930bfb1,7b482c27769f11471e13d8459cb52a337c5aeff092861bd6851d410862abe2e9,7b482c27769f11471e13d8459cb52a337c5aeff092861bd6851d410862abe2e9,300,0.461014062166214
land_pad__7850.jpg,land_pad,7850,0,1,300,0,300,1,False,0.20230941474437714,,0.2485216381121997,land_pad,0.0,0.0,0.0,1.0,a8a85dc7a6ede37037fb7b317f843a61dfea04a70e5f244efda719bac23a8c7e,ae1e5f49b24e2b23dec876d2cec58d7b47d04d231917026a5d6487be0ef7c04e,ae1e5f49b24e2b23dec876d2cec58d7b47d04d231917026a5d6487be0ef7c04e,300,0.20230941474437714
land_pad__7875.jpg,land_pad,7875,0,1,300,0,300,1,False,0.1297447830438614,,0.36568568162016535,land_pad,0.0,0.0,0.0,1.0,58d448e41fee416835285a3242cb26ad9f63a3fd937e2b355da3ec00bec0134d,e4cfa0cb73493924d5e821ae241f1e148fb6b8d307a68c39f9e1b7b90bd8b526,e4cfa0cb73493924d5e821ae241f1e148fb6b8d307a68c39f9e1b7b90bd8b526,300,0.10382802039384842
land_pad__7900.jpg,land_pad,7900,0,1,300,0,300,1,False,0.15693403780460358,,0.32212289565777047,land_pad,0.0,0.0,0.0,1.0,5d1a938f8fea46795d917c2c75b287872451c9c886fcf4f53609323840b5d371,a853f654849647f5d1c1f73bf84efba517dd15203a929f29ea26e28fd02eae0f,a853f654849647f5d1c1f73bf84efba517dd15203a929f29ea26e28fd02eae0f,300,0.15693403780460358
land_pad__7925.jpg,land_pad,7925,0,1,300,0,300,1,False,0.18228226900100708,,0.41350792446746737,land_pad,0.0,0.0,0.0,1.0,b692b231472413740d0551bb2a8dda57170116e5fc534200ec293fb0a7376eda,a1443cb77b5bcc3f53c0c8e13161751c4f3761cf16e31a1e6526e4e2bf4fa4af,a1443cb77b5bcc3f53c0c8e13161751c4f3761cf16e31a1e6526e4e2bf4fa4af,300,0.18228226900100708
land_pad__7950.jpg,land_pad,7950,0,1,300,0,300,1,False,0.2212175875902176,,0.42354744866485516,land_pad,0.0,0.0,0.0,1.0,6f43a27d3a12872d5559a038d7129eeb701187c4bfc8fb76cd466b3103a4abba,d5e3b53d09cf41e0ee0b3ad7bf322a2a2e9a8b33d9d5ca4d899da00ebf4fe092,d5e3b53d09cf41e0ee0b3ad7bf322a2a2e9a8b33d9d5ca4d899da00ebf4fe092,300,0.034493885934352875
land_pad__7975.jpg,land_pad,7975,0,1,300,0,300,1,False,0.09654654562473297,,0.38999698492648266,land_pad,0.0,0.0,0.0,1.0,e8626d1f944fd7a5756d63dbd947aa1483d07974138075bfe84aab0266e84659,96c2c82c710cebcf582e6a83c4de74a833b54e844f6ed9f38a9e62a4bdc30b29,96c2c82c710cebcf582e6a83c4de74a833b54e844f6ed9f38a9e62a4bdc30b29,300,0.09654654562473297
land_pad__8000.jpg,land_pad,8000,0,1,300,0,300,1,False,0.09027547389268875,,0.3978593705415844,land_pad,0.0,0.0,0.0,1.0,66679fc30dd94f2048f5efc137a7702f7c6089c684cf75e900f66c9b1abf4563,333cae8b4812d5ba2db9341108f715012cdd3d5a13d34c686d7e06f6a37fbf27,333cae8b4812d5ba2db9341108f715012cdd3d5a13d34c686d7e06f6a37fbf27,300,0.05199249088764191
land_pad__8025.jpg,land_pad,8025,0,1,300,0,300,1,False,0.26049351692199707,,0.39248064691300133,land_pad,0.0,0.0,0.0,1.0,ce697b9962e97f541b286c777368d3ae2bb4bd2aaa45d6f461b31a22bff8ec0e,a6d28ac3d520023ba595a7ae967028d0c80dc3f8d23731ad91fd1c3dd7b68c75,a6d28ac3d520023ba595a7ae967028d0c80dc3f8d23731ad91fd1c3dd7b68c75,300,0.26049351692199707
land_pad__8050.jpg,land_pad,8050,0,1,288,1,287,0,True,0.17768146097660065,0.0632823184132576,0.5098057321509093,land_pad,0.0,0.0,0.0,1.0,c37ef1ef752a759daf38f8607104e7a02f02d61164deda9c6471260de1f15e50,6bef3cf71b0887f08ae5dd3507d423cbf67d80940138cc5eb94d5143771d5a62,6bef3cf71b0887f08ae5dd3507d423cbf67d80940138cc5eb94d5143771d5a62,288,0.0632823184132576
land_pad__8075.jpg,land_pad,8075,0,1,296,0,296,1,False,0.19631583988666534,,0.2860778607452335,land_pad,0.0,0.0,0.0,1.0,ac20eff3c9735c895af0fa2c3b6076c225f8cbf81c71ebc8839edfd0c8c612c1,4753e0f9ccb1808bbbbc98d56981f456c58b853500e85805b43e5dedaf43e948,4753e0f9ccb1808bbbbc98d56981f456c58b853500e85805b43e5dedaf43e948,296,0.19631583988666534
land_pad__8100.jpg,land_pad,8100,0,1,276,1,275,0,True,0.08148562908172607,0.08148562908172607,0.5353763704894349,land_pad,0.0,0.0,0.0,1.0,9b37a47163f82daf97a952b68520c5630804f518e472441b3a97d95ca4e176e3,9a82c77036f26a7bb1f91571dd9098bbd42a7d42228fa0715fe3aa84f4753142,9a82c77036f26a7bb1f91571dd9098bbd42a7d42228fa0715fe3aa84f4753142,276,0.08148562908172607
land_pad__8125.jpg,land_pad,8125,0,1,278,0,278,1,False,0.12294594943523407,,0.3510694370744721,land_pad,0.0,0.0,0.0,1.0,ce0594716803733c6c0924748dc520cbb0ac7f077476bdcd839f1c1adf5ceeba,e814e68dcca1397b6e9d75340320025db7a74f4bb3218051837426965f799a6c,e814e68dcca1397b6e9d75340320025db7a74f4bb3218051837426965f799a6c,278,0.12294594943523407
land_pad__8150.jpg,land_pad,8150,0,1,257,0,257,1,False,0.09774234890937805,,0.34923749552798267,land_pad,0.0,0.0,0.0,1.0,c24f0948162d273fbc880877e87729e2fed91d1a9fc33a907d33471162f8a3d1,e4b6698b7d33f9cb1fe76f45503d47510eced7cbb41b8f23a15ab999f49baa94,e4b6698b7d33f9cb1fe76f45503d47510eced7cbb41b8f23a15ab999f49baa94,257,0.09774234890937805
land_pad__8175.jpg,land_pad,8175,0,1,275,0,275,1,False,0.04748668149113655,,0.42819880865010596,land_pad,0.0,0.0,0.0,1.0,ceff0e4de811db1aa9d8e4cd0ddabbdb07c0915f5a1072032c18c98a3ff88758,5fce143f143be0bbcc71eb500be4f800ca90c45720e119dd6c10bf20bccc6b56,5fce143f143be0bbcc71eb500be4f800ca90c45720e119dd6c10bf20bccc6b56,275,0.026399800553917885
land_pad__8200.jpg,land_pad,8200,0,1,282,0,282,1,False,0.11555185168981552,,0.40339656378683886,land_pad,0.0,0.0,0.0,1.0,7d3a654f59540ff1ea8ddc6e3cef983dbe8c465c9bdfe986edd623a60cfd0de2,92cb986433c352921d6f3282f39407ce978b775758f6c9cce2f9a23a3b3d7505,92cb986433c352921d6f3282f39407ce978b775758f6c9cce2f9a23a3b3d7505,282,0.010375440120697021
land_pad__8225.jpg,land_pad,8225,0,1,297,0,297,1,False,0.12782986462116241,,0.49997210501934486,land_pad,0.0,0.0,0.0,1.0,a4b3683afcaba473b082d1e1af02d81daf0a6539125b0bcef2cb1969addd2936,5c78f498900671ff3b1054577e2aa652da1c44ea75663ffe4b88872c177f9167,5c78f498900671ff3b1054577e2aa652da1c44ea75663ffe4b88872c177f9167,297,0.101315937936306
land_pad__8250.jpg,land_pad,8250,0,1,284,1,283,0,True,0.07934955507516861,0.04261108115315437,0.5344803064682202,land_pad,0.0,0.0,0.0,1.0,2b3bf29d8c8d62ee73b1147bfc3f1c188fa583ac6d709e7cf2be582348530de4,b206a4f81c8723e7a1b53a1ec1b551837fd9ef304ccc5bb00d237b1b0ff70e87,b206a4f81c8723e7a1b53a1ec1b551837fd9ef304ccc5bb00d237b1b0ff70e87,284,0.04261108115315437
land_pad__8275.jpg,land_pad,8275,0,1,294,0,294,1,False,0.1680261492729187,,0.4445850195068326,land_pad,0.0,0.0,0.0,1.0,01972f1a8a1fdc60eb55748e3ccfc0f85ee30b9c4db008e1cda79b67006dc45e,93a842e05454fda2f030af05ccf55c4e61304bbc73af2dfc0b3db0dcea1dadfc,93a842e05454fda2f030af05ccf55c4e61304bbc73af2dfc0b3db0dcea1dadfc,294,0.053370773792266846
land_pad__8300.jpg,land_pad,8300,0,1,300,1,299,0,True,0.1970439851284027,0.1970439851284027,0.5938268798548791,land_pad,0.0,0.0,0.0,1.0,b04283431924dad2fe374a961aafe26bf1a1b0933f186a7af58d38aad1842784,bca0f0c3d9f3131c7b69473dd386f54061cdf0afee4e3124a62c8951c741cbdd,bca0f0c3d9f3131c7b69473dd386f54061cdf0afee4e3124a62c8951c741cbdd,300,0.1970439851284027
land_pad__8325.jpg,land_pad,8325,0,1,291,0,291,1,False,0.2719447612762451,,0.31158286109043476,land_pad,0.0,0.0,0.0,1.0,b49b68d889b1a7dd72f1ea7ac6b7094649da4ff30127e87d53be5d4522f7a009,ac9bed7e757479e7352af7ead6d24c321886f6b6e20781eb842d69831cb58f3b,ac9bed7e757479e7352af7ead6d24c321886f6b6e20781eb842d69831cb58f3b,291,0.0573277473449707
land_pad__8350.jpg,land_pad,8350,0,1,300,1,299,0,True,0.534247100353241,0.534247100353241,0.5025151082255274,land_pad,0.0,0.0,0.0,1.0,158453c45ef146187cf8f3dc2ebf2bab7dee88e99ceef40de33f44b56daa69c6,a6919436431881c763041eaed6d1848d9b92942e033fd9b0b01a3e0a8a772f23,a6919436431881c763041eaed6d1848d9b92942e033fd9b0b01a3e0a8a772f23,300,0.534247100353241
land_pad__8375.jpg,land_pad,8375,0,1,298,0,298,1,False,0.4851085841655731,,0.49018598504500466,land_pad,0.0,0.0,0.0,1.0,9cae1faa5b7adeac3273818a51de581f27545b427bbd94640c2e9bcd11b368cb,3775f60e9f831de8e7ca8dbb3988a49ff4486c7432d4a52a0b199c57ff07ea33,3775f60e9f831de8e7ca8dbb3988a49ff4486c7432d4a52a0b199c57ff07ea33,298,0.13487398624420166
land_pad__8400.jpg,land_pad,8400,0,1,300,1,299,0,True,0.31230610609054565,0.31230610609054565,0.6610145425507885,land_pad,0.0,0.0,0.0,1.0,c303df4592f3c9f6b3b71ca9e72d59d04efe2ed8f08d3c3fa409a5b18a790ad6,5ac8c5d07c3893dbf58d7b17efe589e8d481beef1f961d6e4f97253eac92b1a7,5ac8c5d07c3893dbf58d7b17efe589e8d481beef1f961d6e4f97253eac92b1a7,300,0.06589540094137192
land_pad__8425.jpg,land_pad,8425,0,1,300,1,299,0,True,0.25420692563056946,0.21312949061393738,0.6680276206148648,land_pad,0.0,0.0,0.0,1.0,fc0779ed449aaf79cd0aa3627b5d700dc8b06bd1da97fc68ac6f362e7c418913,d9e5af2b7b880b7cf48af3afe3ff44e5d00e98286bc6786530cacecc55384576,d9e5af2b7b880b7cf48af3afe3ff44e5d00e98286bc6786530cacecc55384576,300,0.21312949061393738
land_pad__8450.jpg,land_pad,8450,0,1,300,1,299,0,True,0.451517790555954,0.451517790555954,0.8149770672205439,land_pad,0.0,0.0,0.0,1.0,9cc43d6bf31a15278dc1868e646bff8db83372ce83853a48b9d4fd83374bd479,511f9f0f7568b9d6e9b71f15e4cbf4be1e03ee259bcbfc43a18060abdd09e818,511f9f0f7568b9d6e9b71f15e4cbf4be1e03ee259bcbfc43a18060abdd09e818,300,0.451517790555954
land_pad__8475.jpg,land_pad,8475,0,1,272,1,271,0,True,0.5715426206588745,0.5715426206588745,0.8555048136011337,land_pad,0.0,0.0,0.0,1.0,7dbe1754425bc79dd4cdd0c0545c199e744f7522f2a5e5bc168d74f261d81b7d,f5d95fed786d039d7b66e8dc1517cee7669a9116bf53c2a5683f338f993659ef,f5d95fed786d039d7b66e8dc1517cee7669a9116bf53c2a5683f338f993659ef,272,0.5715426206588745
land_pad__8500.jpg,land_pad,8500,0,1,282,1,281,0,True,0.2946069538593292,0.2946069538593292,0.7252078803220534,land_pad,0.0,0.0,0.0,1.0,076a2d0708a55343260cdfabdca735efaded7890078490b5847d97006ab5eaaf,03bdd53193e3e01e293db7019241931e21d8e53ba83328f16a111f87d9521073,03bdd53193e3e01e293db7019241931e21d8e53ba83328f16a111f87d9521073,282,0.2946069538593292
land_pad__8525.jpg,land_pad,8525,0,1,291,1,290,0,True,0.5974161624908447,0.5974161624908447,0.8306790713442566,land_pad,0.0,0.0,0.0,1.0,23444a7b38bedcf9bac654c81f469fb194194f9b44c3cef4e952a8de9eede7c6,a6cd0ecdd30028638bd74ca0f710efcd6aa176d14d24970dc79bf66d8523dcd8,a6cd0ecdd30028638bd74ca0f710efcd6aa176d14d24970dc79bf66d8523dcd8,291,0.5974161624908447
land_pad__8550.jpg,land_pad,8550,0,1,279,1,278,0,True,0.5558263659477234,0.5558263659477234,0.7029249709068995,land_pad,0.0,0.0,0.0,1.0,1b3f9ea6f00333c1cbdacccded1f23cc21910edfdfe00166c81ecd463a41a85d,99006d4aa7bbc66e7f7481ef8f7bbbe43eb346251af985751616e10e0adf694d,99006d4aa7bbc66e7f7481ef8f7bbbe43eb346251af985751616e10e0adf694d,279,0.5558263659477234
land_pad__8575.jpg,land_pad,8575,0,1,277,1,276,0,True,0.26251131296157837,0.26251131296157837,0.8039890920337409,land_pad,0.0,0.0,0.0,1.0,f6200186a2b19a370f1cd36156254e0a0bb31688694b33e8c560a04d2ea9aeb8,36dc661079da493681aa0905ada63c98ba6975550a0261f883e3b2e83c065ba0,36dc661079da493681aa0905ada63c98ba6975550a0261f883e3b2e83c065ba0,277,0.26251131296157837
land_pad__8600.jpg,land_pad,8600,0,1,263,1,262,0,True,0.5504571199417114,0.5504571199417114,0.5913948971771117,land_pad,0.0,0.0,0.0,1.0,1c589678fb62c6433481a2ddfe1164655dc5ac1efebab99d6e0026d3a5bba66a,408dc57c35bd6e942fc5c0545a4e01dd31e246bd2ae34caf002e297fc55edb8d,408dc57c35bd6e942fc5c0545a4e01dd31e246bd2ae34caf002e297fc55edb8d,263,0.4098166823387146
land_pad__8625.jpg,land_pad,8625,0,1,254,1,253,0,True,0.5450528264045715,0.5450528264045715,0.8355927338641767,land_pad,0.0,0.0,0.0,1.0,ac8fdc61adf6c27f481b522feb04e5cd7589e69e6d189e3e1eb1713e599a9da4,dd0a38e08764ce8b161463468fac7a195d14564b7fba844ed4418fa478990d9e,dd0a38e08764ce8b161463468fac7a195d14564b7fba844ed4418fa478990d9e,254,0.15544351935386658
land_pad__8650.jpg,land_pad,8650,0,1,246,1,245,0,True,0.7151458859443665,0.7151458859443665,0.725582446049171,land_pad,0.0,0.0,0.0,1.0,89749f433aaa84fc8b64dc49e8d4b96c66c0954695782074f631c6862a27d149,dc3eeb04a9c260136562b9b3affed6f75c37f4eb467e7bf1c51671f11ba23432,dc3eeb04a9c260136562b9b3affed6f75c37f4eb467e7bf1c51671f11ba23432,246,0.7151458859443665
land_pad__8675.jpg,land_pad,8675,0,1,255,1,254,0,True,0.5659569501876831,0.5659569501876831,0.7338400750090711,land_pad,0.0,0.0,0.0,1.0,552d1afac41c85e7aad5fc1902dbc5f0e8f5aaa3cdc4927ab54e3dea0f1f4cba,2bd73cd160a13a1e2eeb65222b6af3963e6e48d5183f5486651a08d0676934a5,2bd73cd160a13a1e2eeb65222b6af3963e6e48d5183f5486651a08d0676934a5,255,0.12747038900852203
land_pad__8700.jpg,land_pad,8700,0,1,287,1,286,0,True,0.6107958555221558,0.01697627641260624,0.6625021209167313,land_pad,0.0,0.0,0.0,1.0,972dbd4b6e9446d7780e3d407856401df49c2c62ab6b3e9ba3f6ef5f9fab419c,606a2d6b6482f7e304b376480b8b9c5b47ba23b21c68befd8ece87f0b2f0d7d4,606a2d6b6482f7e304b376480b8b9c5b47ba23b21c68befd8ece87f0b2f0d7d4,287,0.01697627641260624
land_pad2__2050.jpg,land_pad2,2050,0,1,248,1,247,0,True,0.8577773571014404,0.8577773571014404,0.8205570426169161,land_pad2,0.0,0.0,0.0,1.0,51b79b23d73d323ef475dddc00afd72c148b0837d81fa80f97c42325bc36ea53,cd2a50a2e024e3132e0a6b2160200991df84fcf055a787f6ce595516784422ba,cd2a50a2e024e3132e0a6b2160200991df84fcf055a787f6ce595516784422ba,248,0.8577773571014404
land_pad2__2075.jpg,land_pad2,2075,0,1,253,1,252,0,True,0.8922051191329956,0.8922051191329956,0.9080383116595779,land_pad2,0.0,0.0,0.0,1.0,7204e4a48a8b284f9d894b683c0fba56521ca59732b04a2cdcdd782759995ffa,0274f9ba08de2dcface621fefb1c63d6031cc40637137ac7e1a19f9948b9e550,0274f9ba08de2dcface621fefb1c63d6031cc40637137ac7e1a19f9948b9e550,253,0.8922051191329956
land_pad2__2100.jpg,land_pad2,2100,0,1,270,1,269,0,True,0.9382067918777466,0.9382067918777466,0.8962237992724018,land_pad2,0.0,0.0,0.0,1.0,b0e921535c7ecdf19d7dc2d3072a1f4732c9f6996ca9cffab0a2838f7aa50d66,4bf05ee9c44903dc764cadbf1fec83f9056c46b60fb61c9396b0d62738782c8d,4bf05ee9c44903dc764cadbf1fec83f9056c46b60fb61c9396b0d62738782c8d,270,0.9382067918777466
land_pad2__2125.jpg,land_pad2,2125,0,1,257,1,256,0,True,0.905067503452301,0.905067503452301,0.9647044230497255,land_pad2,0.0,0.0,0.0,1.0,360cb4bf1402d4e54e1175bb641ea798f9fb3d6db192267686c956a80ea51817,efc0a32a55a409734ad25f10ede3c1d4c121f62c7460de3c427bec44420de7d5,efc0a32a55a409734ad25f10ede3c1d4c121f62c7460de3c427bec44420de7d5,257,0.905067503452301
land_pad2__2150.jpg,land_pad2,2150,0,1,269,1,268,0,True,0.9267815947532654,0.9267815947532654,0.9013690762653961,land_pad2,0.0,0.0,0.0,1.0,61d64f5543676d46f2d96afa0d0083398d00eb3d8adc70af1b63d0e877ddfd59,cb37a935d1166f38f19d30b125d42405e7999f4c3ce13c95f1822b54deb5331c,cb37a935d1166f38f19d30b125d42405e7999f4c3ce13c95f1822b54deb5331c,269,0.9267815947532654
land_pad2__2175.jpg,land_pad2,2175,0,1,266,1,265,0,True,0.9113497138023376,0.9113497138023376,0.9531564198534145,land_pad2,0.0,0.0,0.0,1.0,5634542411147c434b150db70ed877d689e857f89a99e01d02bef460a2bf6b0d,f6f446916f50f7ed3410c216355eb3cedbfc8e75e40b8446156d5dc3813da2fe,f6f446916f50f7ed3410c216355eb3cedbfc8e75e40b8446156d5dc3813da2fe,266,0.9113497138023376
land_pad2__2200.jpg,land_pad2,2200,0,1,239,1,238,0,True,0.9280737638473511,0.9280737638473511,0.9416109044395181,land_pad2,0.0,0.0,0.0,1.0,d1671a417fcf9d28529f07f26e26203d87cc7415c11f4d044979904068cc32b4,d271b8bef3dea0d01ef40d5f1c6f5c2a7bfb49cbd4b89ea0f4779c01800053fb,d271b8bef3dea0d01ef40d5f1c6f5c2a7bfb49cbd4b89ea0f4779c01800053fb,239,0.9280737638473511
land_pad2__2225.jpg,land_pad2,2225,0,1,232,1,231,0,True,0.9256222248077393,0.9256222248077393,0.8911108830488103,land_pad2,0.0,0.0,0.0,1.0,85555b55b528ced66972581a772579f14cfca4c7aa46e72d15f35f1039feb25f,a140378de5985dfa79665f467eabec02acc41c43b80ed7f61a4ed592bf2525b7,a140378de5985dfa79665f467eabec02acc41c43b80ed7f61a4ed592bf2525b7,232,0.9256222248077393
land_pad2__2250.jpg,land_pad2,2250,0,1,251,1,250,0,True,0.8899507522583008,0.8899507522583008,0.9482711030686332,land_pad2,0.0,0.0,0.0,1.0,d9ced95c7ec34b0239a57784ea02d19b1873329e0affd61067b3c35f7727df77,2e2364c8dd141492f50f3401f423859e9ea129fb31647694a37ebfc04918ac17,2e2364c8dd141492f50f3401f423859e9ea129fb31647694a37ebfc04918ac17,251,0.8899507522583008
land_pad2__2275.jpg,land_pad2,2275,0,1,264,1,263,0,True,0.8845942616462708,0.8845942616462708,0.8673764404782298,land_pad2,0.0,0.0,0.0,1.0,402ae05ab42afc2fffa75fbe66d84734a283109d99656fc72f014d6edb1ab588,40a903545faabd9f9accf88181488d4f4c3032708dc9ebdcb68047a1b4a96e71,40a903545faabd9f9accf88181488d4f4c3032708dc9ebdcb68047a1b4a96e71,264,0.8845942616462708
land_pad2__2300.jpg,land_pad2,2300,0,1,248,1,247,0,True,0.8943578600883484,0.8943578600883484,0.9215335342293368,land_pad2,0.0,0.0,0.0,1.0,ff07e86b21e05b8d552e3f03b6baf0e87a4e43009f4ed595d462407ea796c9b8,d9e5843bcae9042248dd98d852d9eac96e38a19ddaa64a7edc4a090e53fa958e,d9e5843bcae9042248dd98d852d9eac96e38a19ddaa64a7edc4a090e53fa958e,248,0.8943578600883484
land_pad2__2325.jpg,land_pad2,2325,0,1,240,1,239,0,True,0.9434536695480347,0.9434536695480347,0.9256944451215228,land_pad2,0.0,0.0,0.0,1.0,23d96423398a5d8a5724fe8f06ead733736e330cf1ab3e54a793331d91d6aeb0,de8347312164475c420bd67bfcafd115800683de4ee7f6ac6cc2c39ad78d13e3,de8347312164475c420bd67bfcafd115800683de4ee7f6ac6cc2c39ad78d13e3,240,0.9434536695480347
land_pad2__2350.jpg,land_pad2,2350,0,1,241,1,240,0,True,0.8737766742706299,0.8737766742706299,0.9164220611344643,land_pad2,0.0,0.0,0.0,1.0,cf09f077f3666b811c0daf1415b79fe8f61853aea2aa6c0cbfef3503b40a02c1,b8115b132e284b1f34232c00a1fd02b0cd9ae16496daeebc03cb3e5dda475645,b8115b132e284b1f34232c00a1fd02b0cd9ae16496daeebc03cb3e5dda475645,241,0.8737766742706299
land_pad2__2375.jpg,land_pad2,2375,0,1,262,1,261,0,True,0.8758946061134338,0.8758946061134338,0.9313259884335147,land_pad2,0.0,0.0,0.0,1.0,a8b9448c170c2f5759e648cf46906b276c4029584032902fa4d29ba71ff421bb,08895d194ebe7b4570ae1968b32c7c9f5f2556506309653c00bac8379e9b5bf0,08895d194ebe7b4570ae1968b32c7c9f5f2556506309653c00bac8379e9b5bf0,262,0.8758946061134338
land_pad2__2400.jpg,land_pad2,2400,0,1,250,1,249,0,True,0.9592565894126892,0.9592565894126892,0.8558098332060788,land_pad2,0.0,0.0,0.0,1.0,f043a7fec23fdd06ae2fc057ac020ed842af471650e97ab9e5f9dd881311c89e,203f28bc196c8642d8724843859415d00cd7897ddf3237697cc14561e4e252ab,203f28bc196c8642d8724843859415d00cd7897ddf3237697cc14561e4e252ab,250,0.9592565894126892
land_pad2__2425.jpg,land_pad2,2425,0,1,281,1,280,0,True,0.9303207993507385,0.9303207993507385,0.9633557285544373,land_pad2,0.0,0.0,0.0,1.0,f0013c116ddc22ebc936c3152bb8ac5feb81557a191a403db91a2b8024740310,bf3e412409da76743c67629122fff0464f93b18616295a67d36c5b51afbf2be1,bf3e412409da76743c67629122fff0464f93b18616295a67d36c5b51afbf2be1,281,0.9303207993507385
land_pad2__2450.jpg,land_pad2,2450,0,1,279,1,278,0,True,0.9631682634353638,0.9631682634353638,0.7939269829371269,land_pad2,0.0,0.0,0.0,1.0,0d76c0cac01e125aa8e24291ef0650fb13860bab5844f951a834cf05aa5859be,b8300fa04b8f833c156d0366aa4420b37d7421609be35ca0d5e24fd64b20a8fa,b8300fa04b8f833c156d0366aa4420b37d7421609be35ca0d5e24fd64b20a8fa,279,0.9631682634353638
land_pad2__2475.jpg,land_pad2,2475,0,1,300,1,299,0,True,0.9671371579170227,0.9671371579170227,0.9343897187287723,land_pad2,0.0,0.0,0.0,1.0,680c5987d402b13da1635ca16b6afd26863f7baf55ac0c680e0cba1ccc5f8d75,4b66414a9675f1545fd0761d0c26d0000aa498b7ca72918c6ff5c1915184acde,4b66414a9675f1545fd0761d0c26d0000aa498b7ca72918c6ff5c1915184acde,300,0.9671371579170227
land_pad2__2500.jpg,land_pad2,2500,0,1,276,1,275,0,True,0.9805793166160583,0.9805793166160583,0.9611639953413041,land_pad2,0.0,0.0,0.0,1.0,da59d66e6237f1599d9107727b625f475d090a1730bea9ecbbde699e5e2cea09,010d8834fdef6802e9a300255fb480f46cbc766eac230e38787e1678b6b7545f,010d8834fdef6802e9a300255fb480f46cbc766eac230e38787e1678b6b7545f,276,0.9805793166160583
land_pad2__2525.jpg,land_pad2,2525,0,1,264,1,263,0,True,0.9255503416061401,0.9255503416061401,0.94162905278784,land_pad2,0.0,0.0,0.0,1.0,4bf67210ed80cf3afaf88562036fa2a70121f4c746d38ef74363c85e46d7eae0,44607d6cab2cd49bb32adc57fec22a81ecedebaf125db119f8627db209ea35aa,44607d6cab2cd49bb32adc57fec22a81ecedebaf125db119f8627db209ea35aa,264,0.9255503416061401
land_pad__6500.jpg,land_pad,6500,1,1,263,1,262,0,True,0.011217756196856499,0.004258724395185709,0.6668909119605628,land_pad,0.15,7.121858963452994e-05,0.1565217391304348,0.8434782608695652,f72c47ffb3e3d3345c63da92a5de3a9dd2e9c067dd97461609ab97a9c488e8e1,57594893904b9ca47c874fa09e6ad0a375b75d27782ae9616e19b45e8b135396,a5ef9e8dca66812d87bed63b32bcc8a703c5081f7320f4ca1563220aebe95c1c,263,0.004069559741765261
land_pad__6525.jpg,land_pad,6525,1,1,256,1,255,0,True,0.012813027016818523,0.009556049481034279,0.5520785697392411,land_pad,0.15,7.913176626058882e-05,0.16,0.84,31045f31c54082b0022ad67444ff0ed6268ee2f34d201ce412bbb5dafe802352,9de0a3730c83cb72a56631a6636bb0d6f0d5ea8ea2d7d10dcdc6836872c4a1c2,377edadf71aba82d9bf0ed6e0c13a19539e623e7203277a6c5c7302c65c67dce,256,0.009556049481034279
land_pad__6550.jpg,land_pad,6550,1,1,249,1,248,0,True,0.017148315906524658,0.003968502394855022,0.5964090915391607,land_pad,0.15,8.704494288664771e-05,0.15714285714285714,0.8428571428571429,1f3a2a5b4e074bcd5bb05411ebdabc28392e13c8ad7004d2ab4748d5b488cc08,9cc61a23397e5fbf180cfb394134eb0770c0555ba62f5d00baf0d26069d4ceb8,bebb896c02ae1deb6a6975e1b99de55044c4fb39efb092b1bc8e0b9c641e1460,249,0.003968502394855022
land_pad__6575.jpg,land_pad,6575,1,1,257,1,256,0,True,0.012853555381298065,0.003761126659810543,0.5923689683524495,land_pad,0.15,7.121858963452994e-05,0.15,0.85,fa0a6563e3286533256448ed9d067fc016baf5cca1bbe331272d1c0aa4dcdd0b,2ee7b9f46519ff946a5b1219f712ab9c535626ce375c2458bceeb0db57b67893,04ee1ee2213f5aae7055400748078808ebf4cf5f92e7441719150a76c440248e,257,0.003761126659810543
land_pad__6600.jpg,land_pad,6600,1,1,267,0,267,1,False,0.015321159735321999,,0.45930658732336876,land_pad,0.15,9.891470782573602e-05,0.14814814814814814,0.8518518518518519,95142936d577a13eb25bd70c8b347f3c26737c6880fc1835795e0dd29fc8c617,515e118a610801c9a948c194c81ae1995cd0fe4deb91222c40a009ba3c2dad90,97f9b0f99dd72ae51b0e881b1a184ca05c66c30372dd7fc6d6d19bfbec9ba24f,267,0.004924365784972906
land_pad__6625.jpg,land_pad,6625,1,1,234,1,233,0,True,0.021282881498336792,0.0027573443949222565,0.704618055079529,land_pad,0.15,8.012091333884618e-05,0.1600790513833992,0.8399209486166008,393e028560483b5dd13ffebc9e2f554245d8fce9b7a2dfb5f16cecd0d3865400,c41402941e91d4687c68e56f3617953414e429895c25621d160a1edc94341a44,3c2c96b8e0ec0d263f1cf8ff98377596f751ecee43ead87e4b89e628eb656e07,234,0.0027573443949222565
land_pad__6650.jpg,land_pad,6650,1,1,263,1,262,0,True,0.017365947365760803,0.005724614951759577,0.5260247380706399,land_pad,0.15,6.23162659302137e-05,0.1590909090909091,0.8409090909090909,34342350e7251c2f9d95d59ead7a5503d518b01caa11ace5f83e48900557e5d1,5c9ec86f1d82fca86f694075f05097ed09e70100ff0a6634350aca67146fab14,927138606fa9a9463d1bee10f092e7c07bee50fd2ec1c3f6f6b1f5ef60b24664,263,0.005724614951759577
land_pad__6675.jpg,land_pad,6675,1,1,257,1,256,0,True,0.019626054912805557,0.011271386407315731,0.5544622348454347,land_pad,0.15,6.924029547801522e-05,0.14736842105263157,0.8526315789473684,4dc8a02d5f8aa1158860b37d93d3a0290dede06cc1d2384547544a417b298251,660cca0252ddc88782a7f613ddce5fba30c869d4217fe991baa50353870fddc9,4908d1ccbeebc42dbc1a4bb1f0323cec8334fa4037dbff79c17ae543073c72d5,257,0.011271386407315731
land_pad__6700.jpg,land_pad,6700,1,1,258,1,257,0,True,0.02141682617366314,0.01616048999130726,0.604992257156724,land_pad,0.15,7.121858963452994e-05,0.16363636363636364,0.8363636363636363,b654087e78b422f9f60dce5c2a40ee77031f498a1ac8b79d346042ebeb9812c1,52e539eb199fb7dffaabfd153e0b17d9bda0c7149e234744a53557d6eed43fa4,e19eb90ceeb2e177293f6ad90345469675806f1cd9bc2252b65f01c60c82dbb1,258,0.01616048999130726
land_pad__6725.jpg,land_pad,6725,1,1,256,1,255,0,True,0.017436902970075607,0.0077308290638029575,0.5252899100273468,land_pad,0.15,5.3413942225897455e-05,0.140625,0.859375,8eabf7fe85e5171edf09c9b7d2f6f6e41f1578aaf09c41f8fdd877a955951d80,62f3a656f7742796d195eed7960f46264856e28ad7b9dd20c17bc83ebe7ad7ae,d525f0a521f141bace41055487ea70759747f164e18a3a44efd93fa458dcdc77,256,0.0077308290638029575
land_pad__6750.jpg,land_pad,6750,1,1,248,0,248,1,False,0.027806242927908897,,0.46953630522427847,land_pad,0.15,5.3413942225897455e-05,0.16363636363636364,0.8363636363636363,7e6c77731025866bdc14184d99a06bee656fdae3fe13598a6557cfa6801596e5,bf8a7920f34d99d67ce9deb5c11e07721d3ae708c5cbb42622c8105879e8ba06,26e999d80804c33aed92f0734dec246dc0d7c5ee1e2f262388e9d1f8f623fbd8,248,0.007012247107923031
land_pad__6775.jpg,land_pad,6775,1,1,250,1,249,0,True,0.030073579400777817,0.011918356642127037,0.5429389394298868,land_pad,0.15,4.747905975635329e-05,0.14285714285714285,0.8571428571428571,b2e707df7cafc89711799beea8f9f37c73d4657244f52599c60ea4e72cdf6349,b86ec0083e4f674f28e58ff50d388cc2bb3b5f389b893b798aa829ae4f79df6e,d4516e2d7d425ae3ba5ae749eb442160ee27946ea8b4a2ea9e7bfc9e42f9073b,250,0.011918356642127037
land_pad__6800.jpg,land_pad,6800,1,1,252,0,252,1,False,0.026417851448059082,,0.3950114548954064,land_pad,0.15,6.23162659302137e-05,0.16844919786096257,0.8315508021390374,e3378c32f6ca4c39dcfbb73271ab3a6d6feef68a49b88ecf7fa4fc1080bc9cf6,2111899b1df047c027f93ba6bcc97cac6e83a7d16127e225b5ee15c540a43e3a,408fed986a6f3d2ee3a6790ebaa5b462f3646decef504627450c5c1c3536cae1,252,0.010807906277477741
land_pad__6825.jpg,land_pad,6825,1,1,254,0,254,1,False,0.04041171446442604,,0.3869448300791853,land_pad,0.15,5.3413942225897455e-05,0.140625,0.859375,799c8e41e0a6c3272c91d7079b8731dd29c1a24eb47d4f758ca6b5842519e9a1,3f9f794f489d0133c867bbb1f2f12523d8db0958a254c1b3fd70a0fc92388b64,fd8646c3a8d5ed6ea42115ed52777168704986f85d32c7cdd77f8b3df2244369,254,0.012491717003285885
land_pad__6850.jpg,land_pad,6850,1,1,243,0,243,1,False,0.03174867480993271,,0.1620574702009803,land_pad,0.15,6.23162659302137e-05,0.16844919786096257,0.8315508021390374,1f2b4502a376e6fd09135686c2c17f6446e17e61f9db5391078f180b301caed9,e67e93e0bccbc4ef6fcde3f54208cab32395a5c653405d900b3d19dde94d4653,deaf0a9ac31de291f152815f67367629580d2a865c4f4403fe03304d100e28ad,243,0.004500577691942453
land_pad__7450.jpg,land_pad,7450,1,1,283,1,282,0,True,0.031187525019049644,0.031187525019049644,0.6951171288766561,land_pad,0.15,6.23162659302137e-05,0.16112531969309463,0.8388746803069054,935e3d27cfafbe2c2948aadf31084aea9303a6cf3e5e9d0588765098d0c4bbaf,79030ed1fdfb2e8df7c198740c7e57b6cfaf2ec387e2004b7ee972c2e37c02c5,24014f80c8477cc8b130d517f87ee979fc716374599a5dfa313779ddc2579f68,283,0.031187525019049644
land_pad__7475.jpg,land_pad,7475,1,1,262,1,261,0,True,0.12780797481536865,0.042220789939165115,0.6190322518848225,land_pad,0.15,4.747905975635329e-05,0.15,0.85,0ea800f36327b9d46e2e00bff45b8a9011e138c0d26bef7ec43360ce7ab0ec91,ffae6ec03ab116a96d8215041ae178d286ceb9dbee06c2a8576c65744e5bf97c,34613decc51b9b2613d8618b798fcc82b79505bb74f80a043a1dc882c50fbbc0,262,0.042220789939165115
land_pad__7500.jpg,land_pad,7500,1,1,286,0,286,1,False,0.13065052032470703,,0.47601082342376916,land_pad,0.15,3.956588313029441e-05,0.1360544217687075,0.8639455782312925,2bcff4d1fe5a28745c8bfe1e1c2b0bb36cf59dc1bfa271194780e55b1202661a,0f849e96a6d15b772860d37146fc7ea097dc37f9f7be0dae4a304a9793e14b3a,50f5025bb5d8be517acda5a0fbb3e070acdbf107c859dc3c38a31304c2d36e62,286,0.0038545981515198946
land_pad__7525.jpg,land_pad,7525,1,1,300,0,300,1,False,0.1812126189470291,,0.4856702413210755,land_pad,0.15,4.154417728680913e-05,0.15555555555555556,0.8444444444444444,7a14ecea02abbda5318e32edfb98d988e2631ca6dd832b3826b44c346987456e,49383ac48dc9716df098854ccd7d0b959d3bfaa4b099551533a518fe912cb9bf,2b429e37b895cd9b16b363a3308e44894c4c3804ee189fee9aa6aa42335c02e2,300,0.0027287432458251715
land_pad__7550.jpg,land_pad,7550,1,1,279,1,278,0,True,0.05956472456455231,0.05956472456455231,0.635337769640519,land_pad,0.15,4.747905975635329e-05,0.16,0.84,3efc8b6f09ea8d79468015eca5941be8600bc5ffff39e5ed2f0a4e0cacd380a8,a582322d25604db2255715c363c46250d4c3c4d076483427639410cc94363ea6,01de689638941d0653802c34446aaa89e0d8afc7fa9dd2cc93867963d08e795a,279,0.05956472456455231
land_pad__7575.jpg,land_pad,7575,1,1,300,1,299,0,True,0.03666301444172859,0.0032777879387140274,0.5959188415142757,land_pad,0.15,4.451161852158121e-05,0.13975155279503104,0.860248447204969,b19cc7c32ba8bee57c8db43b166e5e359a48a3a7a5a2bfaa5e58080ff808807e,6092b817ec9b255fead13d9a26d6fdd233db897c896a8916b32f1d2785c6a8cf,2f3c42bfa963270ee77640e4a9d4d9dbed2d7bcbe6b9eb41ed5f981d91e546ad,300,0.0032777879387140274
land_pad__7600.jpg,land_pad,7600,1,1,300,0,300,1,False,0.03560632839798927,,0.4244013802658165,land_pad,0.15,3.956588313029441e-05,0.14652014652014653,0.8534798534798534,eb8935519a422de2068c7a232a73917ddbf441909353752284743c1fe9ea1b3b,0cede57c723a1e320dc8fff21cc68e42d01a32a1eb6a973fbb4bc5829134733a,52b8253b7fef9cdea312584e4e263ef3d6ae1a1c858c32905cd2b70f353ab274,300,0.027041945606470108
land_pad__7625.jpg,land_pad,7625,1,1,300,0,300,1,False,0.23537243902683258,,0.36312160616179995,land_pad,0.15,4.451161852158121e-05,0.14423076923076922,0.8557692307692307,58f314b4117f92d4f162e696f56f1b036cbb05e9287a43c1f46578941f41f7a1,c55530cba1870e69e3ebf9bdfb3cf2daa1181810801b47ce28cdc4fa491af875,5035707c6ce890204ef6e112ab4cd540057d06fc246e2f86f9719e5891279654,300,0.031468868255615234
land_pad__7650.jpg,land_pad,7650,1,1,300,0,300,1,False,0.10595858097076416,,0.2996776972143406,land_pad,0.15,3.956588313029441e-05,0.14652014652014653,0.8534798534798534,db2658ddad21f85402934a1111a68fa1f193e84c65e0236d466301a12e2b6eb3,e67fdcadc968a91a8732f93ac40d448e699ce62ff246bffd31c6dd48c7d3cf19,6bd1041f9c8677953d96ded88481e41a5db8a1fd363d3730f10cb461a8dc8b37,300,0.001352078514173627
land_pad__7675.jpg,land_pad,7675,1,1,300,0,300,1,False,0.2134987860918045,,0.43708235689781644,land_pad,0.15,5.3413942225897455e-05,0.1565217391304348,0.8434782608695652,69dc200d8b80fe8c1159e8f6ee4caeefa118295684b92b24ff79ec4f879af9d6,af5f920ddcf810efdc0c1cc7348731a5e90fffc76e33268c854ca965ba409e5f,7038b46e3df2e2f2e355993d17f282e77570686d8b0362c81d729debe9dd4ba5,300,0.0032443779055029154
land_pad__7700.jpg,land_pad,7700,1,1,300,0,300,1,False,0.2365163266658783,,0.399829152085367,land_pad,0.15,4.451161852158121e-05,0.1461038961038961,0.8538961038961039,64a5976b78eacf7afcc088db0567aec83ee2c0e582bda044665b5e499fedf1a8,6150445b4a3f5b18f102648856d7ba1d07813b9b3ca72fefcef432a1874ecba9,0078148d4646e0e4e84671f328247a561c80c9aa3f771d549b03b82494f2a9cc,300,0.05944168195128441
land_pad__7725.jpg,land_pad,7725,1,1,300,0,300,1,False,0.29855358600616455,,0.47401812854625375,land_pad,0.15,3.956588313029441e-05,0.15384615384615385,0.8461538461538461,24e7b1128bd08328b4494906e2023cdd4b12a9c550574b6b6e3a587d5eb16239,addaee9b57c22ac39c32420bbe4ed8cca1e4d7c059625cdae583e2e2b4d15bc8,ba625d051569ff1fef834ddad55c517299428a7b9325f6d85916b8927182b395,300,0.29855358600616455
land_pad__7750.jpg,land_pad,7750,1,1,300,0,300,1,False,0.18631328642368317,,0.3666591738013298,land_pad,0.15,4.451161852158121e-05,0.15734265734265734,0.8426573426573427,9b97c4bbfd7b2a1717afb1077a80f7de21c04153e487e0167f99ba0e1d431171,096c7523440ee6ca13df77d91cd76bea9de88320d6ad7b28c9a97df4c457f26b,1b8591796a7aec81a53a200a0ca9905f766937c418628423ef49a9584569bc5c,300,0.006814427673816681
land_pad__7775.jpg,land_pad,7775,1,1,300,0,300,1,False,0.23317213356494904,,0.43692236557696973,land_pad,0.15,5.3413942225897455e-05,0.16363636363636364,0.8363636363636363,dbea6822e1c835bb9bb22cce1f55f2668442da9c8f1601deb83fdf578b7f3a99,1f2ef132134509762de806a415e3e9a754ab2dd21c580914ff7b93e61745d85c,98bb51a1096200a7f38cb1f21d8011f5822ef42ed44ac3ef70c5febeab838c2f,300,0.010851099155843258
land_pad__7800.jpg,land_pad,7800,1,1,294,0,294,1,False,0.2767839729785919,,0.2790404448363503,land_pad,0.15,3.956588313029441e-05,0.14652014652014653,0.8534798534798534,138ed68711a50ca358963968fcc5d169082b7b7854f2c695919874112deb84d9,94a94b4d9a3e8a855c0781e85e3d0a9c986862cba99b3b0cd5d241fb56d00db7,573548dd76b72d7ca7874a48db88afe0f4ef125d10c5fa86ad813994251efe70,294,0.024567188695073128
land_pad__7825.jpg,land_pad,7825,1,1,300,0,300,1,False,0.4609071612358093,,0.3621496853355302,land_pad,0.15,4.451161852158121e-05,0.1461038961038961,0.8538961038961039,f8d83454e0fabdad4e9933c865c10f3fa819a720a919da17a1e4a0b44930bfb1,7b482c27769f11471e13d8459cb52a337c5aeff092861bd6851d410862abe2e9,f8448c19f7d90a5b8d0abfef9d3f0d4c23eb9eeb3b72c1e0fc087d1fa0221e62,300,0.4609071612358093
land_pad__7850.jpg,land_pad,7850,1,1,300,0,300,1,False,0.20693740248680115,,0.24254598205708625,land_pad,0.15,4.451161852158121e-05,0.15734265734265734,0.8426573426573427,a8a85dc7a6ede37037fb7b317f843a61dfea04a70e5f244efda719bac23a8c7e,ae1e5f49b24e2b23dec876d2cec58d7b47d04d231917026a5d6487be0ef7c04e,944f230ac0b0df9e11e7c8b0c6cccda83b4e2b9424b8dab406dab2e595c42ae8,300,0.20693740248680115
land_pad__7875.jpg,land_pad,7875,1,1,300,0,300,1,False,0.12684795260429382,,0.3573977158784595,land_pad,0.15,4.451161852158121e-05,0.1461038961038961,0.8538961038961039,58d448e41fee416835285a3242cb26ad9f63a3fd937e2b355da3ec00bec0134d,e4cfa0cb73493924d5e821ae241f1e148fb6b8d307a68c39f9e1b7b90bd8b526,51e6e7abeb18e6ec676b78bdc3615227c345848deb9526a866ea8a7515f1c68a,300,0.08860930800437927
land_pad__7900.jpg,land_pad,7900,1,1,300,0,300,1,False,0.1657995730638504,,0.3197746222279718,land_pad,0.15,5.3413942225897455e-05,0.1565217391304348,0.8434782608695652,5d1a938f8fea46795d917c2c75b287872451c9c886fcf4f53609323840b5d371,a853f654849647f5d1c1f73bf84efba517dd15203a929f29ea26e28fd02eae0f,18aeccb3b2f53956e0797e14d879126f2617b0281d4bd8f2dc0921ccf817d970,300,0.1657995730638504
land_pad__7925.jpg,land_pad,7925,1,1,300,0,300,1,False,0.17316453158855438,,0.41478451578511527,land_pad,0.15,3.956588313029441e-05,0.1360544217687075,0.8639455782312925,b692b231472413740d0551bb2a8dda57170116e5fc534200ec293fb0a7376eda,a1443cb77b5bcc3f53c0c8e13161751c4f3761cf16e31a1e6526e4e2bf4fa4af,ea665c325fe1d288b991ba7754d7b7ba997fe66faf778f0685f3decc6d8fb743,300,0.17316453158855438
land_pad__7950.jpg,land_pad,7950,1,1,300,0,300,1,False,0.18929839134216309,,0.42822144116009697,land_pad,0.15,4.451161852158121e-05,0.15734265734265734,0.8426573426573427,6f43a27d3a12872d5559a038d7129eeb701187c4bfc8fb76cd466b3103a4abba,d5e3b53d09cf41e0ee0b3ad7bf322a2a2e9a8b33d9d5ca4d899da00ebf4fe092,e51ee3e9adb6241a9e752964e55a6d47c83f8067500d195aed57919787670bba,300,0.035756174474954605
land_pad__7975.jpg,land_pad,7975,1,1,300,0,300,1,False,0.09589630365371704,,0.3805453647180463,land_pad,0.15,5.3413942225897455e-05,0.1565217391304348,0.8434782608695652,e8626d1f944fd7a5756d63dbd947aa1483d07974138075bfe84aab0266e84659,96c2c82c710cebcf582e6a83c4de74a833b54e844f6ed9f38a9e62a4bdc30b29,5d6b644b16cc6e1be468d4fd44b559bc2c0d327c0d13850cc170dceb72abfbec,300,0.09318094700574875
land_pad__8000.jpg,land_pad,8000,1,1,300,0,300,1,False,0.10426920652389526,,0.40542009104240223,land_pad,0.15,3.956588313029441e-05,0.14285714285714285,0.8571428571428571,66679fc30dd94f2048f5efc137a7702f7c6089c684cf75e900f66c9b1abf4563,333cae8b4812d5ba2db9341108f715012cdd3d5a13d34c686d7e06f6a37fbf27,a54783c5fe146d33e552f811566a5e6b3af23b1a1edddb802758625daa465875,300,0.060262177139520645
land_pad__8025.jpg,land_pad,8025,1,1,300,0,300,1,False,0.2733229696750641,,0.3805813437963316,land_pad,0.15,4.154417728680913e-05,0.14736842105263157,0.8526315789473684,ce697b9962e97f541b286c777368d3ae2bb4bd2aaa45d6f461b31a22bff8ec0e,a6d28ac3d520023ba595a7ae967028d0c80dc3f8d23731ad91fd1c3dd7b68c75,83825093642e25c382e5deac43a5ae77f26202ae43d6f6fd26d15c807399bcb7,300,0.2733229696750641
land_pad__8050.jpg,land_pad,8050,1,1,284,1,283,0,True,0.19438430666923523,0.06494855880737305,0.5100013946937921,land_pad,0.15,4.747905975635329e-05,0.16,0.84,c37ef1ef752a759daf38f8607104e7a02f02d61164deda9c6471260de1f15e50,6bef3cf71b0887f08ae5dd3507d423cbf67d80940138cc5eb94d5143771d5a62,dfb9f8c0442e1bfbea3cf20d46f77f90879b6f02f8572498cb8b235cee6e8adb,284,0.06494855880737305
land_pad__8075.jpg,land_pad,8075,1,1,296,0,296,1,False,0.18991713225841522,,0.29300753721804573,land_pad,0.15,4.451161852158121e-05,0.1461038961038961,0.8538961038961039,ac20eff3c9735c895af0fa2c3b6076c225f8cbf81c71ebc8839edfd0c8c612c1,4753e0f9ccb1808bbbbc98d56981f456c58b853500e85805b43e5dedaf43e948,f805cbd6d9405ec6d94ebbda4e4c51d73e0cebb01f7176c5a8cdfc22bd59d5d9,296,0.18991713225841522
land_pad__8100.jpg,land_pad,8100,1,1,277,1,276,0,True,0.08835302293300629,0.08835302293300629,0.5337416153427497,land_pad,0.15,4.154417728680913e-05,0.14736842105263157,0.8526315789473684,9b37a47163f82daf97a952b68520c5630804f518e472441b3a97d95ca4e176e3,9a82c77036f26a7bb1f91571dd9098bbd42a7d42228fa0715fe3aa84f4753142,b00d55ee0579abc96a898703ae965cad4980924893ae011c4040dae14130954e,277,0.08835302293300629
land_pad__8125.jpg,land_pad,8125,1,1,279,0,279,1,False,0.12256381660699844,,0.3486273060818181,land_pad,0.15,3.956588313029441e-05,0.1360544217687075,0.8639455782312925,ce0594716803733c6c0924748dc520cbb0ac7f077476bdcd839f1c1adf5ceeba,e814e68dcca1397b6e9d75340320025db7a74f4bb3218051837426965f799a6c,3480168b666f2286690db8c6c8ae794f4469357c09af011b139307cfbf4ded33,279,0.12256381660699844
land_pad__8150.jpg,land_pad,8150,1,1,257,0,257,1,False,0.09901292622089386,,0.35213537051585203,land_pad,0.15,3.956588313029441e-05,0.14285714285714285,0.8571428571428571,c24f0948162d273fbc880877e87729e2fed91d1a9fc33a907d33471162f8a3d1,e4b6698b7d33f9cb1fe76f45503d47510eced7cbb41b8f23a15ab999f49baa94,1ba7b3e0209e651c268e103764abade68ebf2d7e37b55968a6d836157adc90de,257,0.09901292622089386
land_pad__8175.jpg,land_pad,8175,1,1,275,0,275,1,False,0.04729345813393593,,0.42981453568907185,land_pad,0.15,3.462014773900761e-05,0.14957264957264957,0.8504273504273504,ceff0e4de811db1aa9d8e4cd0ddabbdb07c0915f5a1072032c18c98a3ff88758,5fce143f143be0bbcc71eb500be4f800ca90c45720e119dd6c10bf20bccc6b56,182663a2c2f80b5c7ed7b8fe16e2e3b36ff5a8a85f2038a6bce8e085f9d7617e,275,0.028484828770160675
land_pad__8200.jpg,land_pad,8200,1,1,281,0,281,1,False,0.11979043483734131,,0.40359831923478134,land_pad,0.15,2.967441234772081e-05,0.14423076923076922,0.8557692307692307,7d3a654f59540ff1ea8ddc6e3cef983dbe8c465c9bdfe986edd623a60cfd0de2,92cb986433c352921d6f3282f39407ce978b775758f6c9cce2f9a23a3b3d7505,0918e1ea309ab5f1a00aef71685061d5d96a8c7857fdd958f17165d64297e521,281,0.010582693852484226
land_pad__8225.jpg,land_pad,8225,1,1,297,1,296,0,True,0.11635475605726242,0.09789161384105682,0.5039639930547486,land_pad,0.15,3.462014773900761e-05,0.14957264957264957,0.8504273504273504,a4b3683afcaba473b082d1e1af02d81daf0a6539125b0bcef2cb1969addd2936,5c78f498900671ff3b1054577e2aa652da1c44ea75663ffe4b88872c177f9167,0b291b1163f4dba7d130262036779150ba84d2188fee963601c01d845b1c55e5,297,0.09789161384105682
land_pad__8250.jpg,land_pad,8250,1,1,284,1,283,0,True,0.0892406702041626,0.04516152665019035,0.5261398749423749,land_pad,0.15,3.462014773900761e-05,0.13157894736842105,0.868421052631579,2b3bf29d8c8d62ee73b1147bfc3f1c188fa583ac6d709e7cf2be582348530de4,b206a4f81c8723e7a1b53a1ec1b551837fd9ef304ccc5bb00d237b1b0ff70e87,44318ad51f3bb3184f895fad5b1221479a16b616d6a6c2208a4060083c5dfb62,284,0.04516152665019035
land_pad__8275.jpg,land_pad,8275,1,1,293,0,293,1,False,0.16954374313354492,,0.4442438636150185,land_pad,0.15,3.956588313029441e-05,0.14652014652014653,0.8534798534798534,01972f1a8a1fdc60eb55748e3ccfc0f85ee30b9c4db008e1cda79b67006dc45e,93a842e05454fda2f030af05ccf55c4e61304bbc73af2dfc0b3db0dcea1dadfc,b34554d7779e9eeaaca881fd9a904de0f6d14dfb2ecdf1259438585f51e2602b,293,0.05818197876214981
land_pad__8300.jpg,land_pad,8300,1,1,300,1,299,0,True,0.22275692224502563,0.22275692224502563,0.5830440385041128,land_pad,0.15,5.3413942225897455e-05,0.15,0.85,b04283431924dad2fe374a961aafe26bf1a1b0933f186a7af58d38aad1842784,bca0f0c3d9f3131c7b69473dd386f54061cdf0afee4e3124a62c8951c741cbdd,7d7103ea7725b43f525f25b524efd0172cd939c1f6b9525a19680c3fda9ec4d3,300,0.22275692224502563
land_pad__8325.jpg,land_pad,8325,1,1,291,0,291,1,False,0.29685088992118835,,0.305360590189155,land_pad,0.15,6.23162659302137e-05,0.16112531969309463,0.8388746803069054,b49b68d889b1a7dd72f1ea7ac6b7094649da4ff30127e87d53be5d4522f7a009,ac9bed7e757479e7352af7ead6d24c321886f6b6e20781eb842d69831cb58f3b,98814cf8b9cb5162a887a753bef6aa40b369d397a4c098c0ba0731b2358f2989,291,0.05189023166894913
land_pad__8350.jpg,land_pad,8350,1,1,300,0,300,1,False,0.5222384929656982,,0.48853688774423304,land_pad,0.15,6.924029547801522e-05,0.1440329218106996,0.8559670781893004,158453c45ef146187cf8f3dc2ebf2bab7dee88e99ceef40de33f44b56daa69c6,a6919436431881c763041eaed6d1848d9b92942e033fd9b0b01a3e0a8a772f23,dd06a1311fc5b44008109c207aee21b2c2203c09156a3d7c2011708df5b15bbd,300,0.012994600459933281
land_pad__8375.jpg,land_pad,8375,1,1,296,0,296,1,False,0.4507773816585541,,0.48739493443988074,land_pad,0.15,0.0001246325318604274,0.15217391304347827,0.8478260869565217,9cae1faa5b7adeac3273818a51de581f27545b427bbd94640c2e9bcd11b368cb,3775f60e9f831de8e7ca8dbb3988a49ff4486c7432d4a52a0b199c57ff07ea33,bda909d76fae4f178fbfa98989f028ae82bfc59999576170c504dc853392e565,296,0.11481139063835144
land_pad__8400.jpg,land_pad,8400,1,1,300,1,299,0,True,0.324245423078537,0.324245423078537,0.7679388887235985,land_pad,0.15,0.00014837206173860402,0.15182186234817813,0.8481781376518218,c303df4592f3c9f6b3b71ca9e72d59d04efe2ed8f08d3c3fa409a5b18a790ad6,5ac8c5d07c3893dbf58d7b17efe589e8d481beef1f961d6e4f97253eac92b1a7,9937b20982ae62130cb18ebbe20fed4463da970de45f88effff0b7198e6641e8,300,0.07295143604278564
land_pad__8425.jpg,land_pad,8425,1,1,300,1,299,0,True,0.2455669492483139,0.16572697460651398,0.686836813783428,land_pad,0.15,0.0001246325318604274,0.14583333333333334,0.8541666666666666,fc0779ed449aaf79cd0aa3627b5d700dc8b06bd1da97fc68ac6f362e7c418913,d9e5af2b7b880b7cf48af3afe3ff44e5d00e98286bc6786530cacecc55384576,ed90546937e2ed67d2e7ce4263c1006759ec6af771aeda47222c5fe295744c32,300,0.16572697460651398
land_pad__8450.jpg,land_pad,8450,1,1,300,1,299,0,True,0.4846239387989044,0.4846239387989044,0.7344179633513636,land_pad,0.15,0.00011078447276482435,0.14814814814814814,0.8518518518518519,9cc43d6bf31a15278dc1868e646bff8db83372ce83853a48b9d4fd83374bd479,511f9f0f7568b9d6e9b71f15e4cbf4be1e03ee259bcbfc43a18060abdd09e818,1e3e473891c70481f1a7e2736ebc950ad5c54896ab4dbc271a5171a495806074,300,0.4846239387989044
land_pad__8475.jpg,land_pad,8475,1,1,273,1,272,0,True,0.5275588631629944,0.5275588631629944,0.8325979380467273,land_pad,0.15,0.00013848059095603044,0.16,0.84,7dbe1754425bc79dd4cdd0c0545c199e744f7522f2a5e5bc168d74f261d81b7d,f5d95fed786d039d7b66e8dc1517cee7669a9116bf53c2a5683f338f993659ef,26f74b2d27f82d61e64dcedeee68744fd21f8f28a9a7b0b70d1a5cb7cda51831,273,0.5275588631629944
land_pad__8500.jpg,land_pad,8500,1,1,280,1,279,0,True,0.37242138385772705,0.37242138385772705,0.7107488770458217,land_pad,0.15,0.00011573020815611115,0.14338235294117646,0.8566176470588235,076a2d0708a55343260cdfabdca735efaded7890078490b5847d97006ab5eaaf,03bdd53193e3e01e293db7019241931e21d8e53ba83328f16a111f87d9521073,fb52705f9f646d8aa372c72fe46ec772259a7e7809ca6965e95e27f57338d7a7,280,0.37242138385772705
land_pad__8525.jpg,land_pad,8525,1,1,289,1,288,0,True,0.6523363590240479,0.6523363590240479,0.8348708816806943,land_pad,0.15,0.0001246325318604274,0.15,0.85,23444a7b38bedcf9bac654c81f469fb194194f9b44c3cef4e952a8de9eede7c6,a6cd0ecdd30028638bd74ca0f710efcd6aa176d14d24970dc79bf66d8523dcd8,11ab5d86b83519a2e70795a1c2747014fd17c8e080fe0ab5d5a9decdee30d86c,289,0.6523363590240479
land_pad__8550.jpg,land_pad,8550,1,1,279,1,278,0,True,0.46557193994522095,0.46557193994522095,0.7626908096995121,land_pad,0.15,0.00012858912017345682,0.14705882352941177,0.8529411764705882,1b3f9ea6f00333c1cbdacccded1f23cc21910edfdfe00166c81ecd463a41a85d,99006d4aa7bbc66e7f7481ef8f7bbbe43eb346251af985751616e10e0adf694d,975257e352b33cf7388fa3cf1e79049f4b82451f537714eaf003f43774a31df3,279,0.46557193994522095
land_pad__8575.jpg,land_pad,8575,1,1,278,1,277,0,True,0.32459113001823425,0.32459113001823425,0.692560195179561,land_pad,0.15,0.00013848059095603044,0.15384615384615385,0.8461538461538461,f6200186a2b19a370f1cd36156254e0a0bb31688694b33e8c560a04d2ea9aeb8,36dc661079da493681aa0905ada63c98ba6975550a0261f883e3b2e83c065ba0,250e92f41f4d852858fd13a38022fa3d8e2488be3f8bbd6a83b951cd566ab5a4,278,0.32459113001823425
land_pad__8600.jpg,land_pad,8600,1,1,259,1,258,0,True,0.48078104853630066,0.48078104853630066,0.5748585044638723,land_pad,0.15,0.00013848059095603044,0.14814814814814814,0.8518518518518519,1c589678fb62c6433481a2ddfe1164655dc5ac1efebab99d6e0026d3a5bba66a,408dc57c35bd6e942fc5c0545a4e01dd31e246bd2ae34caf002e297fc55edb8d,1f61ea28d0f926457d6b3193446558d17672af9b8fce24e514f1c4f11a719f51,259,0.3218979239463806
land_pad__8625.jpg,land_pad,8625,1,1,254,1,253,0,True,0.5083832144737244,0.5083832144737244,0.8448665958974253,land_pad,0.15,0.00013848059095603044,0.1440329218106996,0.8559670781893004,ac8fdc61adf6c27f481b522feb04e5cd7589e69e6d189e3e1eb1713e599a9da4,dd0a38e08764ce8b161463468fac7a195d14564b7fba844ed4418fa478990d9e,0bb6ed7b4aba15faffa26e4fc4b9600063409efe6104c2af0551ec97f63f7f05,254,0.13705240190029144
land_pad__8650.jpg,land_pad,8650,1,1,247,1,246,0,True,0.745489776134491,0.745489776134491,0.6706803140729483,land_pad,0.15,0.00011869764939088324,0.15,0.85,89749f433aaa84fc8b64dc49e8d4b96c66c0954695782074f631c6862a27d149,dc3eeb04a9c260136562b9b3affed6f75c37f4eb467e7bf1c51671f11ba23432,5cfca2515df9399e1a00118854a46a77f658d8b3c91480e7ef9ac731168b8634,247,0.745489776134491
land_pad__8675.jpg,land_pad,8675,1,1,254,1,253,0,True,0.524468183517456,0.524468183517456,0.7510834984097854,land_pad,0.15,0.00014837206173860402,0.15384615384615385,0.8461538461538461,552d1afac41c85e7aad5fc1902dbc5f0e8f5aaa3cdc4927ab54e3dea0f1f4cba,2bd73cd160a13a1e2eeb65222b6af3963e6e48d5183f5486651a08d0676934a5,e99e28da4a3d7f5196ac4c339b0b93fc6536873353e04d6e4d581fc13efb2fd6,254,0.11561352014541626
land_pad__8700.jpg,land_pad,8700,1,1,285,1,284,0,True,0.6213446855545044,0.015040114521980286,0.6697213226042665,land_pad,0.15,0.00014837206173860402,0.14619883040935672,0.8538011695906432,972dbd4b6e9446d7780e3d407856401df49c2c62ab6b3e9ba3f6ef5f9fab419c,606a2d6b6482f7e304b376480b8b9c5b47ba23b21c68befd8ece87f0b2f0d7d4,ed8b930e7b9690440751f361818d3e563f0a57bdd382c4f00a20a7232d4da3d9,285,0.015040114521980286
land_pad2__2050.jpg,land_pad2,2050,1,1,277,1,276,0,True,0.8068433403968811,0.8068433403968811,0.8375657149216167,land_pad2,0.15,0.036276969095088686,0.15003681885125184,0.8499631811487481,51b79b23d73d323ef475dddc00afd72c148b0837d81fa80f97c42325bc36ea53,cd2a50a2e024e3132e0a6b2160200991df84fcf055a787f6ce595516784422ba,1d49129908ea4d149dcf097e0fbc64fc9685ea0ce265bbd7c8c755a30caa4c5c,277,0.8068433403968811
land_pad2__2075.jpg,land_pad2,2075,1,1,253,1,252,0,True,0.7933792471885681,0.7933792471885681,0.9116640344644653,land_pad2,0.15,0.027288589594964056,0.14982078853046596,0.850179211469534,7204e4a48a8b284f9d894b683c0fba56521ca59732b04a2cdcdd782759995ffa,0274f9ba08de2dcface621fefb1c63d6031cc40637137ac7e1a19f9948b9e550,ba23d7d1f6a4f69c3c37f23414d48484d5c2ae46996a4a0bcd0655da5a4b4199,253,0.7933792471885681
land_pad2__2100.jpg,land_pad2,2100,1,1,292,1,291,0,True,0.8700990080833435,0.8700990080833435,0.9382551126055763,land_pad2,0.15,0.03199099480499955,0.14945609478830674,0.8505439052116933,b0e921535c7ecdf19d7dc2d3072a1f4732c9f6996ca9cffab0a2838f7aa50d66,4bf05ee9c44903dc764cadbf1fec83f9056c46b60fb61c9396b0d62738782c8d,4379935e351154df5e279d5eb09a6f0cb721a1ddfb62dbf82715f3a623bd2a2c,292,0.8700990080833435
land_pad2__2125.jpg,land_pad2,2125,1,1,270,1,269,0,True,0.8025231957435608,0.8025231957435608,0.9850212785416238,land_pad2,0.15,0.031882188626391236,0.1505591315477247,0.8494408684522753,360cb4bf1402d4e54e1175bb641ea798f9fb3d6db192267686c956a80ea51817,efc0a32a55a409734ad25f10ede3c1d4c121f62c7460de3c427bec44420de7d5,d1b413eaf777a5e18087bf5359c30869ff7ca837c97beb8eead82654211b3b5e,270,0.8025231957435608
land_pad2__2150.jpg,land_pad2,2150,1,1,281,1,280,0,True,0.8781949877738953,0.8781949877738953,0.8708778040481444,land_pad2,0.15,0.03387927657739285,0.14997372799719766,0.8500262720028023,61d64f5543676d46f2d96afa0d0083398d00eb3d8adc70af1b63d0e877ddfd59,cb37a935d1166f38f19d30b125d42405e7999f4c3ce13c95f1822b54deb5331c,9c281f7ebb0b7f0470ae35a3b1d8f4ef9af1df78d9d96faf9c47b8e424ea1d78,281,0.8781949877738953
land_pad2__2175.jpg,land_pad2,2175,1,1,275,1,274,0,True,0.8399239778518677,0.8399239778518677,0.8880661836008242,land_pad2,0.15,0.030469686598639724,0.15016086575021936,0.8498391342497806,5634542411147c434b150db70ed877d689e857f89a99e01d02bef460a2bf6b0d,f6f446916f50f7ed3410c216355eb3cedbfc8e75e40b8446156d5dc3813da2fe,b1797782b496850c7498b389a67710e74ee84fb7855c08caf06942d613192e89,275,0.8399239778518677
land_pad2__2200.jpg,land_pad2,2200,1,1,273,1,272,0,True,0.8657040596008301,0.8657040596008301,0.9427293332044125,land_pad2,0.15,0.03743723861788457,0.14978569817279494,0.850214301827205,d1671a417fcf9d28529f07f26e26203d87cc7415c11f4d044979904068cc32b4,d271b8bef3dea0d01ef40d5f1c6f5c2a7bfb49cbd4b89ea0f4779c01800053fb,9795bb622c7981adaa828b683637f317173098781af1754c7f4e13d5c0b1123a,273,0.8657040596008301
land_pad2__2225.jpg,land_pad2,2225,1,1,261,1,260,0,True,0.8283088207244873,0.8283088207244873,0.8976785280916765,land_pad2,0.15,0.043443339677063264,0.1500081971692442,0.8499918028307558,85555b55b528ced66972581a772579f14cfca4c7aa46e72d15f35f1039feb25f,a140378de5985dfa79665f467eabec02acc41c43b80ed7f61a4ed592bf2525b7,c92acca027006a9c2777a90c1e82baddc4b5b14cb6e170784e90ce6e1f269625,261,0.8283088207244873
land_pad2__2250.jpg,land_pad2,2250,1,1,268,1,267,0,True,0.7853354811668396,0.7853354811668396,0.9604937078403033,land_pad2,0.15,0.04279347004664818,0.14989294103788295,0.850107058962117,d9ced95c7ec34b0239a57784ea02d19b1873329e0affd61067b3c35f7727df77,2e2364c8dd141492f50f3401f423859e9ea129fb31647694a37ebfc04918ac17,c78d64e30802cf71db5ee37b110bb9de1952ecc6c6aa2ca5565b8e84b2807668,268,0.7853354811668396
land_pad2__2275.jpg,land_pad2,2275,1,1,295,1,294,0,True,0.7874259948730469,0.7874259948730469,0.8770201863806274,land_pad2,0.15,0.03885765382226214,0.1500162297366964,0.8499837702633036,402ae05ab42afc2fffa75fbe66d84734a283109d99656fc72f014d6edb1ab588,40a903545faabd9f9accf88181488d4f4c3032708dc9ebdcb68047a1b4a96e71,f9368f5a2e3090de065547855873fa9e38902d13ca57d1e9564b8a9a4d89c5f0,295,0.7874259948730469
land_pad2__2300.jpg,land_pad2,2300,1,1,273,1,272,0,True,0.7828149199485779,0.7828149199485779,0.9311853219412034,land_pad2,0.15,0.038616301935167345,0.14968177287017867,0.8503182271298213,ff07e86b21e05b8d552e3f03b6baf0e87a4e43009f4ed595d462407ea796c9b8,d9e5843bcae9042248dd98d852d9eac96e38a19ddaa64a7edc4a090e53fa958e,58d52870b1715ada0788e46af8b3acd7c696f7c388a62b1aad8b321942bd7a6b,273,0.7828149199485779
land_pad2__2325.jpg,land_pad2,2325,1,1,283,1,282,0,True,0.7636969089508057,0.7636969089508057,0.9235470953961866,land_pad2,0.15,0.04220888412339808,0.15045748638118575,0.8495425136188143,23d96423398a5d8a5724fe8f06ead733736e330cf1ab3e54a793331d91d6aeb0,de8347312164475c420bd67bfcafd115800683de4ee7f6ac6cc2c39ad78d13e3,7e18fa555de3bdc6402ef2a7dd2fa1da19b18deaec0cfb2846520c2ca50aeab2,283,0.7636969089508057
land_pad2__2350.jpg,land_pad2,2350,1,1,278,1,277,0,True,0.6537015438079834,0.6537015438079834,0.9366411382907734,land_pad2,0.15,0.04414959069093902,0.14970367165410584,0.8502963283458942,cf09f077f3666b811c0daf1415b79fe8f61853aea2aa6c0cbfef3503b40a02c1,b8115b132e284b1f34232c00a1fd02b0cd9ae16496daeebc03cb3e5dda475645,f4db5742bee3a6ddb3f658488e557cf7bfbf3dc81664310b2c1535e456e4b5ec,278,0.6537015438079834
land_pad2__2375.jpg,land_pad2,2375,1,1,279,1,278,0,True,0.5967778563499451,0.5967778563499451,0.9044931916925552,land_pad2,0.15,0.0414056966958531,0.15032409818109996,0.8496759018189001,a8b9448c170c2f5759e648cf46906b276c4029584032902fa4d29ba71ff421bb,08895d194ebe7b4570ae1968b32c7c9f5f2556506309653c00bac8379e9b5bf0,e79d7ae1f50e47e6aa8697617f40f5e9d0efded25beb9f09fe7c1f5f3bbc18c3,279,0.5967778563499451
land_pad2__2400.jpg,land_pad2,2400,1,1,276,1,275,0,True,0.8280253410339355,0.8280253410339355,0.876777421061183,land_pad2,0.15,0.05602232307126211,0.15040630975143404,0.849593690248566,f043a7fec23fdd06ae2fc057ac020ed842af471650e97ab9e5f9dd881311c89e,203f28bc196c8642d8724843859415d00cd7897ddf3237697cc14561e4e252ab,b5dca14d11a3683b814015b5d72537cb836ef46b91a954568103db9d7e2f2e1f,276,0.8280253410339355
land_pad2__2425.jpg,land_pad2,2425,1,1,300,1,299,0,True,0.7825535535812378,0.7825535535812378,0.968089313830562,land_pad2,0.15,0.0522714773505102,0.14957373819713335,0.8504262618028666,f0013c116ddc22ebc936c3152bb8ac5feb81557a191a403db91a2b8024740310,bf3e412409da76743c67629122fff0464f93b18616295a67d36c5b51afbf2be1,f9467ba9cecc18d22571ae1f5d12d5f11cff216791b3f26266339336a0435f44,300,0.7825535535812378
land_pad2__2450.jpg,land_pad2,2450,1,1,300,1,299,0,True,0.6109762191772461,0.6109762191772461,0.8152858708361668,land_pad2,0.15,0.0750703283572641,0.14951124279472197,0.8504887572052781,0d76c0cac01e125aa8e24291ef0650fb13860bab5844f951a834cf05aa5859be,b8300fa04b8f833c156d0366aa4420b37d7421609be35ca0d5e24fd64b20a8fa,d83272a2c7c5b6f34da36874f9e76a07f66c3a247e6643bd36ac0669a2028a98,300,0.6109762191772461
land_pad2__2475.jpg,land_pad2,2475,1,1,300,1,299,0,True,0.6753169894218445,0.15141154825687408,0.8528420012897674,land_pad2,0.15,0.11841277503234511,0.15029264581444923,0.8497073541855508,680c5987d402b13da1635ca16b6afd26863f7baf55ac0c680e0cba1ccc5f8d75,4b66414a9675f1545fd0761d0c26d0000aa498b7ca72918c6ff5c1915184acde,d591ec3a4102304bf718895c70a740af91a0eb14cdd4909f86c917e9e15dfecc,300,0.08208758383989334
land_pad2__2500.jpg,land_pad2,2500,1,1,259,1,258,0,True,0.11933700740337372,0.11933700740337372,0.9344615853168096,land_pad2,0.15,0.11089525723758917,0.15005206423307646,0.8499479357669235,da59d66e6237f1599d9107727b625f475d090a1730bea9ecbbde699e5e2cea09,010d8834fdef6802e9a300255fb480f46cbc766eac230e38787e1678b6b7545f,b87f290b25e6f27eb54af7a8b2d516f8951c29e35685f8b03f8ee8b9f906008f,259,0.11933700740337372
land_pad2__2525.jpg,land_pad2,2525,1,1,249,1,248,0,True,0.3712250590324402,0.3712250590324402,0.956683035053465,land_pad2,0.15,0.1341876926363935,0.15030246626337831,0.8496975337366217,4bf67210ed80cf3afaf88562036fa2a70121f4c746d38ef74363c85e46d7eae0,44607d6cab2cd49bb32adc57fec22a81ecedebaf125db119f8627db209ea35aa,a1fa3e595c4205b2b148f6296de3f77ae3004a44dca81fdff25dee464aaa4493,249,0.06497900187969208
land_pad__6500.jpg,land_pad,6500,2,1,265,1,264,0,True,0.011209355667233467,0.003600262338295579,0.6631523449169617,land_pad,0.3,0.0001414480321908025,0.3108695652173913,0.6891304347826087,f72c47ffb3e3d3345c63da92a5de3a9dd2e9c067dd97461609ab97a9c488e8e1,57594893904b9ca47c874fa09e6ad0a375b75d27782ae9616e19b45e8b135396,be6a006f1a5475ea8d3c275d259e0bbefcbe00545685af6d3e76dac34771d980,265,0.003600262338295579
land_pad__6525.jpg,land_pad,6525,2,1,259,1,258,0,True,0.012824226170778275,0.006461698561906815,0.5524104597493756,land_pad,0.3,0.00015232865005163348,0.308,0.692,31045f31c54082b0022ad67444ff0ed6268ee2f34d201ce412bbb5dafe802352,9de0a3730c83cb72a56631a6636bb0d6f0d5ea8ea2d7d10dcdc6836872c4a1c2,1e160bf4b96a1f9f4766336fd6d397a3e7a723f537f716ba07bafd1866d8e18b,259,0.006461698561906815
land_pad__6550.jpg,land_pad,6550,2,1,248,1,247,0,True,0.017200328409671783,0.002565177623182535,0.568197462652358,land_pad,0.3,0.00016320926791246445,0.29464285714285715,0.7053571428571429,1f3a2a5b4e074bcd5bb05411ebdabc28392e13c8ad7004d2ab4748d5b488cc08,9cc61a23397e5fbf180cfb394134eb0770c0555ba62f5d00baf0d26069d4ceb8,e0b4ecdd73cf9c81fe77db4bfa31c234d9738ec65650664e4afa8885aece96cf,248,0.002565177623182535
land_pad__6575.jpg,land_pad,6575,2,1,255,1,254,0,True,0.012874796986579895,0.0039297533221542835,0.5200923815903636,land_pad,0.3,0.0001414480321908025,0.29791666666666666,0.7020833333333333,fa0a6563e3286533256448ed9d067fc016baf5cca1bbe331272d1c0aa4dcdd0b,2ee7b9f46519ff946a5b1219f712ab9c535626ce375c2458bceeb0db57b67893,edf49463b38c23091ac5cc0030625f4fdd1eaf6568e1edc0415b0c5ab2a2e239,255,0.0039297533221542835
land_pad__6600.jpg,land_pad,6600,2,1,270,0,270,1,False,0.015259122475981712,,0.4636449281150834,land_pad,0.3,0.00020772088643404566,0.3111111111111111,0.6888888888888889,95142936d577a13eb25bd70c8b347f3c26737c6880fc1835795e0dd29fc8c617,515e118a610801c9a948c194c81ae1995cd0fe4deb91222c40a009ba3c2dad90,205ac534e3c1e49071e391353e37d11346f6d18f3c65f7c3ec5919197432c359,270,0.004780650604516268
land_pad__6625.jpg,land_pad,6625,2,1,232,1,231,0,True,0.020957646891474724,0.0019598279614001513,0.7365574382255882,land_pad,0.3,0.0001543069442081482,0.308300395256917,0.691699604743083,393e028560483b5dd13ffebc9e2f554245d8fce9b7a2dfb5f16cecd0d3865400,c41402941e91d4687c68e56f3617953414e429895c25621d160a1edc94341a44,71b800e8662b1c60b416ab34cbf959820dae5b742bcaf05598fa5c1d6aa91833,232,0.0019598279614001513
land_pad__6650.jpg,land_pad,6650,2,1,264,0,264,1,False,0.01734108105301857,,0.4085614534198084,land_pad,0.3,0.00011869764939088324,0.30303030303030304,0.696969696969697,34342350e7251c2f9d95d59ead7a5503d518b01caa11ace5f83e48900557e5d1,5c9ec86f1d82fca86f694075f05097ed09e70100ff0a6634350aca67146fab14,179844343ad709cade0cf1ca33267a7affafc359550a085850cf50316801939e,264,0.0037406887859106064
land_pad__6675.jpg,land_pad,6675,2,1,256,1,255,0,True,0.01965263858437538,0.005270885769277811,0.5602636939304189,land_pad,0.3,0.00013848059095603044,0.29473684210526313,0.7052631578947368,4dc8a02d5f8aa1158860b37d93d3a0290dede06cc1d2384547544a417b298251,660cca0252ddc88782a7f613ddce5fba30c869d4217fe991baa50353870fddc9,6acb6aaad881a4cc49c0979e44ed1056752b7273ab0f48d57f1518e9d97a9fb3,256,0.005270885769277811
land_pad__6700.jpg,land_pad,6700,2,1,258,0,258,1,False,0.021457260474562645,,0.4943077208691614,land_pad,0.3,0.00013056741432997156,0.3,0.7,b654087e78b422f9f60dce5c2a40ee77031f498a1ac8b79d346042ebeb9812c1,52e539eb199fb7dffaabfd153e0b17d9bda0c7149e234744a53557d6eed43fa4,d0ba69c4b7c0675b844e9245599b627e6568497c9a0c17a7a203ec9f293a2ea3,258,0.010434051975607872
land_pad__6725.jpg,land_pad,6725,2,1,256,0,256,1,False,0.017426196485757828,,0.4752032113596823,land_pad,0.3,0.00011573020815611115,0.3046875,0.6953125,8eabf7fe85e5171edf09c9b7d2f6f6e41f1578aaf09c41f8fdd877a955951d80,62f3a656f7742796d195eed7960f46264856e28ad7b9dd20c17bc83ebe7ad7ae,5cf0372bb95a4e6790f17d9c0988fcc2392e0caaa2b6745dc3ed26f0352bdda3,256,0.005436734762042761
land_pad__6750.jpg,land_pad,6750,2,1,247,1,246,0,True,0.027963977307081223,0.005734285339713097,0.5450845846684772,land_pad,0.3,9.495811951270658e-05,0.2909090909090909,0.7090909090909091,7e6c77731025866bdc14184d99a06bee656fdae3fe13598a6557cfa6801596e5,bf8a7920f34d99d67ce9deb5c11e07721d3ae708c5cbb42622c8105879e8ba06,58f539793e28eb9c83e640e96f424e2df2ddebcd6b8ce90738b93f4846286959,247,0.005734285339713097
land_pad__6775.jpg,land_pad,6775,2,1,250,1,249,0,True,0.03019043803215027,0.007068863604217768,0.5925868924155675,land_pad,0.3,0.00010682788445179491,0.32142857142857145,0.6785714285714286,b2e707df7cafc89711799beea8f9f37c73d4657244f52599c60ea4e72cdf6349,b86ec0083e4f674f28e58ff50d388cc2bb3b5f389b893b798aa829ae4f79df6e,0661935b5c75d23508fd4fa6242f27a01315c0e712790e4adedcdb11382cd479,250,0.007068863604217768
land_pad__6800.jpg,land_pad,6800,2,1,253,0,253,1,False,0.02641538716852665,,0.44781378381079245,land_pad,0.3,0.00010682788445179491,0.2887700534759358,0.7112299465240641,e3378c32f6ca4c39dcfbb73271ab3a6d6feef68a49b88ecf7fa4fc1080bc9cf6,2111899b1df047c027f93ba6bcc97cac6e83a7d16127e225b5ee15c540a43e3a,383b0118dc89ecfb48216269ba49ce4ce7d126bd4d60229decc6f101aa8cfe2a,253,0.011995398439466953
land_pad__6825.jpg,land_pad,6825,2,1,253,0,253,1,False,0.04048420488834381,,0.3282126956541138,land_pad,0.3,0.00011573020815611115,0.3046875,0.6953125,799c8e41e0a6c3272c91d7079b8731dd29c1a24eb47d4f758ca6b5842519e9a1,3f9f794f489d0133c867bbb1f2f12523d8db0958a254c1b3fd70a0fc92388b64,4df28f78c55c447e0410dfd1746c301eb476f827b177ebed199822ab7febd043,253,0.008340675383806229
land_pad__6850.jpg,land_pad,6850,2,1,243,0,243,1,False,0.03177834302186966,,0.1484253904854767,land_pad,0.3,0.00010682788445179491,0.2887700534759358,0.7112299465240641,1f2b4502a376e6fd09135686c2c17f6446e17e61f9db5391078f180b301caed9,e67e93e0bccbc4ef6fcde3f54208cab32395a5c653405d900b3d19dde94d4653,3a716ff5bcbbe4244cd3d4e67d8583b7ca4c0c9ad37328af66cbe88a6dd59df0,243,0.003634651890024543
land_pad__7450.jpg,land_pad,7450,2,1,284,1,283,0,True,0.03584565967321396,0.03584565967321396,0.7086720048394568,land_pad,0.3,0.00011573020815611115,0.29923273657289,0.7007672634271099,935e3d27cfafbe2c2948aadf31084aea9303a6cf3e5e9d0588765098d0c4bbaf,79030ed1fdfb2e8df7c198740c7e57b6cfaf2ec387e2004b7ee972c2e37c02c5,919cc14cc2dff1988ed1b2abc7f7e10bcc80ef4e3d6e81a0488a7fbd4a38a6ff,284,0.03584565967321396
land_pad__7475.jpg,land_pad,7475,2,1,262,1,261,0,True,0.1173563078045845,0.03502583131194115,0.6108674433960215,land_pad,0.3,9.792556074747866e-05,0.309375,0.690625,0ea800f36327b9d46e2e00bff45b8a9011e138c0d26bef7ec43360ce7ab0ec91,ffae6ec03ab116a96d8215041ae178d286ceb9dbee06c2a8576c65744e5bf97c,5160d5d6bcb21cf97e9b4a6e5bec420d18bfed534099a56c3ac4f0ab0725b5ae,262,0.03502583131194115
land_pad__7500.jpg,land_pad,7500,2,1,285,0,285,1,False,0.13074234127998352,,0.4662713820932867,land_pad,0.3,9.495811951270658e-05,0.32653061224489793,0.673469387755102,2bcff4d1fe5a28745c8bfe1e1c2b0bb36cf59dc1bfa271194780e55b1202661a,0f849e96a6d15b772860d37146fc7ea097dc37f9f7be0dae4a304a9793e14b3a,794baafabc7a661a9784c4b70a25157fe6795c2d6b71d03205dac5965f545917,285,0.004011859185993671
land_pad__7525.jpg,land_pad,7525,2,1,300,0,300,1,False,0.2018062323331833,,0.4917184394012534,land_pad,0.3,7.913176626058882e-05,0.2962962962962963,0.7037037037037037,7a14ecea02abbda5318e32edfb98d988e2631ca6dd832b3826b44c346987456e,49383ac48dc9716df098854ccd7d0b959d3bfaa4b099551533a518fe912cb9bf,ad4d41b2b1e1d38daa023db420377d3f56fc9479f4031bc29206e3f240d20ad6,300,0.002882980275899172
land_pad__7550.jpg,land_pad,7550,2,1,278,1,277,0,True,0.07602713257074356,0.07602713257074356,0.6375291676782444,land_pad,0.3,8.704494288664771e-05,0.29333333333333333,0.7066666666666667,3efc8b6f09ea8d79468015eca5941be8600bc5ffff39e5ed2f0a4e0cacd380a8,a582322d25604db2255715c363c46250d4c3c4d076483427639410cc94363ea6,f1a5f0275565936b48ae9cbd8531910373b5d1abdc15ec84eb960dc24d8ce703,278,0.07602713257074356
land_pad__7575.jpg,land_pad,7575,2,1,300,1,299,0,True,0.03801597282290459,0.0033272174187004566,0.5859388636493202,land_pad,0.3,0.00010287129613876547,0.32298136645962733,0.6770186335403726,b19cc7c32ba8bee57c8db43b166e5e359a48a3a7a5a2bfaa5e58080ff808807e,6092b817ec9b255fead13d9a26d6fdd233db897c896a8916b32f1d2785c6a8cf,4b014bb82ebd203146f1cf9f4902ee11e51ec6e4effe2299b3eada9723a4002a,300,0.0033272174187004566
land_pad__7600.jpg,land_pad,7600,2,1,300,0,300,1,False,0.03705538809299469,,0.4252879400128723,land_pad,0.3,8.308835457361826e-05,0.3076923076923077,0.6923076923076923,eb8935519a422de2068c7a232a73917ddbf441909353752284743c1fe9ea1b3b,0cede57c723a1e320dc8fff21cc68e42d01a32a1eb6a973fbb4bc5829134733a,cd965ccec80140d20c78615675aad5b69b24a7829b7b5dd32c06090a31bb93b0,300,0.027197523042559624
land_pad__7625.jpg,land_pad,7625,2,1,300,0,300,1,False,0.25345268845558167,,0.355465534599755,land_pad,0.3,9.001238412141978e-05,0.2916666666666667,0.7083333333333334,58f314b4117f92d4f162e696f56f1b036cbb05e9287a43c1f46578941f41f7a1,c55530cba1870e69e3ebf9bdfb3cf2daa1181810801b47ce28cdc4fa491af875,c5329a49fc61b8f2e741bf3200aecdae3b4d5f9c8e0607fe45fd83bf52b5dfba,300,0.03181430697441101
land_pad__7650.jpg,land_pad,7650,2,1,300,0,300,1,False,0.11497009545564651,,0.2956292497835793,land_pad,0.3,8.308835457361826e-05,0.3076923076923077,0.6923076923076923,db2658ddad21f85402934a1111a68fa1f193e84c65e0236d466301a12e2b6eb3,e67fdcadc968a91a8732f93ac40d448e699ce62ff246bffd31c6dd48c7d3cf19,5f33820d73bc6c888ca8fc2a87d3c0e17d1592288011f4c09c4fcc644bd16b3a,300,0.0013784361071884632
land_pad__7675.jpg,land_pad,7675,2,1,300,0,300,1,False,0.20980648696422577,,0.42291830780477657,land_pad,0.3,0.00010287129613876547,0.30144927536231886,0.6985507246376812,69dc200d8b80fe8c1159e8f6ee4caeefa118295684b92b24ff79ec4f879af9d6,af5f920ddcf810efdc0c1cc7348731a5e90fffc76e33268c854ca965ba409e5f,ec263a9bc0970beb753e77438588b99717fe122b0507ba256f02bef5f8d8fcf9,300,0.003146143862977624
land_pad__7700.jpg,land_pad,7700,2,1,300,0,300,1,False,0.26686403155326843,,0.41573325207273926,land_pad,0.3,9.495811951270658e-05,0.3116883116883117,0.6883116883116883,64a5976b78eacf7afcc088db0567aec83ee2c0e582bda044665b5e499fedf1a8,6150445b4a3f5b18f102648856d7ba1d07813b9b3ca72fefcef432a1874ecba9,454cc2ca4d862459922faa6cd1387a210924c19440cbd5b8b2316924d5790b32,300,0.05240263417363167
land_pad__7725.jpg,land_pad,7725,2,1,300,0,300,1,False,0.3200058937072754,,0.4742141654485098,land_pad,0.3,7.616432502581674e-05,0.29615384615384616,0.7038461538461539,24e7b1128bd08328b4494906e2023cdd4b12a9c550574b6b6e3a587d5eb16239,addaee9b57c22ac39c32420bbe4ed8cca1e4d7c059625cdae583e2e2b4d15bc8,4fda8f4fdfe163c6bb161c8eaa2cde2f1efd170aa43c7c9e67656b0cff227cf7,300,0.3200058937072754
land_pad__7750.jpg,land_pad,7750,2,1,300,0,300,1,False,0.18943583965301514,,0.3657152566042228,land_pad,0.3,8.308835457361826e-05,0.2937062937062937,0.7062937062937062,9b97c4bbfd7b2a1717afb1077a80f7de21c04153e487e0167f99ba0e1d431171,096c7523440ee6ca13df77d91cd76bea9de88320d6ad7b28c9a97df4c457f26b,d7d5e8e2f1ee00695293d8358756473ae3a03156f3b92b3c063eec24b514fd3d,300,0.006779212970286608
land_pad__7775.jpg,land_pad,7775,2,1,300,0,300,1,False,0.20953522622585297,,0.43260404046825773,land_pad,0.3,9.495811951270658e-05,0.2909090909090909,0.7090909090909091,dbea6822e1c835bb9bb22cce1f55f2668442da9c8f1601deb83fdf578b7f3a99,1f2ef132134509762de806a415e3e9a754ab2dd21c580914ff7b93e61745d85c,2b960a492e8fb37e8779e1a45bde53425915fc49bb59ebe56c706a12fdae6917,300,0.009386159479618073
land_pad__7800.jpg,land_pad,7800,2,1,294,0,294,1,False,0.28824880719184875,,0.27745817376279497,land_pad,0.3,8.308835457361826e-05,0.3076923076923077,0.6923076923076923,138ed68711a50ca358963968fcc5d169082b7b7854f2c695919874112deb84d9,94a94b4d9a3e8a855c0781e85e3d0a9c986862cba99b3b0cd5d241fb56d00db7,24b163c702cedf6e6c97ae37db0cef79107f5f1a38ecab254889b6b7458a8235,294,0.026874350383877754
land_pad__7825.jpg,land_pad,7825,2,1,300,0,300,1,False,0.485740602016449,,0.35905134544905104,land_pad,0.3,9.495811951270658e-05,0.3116883116883117,0.6883116883116883,f8d83454e0fabdad4e9933c865c10f3fa819a720a919da17a1e4a0b44930bfb1,7b482c27769f11471e13d8459cb52a337c5aeff092861bd6851d410862abe2e9,31c024f600256d7f4846d2c4377eb029265b597da2c07f08b11d2b72c41085de,300,0.485740602016449
land_pad__7850.jpg,land_pad,7850,2,1,300,0,300,1,False,0.21320146322250366,,0.24568149434820263,land_pad,0.3,8.308835457361826e-05,0.2937062937062937,0.7062937062937062,a8a85dc7a6ede37037fb7b317f843a61dfea04a70e5f244efda719bac23a8c7e,ae1e5f49b24e2b23dec876d2cec58d7b47d04d231917026a5d6487be0ef7c04e,e259213ac705c7b1a2d20c2cae068fd49a0c0740b9a6b0b8ff7b7ab1918e95ab,300,0.21320146322250366
land_pad__7875.jpg,land_pad,7875,2,1,300,0,300,1,False,0.12643742561340332,,0.3568887176969899,land_pad,0.3,9.495811951270658e-05,0.3116883116883117,0.6883116883116883,58d448e41fee416835285a3242cb26ad9f63a3fd937e2b355da3ec00bec0134d,e4cfa0cb73493924d5e821ae241f1e148fb6b8d307a68c39f9e1b7b90bd8b526,1d10235ed80e166ba2b0dff216ea24d0d16808c5bc6bc0123e9698ecf4948f6e,300,0.08810725808143616
land_pad__7900.jpg,land_pad,7900,2,1,300,0,300,1,False,0.19767886400222778,,0.29408601222590147,land_pad,0.3,0.00010287129613876547,0.30144927536231886,0.6985507246376812,5d1a938f8fea46795d917c2c75b287872451c9c886fcf4f53609323840b5d371,a853f654849647f5d1c1f73bf84efba517dd15203a929f29ea26e28fd02eae0f,12b8cb955de7ccf47c0f9c0e1b6556c685e33936d2532b742d37b1d49d509372,300,0.19767886400222778
land_pad__7925.jpg,land_pad,7925,2,1,300,0,300,1,False,0.2761034369468689,,0.38005990320322475,land_pad,0.3,9.495811951270658e-05,0.32653061224489793,0.673469387755102,b692b231472413740d0551bb2a8dda57170116e5fc534200ec293fb0a7376eda,a1443cb77b5bcc3f53c0c8e13161751c4f3761cf16e31a1e6526e4e2bf4fa4af,526d07428834fb4ffdffe6797a26e5a837a0b29c975be148b3ca1aa3b441397e,300,0.2761034369468689
land_pad__7950.jpg,land_pad,7950,2,1,300,0,300,1,False,0.2069484293460846,,0.4199008077956415,land_pad,0.3,8.308835457361826e-05,0.2937062937062937,0.7062937062937062,6f43a27d3a12872d5559a038d7129eeb701187c4bfc8fb76cd466b3103a4abba,d5e3b53d09cf41e0ee0b3ad7bf322a2a2e9a8b33d9d5ca4d899da00ebf4fe092,1b271d5c30f77ea8e3f38b68df6188bc7d8db3488a59697a515e55254ea531c1,300,0.03439420834183693
land_pad__7975.jpg,land_pad,7975,2,1,300,0,300,1,False,0.09149263054132462,,0.38809610508111275,land_pad,0.3,0.00010287129613876547,0.30144927536231886,0.6985507246376812,e8626d1f944fd7a5756d63dbd947aa1483d07974138075bfe84aab0266e84659,96c2c82c710cebcf582e6a83c4de74a833b54e844f6ed9f38a9e62a4bdc30b29,78a3781b310f970958db419529f775749e1dd86fab7b1969e751bb522451b0ca,300,0.09149263054132462
land_pad__8000.jpg,land_pad,8000,2,1,300,0,300,1,False,0.1187533289194107,,0.41375678480798916,land_pad,0.3,8.704494288664771e-05,0.3142857142857143,0.6857142857142857,66679fc30dd94f2048f5efc137a7702f7c6089c684cf75e900f66c9b1abf4563,333cae8b4812d5ba2db9341108f715012cdd3d5a13d34c686d7e06f6a37fbf27,a1862670f39d87073b72f4403abe6e18e225738b9dca355938ea8f13cba43bb2,300,0.062011558562517166
land_pad__8025.jpg,land_pad,8025,2,1,300,0,300,1,False,0.2819632589817047,,0.3695546705130963,land_pad,0.3,7.913176626058882e-05,0.2807017543859649,0.7192982456140351,ce697b9962e97f541b286c777368d3ae2bb4bd2aaa45d6f461b31a22bff8ec0e,a6d28ac3d520023ba595a7ae967028d0c80dc3f8d23731ad91fd1c3dd7b68c75,8f0882a77103ca2007f39c0134dd3573826bd0c5268345ff48294b0f60c4f43a,300,0.2819632589817047
land_pad__8050.jpg,land_pad,8050,2,1,286,1,285,0,True,0.2351938933134079,0.063614621758461,0.5166652361377051,land_pad,0.3,8.704494288664771e-05,0.29333333333333333,0.7066666666666667,c37ef1ef752a759daf38f8607104e7a02f02d61164deda9c6471260de1f15e50,6bef3cf71b0887f08ae5dd3507d423cbf67d80940138cc5eb94d5143771d5a62,09ad9961475001ad611ac7c498de162564d77fe1bff72d14f5b89d31d60394cd,286,0.063614621758461
land_pad__8075.jpg,land_pad,8075,2,1,296,0,296,1,False,0.22604107856750488,,0.2885711481833556,land_pad,0.3,9.495811951270658e-05,0.3116883116883117,0.6883116883116883,ac20eff3c9735c895af0fa2c3b6076c225f8cbf81c71ebc8839edfd0c8c612c1,4753e0f9ccb1808bbbbc98d56981f456c58b853500e85805b43e5dedaf43e948,00d5b476c4d13fd069dc664348c7f9b7a6c7adc583369e4e138db8bc3ac33a83,296,0.004750384483486414
land_pad__8100.jpg,land_pad,8100,2,1,276,1,275,0,True,0.08738293498754501,0.08738293498754501,0.5363798680613376,land_pad,0.3,7.913176626058882e-05,0.2807017543859649,0.7192982456140351,9b37a47163f82daf97a952b68520c5630804f518e472441b3a97d95ca4e176e3,9a82c77036f26a7bb1f91571dd9098bbd42a7d42228fa0715fe3aa84f4753142,395f42a605871e980c0f8b2ddb14fb191bfc6b9adbde530fe7611d673c65a04b,276,0.08738293498754501
land_pad__8125.jpg,land_pad,8125,2,1,280,0,280,1,False,0.11463026702404022,,0.35288662546023514,land_pad,0.3,9.495811951270658e-05,0.32653061224489793,0.673469387755102,ce0594716803733c6c0924748dc520cbb0ac7f077476bdcd839f1c1adf5ceeba,e814e68dcca1397b6e9d75340320025db7a74f4bb3218051837426965f799a6c,6fed64da155868cae134ae38350e217a8eda0506b0d73f2355ec699184505b6b,280,0.11463026702404022
land_pad__8150.jpg,land_pad,8150,2,1,257,0,257,1,False,0.1013106033205986,,0.36046534051267154,land_pad,0.3,8.704494288664771e-05,0.3142857142857143,0.6857142857142857,c24f0948162d273fbc880877e87729e2fed91d1a9fc33a907d33471162f8a3d1,e4b6698b7d33f9cb1fe76f45503d47510eced7cbb41b8f23a15ab999f49baa94,44ac732e9ceed48e4bdd54b9ea7515aa61dcd42fbf0418271bdbc869f4123ea9,257,0.1013106033205986
land_pad__8175.jpg,land_pad,8175,2,1,275,0,275,1,False,0.049115464091300964,,0.42976990139107996,land_pad,0.3,6.924029547801522e-05,0.29914529914529914,0.7008547008547008,ceff0e4de811db1aa9d8e4cd0ddabbdb07c0915f5a1072032c18c98a3ff88758,5fce143f143be0bbcc71eb500be4f800ca90c45720e119dd6c10bf20bccc6b56,986fd4c64d0cb9f0e8a5b668aa3dfcd7ca2fcbb81162beb22cce97ca1474072d,275,0.026248402893543243
land_pad__8200.jpg,land_pad,8200,2,1,283,0,283,1,False,0.11853484064340591,,0.41053372179464903,land_pad,0.3,6.23162659302137e-05,0.30288461538461536,0.6971153846153846,7d3a654f59540ff1ea8ddc6e3cef983dbe8c465c9bdfe986edd623a60cfd0de2,92cb986433c352921d6f3282f39407ce978b775758f6c9cce2f9a23a3b3d7505,bb4d1b72905410f8ae1016049a56dd97a586927a136f4115f7fa84034128fe5d,283,0.011116795241832733
land_pad__8225.jpg,land_pad,8225,2,1,299,0,299,1,False,0.12833619117736816,,0.4930038914255056,land_pad,0.3,6.924029547801522e-05,0.29914529914529914,0.7008547008547008,a4b3683afcaba473b082d1e1af02d81daf0a6539125b0bcef2cb1969addd2936,5c78f498900671ff3b1054577e2aa652da1c44ea75663ffe4b88872c177f9167,969257fc93ac495e551d048aa601d02fd5246b2361d8eda894b9e6701b2e8c28,299,0.1001691222190857
land_pad__8250.jpg,land_pad,8250,2,1,286,1,285,0,True,0.09927953779697418,0.04465270787477493,0.5249755156168093,land_pad,0.3,7.913176626058882e-05,0.3007518796992481,0.6992481203007519,2b3bf29d8c8d62ee73b1147bfc3f1c188fa583ac6d709e7cf2be582348530de4,b206a4f81c8723e7a1b53a1ec1b551837fd9ef304ccc5bb00d237b1b0ff70e87,7a39b0aec12db5aff16d143df412938c59b5fda352176b0d97da60408d364c73,286,0.04465270787477493
land_pad__8275.jpg,land_pad,8275,2,1,294,0,294,1,False,0.16694460809230804,,0.4466357195114773,land_pad,0.3,8.308835457361826e-05,0.3076923076923077,0.6923076923076923,01972f1a8a1fdc60eb55748e3ccfc0f85ee30b9c4db008e1cda79b67006dc45e,93a842e05454fda2f030af05ccf55c4e61304bbc73af2dfc0b3db0dcea1dadfc,b64c735b75a77ac5eda13eb43439dd46f5770e363b32ec19e24b9d72bf49f4d9,294,0.055496037006378174
land_pad__8300.jpg,land_pad,8300,2,1,299,1,298,0,True,0.19088783860206604,0.19088783860206604,0.6083743473278177,land_pad,0.3,0.00010287129613876547,0.28888888888888886,0.7111111111111111,b04283431924dad2fe374a961aafe26bf1a1b0933f186a7af58d38aad1842784,bca0f0c3d9f3131c7b69473dd386f54061cdf0afee4e3124a62c8951c741cbdd,fe1dde6f01e60c8f9cacf89b060be33d75dbed46485fe2eb06d68d59c8c2c47b,299,0.19088783860206604
land_pad__8325.jpg,land_pad,8325,2,1,290,0,290,1,False,0.284699410200119,,0.30604892411678764,land_pad,0.3,0.00011573020815611115,0.29923273657289,0.7007672634271099,b49b68d889b1a7dd72f1ea7ac6b7094649da4ff30127e87d53be5d4522f7a009,ac9bed7e757479e7352af7ead6d24c321886f6b6e20781eb842d69831cb58f3b,82e11e2b0e6f08b5017f1faa919c4b1a67effc4789dec1c0428ccde0bd7822f3,290,0.0529438853263855
land_pad__8350.jpg,land_pad,8350,2,1,300,0,300,1,False,0.4790087342262268,,0.47502938989894555,land_pad,0.3,0.00014837206173860402,0.30864197530864196,0.691358024691358,158453c45ef146187cf8f3dc2ebf2bab7dee88e99ceef40de33f44b56daa69c6,a6919436431881c763041eaed6d1848d9b92942e033fd9b0b01a3e0a8a772f23,f99e23571760fd94e2192510c952973e9486098594b840f033daec05470342a8,300,0.009619464166462421
land_pad__8375.jpg,land_pad,8375,2,1,296,1,295,0,True,0.3837822377681732,0.08987800031900406,0.5120873789546607,land_pad,0.3,0.00025717824034691365,0.3140096618357488,0.6859903381642513,9cae1faa5b7adeac3273818a51de581f27545b427bbd94640c2e9bcd11b368cb,3775f60e9f831de8e7ca8dbb3988a49ff4486c7432d4a52a0b199c57ff07ea33,0824bec0eddd6288749db9b54ee267b937a288571e065680994771067b24d97e,296,0.08987800031900406
land_pad__8400.jpg,land_pad,8400,2,1,300,1,299,0,True,0.3523358404636383,0.3523358404636383,0.7517059711683086,land_pad,0.3,0.0002908092410076639,0.2975708502024291,0.7024291497975709,c303df4592f3c9f6b3b71ca9e72d59d04efe2ed8f08d3c3fa409a5b18a790ad6,5ac8c5d07c3893dbf58d7b17efe589e8d481beef1f961d6e4f97253eac92b1a7,8254fb8098bdcb720ba7326ddbac907b1625feeda41adb98ad9342b4df8f96a4,300,0.064672090113163
land_pad__8425.jpg,land_pad,8425,2,1,300,1,299,0,True,0.2559926509857178,0.15365654230117798,0.6737750939739462,land_pad,0.3,0.00025717824034691365,0.30092592592592593,0.6990740740740741,fc0779ed449aaf79cd0aa3627b5d700dc8b06bd1da97fc68ac6f362e7c418913,d9e5af2b7b880b7cf48af3afe3ff44e5d00e98286bc6786530cacecc55384576,8d3b7740b7bd061a7fdaee47018222918c47bd054c93f4c9095d39a5cee62a8b,300,0.15365654230117798
land_pad__8450.jpg,land_pad,8450,2,1,300,1,299,0,True,0.43060746788978577,0.43060746788978577,0.7347329285292903,land_pad,0.3,0.00023739529878176647,0.31746031746031744,0.6825396825396826,9cc43d6bf31a15278dc1868e646bff8db83372ce83853a48b9d4fd83374bd479,511f9f0f7568b9d6e9b71f15e4cbf4be1e03ee259bcbfc43a18060abdd09e818,3bee52a38ca4b308f218e64845cac65296c866eabae440cedce54d38f5d0fb87,300,0.43060746788978577
land_pad__8475.jpg,land_pad,8475,2,1,278,1,277,0,True,0.4150444567203522,0.4150444567203522,0.7425518544572871,land_pad,0.3,0.00026311312281645784,0.304,0.696,7dbe1754425bc79dd4cdd0c0545c199e744f7522f2a5e5bc168d74f261d81b7d,f5d95fed786d039d7b66e8dc1517cee7669a9116bf53c2a5683f338f993659ef,1c5695c290018fea27f64d1df60a0013230d5e69330f9e507a685570b1e5fe5f,278,0.4150444567203522
land_pad__8500.jpg,land_pad,8500,2,1,285,1,284,0,True,0.3917791247367859,0.3917791247367859,0.7530247989218138,land_pad,0.3,0.00024431932832956796,0.30269607843137253,0.6973039215686274,076a2d0708a55343260cdfabdca735efaded7890078490b5847d97006ab5eaaf,03bdd53193e3e01e293db7019241931e21d8e53ba83328f16a111f87d9521073,ae4f684775b7ffbf822637c51ec32c75be43667a337244a134de43fb69007c7d,285,0.3917791247367859
land_pad__8525.jpg,land_pad,8525,2,1,290,1,289,0,True,0.667577862739563,0.667577862739563,0.8582935216532492,land_pad,0.3,0.00024431932832956796,0.29404761904761906,0.705952380952381,23444a7b38bedcf9bac654c81f469fb194194f9b44c3cef4e952a8de9eede7c6,a6cd0ecdd30028638bd74ca0f710efcd6aa176d14d24970dc79bf66d8523dcd8,3656bc965d0792a50837581422947cfa4582a734aa71b205b9747df6713ecd45,290,0.14941777288913727
land_pad__8550.jpg,land_pad,8550,2,1,279,1,278,0,True,0.4013810455799103,0.4013810455799103,0.7038864131740892,land_pad,0.3,0.00026311312281645784,0.3009049773755656,0.6990950226244343,1b3f9ea6f00333c1cbdacccded1f23cc21910edfdfe00166c81ecd463a41a85d,99006d4aa7bbc66e7f7481ef8f7bbbe43eb346251af985751616e10e0adf694d,cc98c9a29ca89c580ad61f04699b35ba5c0686f73e492cddf8e04b09dba5a4d3,279,0.4013810455799103
land_pad__8575.jpg,land_pad,8575,2,1,277,1,276,0,True,0.28262388706207275,0.28262388706207275,0.7188353819479771,land_pad,0.3,0.00026311312281645784,0.2923076923076923,0.7076923076923077,f6200186a2b19a370f1cd36156254e0a0bb31688694b33e8c560a04d2ea9aeb8,36dc661079da493681aa0905ada63c98ba6975550a0261f883e3b2e83c065ba0,b473604522682798160880e4e9ecbc91dcd919f2e220d8a93d231303d040e602,277,0.28262388706207275
land_pad__8600.jpg,land_pad,8600,2,1,260,1,259,0,True,0.47740480303764343,0.47740480303764343,0.5735581180559112,land_pad,0.3,0.00028190691730334765,0.30158730158730157,0.6984126984126984,1c589678fb62c6433481a2ddfe1164655dc5ac1efebab99d6e0026d3a5bba66a,408dc57c35bd6e942fc5c0545a4e01dd31e246bd2ae34caf002e297fc55edb8d,5b772446cf5d1ba88c42ccf26dd0e640331bf5c8a00ffc516d8fa67b48f564e5,260,0.29118621349334717
land_pad__8625.jpg,land_pad,8625,2,1,255,1,254,0,True,0.500357985496521,0.500357985496521,0.8189488658474281,land_pad,0.3,0.00029674412347720805,0.30864197530864196,0.691358024691358,ac8fdc61adf6c27f481b522feb04e5cd7589e69e6d189e3e1eb1713e599a9da4,dd0a38e08764ce8b161463468fac7a195d14564b7fba844ed4418fa478990d9e,701b4425459f069b682ab0ef8980f62a30787ef7c234bcadd0cd279f9b55bf11,255,0.1156066358089447
land_pad__8650.jpg,land_pad,8650,2,1,246,1,245,0,True,0.6915262341499329,0.6915262341499329,0.6997749815388676,land_pad,0.3,0.0002492650637208548,0.315,0.685,89749f433aaa84fc8b64dc49e8d4b96c66c0954695782074f631c6862a27d149,dc3eeb04a9c260136562b9b3affed6f75c37f4eb467e7bf1c51671f11ba23432,d53c66b52d2a4e9d68fdf05cf3041c3a6347d4b80f188341b7a7698f48f18b8e,246,0.13675805926322937
land_pad__8675.jpg,land_pad,8675,2,1,251,1,250,0,True,0.5269365310668945,0.5269365310668945,0.7234983754912016,land_pad,0.3,0.0002908092410076639,0.30153846153846153,0.6984615384615385,552d1afac41c85e7aad5fc1902dbc5f0e8f5aaa3cdc4927ab54e3dea0f1f4cba,2bd73cd160a13a1e2eeb65222b6af3963e6e48d5183f5486651a08d0676934a5,6931772ac4d43ffbdfd4751590e77a9c12d15daa9a932456493d9c294421bbd3,251,0.10278834402561188
land_pad__8700.jpg,land_pad,8700,2,1,283,1,282,0,True,0.42443108558654785,0.02274705283343792,0.6677434211661826,land_pad,0.3,0.0003115813296510685,0.30701754385964913,0.6929824561403509,972dbd4b6e9446d7780e3d407856401df49c2c62ab6b3e9ba3f6ef5f9fab419c,606a2d6b6482f7e304b376480b8b9c5b47ba23b21c68befd8ece87f0b2f0d7d4,63d8e8e2aade544d3f5b7ac451532bfe898d91e1909305f8ada63628dbef495b,283,0.015679728239774704
land_pad2__2050.jpg,land_pad2,2050,2,1,280,1,279,0,True,0.6702234148979187,0.6702234148979187,0.8434114787473924,land_pad2,0.3,0.07257372113174253,0.3001554573719522,0.6998445426280477,51b79b23d73d323ef475dddc00afd72c148b0837d81fa80f97c42325bc36ea53,cd2a50a2e024e3132e0a6b2160200991df84fcf055a787f6ce595516784422ba,e247db6e661470127bc9b925f4f7ef514991e48865c9810f74fbe7fd2cd60ce4,280,0.6702234148979187
land_pad2__2075.jpg,land_pad2,2075,2,1,266,1,265,0,True,0.6536939740180969,0.6536939740180969,0.8958218831859701,land_pad2,0.3,0.0547512690757014,0.3005973715651135,0.6994026284348865,7204e4a48a8b284f9d894b683c0fba56521ca59732b04a2cdcdd782759995ffa,0274f9ba08de2dcface621fefb1c63d6031cc40637137ac7e1a19f9948b9e550,060e2003e7606991eca8a9567dc27f47f19c00afbb0b2c87168199388dcb6ee0,266,0.6536939740180969
land_pad2__2100.jpg,land_pad2,2100,2,1,300,1,299,0,True,0.7239565849304199,0.7239565849304199,0.9275626260750459,land_pad2,0.3,0.06412047020095513,0.2995591456482962,0.7004408543517038,b0e921535c7ecdf19d7dc2d3072a1f4732c9f6996ca9cffab0a2838f7aa50d66,4bf05ee9c44903dc764cadbf1fec83f9056c46b60fb61c9396b0d62738782c8d,7679c96df2f776efcb21ddf056a5530477da7d845562de1d519946b6043eb584,300,0.7239565849304199
land_pad2__2125.jpg,land_pad2,2125,2,1,292,1,291,0,True,0.6635152101516724,0.6635152101516724,0.9788177966170231,land_pad2,0.3,0.06352698195400071,0.2999971973356004,0.7000028026643996,360cb4bf1402d4e54e1175bb641ea798f9fb3d6db192267686c956a80ea51817,efc0a32a55a409734ad25f10ede3c1d4c121f62c7460de3c427bec44420de7d5,28cb9a03f941ca3137c1a59bea34c11327bcc67dd5050e15a511adce60279ba0,292,0.6635152101516724
land_pad2__2150.jpg,land_pad2,2150,2,1,300,1,299,0,True,0.5488985776901245,0.5488985776901245,0.8274224801495035,land_pad2,0.3,0.06768931285930768,0.2996409492950346,0.7003590507049654,61d64f5543676d46f2d96afa0d0083398d00eb3d8adc70af1b63d0e877ddfd59,cb37a935d1166f38f19d30b125d42405e7999f4c3ce13c95f1822b54deb5331c,4153cd47ca70e5664bb00f120bef715111f8a589690830bb683c9f7f8fd5e922,300,0.5488985776901245
land_pad2__2175.jpg,land_pad2,2175,2,1,279,1,278,0,True,0.6773622035980225,0.6773622035980225,0.8628370215496088,land_pad2,0.3,0.060963112727157626,0.30043872477332556,0.6995612752266744,5634542411147c434b150db70ed877d689e857f89a99e01d02bef460a2bf6b0d,f6f446916f50f7ed3410c216355eb3cedbfc8e75e40b8446156d5dc3813da2fe,f258832842eaf3d39b7af5b2d22e1e6b7a401d3252e20ed5a126f757e3170af7,279,0.6773622035980225
land_pad2__2200.jpg,land_pad2,2200,2,1,282,1,281,0,True,0.6983484029769897,0.6983484029769897,0.9428783943854007,land_pad2,0.3,0.07508120897512494,0.3003985262049778,0.6996014737950221,d1671a417fcf9d28529f07f26e26203d87cc7415c11f4d044979904068cc32b4,d271b8bef3dea0d01ef40d5f1c6f5c2a7bfb49cbd4b89ea0f4779c01800053fb,279a2347d906d824d202b643b1ef96851aa3961375f8e16f8be3e636d8c2aeb4,282,0.6983484029769897
land_pad2__2225.jpg,land_pad2,2225,2,1,276,1,275,0,True,0.6327395439147949,0.6327395439147949,0.9315661562783938,land_pad2,0.3,0.08693020182556985,0.3001666757746325,0.6998333242253675,85555b55b528ced66972581a772579f14cfca4c7aa46e72d15f35f1039feb25f,a140378de5985dfa79665f467eabec02acc41c43b80ed7f61a4ed592bf2525b7,a10ce92bba30aed774a6e387f34f531aa8ac2da6fc2c26683869521005b32500,276,0.6327395439147949
land_pad2__2250.jpg,land_pad2,2250,2,1,284,1,283,0,True,0.586435079574585,0.586435079574585,0.9750155093352908,land_pad2,0.3,0.08569574627190467,0.3001669981221373,0.6998330018778627,d9ced95c7ec34b0239a57784ea02d19b1873329e0affd61067b3c35f7727df77,2e2364c8dd141492f50f3401f423859e9ea129fb31647694a37ebfc04918ac17,ce2b8372b127806d23fe8790b16f614e80b34b01f375ae24e57e36b861d6fd35,284,0.586435079574585
land_pad2__2275.jpg,land_pad2,2275,2,1,300,1,299,0,True,0.6477266550064087,0.6477266550064087,0.8730839057416778,land_pad2,0.3,0.07768958982048958,0.2999331716724266,0.7000668283275734,402ae05ab42afc2fffa75fbe66d84734a283109d99656fc72f014d6edb1ab588,40a903545faabd9f9accf88181488d4f4c3032708dc9ebdcb68047a1b4a96e71,97937d83eec4efffd49cfb0290a79cd152983a12b4763b949c81c17c2d009c94,300,0.6477266550064087
land_pad2__2300.jpg,land_pad2,2300,2,1,300,1,299,0,True,0.4926733374595642,0.4926733374595642,0.936966538890566,land_pad2,0.3,0.07746505343372517,0.3002645502645503,0.6997354497354498,ff07e86b21e05b8d552e3f03b6baf0e87a4e43009f4ed595d462407ea796c9b8,d9e5843bcae9042248dd98d852d9eac96e38a19ddaa64a7edc4a090e53fa958e,5d446df21ebdea03bf4e1e43c0d2defa0acb0afce6852271a72cc3a8409a503f,300,0.4926733374595642
land_pad2__2325.jpg,land_pad2,2325,2,1,300,1,299,0,True,0.4224345088005066,0.4224345088005066,0.9382354414494611,land_pad2,0.3,0.08415960085937098,0.2999947111401019,0.7000052888598981,23d96423398a5d8a5724fe8f06ead733736e330cf1ab3e54a793331d91d6aeb0,de8347312164475c420bd67bfcafd115800683de4ee7f6ac6cc2c39ad78d13e3,6b07c71c437d25214d02d6af7ee852214e5a37cbe5b7476f1dfa60c99ee488a8,300,0.4224345088005066
land_pad2__2350.jpg,land_pad2,2350,2,1,288,1,287,0,True,0.5418773889541626,0.5418773889541626,0.9337149122893218,land_pad2,0.3,0.08845447747316444,0.29993392565462235,0.7000660743453776,cf09f077f3666b811c0daf1415b79fe8f61853aea2aa6c0cbfef3503b40a02c1,b8115b132e284b1f34232c00a1fd02b0cd9ae16496daeebc03cb3e5dda475645,62d95525453a6477f3f8e25ad7bb2c75088748487b9285057f9a3f0579e50e68,288,0.5418773889541626
land_pad2__2375.jpg,land_pad2,2375,2,1,294,1,293,0,True,0.2098962515592575,0.2098962515592575,0.9131566115616508,land_pad2,0.3,0.08262939032930684,0.2999874310954698,0.7000125689045302,a8b9448c170c2f5759e648cf46906b276c4029584032902fa4d29ba71ff421bb,08895d194ebe7b4570ae1968b32c7c9f5f2556506309653c00bac8379e9b5bf0,ff06628e00dbc999e865f02a110c104d72d724e92ad35ac2f0a16160cb7c1962,294,0.2098962515592575
land_pad2__2400.jpg,land_pad2,2400,2,1,285,1,284,0,True,0.29803356528282166,0.29803356528282166,0.8700045531689278,land_pad2,0.3,0.11146104936635239,0.29924580412152113,0.7007541958784789,f043a7fec23fdd06ae2fc057ac020ed842af471650e97ab9e5f9dd881311c89e,203f28bc196c8642d8724843859415d00cd7897ddf3237697cc14561e4e252ab,ee2e432d60247ed1caf01ee0c8e399c73a3f2335cea0a1be71f258dcdcfe8562,285,0.29803356528282166
land_pad2__2425.jpg,land_pad2,2425,2,1,300,1,299,0,True,0.41723066568374634,0.41723066568374634,0.9798971159999432,land_pad2,0.3,0.10483376394202806,0.29997962094966374,0.7000203790503362,f0013c116ddc22ebc936c3152bb8ac5feb81557a191a403db91a2b8024740310,bf3e412409da76743c67629122fff0464f93b18616295a67d36c5b51afbf2be1,e6bdfbbba4d255c4720806a70462e5069399ee3268c718279430be558aa0243c,300,0.41723066568374634
land_pad2__2450.jpg,land_pad2,2450,2,1,300,1,299,0,True,0.040233414620161057,0.040233414620161057,0.7294995824739545,land_pad2,0.3,0.1508231681985258,0.30038178616035016,0.6996182138396498,0d76c0cac01e125aa8e24291ef0650fb13860bab5844f951a834cf05aa5859be,b8300fa04b8f833c156d0366aa4420b37d7421609be35ca0d5e24fd64b20a8fa,071706c88cc90dc8aedc571f420b900d500c61f38e4b71968bcadde347ee19fb,300,0.040233414620161057
land_pad2__2475.jpg,land_pad2,2475,2,1,300,1,299,0,True,0.40351852774620056,0.06991457939147949,0.933980332730658,land_pad2,0.3,0.23651693617627392,0.30019359066747353,0.6998064093325265,680c5987d402b13da1635ca16b6afd26863f7baf55ac0c680e0cba1ccc5f8d75,4b66414a9675f1545fd0761d0c26d0000aa498b7ca72918c6ff5c1915184acde,637538e170328dfd38e6bf6bb806b8c39a09c909444444c5fef91dacafda4cdc,300,0.0172873642295599
land_pad2__2500.jpg,land_pad2,2500,2,1,273,1,272,0,True,0.04468192905187607,0.04468192905187607,0.8057542125284398,land_pad2,0.3,0.22159367420660514,0.2998377844460446,0.7001622155539554,da59d66e6237f1599d9107727b625f475d090a1730bea9ecbbde699e5e2cea09,010d8834fdef6802e9a300255fb480f46cbc766eac230e38787e1678b6b7545f,22235d38253e6e54c68a6a831b40a2128a4669ff4804c174e62176831343c617,273,0.029614439234137535
land_pad2__2525.jpg,land_pad2,2525,2,1,278,1,277,0,True,0.2579137980937958,0.02252041921019554,0.9124137953117768,land_pad2,0.3,0.26771067843619806,0.2998604001861331,0.7001395998138669,4bf67210ed80cf3afaf88562036fa2a70121f4c746d38ef74363c85e46d7eae0,44607d6cab2cd49bb32adc57fec22a81ecedebaf125db119f8627db209ea35aa,fa7ea753e2b50caad2f1017a8771023753e953eb3f54e8a2eaeafad9c3c2a567,278,0.006607644725590944
land_pad__6500.jpg,land_pad,6500,3,1,263,1,262,0,True,0.011252314783632755,0.0037300754338502884,0.5963944185670687,land_pad,0.45,0.00019288368026018523,0.42391304347826086,0.5760869565217391,f72c47ffb3e3d3345c63da92a5de3a9dd2e9c067dd97461609ab97a9c488e8e1,57594893904b9ca47c874fa09e6ad0a375b75d27782ae9616e19b45e8b135396,2ad315385930c053e3e60a9bdc5e3d406aaf42991cdb76a89c999bc068a81142,263,0.0037300754338502884
land_pad__6525.jpg,land_pad,6525,3,1,258,1,257,0,True,0.01287874300032854,0.0065407948568463326,0.5277997517322907,land_pad,0.45,0.00021860150429487663,0.442,0.558,31045f31c54082b0022ad67444ff0ed6268ee2f34d201ce412bbb5dafe802352,9de0a3730c83cb72a56631a6636bb0d6f0d5ea8ea2d7d10dcdc6836872c4a1c2,ad6002f8d274ce54726a3492ffb1c8423fa0a0540c90428232395690480ecf12,258,0.0065407948568463326
land_pad__6550.jpg,land_pad,6550,3,1,247,1,246,0,True,0.017214229330420494,0.0024284685496240854,0.5401727195625193,land_pad,0.45,0.00024431932832956796,0.44107142857142856,0.5589285714285714,1f3a2a5b4e074bcd5bb05411ebdabc28392e13c8ad7004d2ab4748d5b488cc08,9cc61a23397e5fbf180cfb394134eb0770c0555ba62f5d00baf0d26069d4ceb8,53a887dd9091b66b689dafcacfbccfd4b469dd7da105766301826714867f64e6,247,0.0024284685496240854
land_pad__6575.jpg,land_pad,6575,3,1,256,1,255,0,True,0.012873857282102108,0.003447255352512002,0.5290868198501223,land_pad,0.45,0.00020574259227753094,0.43333333333333335,0.5666666666666667,fa0a6563e3286533256448ed9d067fc016baf5cca1bbe331272d1c0aa4dcdd0b,2ee7b9f46519ff946a5b1219f712ab9c535626ce375c2458bceeb0db57b67893,978e507632e34ed3b6437448b41ae40e84a31dae8ec44fa04f241e33b4a5f9c7,256,0.003447255352512002
land_pad__6600.jpg,land_pad,6600,3,1,271,0,271,1,False,0.015330291353166103,,0.45316197132589553,land_pad,0.45,0.00030267900594675224,0.4533333333333333,0.5466666666666666,95142936d577a13eb25bd70c8b347f3c26737c6880fc1835795e0dd29fc8c617,515e118a610801c9a948c194c81ae1995cd0fe4deb91222c40a009ba3c2dad90,7b175395b0f4921fc71bcdd8d10fa42c6fdc2485051800a9692c7604a66b6206,271,0.004170499742031097
land_pad__6625.jpg,land_pad,6625,3,1,234,1,233,0,True,0.021007003262639046,0.002109514083713293,0.7295944379611528,land_pad,0.45,0.00022255809260790605,0.44466403162055335,0.5553359683794467,393e028560483b5dd13ffebc9e2f554245d8fce9b7a2dfb5f16cecd0d3865400,c41402941e91d4687c68e56f3617953414e429895c25621d160a1edc94341a44,c4b45683a84722f1ed38cace641a681d162209617ee22d0b857df1079cc2afea,234,0.002109514083713293
land_pad__6650.jpg,land_pad,6650,3,1,261,0,261,1,False,0.01733076386153698,,0.23354153439678726,land_pad,0.45,0.00017804647408632484,0.45454545454545453,0.5454545454545454,34342350e7251c2f9d95d59ead7a5503d518b01caa11ace5f83e48900557e5d1,5c9ec86f1d82fca86f694075f05097ed09e70100ff0a6634350aca67146fab14,7105076314b78cf7868de32efc92ef4f765c9a10334174c4d403f6384a51bab9,261,0.002189493039622903
land_pad__6675.jpg,land_pad,6675,3,1,256,1,255,0,True,0.019665323197841644,0.004361740313470364,0.5119402749135653,land_pad,0.45,0.00021860150429487663,0.4652631578947368,0.5347368421052632,4dc8a02d5f8aa1158860b37d93d3a0290dede06cc1d2384547544a417b298251,660cca0252ddc88782a7f613ddce5fba30c869d4217fe991baa50353870fddc9,b5e26b63d7387fa3a3e50de38f48a072d7d477a823bee9ea3d3e1dd8ddd41813,256,0.004361740313470364
land_pad__6700.jpg,land_pad,6700,3,1,258,1,257,0,True,0.021428516134619713,0.00852115172892809,0.5158069915359863,land_pad,0.45,0.00019288368026018523,0.4431818181818182,0.5568181818181818,b654087e78b422f9f60dce5c2a40ee77031f498a1ac8b79d346042ebeb9812c1,52e539eb199fb7dffaabfd153e0b17d9bda0c7149e234744a53557d6eed43fa4,76e6f3644fc208c68d0518b3e1c123231e9d59afa6ed07af2baf4551319e9d7d,258,0.00852115172892809
land_pad__6725.jpg,land_pad,6725,3,1,258,0,258,1,False,0.01743006706237793,,0.4449343204539162,land_pad,0.45,0.00017408988577329542,0.4583333333333333,0.5416666666666666,8eabf7fe85e5171edf09c9b7d2f6f6e41f1578aaf09c41f8fdd877a955951d80,62f3a656f7742796d195eed7960f46264856e28ad7b9dd20c17bc83ebe7ad7ae,913bec7309fa38fd57d2a5e288967d6bb0d1e5587da22e968d9ae6f4ebc4cd23,258,0.005212984047830105
land_pad__6750.jpg,land_pad,6750,3,1,247,1,246,0,True,0.02786189317703247,0.004940622020512819,0.5342943656406915,land_pad,0.45,0.00014837206173860402,0.45454545454545453,0.5454545454545454,7e6c77731025866bdc14184d99a06bee656fdae3fe13598a6557cfa6801596e5,bf8a7920f34d99d67ce9deb5c11e07721d3ae708c5cbb42622c8105879e8ba06,309e7891f31ec469ed225e5bfd8fc733b082f4823081d2c0c5db2fe4f23ad139,247,0.004940622020512819
land_pad__6775.jpg,land_pad,6775,3,1,249,1,248,0,True,0.030208971351385117,0.0063705360516905785,0.5814753300142633,land_pad,0.45,0.00015232865005163348,0.4583333333333333,0.5416666666666666,b2e707df7cafc89711799beea8f9f37c73d4657244f52599c60ea4e72cdf6349,b86ec0083e4f674f28e58ff50d388cc2bb3b5f389b893b798aa829ae4f79df6e,bf5964c3ce5803812d663a8a78293dad9e56dceb6e4ce10850952de4607bf818,249,0.0063705360516905785
land_pad__6800.jpg,land_pad,6800,3,1,252,0,252,1,False,0.026414277032017708,,0.42351506039636344,land_pad,0.45,0.00016320926791246445,0.4411764705882353,0.5588235294117647,e3378c32f6ca4c39dcfbb73271ab3a6d6feef68a49b88ecf7fa4fc1080bc9cf6,2111899b1df047c027f93ba6bcc97cac6e83a7d16127e225b5ee15c540a43e3a,dff96c4be6f5d16ea3735178fad89d95c463a46971888d26ef8162a6d05d7e29,252,0.010541781783103943
land_pad__6825.jpg,land_pad,6825,3,1,252,0,252,1,False,0.04080909863114357,,0.2781725864957361,land_pad,0.45,0.00017408988577329542,0.4583333333333333,0.5416666666666666,799c8e41e0a6c3272c91d7079b8731dd29c1a24eb47d4f758ca6b5842519e9a1,3f9f794f489d0133c867bbb1f2f12523d8db0958a254c1b3fd70a0fc92388b64,1050288d55bd5f7be669089da7e43580f42b096179ccecb6e717cc0ce08695a1,252,0.0023039598017930984
land_pad__6850.jpg,land_pad,6850,3,1,243,0,243,1,False,0.03174653649330139,,0.13133413060651355,land_pad,0.45,0.00016320926791246445,0.4411764705882353,0.5588235294117647,1f2b4502a376e6fd09135686c2c17f6446e17e61f9db5391078f180b301caed9,e67e93e0bccbc4ef6fcde3f54208cab32395a5c653405d900b3d19dde94d4653,8c8e8c5ab5975f0940c411b9bc53e6c54d0832dc70d465f9af64b57fbec2b2ea,243,0.0033128128852695227
land_pad__7450.jpg,land_pad,7450,3,1,284,1,283,0,True,0.03312690928578377,0.03312690928578377,0.7124564954941902,land_pad,0.45,0.00016320926791246445,0.4219948849104859,0.578005115089514,935e3d27cfafbe2c2948aadf31084aea9303a6cf3e5e9d0588765098d0c4bbaf,79030ed1fdfb2e8df7c198740c7e57b6cfaf2ec387e2004b7ee972c2e37c02c5,b4ed573d30216c3091266a425cd581a044c788c4ba0588998c11ce420c2e2d6b,284,0.03312690928578377
land_pad__7475.jpg,land_pad,7475,3,1,262,1,261,0,True,0.11310723423957825,0.034833893179893494,0.6050940443740173,land_pad,0.45,0.0001414480321908025,0.446875,0.553125,0ea800f36327b9d46e2e00bff45b8a9011e138c0d26bef7ec43360ce7ab0ec91,ffae6ec03ab116a96d8215041ae178d286ceb9dbee06c2a8576c65744e5bf97c,e217e722d47c3a95539c4a85ed33b9dd518ca7215c353c0a422372930a8347a8,262,0.034833893179893494
land_pad__7500.jpg,land_pad,7500,3,1,285,0,285,1,False,0.1270262598991394,,0.46936695263361333,land_pad,0.45,0.0001246325318604274,0.42857142857142855,0.5714285714285714,2bcff4d1fe5a28745c8bfe1e1c2b0bb36cf59dc1bfa271194780e55b1202661a,0f849e96a6d15b772860d37146fc7ea097dc37f9f7be0dae4a304a9793e14b3a,a01a30f04ac58d6d47a7fb9138258a2720f1881f5294b588cc0b005469a847d7,285,0.0038385193329304457
land_pad__7525.jpg,land_pad,7525,3,1,300,0,300,1,False,0.20010888576507568,,0.4848192344235972,land_pad,0.45,0.00011869764939088324,0.4444444444444444,0.5555555555555556,7a14ecea02abbda5318e32edfb98d988e2631ca6dd832b3826b44c346987456e,49383ac48dc9716df098854ccd7d0b959d3bfaa4b099551533a518fe912cb9bf,574b6cca9c15d003d72ffa324afcca0c22eaf8c5fe92de0b84ad772689e34dd2,300,0.003066442906856537
land_pad__7550.jpg,land_pad,7550,3,1,279,1,278,0,True,0.08031533658504486,0.08031533658504486,0.6400425774238112,land_pad,0.45,0.00012858912017345682,0.43333333333333335,0.5666666666666667,3efc8b6f09ea8d79468015eca5941be8600bc5ffff39e5ed2f0a4e0cacd380a8,a582322d25604db2255715c363c46250d4c3c4d076483427639410cc94363ea6,4de5370d58d4bfdad42bfc05191dee40247c1cca30f85fc52a68df44643f6a15,279,0.08031533658504486
land_pad__7575.jpg,land_pad,7575,3,1,300,1,299,0,True,0.04242358356714249,0.003375896718353033,0.5849559598797904,land_pad,0.45,0.00013353485556474363,0.4192546583850932,0.5807453416149069,b19cc7c32ba8bee57c8db43b166e5e359a48a3a7a5a2bfaa5e58080ff808807e,6092b817ec9b255fead13d9a26d6fdd233db897c896a8916b32f1d2785c6a8cf,e77921993689e174a11c5d2dd80bf2b82be8a48c12a0ab23e275e9bc586570df,300,0.003375896718353033
land_pad__7600.jpg,land_pad,7600,3,1,300,0,300,1,False,0.03929649293422699,,0.41982597661022847,land_pad,0.45,0.0001246325318604274,0.46153846153846156,0.5384615384615384,eb8935519a422de2068c7a232a73917ddbf441909353752284743c1fe9ea1b3b,0cede57c723a1e320dc8fff21cc68e42d01a32a1eb6a973fbb4bc5829134733a,cd853d61436ba055935484c652761130d74e7bc5bc8d7f1ab7f24f7b6560974b,300,0.027997825294733047
land_pad__7625.jpg,land_pad,7625,3,1,300,0,300,1,False,0.25354865193367004,,0.3587492844760786,land_pad,0.45,0.0001424371792690599,0.46153846153846156,0.5384615384615384,58f314b4117f92d4f162e696f56f1b036cbb05e9287a43c1f46578941f41f7a1,c55530cba1870e69e3ebf9bdfb3cf2daa1181810801b47ce28cdc4fa491af875,df4b3d85104e43e880c25efeeb48e036b28b83f5e2748a91d989a300efd8cd9a,300,0.031227894127368927
land_pad__7650.jpg,land_pad,7650,3,1,300,0,300,1,False,0.12085935473442078,,0.29316728422862987,land_pad,0.45,0.0001246325318604274,0.46153846153846156,0.5384615384615384,db2658ddad21f85402934a1111a68fa1f193e84c65e0236d466301a12e2b6eb3,e67fdcadc968a91a8732f93ac40d448e699ce62ff246bffd31c6dd48c7d3cf19,a75a11bd57b27a866108b47e4e5e612898f9cc00828eedfe1dd3f8b9ef862cc5,300,0.001350965118035674
land_pad__7675.jpg,land_pad,7675,3,1,300,0,300,1,False,0.2109513282775879,,0.420155118442459,land_pad,0.45,0.00014837206173860402,0.43478260869565216,0.5652173913043478,69dc200d8b80fe8c1159e8f6ee4caeefa118295684b92b24ff79ec4f879af9d6,af5f920ddcf810efdc0c1cc7348731a5e90fffc76e33268c854ca965ba409e5f,ef221676eda71f03187d5ad3e7238afdaa0b678a4559169bdd94e0e3b3b1ac11,300,0.003477351274341345
land_pad__7700.jpg,land_pad,7700,3,1,300,0,300,1,False,0.27487748861312866,,0.4267770958894589,land_pad,0.45,0.00013353485556474363,0.4383116883116883,0.5616883116883117,64a5976b78eacf7afcc088db0567aec83ee2c0e582bda044665b5e499fedf1a8,6150445b4a3f5b18f102648856d7ba1d07813b9b3ca72fefcef432a1874ecba9,7854c4815c41d51e0b4f5c7b9d444fe3cd7b5260fb9531c56dcee3ea851e400c,300,0.05095285549759865
land_pad__7725.jpg,land_pad,7725,3,1,300,0,300,1,False,0.28898608684539795,,0.47729129273669446,land_pad,0.45,0.00011573020815611115,0.45,0.55,24e7b1128bd08328b4494906e2023cdd4b12a9c550574b6b6e3a587d5eb16239,addaee9b57c22ac39c32420bbe4ed8cca1e4d7c059625cdae583e2e2b4d15bc8,e10a1426fd4f9e251f54a5219d58bab0b0e663ba33621b9f67048ca00656b3c1,300,0.28898608684539795
land_pad__7750.jpg,land_pad,7750,3,1,300,0,300,1,False,0.20372803509235382,,0.3443468424363686,land_pad,0.45,0.00013353485556474363,0.47202797202797203,0.527972027972028,9b97c4bbfd7b2a1717afb1077a80f7de21c04153e487e0167f99ba0e1d431171,096c7523440ee6ca13df77d91cd76bea9de88320d6ad7b28c9a97df4c457f26b,e403cd1ba100db4306b223371fbbdef662976b19e20836bf66a9115aac764f1a,300,0.0054258727468550205
land_pad__7775.jpg,land_pad,7775,3,1,300,0,300,1,False,0.2014131098985672,,0.4082512855546673,land_pad,0.45,0.00014837206173860402,0.45454545454545453,0.5454545454545454,dbea6822e1c835bb9bb22cce1f55f2668442da9c8f1601deb83fdf578b7f3a99,1f2ef132134509762de806a415e3e9a754ab2dd21c580914ff7b93e61745d85c,7c1942911b52823587f12599b248dcb66eb0cf26be3bc157bce6dd5a12f4e8d3,300,0.007165760267525911
land_pad__7800.jpg,land_pad,7800,3,1,294,0,294,1,False,0.28987300395965576,,0.2744497582065525,land_pad,0.45,0.0001246325318604274,0.46153846153846156,0.5384615384615384,138ed68711a50ca358963968fcc5d169082b7b7854f2c695919874112deb84d9,94a94b4d9a3e8a855c0781e85e3d0a9c986862cba99b3b0cd5d241fb56d00db7,c8a49736c0fb1018ac50f41a4a9a8ef2c1a17332acdbb7e08c395f155f8df1ff,294,0.027229072526097298
land_pad__7825.jpg,land_pad,7825,3,1,300,0,300,1,False,0.4471372663974762,,0.36144713650113375,land_pad,0.45,0.00013353485556474363,0.4383116883116883,0.5616883116883117,f8d83454e0fabdad4e9933c865c10f3fa819a720a919da17a1e4a0b44930bfb1,7b482c27769f11471e13d8459cb52a337c5aeff092861bd6851d410862abe2e9,f7167dc1e69f1b9bcae1079d2f17790207c6b7585a5367d0fd1fcda0746601a5,300,0.4471372663974762
land_pad__7850.jpg,land_pad,7850,3,1,300,0,300,1,False,0.22194026410579681,,0.22588524247066988,land_pad,0.45,0.00013353485556474363,0.47202797202797203,0.527972027972028,a8a85dc7a6ede37037fb7b317f843a61dfea04a70e5f244efda719bac23a8c7e,ae1e5f49b24e2b23dec876d2cec58d7b47d04d231917026a5d6487be0ef7c04e,61c07eceaa579faa3b585fda9df04e38103ebcf6f6a4d799b6d7b7c007541c49,300,0.0016080192290246487
land_pad__7875.jpg,land_pad,7875,3,1,300,0,300,1,False,0.12449604272842407,,0.3499265204193019,land_pad,0.45,0.00013353485556474363,0.4383116883116883,0.5616883116883117,58d448e41fee416835285a3242cb26ad9f63a3fd937e2b355da3ec00bec0134d,e4cfa0cb73493924d5e821ae241f1e148fb6b8d307a68c39f9e1b7b90bd8b526,5a5f2a20f19965350811b990454273a63907af39a77101be528c043608a7f661,300,0.08046462386846542
land_pad__7900.jpg,land_pad,7900,3,1,300,0,300,1,False,0.19726355373859406,,0.28889904327450205,land_pad,0.45,0.00014837206173860402,0.43478260869565216,0.5652173913043478,5d1a938f8fea46795d917c2c75b287872451c9c886fcf4f53609323840b5d371,a853f654849647f5d1c1f73bf84efba517dd15203a929f29ea26e28fd02eae0f,c08a59c0f16e4edaac16c140b90f4dbfba13d065fdd22137105d2abc514a5ba6,300,0.19726355373859406
land_pad__7925.jpg,land_pad,7925,3,1,300,0,300,1,False,0.280504435300827,,0.3787258423444641,land_pad,0.45,0.0001246325318604274,0.42857142857142855,0.5714285714285714,b692b231472413740d0551bb2a8dda57170116e5fc534200ec293fb0a7376eda,a1443cb77b5bcc3f53c0c8e13161751c4f3761cf16e31a1e6526e4e2bf4fa4af,a69932904a9e410abbb28e22f95c55a59783b5ea132938772052eb0254c28abd,300,0.280504435300827
land_pad__7950.jpg,land_pad,7950,3,1,300,0,300,1,False,0.1722518503665924,,0.41243115189987045,land_pad,0.45,0.00013353485556474363,0.47202797202797203,0.527972027972028,6f43a27d3a12872d5559a038d7129eeb701187c4bfc8fb76cd466b3103a4abba,d5e3b53d09cf41e0ee0b3ad7bf322a2a2e9a8b33d9d5ca4d899da00ebf4fe092,80f9f7df2bef3fa93da03a3cd5f15aae776f2fb6e92d233dcd58339e7a339fe0,300,0.03010980412364006
land_pad__7975.jpg,land_pad,7975,3,1,300,0,300,1,False,0.10186246782541275,,0.3858445578644931,land_pad,0.45,0.00014837206173860402,0.43478260869565216,0.5652173913043478,e8626d1f944fd7a5756d63dbd947aa1483d07974138075bfe84aab0266e84659,96c2c82c710cebcf582e6a83c4de74a833b54e844f6ed9f38a9e62a4bdc30b29,06db457ac1858dbb4026daafed986698b0f686dc52b28956870c362a5ac80468,300,0.10024651139974594
land_pad__8000.jpg,land_pad,8000,3,1,300,0,300,1,False,0.12048923224210739,,0.41243703671467047,land_pad,0.45,0.00011573020815611115,0.41785714285714287,0.5821428571428572,66679fc30dd94f2048f5efc137a7702f7c6089c684cf75e900f66c9b1abf4563,333cae8b4812d5ba2db9341108f715012cdd3d5a13d34c686d7e06f6a37fbf27,bc302d3e348ade48a6ff784406b748de60dc3c729900da6a141bdb81fbafde05,300,0.06420166790485382
land_pad__8025.jpg,land_pad,8025,3,1,300,0,300,1,False,0.27716267108917236,,0.36858695566157784,land_pad,0.45,0.00012858912017345682,0.45614035087719296,0.543859649122807,ce697b9962e97f541b286c777368d3ae2bb4bd2aaa45d6f461b31a22bff8ec0e,a6d28ac3d520023ba595a7ae967028d0c80dc3f8d23731ad91fd1c3dd7b68c75,31642096b166e07032749f17d2e4056a2e0db4f1f6f65abf8feb92b3427438fb,300,0.27716267108917236
land_pad__8050.jpg,land_pad,8050,3,1,286,1,285,0,True,0.23926115036010742,0.06396443396806717,0.5164487063275669,land_pad,0.45,0.00012858912017345682,0.43333333333333335,0.5666666666666667,c37ef1ef752a759daf38f8607104e7a02f02d61164deda9c6471260de1f15e50,6bef3cf71b0887f08ae5dd3507d423cbf67d80940138cc5eb94d5143771d5a62,15174f80145722d96dfa1b997c3fc0eb33728c89e3e1a6d73d2a62c98d50bade,286,0.06396443396806717
land_pad__8075.jpg,land_pad,8075,3,1,296,0,296,1,False,0.21411465108394623,,0.28909678734177996,land_pad,0.45,0.00013353485556474363,0.4383116883116883,0.5616883116883117,ac20eff3c9735c895af0fa2c3b6076c225f8cbf81c71ebc8839edfd0c8c612c1,4753e0f9ccb1808bbbbc98d56981f456c58b853500e85805b43e5dedaf43e948,3d7a265c4c6c7da512d5ab55ef90bdfbf69a9d015eec098663d295b4ac5547ee,296,0.21411465108394623
land_pad__8100.jpg,land_pad,8100,3,1,275,1,274,0,True,0.07617958635091782,0.07617958635091782,0.5325881672100918,land_pad,0.45,0.00012858912017345682,0.45614035087719296,0.543859649122807,9b37a47163f82daf97a952b68520c5630804f518e472441b3a97d95ca4e176e3,9a82c77036f26a7bb1f91571dd9098bbd42a7d42228fa0715fe3aa84f4753142,9fd1d6d141278c97862c7ce597bc00461887ea1e6362c5b281ea39cf416d85bc,275,0.07617958635091782
land_pad__8125.jpg,land_pad,8125,3,1,281,0,281,1,False,0.11396551877260208,,0.35092294932539375,land_pad,0.45,0.0001246325318604274,0.42857142857142855,0.5714285714285714,ce0594716803733c6c0924748dc520cbb0ac7f077476bdcd839f1c1adf5ceeba,e814e68dcca1397b6e9d75340320025db7a74f4bb3218051837426965f799a6c,475dbbd9cc2028128ea5ab87d7801c9e6c67a32285e2c4ce1fcb62ff642b2af7,281,0.11396551877260208
land_pad__8150.jpg,land_pad,8150,3,1,256,0,256,1,False,0.0947091355919838,,0.3561305095836832,land_pad,0.45,0.00011573020815611115,0.41785714285714287,0.5821428571428572,c24f0948162d273fbc880877e87729e2fed91d1a9fc33a907d33471162f8a3d1,e4b6698b7d33f9cb1fe76f45503d47510eced7cbb41b8f23a15ab999f49baa94,d783505d906504c681dc982b960e2d0c158e0ec1e0bb3b6e4e8e21262e72823d,256,0.0947091355919838
land_pad__8175.jpg,land_pad,8175,3,1,275,0,275,1,False,0.04719228297472,,0.4370423891251792,land_pad,0.45,0.00010682788445179491,0.46153846153846156,0.5384615384615384,ceff0e4de811db1aa9d8e4cd0ddabbdb07c0915f5a1072032c18c98a3ff88758,5fce143f143be0bbcc71eb500be4f800ca90c45720e119dd6c10bf20bccc6b56,870b4e1c9b03938614854c02f2ea462f5dd02f2bd118ea5c3fa1893ed47ef56d,275,0.02566496469080448
land_pad__8200.jpg,land_pad,8200,3,1,282,0,282,1,False,0.11843939870595932,,0.4064386942110296,land_pad,0.45,9.792556074747866e-05,0.47596153846153844,0.5240384615384616,7d3a654f59540ff1ea8ddc6e3cef983dbe8c465c9bdfe986edd623a60cfd0de2,92cb986433c352921d6f3282f39407ce978b775758f6c9cce2f9a23a3b3d7505,3cb6ee252559b0d2918fb79cea344d312b8eebc13c6f160d731c962c58b6b189,282,0.010576634667813778
land_pad__8225.jpg,land_pad,8225,3,1,299,0,299,1,False,0.14475783705711365,,0.49534158915998566,land_pad,0.45,0.00010682788445179491,0.46153846153846156,0.5384615384615384,a4b3683afcaba473b082d1e1af02d81daf0a6539125b0bcef2cb1969addd2936,5c78f498900671ff3b1054577e2aa652da1c44ea75663ffe4b88872c177f9167,cd597c9661011598acd19f8ddb29846dcd44af6e3055efe5eb8a452e70799c7d,299,0.10809390246868134
land_pad__8250.jpg,land_pad,8250,3,1,286,1,285,0,True,0.11052430421113968,0.043961599469184875,0.5186939120273255,land_pad,0.45,0.00011573020815611115,0.4398496240601504,0.5601503759398496,2b3bf29d8c8d62ee73b1147bfc3f1c188fa583ac6d709e7cf2be582348530de4,b206a4f81c8723e7a1b53a1ec1b551837fd9ef304ccc5bb00d237b1b0ff70e87,e92d04883c3728590307360880fc2f30f79caabc09948170a2b237408097e0f3,286,0.043961599469184875
land_pad__8275.jpg,land_pad,8275,3,1,294,0,294,1,False,0.16998125612735748,,0.44617954415585587,land_pad,0.45,0.0001246325318604274,0.46153846153846156,0.5384615384615384,01972f1a8a1fdc60eb55748e3ccfc0f85ee30b9c4db008e1cda79b67006dc45e,93a842e05454fda2f030af05ccf55c4e61304bbc73af2dfc0b3db0dcea1dadfc,fac4248d1afddda891c9f5098c3b2f704e7d5ff94dfdfd6de4d72a73ea58999b,294,0.057216349989175797
land_pad__8300.jpg,land_pad,8300,3,1,300,1,299,0,True,0.19034895300865173,0.19034895300865173,0.6048994309526311,land_pad,0.45,0.00015826353252117764,0.4444444444444444,0.5555555555555556,b04283431924dad2fe374a961aafe26bf1a1b0933f186a7af58d38aad1842784,bca0f0c3d9f3131c7b69473dd386f54061cdf0afee4e3124a62c8951c741cbdd,b2e2dbb48e070d4ac90f43d3bbbcbe606f01c10f83e300b084e53fd86c8c3a3e,300,0.19034895300865173
land_pad__8325.jpg,land_pad,8325,3,1,291,0,291,1,False,0.28090572357177734,,0.3036226968554467,land_pad,0.45,0.00016320926791246445,0.4219948849104859,0.578005115089514,b49b68d889b1a7dd72f1ea7ac6b7094649da4ff30127e87d53be5d4522f7a009,ac9bed7e757479e7352af7ead6d24c321886f6b6e20781eb842d69831cb58f3b,42a717be9fb8c3ea9678b4de11d07fadc8b6140adc88b25602170af89f0d35cb,291,0.058038171380758286
land_pad__8350.jpg,land_pad,8350,3,1,300,0,300,1,False,0.49890008568763733,,0.46481659862680424,land_pad,0.45,0.00021365576890358982,0.4444444444444444,0.5555555555555556,158453c45ef146187cf8f3dc2ebf2bab7dee88e99ceef40de33f44b56daa69c6,a6919436431881c763041eaed6d1848d9b92942e033fd9b0b01a3e0a8a772f23,642b031a92899dd84d1a3f223d4c9a5dd37cd32425021ba7dde6a540476bc5f6,300,0.009736058302223682
land_pad__8375.jpg,land_pad,8375,3,1,299,1,298,0,True,0.3471403121948242,0.06937552988529205,0.5115208851689881,land_pad,0.45,0.0003560929481726497,0.43478260869565216,0.5652173913043478,9cae1faa5b7adeac3273818a51de581f27545b427bbd94640c2e9bcd11b368cb,3775f60e9f831de8e7ca8dbb3988a49ff4486c7432d4a52a0b199c57ff07ea33,27df4392b83dcd781e89eb86b11095d747f126b27783bfa417b121ece38c7fed,299,0.06937552988529205
land_pad__8400.jpg,land_pad,8400,3,1,300,1,299,0,True,0.3306528925895691,0.3306528925895691,0.7425098187151181,land_pad,0.45,0.0004203875082593781,0.43016194331983804,0.569838056680162,c303df4592f3c9f6b3b71ca9e72d59d04efe2ed8f08d3c3fa409a5b18a790ad6,5ac8c5d07c3893dbf58d7b17efe589e8d481beef1f961d6e4f97253eac92b1a7,738fa4bf6ec19e5b9cc23d329ad88e19aa5a77417ae9ef6f97b62f27c8f174e2,300,0.0574038103222847
land_pad__8425.jpg,land_pad,8425,3,1,300,1,299,0,True,0.21886853873729706,0.09655274450778961,0.6774051819425688,land_pad,0.45,0.00037983247805082633,0.4444444444444444,0.5555555555555556,fc0779ed449aaf79cd0aa3627b5d700dc8b06bd1da97fc68ac6f362e7c418913,d9e5af2b7b880b7cf48af3afe3ff44e5d00e98286bc6786530cacecc55384576,34cfe0139620b7e8d66928f212fd53bf56d219deb5ba4d65486793768f619944,300,0.09655274450778961
land_pad__8450.jpg,land_pad,8450,3,1,300,1,299,0,True,0.29807248711586,0.29807248711586,0.7361106792693204,land_pad,0.45,0.00033235341829447303,0.4444444444444444,0.5555555555555556,9cc43d6bf31a15278dc1868e646bff8db83372ce83853a48b9d4fd83374bd479,511f9f0f7568b9d6e9b71f15e4cbf4be1e03ee259bcbfc43a18060abdd09e818,7351b5f07492e1bb2ef6d5d5bbbbf498f025a1d3e5894039447b75051fa11dd7,300,0.29807248711586
land_pad__8475.jpg,land_pad,8475,3,1,278,1,277,0,True,0.33348348736763,0.33348348736763,0.6235962651268373,land_pad,0.45,0.0003867565075986279,0.44685714285714284,0.5531428571428572,7dbe1754425bc79dd4cdd0c0545c199e744f7522f2a5e5bc168d74f261d81b7d,f5d95fed786d039d7b66e8dc1517cee7669a9116bf53c2a5683f338f993659ef,aaf01a28337b638ca5e396faf2aedbfe0d5eae083f900b40a46c9ced52072349,278,0.33348348736763
land_pad__8500.jpg,land_pad,8500,3,1,286,1,285,0,True,0.36745011806488037,0.36745011806488037,0.7475385296978685,land_pad,0.45,0.0003640061247987086,0.45098039215686275,0.5490196078431373,076a2d0708a55343260cdfabdca735efaded7890078490b5847d97006ab5eaaf,03bdd53193e3e01e293db7019241931e21d8e53ba83328f16a111f87d9521073,53f7ee09ba12743c8104f85fe9d2deb1638c8ef824b4456e936a017393fb5526,286,0.36745011806488037
land_pad__8525.jpg,land_pad,8525,3,1,287,1,286,0,True,0.6201728582382202,0.6201728582382202,0.8773886551774116,land_pad,0.45,0.0003640061247987086,0.4380952380952381,0.5619047619047619,23444a7b38bedcf9bac654c81f469fb194194f9b44c3cef4e952a8de9eede7c6,a6cd0ecdd30028638bd74ca0f710efcd6aa176d14d24970dc79bf66d8523dcd8,5edb743f8958b82a2bba775afd921984e396292305a442b9806d8e29a478300c,287,0.1499776393175125
land_pad__8550.jpg,land_pad,8550,3,1,279,1,278,0,True,0.3378095328807831,0.3378095328807831,0.674858520171802,land_pad,0.45,0.0003867565075986279,0.4423076923076923,0.5576923076923077,1b3f9ea6f00333c1cbdacccded1f23cc21910edfdfe00166c81ecd463a41a85d,99006d4aa7bbc66e7f7481ef8f7bbbe43eb346251af985751616e10e0adf694d,0e2427b2a69e41965f6ad9277e1375c95452232327f8688802781d719102bdae,279,0.3378095328807831
land_pad__8575.jpg,land_pad,8575,3,1,278,1,277,0,True,0.2384297251701355,0.20788580179214478,0.6839179389750266,land_pad,0.45,0.0003867565075986279,0.42967032967032964,0.5703296703296703,f6200186a2b19a370f1cd36156254e0a0bb31688694b33e8c560a04d2ea9aeb8,36dc661079da493681aa0905ada63c98ba6975550a0261f883e3b2e83c065ba0,ea7acc65eb8d534f4a241449aed79748b7f0ea783fee6741423c12d25092ef80,278,0.20788580179214478
land_pad__8600.jpg,land_pad,8600,3,1,259,1,258,0,True,0.4541725218296051,0.4541725218296051,0.5393713963755394,land_pad,0.45,0.0004095068903985471,0.4380952380952381,0.5619047619047619,1c589678fb62c6433481a2ddfe1164655dc5ac1efebab99d6e0026d3a5bba66a,408dc57c35bd6e942fc5c0545a4e01dd31e246bd2ae34caf002e297fc55edb8d,03059f595f32048fcc75afce50ed855bf5d4396561e4982f3b4de85fe270b2d9,259,0.4541725218296051
land_pad__8625.jpg,land_pad,8625,3,1,254,1,253,0,True,0.44343945384025574,0.44343945384025574,0.7899297642520257,land_pad,0.45,0.00042731153780717964,0.4444444444444444,0.5555555555555556,ac8fdc61adf6c27f481b522feb04e5cd7589e69e6d189e3e1eb1713e599a9da4,dd0a38e08764ce8b161463468fac7a195d14564b7fba844ed4418fa478990d9e,4113095a1fac52effcb2bd1ceee8435235a13b563b3e873c176669b0b8553a10,254,0.10921084135770798
land_pad__8650.jpg,land_pad,8650,3,1,246,1,245,0,True,0.6706660985946655,0.6706660985946655,0.7024172129697861,land_pad,0.45,0.0003531255069378776,0.44625,0.55375,89749f433aaa84fc8b64dc49e8d4b96c66c0954695782074f631c6862a27d149,dc3eeb04a9c260136562b9b3affed6f75c37f4eb467e7bf1c51671f11ba23432,74b7eac4948ec36d7a8746b230d653e2274a6605af34c0eb4e6687e522618e38,246,0.12965993583202362
land_pad__8675.jpg,land_pad,8675,3,1,253,1,252,0,True,0.4794619083404541,0.4794619083404541,0.696073472321152,land_pad,0.45,0.00043720300858975325,0.4533333333333333,0.5466666666666666,552d1afac41c85e7aad5fc1902dbc5f0e8f5aaa3cdc4927ab54e3dea0f1f4cba,2bd73cd160a13a1e2eeb65222b6af3963e6e48d5183f5486651a08d0676934a5,208320f17b23bdf1eb4f1fe71f59d80b660add5f6b1dfe4cfbf2462f75999f89,253,0.09162525832653046
land_pad__8700.jpg,land_pad,8700,3,1,283,1,282,0,True,0.31087055802345276,0.24667449295520782,0.5665404376119655,land_pad,0.45,0.0004451161852158121,0.43859649122807015,0.5614035087719298,972dbd4b6e9446d7780e3d407856401df49c2c62ab6b3e9ba3f6ef5f9fab419c,606a2d6b6482f7e304b376480b8b9c5b47ba23b21c68befd8ece87f0b2f0d7d4,28efc13dbee2d2db81d8cbdf768699124db5459139419757a17f6303900c0e9f,283,0.24667449295520782
land_pad2__2050.jpg,land_pad2,2050,3,1,300,1,299,0,True,0.18449917435646057,0.18449917435646057,0.9023043281261893,land_pad2,0.45,0.10878639566674447,0.44992636229749633,0.5500736377025037,51b79b23d73d323ef475dddc00afd72c148b0837d81fa80f97c42325bc36ea53,cd2a50a2e024e3132e0a6b2160200991df84fcf055a787f6ce595516784422ba,373c8904540af14998cd21bdaeeb4589bc9aa6a6d506ad2b23cdc69ede7857b2,300,0.18449917435646057
land_pad2__2075.jpg,land_pad2,2075,3,1,275,1,274,0,True,0.2616916298866272,0.2616916298866272,0.7742064861332847,land_pad2,0.45,0.08199831449337865,0.45019007277071793,0.549809927229282,7204e4a48a8b284f9d894b683c0fba56521ca59732b04a2cdcdd782759995ffa,0274f9ba08de2dcface621fefb1c63d6031cc40637137ac7e1a19f9948b9e550,dddff0d5df96767b9220aad4fb5dd5f450ad1ea32bb5221dae12f8d3bd1e7870,275,0.009970552287995815
land_pad2__2100.jpg,land_pad2,2100,3,1,300,1,299,0,True,0.09259296953678131,0.09259296953678131,0.8000284305692171,land_pad2,0.45,0.0963191858923887,0.449985674544127,0.5500143254558729,b0e921535c7ecdf19d7dc2d3072a1f4732c9f6996ca9cffab0a2838f7aa50d66,4bf05ee9c44903dc764cadbf1fec83f9056c46b60fb61c9396b0d62738782c8d,77fa624ee7164b354bae3c6745ae4b2ecac0465ed854f637bda0c9fb4488471a,300,0.09259296953678131
land_pad2__2125.jpg,land_pad2,2125,3,1,300,1,299,0,True,0.033472511917352676,0.027946600690484047,0.7178235121063294,land_pad2,0.45,0.09532311478458355,0.4501499425453798,0.5498500574546202,360cb4bf1402d4e54e1175bb641ea798f9fb3d6db192267686c956a80ea51817,efc0a32a55a409734ad25f10ede3c1d4c121f62c7460de3c427bec44420de7d5,7816c5c5fc2ef71cf738dcba54d43404cc9a46a4ab794c32855ee95a2fb30591,300,0.027946600690484047
land_pad2__2150.jpg,land_pad2,2150,3,1,300,1,299,0,True,0.3389747440814972,0.3389747440814972,0.8380938199186143,land_pad2,0.45,0.10164969949711762,0.44997372799719765,0.5500262720028023,61d64f5543676d46f2d96afa0d0083398d00eb3d8adc70af1b63d0e877ddfd59,cb37a935d1166f38f19d30b125d42405e7999f4c3ce13c95f1822b54deb5331c,b79fa2d5dae6ed720ac6c2161d749f70281b4cb00dbcd79da9f89eb18254c036,300,0.3389747440814972
land_pad2__2175.jpg,land_pad2,2175,3,1,294,1,293,0,True,0.10050437599420547,0.10050437599420547,0.8208845206269981,land_pad2,0.45,0.09148225667971022,0.4508433265087258,0.5491566734912743,5634542411147c434b150db70ed877d689e857f89a99e01d02bef460a2bf6b0d,f6f446916f50f7ed3410c216355eb3cedbfc8e75e40b8446156d5dc3813da2fe,658a5644b8b669eb07f5272870633da3437a18bb7d91f8e58556e70dc20a4d63,294,0.020602280274033546
land_pad2__2200.jpg,land_pad2,2200,3,1,291,1,290,0,True,0.11679728329181671,0.11679728329181671,0.8416665267019088,land_pad2,0.45,0.1125253716225573,0.45021192729172355,0.5497880727082765,d1671a417fcf9d28529f07f26e26203d87cc7415c11f4d044979904068cc32b4,d271b8bef3dea0d01ef40d5f1c6f5c2a7bfb49cbd4b89ea0f4779c01800053fb,608cf84f7ab07366da980dd40a7a3a2db5bcea67fce22cefd60a3d18754d7de4,291,0.11679728329181671
land_pad2__2225.jpg,land_pad2,2225,3,1,277,1,276,0,True,0.08496897667646408,0.08496897667646408,0.8627098459216126,land_pad2,0.45,0.13012526558599052,0.44931758566041863,0.5506824143395814,85555b55b528ced66972581a772579f14cfca4c7aa46e72d15f35f1039feb25f,a140378de5985dfa79665f467eabec02acc41c43b80ed7f61a4ed592bf2525b7,ba565cffbe379d3d1e3b6b90459c08e1d6ede27f5ac291f8bb1d3faef262ae73,277,0.08496897667646408
land_pad2__2250.jpg,land_pad2,2250,3,1,296,1,295,0,True,0.2307538092136383,0.2307538092136383,0.8943731385042772,land_pad2,0.45,0.12867418682218695,0.45070783643885165,0.5492921635611483,d9ced95c7ec34b0239a57784ea02d19b1873329e0affd61067b3c35f7727df77,2e2364c8dd141492f50f3401f423859e9ea129fb31647694a37ebfc04918ac17,dd8ad9ab855d6d9d87c8dbb66066149079b1d2f653217493aeb088c3e678aac2,296,0.2307538092136383
land_pad2__2275.jpg,land_pad2,2275,3,1,300,1,299,0,True,0.30292749404907227,0.30292749404907227,0.7857757663424927,land_pad2,0.45,0.11631776152059602,0.44906344872357895,0.550936551276421,402ae05ab42afc2fffa75fbe66d84734a283109d99656fc72f014d6edb1ab588,40a903545faabd9f9accf88181488d4f4c3032708dc9ebdcb68047a1b4a96e71,a17f17c19f63a12497e25eac5a05edd3d783b5b3794742662ed805eb85146227,300,0.30292749404907227
land_pad2__2300.jpg,land_pad2,2300,3,1,300,1,299,0,True,0.18755054473876953,0.18755054473876953,0.9298332333351703,land_pad2,0.45,0.11631776152059602,0.45086266390614216,0.5491373360938578,ff07e86b21e05b8d552e3f03b6baf0e87a4e43009f4ed595d462407ea796c9b8,d9e5843bcae9042248dd98d852d9eac96e38a19ddaa64a7edc4a090e53fa958e,f5b5d3718e4d0a381828acc1d3fc5eeb81c278f3597c5b6325a8a5c886a298ec,300,0.18755054473876953
land_pad2__2325.jpg,land_pad2,2325,3,1,300,1,299,0,True,0.3405219316482544,0.3405219316482544,0.904091615319387,land_pad2,0.45,0.12592831453294454,0.44888316908485093,0.5511168309151491,23d96423398a5d8a5724fe8f06ead733736e330cf1ab3e54a793331d91d6aeb0,de8347312164475c420bd67bfcafd115800683de4ee7f6ac6cc2c39ad78d13e3,29c7857ed5921fd6982e0d04f58a425f04c6bb77e57fb29a62643d957bb2014d,300,0.3405219316482544
land_pad2__2350.jpg,land_pad2,2350,3,1,300,1,299,0,True,0.2282998263835907,0.2282998263835907,0.9172370641138752,land_pad2,0.45,0.132644623194312,0.4497751124437781,0.5502248875562219,cf09f077f3666b811c0daf1415b79fe8f61853aea2aa6c0cbfef3503b40a02c1,b8115b132e284b1f34232c00a1fd02b0cd9ae16496daeebc03cb3e5dda475645,57dbd2d168ec289a7683b4ee52abfff10e21c8ede5a0ec454c4c259eb178cebb,300,0.2282998263835907
land_pad2__2375.jpg,land_pad2,2375,3,1,300,1,299,0,True,0.15227580070495605,0.15227580070495605,0.8083854406735469,land_pad2,0.45,0.12374229948999577,0.4492485590648735,0.5507514409351265,a8b9448c170c2f5759e648cf46906b276c4029584032902fa4d29ba71ff421bb,08895d194ebe7b4570ae1968b32c7c9f5f2556506309653c00bac8379e9b5bf0,b996a2cb1fbe46e1a6555d83c511ae6b5ec4349ed3fe78e3131eb0939f60efb9,300,0.15227580070495605
land_pad2__2400.jpg,land_pad2,2400,3,1,300,1,299,0,True,0.11914428323507309,0.04073835909366608,0.7574877939717668,land_pad2,0.45,0.16769307161820504,0.4502151051625239,0.5497848948374761,f043a7fec23fdd06ae2fc057ac020ed842af471650e97ab9e5f9dd881311c89e,203f28bc196c8642d8724843859415d00cd7897ddf3237697cc14561e4e252ab,cd2b2eef33e31be6d45065591902bb75ede7a946a46d5d6927c056fab58dc03f,300,0.04073835909366608
land_pad2__2425.jpg,land_pad2,2425,3,1,300,1,299,0,True,0.13677078485488892,0.13677078485488892,0.9462832669748988,land_pad2,0.45,0.15713590485196424,0.4496411022801893,0.5503588977198107,f0013c116ddc22ebc936c3152bb8ac5feb81557a191a403db91a2b8024740310,bf3e412409da76743c67629122fff0464f93b18616295a67d36c5b51afbf2be1,c9b76d80a8eb12a9594dc30409deba2c74966848667f23e895fd136f41f185ae,300,0.13677078485488892
land_pad2__2450.jpg,land_pad2,2450,3,1,300,1,299,0,True,0.14970646798610687,0.01160451304167509,0.6769609612351256,land_pad2,0.45,0.22598845467530257,0.4500821490345026,0.5499178509654974,0d76c0cac01e125aa8e24291ef0650fb13860bab5844f951a834cf05aa5859be,b8300fa04b8f833c156d0366aa4420b37d7421609be35ca0d5e24fd64b20a8fa,875dd3fb3490f926b75af4438e785966c654a7f9682433cbf8a51df678eedbfb,300,0.009538397192955017
land_pad2__2475.jpg,land_pad2,2475,3,1,300,1,299,0,True,0.14566482603549957,0.01732141152024269,0.8116616603728679,land_pad2,0.45,0.3543025919610039,0.44969028004107836,0.5503097199589216,680c5987d402b13da1635ca16b6afd26863f7baf55ac0c680e0cba1ccc5f8d75,4b66414a9675f1545fd0761d0c26d0000aa498b7ca72918c6ff5c1915184acde,79ada14ce1738832eb3b6e6eb6ba2f8f59a4bdebc4508b1c9950ad144692285d,300,0.011021421290934086
land_pad2__2500.jpg,land_pad2,2500,3,1,300,1,299,0,True,0.017723318189382553,0.017723318189382553,0.8507047437389079,land_pad2,0.45,0.3326729128007502,0.4501387933411318,0.5498612066588682,da59d66e6237f1599d9107727b625f475d090a1730bea9ecbbde699e5e2cea09,010d8834fdef6802e9a300255fb480f46cbc766eac230e38787e1678b6b7545f,22188954eae2f2ee4d2dbad6f70975854d84a1083373cc45194d2900851e031a,300,0.017723318189382553
land_pad2__2525.jpg,land_pad2,2525,3,1,273,1,272,0,True,0.3152342438697815,0.011180882342159748,0.8062972068100926,land_pad2,0.45,0.40161943159652297,0.4498504287708569,0.5501495712291431,4bf67210ed80cf3afaf88562036fa2a70121f4c746d38ef74363c85e46d7eae0,44607d6cab2cd49bb32adc57fec22a81ecedebaf125db119f8627db209ea35aa,bdfa2acf1a313f4b549f7bed11284259afafb956abde22a5ac9dffcf4ef11259,273,0.010900373570621014
land_pad__6500.jpg,land_pad,6500,4,1,263,1,262,0,True,0.011255434714257717,0.0021159611642360687,0.5451764013187981,land_pad,0.6,0.00026706971112948726,0.5869565217391305,0.41304347826086957,f72c47ffb3e3d3345c63da92a5de3a9dd2e9c067dd97461609ab97a9c488e8e1,57594893904b9ca47c874fa09e6ad0a375b75d27782ae9616e19b45e8b135396,49bfde735aa306d7561ef364ccfca7dfe3753b8e939ba9a5add681d1ae384eac,263,0.0021159611642360687
land_pad__6525.jpg,land_pad,6525,4,1,256,1,255,0,True,0.01284824963659048,0.004535638727247715,0.5342043977299933,land_pad,0.6,0.00028190691730334765,0.57,0.43,31045f31c54082b0022ad67444ff0ed6268ee2f34d201ce412bbb5dafe802352,9de0a3730c83cb72a56631a6636bb0d6f0d5ea8ea2d7d10dcdc6836872c4a1c2,938023318484104f31a8d0c6d6661ca57b8066a91ec13c587be13c50ecc5550c,256,0.004535638727247715
land_pad__6550.jpg,land_pad,6550,4,1,243,1,242,0,True,0.017208106815814972,0.0013827539514750242,0.645002299820141,land_pad,0.6,0.0003264185358249289,0.5892857142857143,0.4107142857142857,1f3a2a5b4e074bcd5bb05411ebdabc28392e13c8ad7004d2ab4748d5b488cc08,9cc61a23397e5fbf180cfb394134eb0770c0555ba62f5d00baf0d26069d4ceb8,e595b635a8a2156e462ede5525cef332f27cbbaf69cbdcf9c945d18081906c80,243,0.0013827539514750242
land_pad__6575.jpg,land_pad,6575,4,1,255,1,254,0,True,0.01287100464105606,0.00311740068718791,0.529844815004532,land_pad,0.6,0.00028190691730334765,0.59375,0.40625,fa0a6563e3286533256448ed9d067fc016baf5cca1bbe331272d1c0aa4dcdd0b,2ee7b9f46519ff946a5b1219f712ab9c535626ce375c2458bceeb0db57b67893,949282586b70f347f4adeb9a255a3efe5dbe22d8fe31ce16e48c1c60f45401b0,255,0.00311740068718791
land_pad__6600.jpg,land_pad,6600,4,1,272,0,272,1,False,0.015327656641602516,,0.456157212983548,land_pad,0.6,0.00039466968422468673,0.5911111111111111,0.4088888888888889,95142936d577a13eb25bd70c8b347f3c26737c6880fc1835795e0dd29fc8c617,515e118a610801c9a948c194c81ae1995cd0fe4deb91222c40a009ba3c2dad90,9fe859c3903515e9189f274527070e917008a11232582a2c4d65dbb001427cd5,272,0.0033830886241048574
land_pad__6625.jpg,land_pad,6625,4,1,236,1,235,0,True,0.020973358303308487,0.001294726156629622,0.6565962132838861,land_pad,0.6,0.00030267900594675224,0.6047430830039525,0.3952569169960474,393e028560483b5dd13ffebc9e2f554245d8fce9b7a2dfb5f16cecd0d3865400,c41402941e91d4687c68e56f3617953414e429895c25621d160a1edc94341a44,4882204e5ad58247e6bbb009a75e8ab6845a2d7230b64486efde4f679f6e4f30,236,0.001294726156629622
land_pad__6650.jpg,land_pad,6650,4,1,261,0,261,1,False,0.017302388325333595,,0.12011799294052368,land_pad,0.6,0.00023541700462525173,0.601010101010101,0.398989898989899,34342350e7251c2f9d95d59ead7a5503d518b01caa11ace5f83e48900557e5d1,5c9ec86f1d82fca86f694075f05097ed09e70100ff0a6634350aca67146fab14,f895e94262f69a1dac840291d31dc58fd735e574142d17aa623cf6496e87843a,261,0.0014112896751612425
land_pad__6675.jpg,land_pad,6675,4,1,255,1,254,0,True,0.01969020999968052,0.0025132917799055576,0.5553160629962166,land_pad,0.6,0.00028190691730334765,0.6,0.4,4dc8a02d5f8aa1158860b37d93d3a0290dede06cc1d2384547544a417b298251,660cca0252ddc88782a7f613ddce5fba30c869d4217fe991baa50353870fddc9,b059ab3df22b43d6f24e2cbc400ca3e3d0697845eef837f1791c5e7cef3db792,255,0.0025132917799055576
land_pad__6700.jpg,land_pad,6700,4,1,256,0,256,1,False,0.021503128111362457,,0.45932391020886615,land_pad,0.6,0.00025223250495562687,0.5795454545454546,0.42045454545454547,b654087e78b422f9f60dce5c2a40ee77031f498a1ac8b79d346042ebeb9812c1,52e539eb199fb7dffaabfd153e0b17d9bda0c7149e234744a53557d6eed43fa4,b560a12c656570c9b000b9c3b2b4e06fa5c53bd2507ab1dec8e371a482fce456,256,0.004780287388712168
land_pad__6725.jpg,land_pad,6725,4,1,257,0,257,1,False,0.017427608370780945,,0.4226360493409822,land_pad,0.6,0.00022552553384267815,0.59375,0.40625,8eabf7fe85e5171edf09c9b7d2f6f6e41f1578aaf09c41f8fdd877a955951d80,62f3a656f7742796d195eed7960f46264856e28ad7b9dd20c17bc83ebe7ad7ae,4a102f0180dc5c4727f3e8e7b4b30e116c545d205048cdc7886e502b643fa361,257,0.004786579869687557
land_pad__6750.jpg,land_pad,6750,4,1,246,1,245,0,True,0.027890048921108246,0.004098522011190653,0.5587022213548142,land_pad,0.6,0.0002017860039645015,0.6181818181818182,0.38181818181818183,7e6c77731025866bdc14184d99a06bee656fdae3fe13598a6557cfa6801596e5,bf8a7920f34d99d67ce9deb5c11e07721d3ae708c5cbb42622c8105879e8ba06,eea108bf9ff380ee5d03839eb59a8982e81d20b64246b1525ebc5ccd445f90ab,246,0.004098522011190653
land_pad__6775.jpg,land_pad,6775,4,1,248,1,247,0,True,0.030191540718078613,0.004995254799723625,0.6149029528500694,land_pad,0.6,0.00018991623902541317,0.5714285714285714,0.42857142857142855,b2e707df7cafc89711799beea8f9f37c73d4657244f52599c60ea4e72cdf6349,b86ec0083e4f674f28e58ff50d388cc2bb3b5f389b893b798aa829ae4f79df6e,b091343e0e0ef43b7d74d5df032f0a148c8762d0db0067747cfda8c5008b9ba3,248,0.004995254799723625
land_pad__6800.jpg,land_pad,6800,4,1,251,0,251,1,False,0.02641255408525467,,0.39021898488337053,land_pad,0.6,0.00021860150429487663,0.5909090909090909,0.4090909090909091,e3378c32f6ca4c39dcfbb73271ab3a6d6feef68a49b88ecf7fa4fc1080bc9cf6,2111899b1df047c027f93ba6bcc97cac6e83a7d16127e225b5ee15c540a43e3a,17b5537c0ca3c03ef264fb04c8d73806b88f056482158f9bbd4105b717c4f5fa,251,0.008510160259902477
land_pad__6825.jpg,land_pad,6825,4,1,253,0,253,1,False,0.0412871427834034,,0.26509378754337765,land_pad,0.6,0.00022552553384267815,0.59375,0.40625,799c8e41e0a6c3272c91d7079b8731dd29c1a24eb47d4f758ca6b5842519e9a1,3f9f794f489d0133c867bbb1f2f12523d8db0958a254c1b3fd70a0fc92388b64,93db15b67135b5264202be2f7478efaffb6c574808fd960c6e6544678b8ef54a,253,0.002045108936727047
land_pad__6850.jpg,land_pad,6850,4,1,243,0,243,1,False,0.03173555061221123,,0.08311015380617469,land_pad,0.6,0.00021860150429487663,0.5909090909090909,0.4090909090909091,1f2b4502a376e6fd09135686c2c17f6446e17e61f9db5391078f180b301caed9,e67e93e0bccbc4ef6fcde3f54208cab32395a5c653405d900b3d19dde94d4653,265715546e4bf93742a6c2c70c5c88fca16a1995cb59d4d41eff102016d02a32,243,0.0026451374869793653
land_pad__7450.jpg,land_pad,7450,4,1,284,1,283,0,True,0.033808473497629166,0.033808473497629166,0.7079172152065437,land_pad,0.6,0.0002314604163122223,0.59846547314578,0.40153452685422,935e3d27cfafbe2c2948aadf31084aea9303a6cf3e5e9d0588765098d0c4bbaf,79030ed1fdfb2e8df7c198740c7e57b6cfaf2ec387e2004b7ee972c2e37c02c5,1e396f64a5224c5bb44e379e82f37183e8accdc6eea4f0fab7bf2c20712c3d68,284,0.033808473497629166
land_pad__7475.jpg,land_pad,7475,4,1,262,1,261,0,True,0.11156044155359268,0.03392331674695015,0.6048916800978534,land_pad,0.6,0.00017804647408632484,0.5625,0.4375,0ea800f36327b9d46e2e00bff45b8a9011e138c0d26bef7ec43360ce7ab0ec91,ffae6ec03ab116a96d8215041ae178d286ceb9dbee06c2a8576c65744e5bf97c,480945125a1e5eccd6755667e7b2512e5974fd843e6c2500b237cfcef6274711,262,0.03392331674695015
land_pad__7500.jpg,land_pad,7500,4,1,285,0,285,1,False,0.1234653890132904,,0.47887076492839187,land_pad,0.6,0.00017408988577329542,0.5986394557823129,0.4013605442176871,2bcff4d1fe5a28745c8bfe1e1c2b0bb36cf59dc1bfa271194780e55b1202661a,0f849e96a6d15b772860d37146fc7ea097dc37f9f7be0dae4a304a9793e14b3a,5c165b1c3c1852ba3ff60b03481159af666e76cc017839eb2c6de928f278b5bd,285,0.0034660117235034704
land_pad__7525.jpg,land_pad,7525,4,1,300,0,300,1,False,0.2004401981830597,,0.48164873341434505,land_pad,0.6,0.00016617670914723651,0.6222222222222222,0.37777777777777777,7a14ecea02abbda5318e32edfb98d988e2631ca6dd832b3826b44c346987456e,49383ac48dc9716df098854ccd7d0b959d3bfaa4b099551533a518fe912cb9bf,b12f9c29c288027b50300f455b03fa8dd742b802cacf3c79097f7e7818aa66f0,300,0.00311630149371922
land_pad__7550.jpg,land_pad,7550,4,1,279,1,278,0,True,0.08420325070619583,0.08420325070619583,0.6413409951596986,land_pad,0.6,0.00017804647408632484,0.6,0.4,3efc8b6f09ea8d79468015eca5941be8600bc5ffff39e5ed2f0a4e0cacd380a8,a582322d25604db2255715c363c46250d4c3c4d076483427639410cc94363ea6,4083439a8cf277d7a787291b4716026177e290321953e119dce82884a9de0c76,279,0.08420325070619583
land_pad__7575.jpg,land_pad,7575,4,1,300,1,299,0,True,0.037472717463970184,0.0029642307199537754,0.5615793457089079,land_pad,0.6,0.00019585112149495733,0.6149068322981367,0.38509316770186336,b19cc7c32ba8bee57c8db43b166e5e359a48a3a7a5a2bfaa5e58080ff808807e,6092b817ec9b255fead13d9a26d6fdd233db897c896a8916b32f1d2785c6a8cf,3098de7dcc0401257d30fd136e06b002c20d62a36a40abfb66bd3ce4fd35d36a,300,0.0029642307199537754
land_pad__7600.jpg,land_pad,7600,4,1,300,0,300,1,False,0.037993643432855606,,0.42841655711490073,land_pad,0.6,0.00015826353252117764,0.5860805860805861,0.4139194139194139,eb8935519a422de2068c7a232a73917ddbf441909353752284743c1fe9ea1b3b,0cede57c723a1e320dc8fff21cc68e42d01a32a1eb6a973fbb4bc5829134733a,1103a933b86003826c1cf43797cd3f5f9326e8f67e219d3ccf4c59c1aaba0d86,300,0.02368033677339554
land_pad__7625.jpg,land_pad,7625,4,1,300,0,300,1,False,0.23205894231796265,,0.3579258439675162,land_pad,0.6,0.00018793794486889845,0.6089743589743589,0.391025641025641,58f314b4117f92d4f162e696f56f1b036cbb05e9287a43c1f46578941f41f7a1,c55530cba1870e69e3ebf9bdfb3cf2daa1181810801b47ce28cdc4fa491af875,95c0e25a1ba2bac470ce55994a90ef7141028ed5b0a6b4565a2167959485b78c,300,0.03313402086496353
land_pad__7650.jpg,land_pad,7650,4,1,300,0,300,1,False,0.11380966007709503,,0.29720049169920043,land_pad,0.6,0.00015826353252117764,0.5860805860805861,0.4139194139194139,db2658ddad21f85402934a1111a68fa1f193e84c65e0236d466301a12e2b6eb3,e67fdcadc968a91a8732f93ac40d448e699ce62ff246bffd31c6dd48c7d3cf19,50cc1c1ed946f2834e3ed172fc1215e80784d2b8e6b969207e96ceee82f7587e,300,0.0013485823292285204
land_pad__7675.jpg,land_pad,7675,4,1,300,0,300,1,False,0.202361062169075,,0.4254765488235781,land_pad,0.6,0.00021365576890358982,0.6260869565217392,0.3739130434782609,69dc200d8b80fe8c1159e8f6ee4caeefa118295684b92b24ff79ec4f879af9d6,af5f920ddcf810efdc0c1cc7348731a5e90fffc76e33268c854ca965ba409e5f,960cf14cb23b43202f4344518c433f9d54090d0c416561403e873a2291ff7596,300,0.0033496511168777943
land_pad__7700.jpg,land_pad,7700,4,1,300,0,300,1,False,0.27487748861312866,,0.4267770958894589,land_pad,0.6,0.00018497050363412636,0.6071428571428571,0.39285714285714285,64a5976b78eacf7afcc088db0567aec83ee2c0e582bda044665b5e499fedf1a8,6150445b4a3f5b18f102648856d7ba1d07813b9b3ca72fefcef432a1874ecba9,9200ee61b1a950fd84a239b6e83954815a564427b274ed1b2be53790f7030517,300,0.05095285549759865
land_pad__7725.jpg,land_pad,7725,4,1,300,0,300,1,False,0.29182231426239014,,0.4782651313370971,land_pad,0.6,0.00014837206173860402,0.5769230769230769,0.4230769230769231,24e7b1128bd08328b4494906e2023cdd4b12a9c550574b6b6e3a587d5eb16239,addaee9b57c22ac39c32420bbe4ed8cca1e4d7c059625cdae583e2e2b4d15bc8,15ff5ad59037595b0a14f7cddfec511601a48646ff3aa954a1915ae373d463c1,300,0.29182231426239014
land_pad__7750.jpg,land_pad,7750,4,1,300,0,300,1,False,0.19214394688606262,,0.3426838145965679,land_pad,0.6,0.00016815500330375125,0.5944055944055944,0.40559440559440557,9b97c4bbfd7b2a1717afb1077a80f7de21c04153e487e0167f99ba0e1d431171,096c7523440ee6ca13df77d91cd76bea9de88320d6ad7b28c9a97df4c457f26b,b433c0e85a1a56a586296bbaa089bac24ed50282827b4da9f824e0d84203572f,300,0.00542040728032589
land_pad__7775.jpg,land_pad,7775,4,1,300,0,300,1,False,0.20575769245624542,,0.4057102954546526,land_pad,0.6,0.0002017860039645015,0.6181818181818182,0.38181818181818183,dbea6822e1c835bb9bb22cce1f55f2668442da9c8f1601deb83fdf578b7f3a99,1f2ef132134509762de806a415e3e9a754ab2dd21c580914ff7b93e61745d85c,e4980c9c7cc78e340f216a828451431ff86e133c728d9e7f4f26b7f8ae046561,300,0.0071497042663395405
land_pad__7800.jpg,land_pad,7800,4,1,295,0,295,1,False,0.28782889246940613,,0.2675085685058578,land_pad,0.6,0.00015826353252117764,0.5860805860805861,0.4139194139194139,138ed68711a50ca358963968fcc5d169082b7b7854f2c695919874112deb84d9,94a94b4d9a3e8a855c0781e85e3d0a9c986862cba99b3b0cd5d241fb56d00db7,a881ac57b0374c9e217b23e441659a6521c0589399a51d256741322fc7043808,295,0.02664133720099926
land_pad__7825.jpg,land_pad,7825,4,1,300,0,300,1,False,0.44526371359825134,,0.3532256643742071,land_pad,0.6,0.00018497050363412636,0.6071428571428571,0.39285714285714285,f8d83454e0fabdad4e9933c865c10f3fa819a720a919da17a1e4a0b44930bfb1,7b482c27769f11471e13d8459cb52a337c5aeff092861bd6851d410862abe2e9,4456da3979d5cdf483dc81cd93dce1f80685bcee33836beb2821e5974b750de5,300,0.44526371359825134
land_pad__7850.jpg,land_pad,7850,4,1,300,0,300,1,False,0.20636257529258728,,0.23303108395907468,land_pad,0.6,0.00016815500330375125,0.5944055944055944,0.40559440559440557,a8a85dc7a6ede37037fb7b317f843a61dfea04a70e5f244efda719bac23a8c7e,ae1e5f49b24e2b23dec876d2cec58d7b47d04d231917026a5d6487be0ef7c04e,0f15cf2b6e5541f362d9118448ead7573350e3f36028ece5a6c9716b2eb41ee3,300,0.20636257529258728
land_pad__7875.jpg,land_pad,7875,4,1,300,0,300,1,False,0.13732999563217163,,0.34520553871073095,land_pad,0.6,0.00018497050363412636,0.6071428571428571,0.39285714285714285,58d448e41fee416835285a3242cb26ad9f63a3fd937e2b355da3ec00bec0134d,e4cfa0cb73493924d5e821ae241f1e148fb6b8d307a68c39f9e1b7b90bd8b526,6045dd06d3d27071d39110c5ac40698c8edc586efdad0be31e0ff9f81bb77eb1,300,0.07854631543159485
land_pad__7900.jpg,land_pad,7900,4,1,300,0,300,1,False,0.1833970993757248,,0.30502432598452933,land_pad,0.6,0.00021365576890358982,0.6260869565217392,0.3739130434782609,5d1a938f8fea46795d917c2c75b287872451c9c886fcf4f53609323840b5d371,a853f654849647f5d1c1f73bf84efba517dd15203a929f29ea26e28fd02eae0f,adb2e20d95d275e754021aa5170c049ddf3501cd0042aac273ab72b9a76a51d2,300,0.1833970993757248
land_pad__7925.jpg,land_pad,7925,4,1,300,0,300,1,False,0.23974457383155823,,0.38236786579360077,land_pad,0.6,0.00017408988577329542,0.5986394557823129,0.4013605442176871,b692b231472413740d0551bb2a8dda57170116e5fc534200ec293fb0a7376eda,a1443cb77b5bcc3f53c0c8e13161751c4f3761cf16e31a1e6526e4e2bf4fa4af,f22441bd7c4c4f2dfc96e16b8065b627be0ff6274c8aa6eb9e70983b5f1e67ac,300,0.23974457383155823
land_pad__7950.jpg,land_pad,7950,4,1,300,0,300,1,False,0.1722518503665924,,0.41243115189987045,land_pad,0.6,0.00016815500330375125,0.5944055944055944,0.40559440559440557,6f43a27d3a12872d5559a038d7129eeb701187c4bfc8fb76cd466b3103a4abba,d5e3b53d09cf41e0ee0b3ad7bf322a2a2e9a8b33d9d5ca4d899da00ebf4fe092,f73c6ba0e9e00b6488b52a911975bbf0b36734ac86ebc0871be9dfce10eba776,300,0.03010980412364006
land_pad__7975.jpg,land_pad,7975,4,1,300,0,300,1,False,0.06261730194091797,,0.4074619743446328,land_pad,0.6,0.00021365576890358982,0.6260869565217392,0.3739130434782609,e8626d1f944fd7a5756d63dbd947aa1483d07974138075bfe84aab0266e84659,96c2c82c710cebcf582e6a83c4de74a833b54e844f6ed9f38a9e62a4bdc30b29,95bc29b5923aae14ad9c9ff63e5f74c15387017c3d2b913ca29c0cc6af331676,300,0.06261730194091797
land_pad__8000.jpg,land_pad,8000,4,1,300,0,300,1,False,0.1132378801703453,,0.409873937122119,land_pad,0.6,0.00016320926791246445,0.5892857142857143,0.4107142857142857,66679fc30dd94f2048f5efc137a7702f7c6089c684cf75e900f66c9b1abf4563,333cae8b4812d5ba2db9341108f715012cdd3d5a13d34c686d7e06f6a37fbf27,17d3e5b75e72465255583e4b62b7a56551b9973118c52abaaef1e0619da9a15a,300,0.06889812648296356
land_pad__8025.jpg,land_pad,8025,4,1,300,0,300,1,False,0.282884418964386,,0.3609753351123173,land_pad,0.6,0.00017804647408632484,0.631578947368421,0.3684210526315789,ce697b9962e97f541b286c777368d3ae2bb4bd2aaa45d6f461b31a22bff8ec0e,a6d28ac3d520023ba595a7ae967028d0c80dc3f8d23731ad91fd1c3dd7b68c75,875d96bfb79debf16077e6ec711707b21917aea61e4d05f120ff76a5f8ea8497,300,0.282884418964386
land_pad__8050.jpg,land_pad,8050,4,1,286,1,285,0,True,0.23102758824825287,0.06228512153029442,0.522691356949506,land_pad,0.6,0.00017804647408632484,0.6,0.4,c37ef1ef752a759daf38f8607104e7a02f02d61164deda9c6471260de1f15e50,6bef3cf71b0887f08ae5dd3507d423cbf67d80940138cc5eb94d5143771d5a62,d63e2cebee4a90dc6a02ff5a3de05ac5bffe3d3f794f610d5279d0226b650438,286,0.06228512153029442
land_pad__8075.jpg,land_pad,8075,4,1,296,0,296,1,False,0.21666844189167023,,0.2876103555618108,land_pad,0.6,0.00018497050363412636,0.6071428571428571,0.39285714285714285,ac20eff3c9735c895af0fa2c3b6076c225f8cbf81c71ebc8839edfd0c8c612c1,4753e0f9ccb1808bbbbc98d56981f456c58b853500e85805b43e5dedaf43e948,91c37deaeb5a21300456cf2ababf65a1fad1505b039342dc39e3d3620b08da8f,296,0.004663920495659113
land_pad__8100.jpg,land_pad,8100,4,1,276,1,275,0,True,0.07102885097265244,0.07102885097265244,0.5552486201668427,land_pad,0.6,0.00017804647408632484,0.631578947368421,0.3684210526315789,9b37a47163f82daf97a952b68520c5630804f518e472441b3a97d95ca4e176e3,9a82c77036f26a7bb1f91571dd9098bbd42a7d42228fa0715fe3aa84f4753142,8dac06b82287eb1a40e2936d66ef0185c77e63b4656174fbe802a89280a2dc8f,276,0.07102885097265244
land_pad__8125.jpg,land_pad,8125,4,1,281,0,281,1,False,0.11923226714134216,,0.3543553951172129,land_pad,0.6,0.00017408988577329542,0.5986394557823129,0.4013605442176871,ce0594716803733c6c0924748dc520cbb0ac7f077476bdcd839f1c1adf5ceeba,e814e68dcca1397b6e9d75340320025db7a74f4bb3218051837426965f799a6c,3346c16deb597defcea317e17e0452b8a39ad20e5fc6bd5b52dec0a24665f77f,281,0.11923226714134216
land_pad__8150.jpg,land_pad,8150,4,1,256,0,256,1,False,0.07780832797288895,,0.372489466772833,land_pad,0.6,0.00016320926791246445,0.5892857142857143,0.4107142857142857,c24f0948162d273fbc880877e87729e2fed91d1a9fc33a907d33471162f8a3d1,e4b6698b7d33f9cb1fe76f45503d47510eced7cbb41b8f23a15ab999f49baa94,178a760e5713d530f163406c679cfb671d957391dc49c12009cfbe9140d2f9e1,256,0.07780832797288895
land_pad__8175.jpg,land_pad,8175,4,1,275,0,275,1,False,0.05486351251602173,,0.44522498073801414,land_pad,0.6,0.00013848059095603044,0.5982905982905983,0.4017094017094017,ceff0e4de811db1aa9d8e4cd0ddabbdb07c0915f5a1072032c18c98a3ff88758,5fce143f143be0bbcc71eb500be4f800ca90c45720e119dd6c10bf20bccc6b56,9e9af89c7964460e1c2f0f499e4af00cae3a69713e0749e603adfad8bbb4ac45,275,0.026818949729204178
land_pad__8200.jpg,land_pad,8200,4,1,282,0,282,1,False,0.11695917695760727,,0.40720382800229016,land_pad,0.6,0.00011869764939088324,0.5769230769230769,0.4230769230769231,7d3a654f59540ff1ea8ddc6e3cef983dbe8c465c9bdfe986edd623a60cfd0de2,92cb986433c352921d6f3282f39407ce978b775758f6c9cce2f9a23a3b3d7505,7574b367f9e8c02df1db7de80adeec9f05d98934a3708e45d774e139268970dc,282,0.010459141805768013
land_pad__8225.jpg,land_pad,8225,4,1,299,0,299,1,False,0.14485308527946472,,0.4953506891891519,land_pad,0.6,0.00013848059095603044,0.5982905982905983,0.4017094017094017,a4b3683afcaba473b082d1e1af02d81daf0a6539125b0bcef2cb1969addd2936,5c78f498900671ff3b1054577e2aa652da1c44ea75663ffe4b88872c177f9167,f69e14033f95934ad2a9799d3ca5347af82936558bbb3c8648b2c0e764fa2ee3,299,0.10810276865959167
land_pad__8250.jpg,land_pad,8250,4,1,286,1,285,0,True,0.10730735957622528,0.04363192617893219,0.514370229033787,land_pad,0.6,0.00016320926791246445,0.6203007518796992,0.37969924812030076,2b3bf29d8c8d62ee73b1147bfc3f1c188fa583ac6d709e7cf2be582348530de4,b206a4f81c8723e7a1b53a1ec1b551837fd9ef304ccc5bb00d237b1b0ff70e87,1338fc5e98905e3f2bd7fdade1bbfa80473adab796ff4a109f062cce60aecb9d,286,0.04363192617893219
land_pad__8275.jpg,land_pad,8275,4,1,294,0,294,1,False,0.16157154738903046,,0.4680252747533334,land_pad,0.6,0.00015826353252117764,0.5860805860805861,0.4139194139194139,01972f1a8a1fdc60eb55748e3ccfc0f85ee30b9c4db008e1cda79b67006dc45e,93a842e05454fda2f030af05ccf55c4e61304bbc73af2dfc0b3db0dcea1dadfc,ae7f97e8ed062dd7c34fb979206a363f560bf833dd881a0430644f655928bcf1,294,0.04493342339992523
land_pad__8300.jpg,land_pad,8300,4,1,300,1,299,0,True,0.18369071185588837,0.18369071185588837,0.5665899314921027,land_pad,0.6,0.00022552553384267815,0.6333333333333333,0.36666666666666664,b04283431924dad2fe374a961aafe26bf1a1b0933f186a7af58d38aad1842784,bca0f0c3d9f3131c7b69473dd386f54061cdf0afee4e3124a62c8951c741cbdd,249349d686d1a76a7cc6ae5c8ba9f2c67313b81978b947ae24b6c0512d2748a5,300,0.18369071185588837
land_pad__8325.jpg,land_pad,8325,4,1,291,0,291,1,False,0.2709677815437317,,0.2996358588061264,land_pad,0.6,0.0002314604163122223,0.59846547314578,0.40153452685422,b49b68d889b1a7dd72f1ea7ac6b7094649da4ff30127e87d53be5d4522f7a009,ac9bed7e757479e7352af7ead6d24c321886f6b6e20781eb842d69831cb58f3b,e3cb3bd051497a522fa12e165146240b8b3c182d5957733da27132e347349327,291,0.05311823636293411
land_pad__8350.jpg,land_pad,8350,4,1,300,0,300,1,False,0.48039963841438293,,0.4668797315863488,land_pad,0.6,0.0002908092410076639,0.6049382716049383,0.3950617283950617,158453c45ef146187cf8f3dc2ebf2bab7dee88e99ceef40de33f44b56daa69c6,a6919436431881c763041eaed6d1848d9b92942e033fd9b0b01a3e0a8a772f23,bda960666c3ceed3b27d4f000ca4201bb07b5a45435516ccc5655d3403677506,300,0.009519598446786404
land_pad__8375.jpg,land_pad,8375,4,1,299,1,298,0,True,0.35122641921043396,0.07080114632844925,0.5154723323309598,land_pad,0.6,0.0004985301274417096,0.6086956521739131,0.391304347826087,9cae1faa5b7adeac3273818a51de581f27545b427bbd94640c2e9bcd11b368cb,3775f60e9f831de8e7ca8dbb3988a49ff4486c7432d4a52a0b199c57ff07ea33,d69a6401e6ba8a874d4784de21eef8788ec346a32956627f31a5a67d74c03f99,299,0.07080114632844925
land_pad__8400.jpg,land_pad,8400,4,1,300,1,299,0,True,0.32703715562820435,0.32703715562820435,0.6451544882933761,land_pad,0.6,0.000573705305389269,0.5870445344129555,0.41295546558704455,c303df4592f3c9f6b3b71ca9e72d59d04efe2ed8f08d3c3fa409a5b18a790ad6,5ac8c5d07c3893dbf58d7b17efe589e8d481beef1f961d6e4f97253eac92b1a7,1ee1c7b9adc9b362a6371e9b7c8a9aadc8ef74eac97658f3bafeda63475c25c0,300,0.0646258071064949
land_pad__8425.jpg,land_pad,8425,4,1,300,1,299,0,True,0.16434495151042938,0.08715704828500748,0.7122717835993053,land_pad,0.6,0.0005262262456329157,0.6157407407407407,0.38425925925925924,fc0779ed449aaf79cd0aa3627b5d700dc8b06bd1da97fc68ac6f362e7c418913,d9e5af2b7b880b7cf48af3afe3ff44e5d00e98286bc6786530cacecc55384576,a61e0755ddeee227b1f2428fff0a1efdc8aeddbc04a6f0f3aedf131c6578cea8,300,0.08715704828500748
land_pad__8450.jpg,land_pad,8450,4,1,300,1,299,0,True,0.2315075695514679,0.2315075695514679,0.7660371300987566,land_pad,0.6,0.0004431378910592974,0.5925925925925926,0.4074074074074074,9cc43d6bf31a15278dc1868e646bff8db83372ce83853a48b9d4fd83374bd479,511f9f0f7568b9d6e9b71f15e4cbf4be1e03ee259bcbfc43a18060abdd09e818,e7a6cc68b5e89acee0fe02ee210be4973f132b8bb090ad29e8091bade349564a,300,0.2315075695514679
land_pad__8475.jpg,land_pad,8475,4,1,275,1,274,0,True,0.291799932718277,0.291799932718277,0.596905189222601,land_pad,0.6,0.0005074324511460259,0.5862857142857143,0.4137142857142857,7dbe1754425bc79dd4cdd0c0545c199e744f7522f2a5e5bc168d74f261d81b7d,f5d95fed786d039d7b66e8dc1517cee7669a9116bf53c2a5683f338f993659ef,b6eae3be4b161c66336e1f5efe1567d2a22e2bd1161229da5f3e570c7d46b60d,275,0.055976752191782
land_pad__8500.jpg,land_pad,8500,4,1,285,1,284,0,True,0.4083705544471741,0.4083705544471741,0.7483860705889323,land_pad,0.6,0.0004886386566591359,0.6053921568627451,0.3946078431372549,076a2d0708a55343260cdfabdca735efaded7890078490b5847d97006ab5eaaf,03bdd53193e3e01e293db7019241931e21d8e53ba83328f16a111f87d9521073,5de9e2eaf8c2a25749b03ad9c9bacd288f890b5bb67715e74c101b2c7472c24f,285,0.4083705544471741
land_pad__8525.jpg,land_pad,8525,4,1,285,1,284,0,True,0.6030150055885315,0.6030150055885315,0.8878004726304132,land_pad,0.6,0.0005074324511460259,0.6107142857142858,0.3892857142857143,23444a7b38bedcf9bac654c81f469fb194194f9b44c3cef4e952a8de9eede7c6,a6cd0ecdd30028638bd74ca0f710efcd6aa176d14d24970dc79bf66d8523dcd8,0199601509381ba486a5dcfb08b662417c4fd215c10c36cb3c8e091f89059bf1,285,0.144693985581398
land_pad__8550.jpg,land_pad,8550,4,1,279,1,278,0,True,0.3059869706630707,0.259776771068573,0.6044234885013294,land_pad,0.6,0.0005143564806938273,0.5882352941176471,0.4117647058823529,1b3f9ea6f00333c1cbdacccded1f23cc21910edfdfe00166c81ecd463a41a85d,99006d4aa7bbc66e7f7481ef8f7bbbe43eb346251af985751616e10e0adf694d,a802effe54960914bdb8ab988a8bac1804b51ae09598a9157429b36a7f5390b5,279,0.259776771068573
land_pad__8575.jpg,land_pad,8575,4,1,280,1,279,0,True,0.288801372051239,0.13502711057662964,0.629748355924058,land_pad,0.6,0.0005341394222589745,0.5934065934065934,0.4065934065934066,f6200186a2b19a370f1cd36156254e0a0bb31688694b33e8c560a04d2ea9aeb8,36dc661079da493681aa0905ada63c98ba6975550a0261f883e3b2e83c065ba0,519980732711a08178512231b79483808c5d576656dfade53c961e8002c897f0,280,0.13502711057662964
land_pad__8600.jpg,land_pad,8600,4,1,256,1,255,0,True,0.40186360478401184,0.40186360478401184,0.5518554031133677,land_pad,0.6,0.0005608463933719233,0.6,0.4,1c589678fb62c6433481a2ddfe1164655dc5ac1efebab99d6e0026d3a5bba66a,408dc57c35bd6e942fc5c0545a4e01dd31e246bd2ae34caf002e297fc55edb8d,38c250fafb3c78f54646f523077cdd141dbaf4e37d03e25f59e8b5769a643efe,256,0.40186360478401184
land_pad__8625.jpg,land_pad,8625,4,1,254,1,253,0,True,0.446176677942276,0.446176677942276,0.7713199767492851,land_pad,0.6,0.0005816184820153278,0.6049382716049383,0.3950617283950617,ac8fdc61adf6c27f481b522feb04e5cd7589e69e6d189e3e1eb1713e599a9da4,dd0a38e08764ce8b161463468fac7a195d14564b7fba844ed4418fa478990d9e,efd1af485395d27b5ec6d00da05b3743c2aea34053a13b960c2b87f9f926329e,254,0.09548688679933548
land_pad__8650.jpg,land_pad,8650,4,1,247,1,246,0,True,0.529940128326416,0.529940128326416,0.6994823794831396,land_pad,0.6,0.0004698448621722461,0.59375,0.40625,89749f433aaa84fc8b64dc49e8d4b96c66c0954695782074f631c6862a27d149,dc3eeb04a9c260136562b9b3affed6f75c37f4eb467e7bf1c51671f11ba23432,a8595471a956fabc5731ecca1b46a75f10ee55980244cdd8f9f76c01891a8dd9,247,0.1096307709813118
land_pad__8675.jpg,land_pad,8675,4,1,258,1,257,0,True,0.3844583034515381,0.3844583034515381,0.6818031912711779,land_pad,0.6,0.0005638138346066953,0.5846153846153846,0.4153846153846154,552d1afac41c85e7aad5fc1902dbc5f0e8f5aaa3cdc4927ab54e3dea0f1f4cba,2bd73cd160a13a1e2eeb65222b6af3963e6e48d5183f5486651a08d0676934a5,f1afb08da693e55206a13c837dfa6b5347700fc57437cc14b280273b71521797,258,0.08883785456418991
land_pad__8700.jpg,land_pad,8700,4,1,283,1,282,0,True,0.23588575422763824,0.1253107190132141,0.6511165662556843,land_pad,0.6,0.0006023905706587324,0.5935672514619883,0.4064327485380117,972dbd4b6e9446d7780e3d407856401df49c2c62ab6b3e9ba3f6ef5f9fab419c,606a2d6b6482f7e304b376480b8b9c5b47ba23b21c68befd8ece87f0b2f0d7d4,3cf42da018d4f7a312f3c612c86f04d2d7985d90cce365cc49bdb1b542d4904b,283,0.013506532646715641
land_pad2__2050.jpg,land_pad2,2050,4,1,300,1,299,0,True,0.05359717458486557,0.05359717458486557,0.7928555778072454,land_pad2,0.6,0.1449842329955726,0.599635902470954,0.400364097529046,51b79b23d73d323ef475dddc00afd72c148b0837d81fa80f97c42325bc36ea53,cd2a50a2e024e3132e0a6b2160200991df84fcf055a787f6ce595516784422ba,8cdc25f624945076928999f1dbd729658091bfdd97f31920e713cffbb9132bc4,300,0.05359717458486557
land_pad2__2075.jpg,land_pad2,2075,4,1,277,1,276,0,True,0.08329399675130844,0.08329399675130844,0.8526968498966561,land_pad2,0.6,0.10915435837985622,0.5992831541218638,0.4007168458781362,7204e4a48a8b284f9d894b683c0fba56521ca59732b04a2cdcdd782759995ffa,0274f9ba08de2dcface621fefb1c63d6031cc40637137ac7e1a19f9948b9e550,86ac7a4ef2eec44310eebbb1b31fc30bf231f28125e2d8c3269524a6a3ba54a3,277,0.08329399675130844
land_pad2__2100.jpg,land_pad2,2100,4,1,300,1,299,0,True,0.035163503140211105,0.03290766850113869,0.8317602237218532,land_pad2,0.6,0.12827457140257098,0.5992754091997153,0.40072459080028466,b0e921535c7ecdf19d7dc2d3072a1f4732c9f6996ca9cffab0a2838f7aa50d66,4bf05ee9c44903dc764cadbf1fec83f9056c46b60fb61c9396b0d62738782c8d,c5d4ab2bd6b244c8fb392e13593351d48e1184cb7a05c79caf44763279a504af,300,0.03290766850113869
land_pad2__2125.jpg,land_pad2,2125,4,1,300,1,299,0,True,0.03313376009464264,0.03194522112607956,0.8212070629243164,land_pad2,0.6,0.12681360116798487,0.5988593155893536,0.4011406844106464,360cb4bf1402d4e54e1175bb641ea798f9fb3d6db192267686c956a80ea51817,efc0a32a55a409734ad25f10ede3c1d4c121f62c7460de3c427bec44420de7d5,53cc059ec4c39de2b928e1fc8c783dce8d40b904b9dd9e0aae18ffdd7e89e125,300,0.03194522112607956
land_pad2__2150.jpg,land_pad2,2150,4,1,300,1,299,0,True,0.07173295319080353,0.02668907307088375,0.7241372111549434,land_pad2,0.6,0.1355171063095714,0.5998949119887906,0.40010508801120936,61d64f5543676d46f2d96afa0d0083398d00eb3d8adc70af1b63d0e877ddfd59,cb37a935d1166f38f19d30b125d42405e7999f4c3ce13c95f1822b54deb5331c,28676f46bf182c37c7b5f867ecaf7176c44a297f64104958a93b6608652b08b2,300,0.011907216161489487
land_pad2__2175.jpg,land_pad2,2175,4,1,296,1,295,0,True,0.053759265691041946,0.017900262027978897,0.8299662528010406,land_pad2,0.6,0.12158002397692518,0.5991712976503851,0.4008287023496149,5634542411147c434b150db70ed877d689e857f89a99e01d02bef460a2bf6b0d,f6f446916f50f7ed3410c216355eb3cedbfc8e75e40b8446156d5dc3813da2fe,cbe2cff6dd0687ceb5f0549a553532cfead9d70951267e32d00107ee5af034a8,296,0.01173735223710537
land_pad2__2200.jpg,land_pad2,2200,4,1,283,1,282,0,True,0.06855426728725433,0.06356124579906464,0.7602540710539727,land_pad2,0.6,0.14974895447153827,0.5991427926911798,0.4008572073088202,d1671a417fcf9d28529f07f26e26203d87cc7415c11f4d044979904068cc32b4,d271b8bef3dea0d01ef40d5f1c6f5c2a7bfb49cbd4b89ea0f4779c01800053fb,c796c94be4e001a69c040cc98c439bd905acdd2fd63f66400f42cfc37a748347,283,0.036826640367507935
land_pad2__2225.jpg,land_pad2,2225,4,1,276,1,275,0,True,0.06894243508577347,0.007835778407752514,0.6402857538892504,land_pad2,0.6,0.17364575873515783,0.5995921908301,0.4004078091699,85555b55b528ced66972581a772579f14cfca4c7aa46e72d15f35f1039feb25f,a140378de5985dfa79665f467eabec02acc41c43b80ed7f61a4ed592bf2525b7,cf60a060030e8df08598576e4236fff1ae771cdb3c00e056e49b0ed229166f0d,276,0.007372232619673014
land_pad2__2250.jpg,land_pad2,2250,4,1,300,1,299,0,True,0.09145762771368027,0.024568522348999977,0.6510558565842781,land_pad2,0.6,0.17117388018659271,0.5995717641515318,0.40042823584846826,d9ced95c7ec34b0239a57784ea02d19b1873329e0affd61067b3c35f7727df77,2e2364c8dd141492f50f3401f423859e9ea129fb31647694a37ebfc04918ac17,4129c8545f440311efdb6a7c913796abc3222ad9b9391ab7696c7fa98973bfe3,300,0.024568522348999977
land_pad2__2275.jpg,land_pad2,2275,4,1,300,1,299,0,True,0.0673879012465477,0.0673879012465477,0.7804428440636728,land_pad2,0.6,0.15526542772697957,0.5994271857636568,0.40057281423634317,402ae05ab42afc2fffa75fbe66d84734a283109d99656fc72f014d6edb1ab588,40a903545faabd9f9accf88181488d4f4c3032708dc9ebdcb68047a1b4a96e71,06cedbf9b9d72cd1a92be5f92075f7fece09373f9472f176dd9eb45793126960,300,0.0673879012465477
land_pad2__2300.jpg,land_pad2,2300,4,1,289,1,288,0,True,0.060386594384908676,0.060386594384908676,0.9037357763726207,land_pad2,0.6,0.15494791151485895,0.6005981136415919,0.3994018863584081,ff07e86b21e05b8d552e3f03b6baf0e87a4e43009f4ed595d462407ea796c9b8,d9e5843bcae9042248dd98d852d9eac96e38a19ddaa64a7edc4a090e53fa958e,0529d4150d9f1df1e3f7301f72c5ebf157e32113126c6a1a723acac264ecd7b9,289,0.009088979102671146
land_pad2__2325.jpg,land_pad2,2325,4,1,300,1,299,0,True,0.0768301710486412,0.0768301710486412,0.8995054171922716,land_pad2,0.6,0.16800168550662134,0.5988576062620101,0.4011423937379899,23d96423398a5d8a5724fe8f06ead733736e330cf1ab3e54a793331d91d6aeb0,de8347312164475c420bd67bfcafd115800683de4ee7f6ac6cc2c39ad78d13e3,98d7307c94a5b3c3faf1213a2b3677f6fb0b8f59e4be91afdaa070f6f911f238,300,0.02375192381441593
land_pad2__2350.jpg,land_pad2,2350,4,1,300,1,299,0,True,0.05038689076900482,0.05038689076900482,0.7764879639588466,land_pad2,0.6,0.17694060765283312,0.5999751801951373,0.40002481980486265,cf09f077f3666b811c0daf1415b79fe8f61853aea2aa6c0cbfef3503b40a02c1,b8115b132e284b1f34232c00a1fd02b0cd9ae16496daeebc03cb3e5dda475645,11fc7894390ba5fd0d7fb8ef833ee5d52ef90289a0ebd8691155efb2721c22fd,300,0.010784374549984932
land_pad2__2375.jpg,land_pad2,2375,4,1,300,1,299,0,True,0.10297444462776184,0.10297444462776184,0.8620737782383954,land_pad2,0.6,0.16510843030271857,0.5994290126227713,0.40057098737722874,a8b9448c170c2f5759e648cf46906b276c4029584032902fa4d29ba71ff421bb,08895d194ebe7b4570ae1968b32c7c9f5f2556506309653c00bac8379e9b5bf0,6c029d533b6e93c94c60a4baa17ed423e04b590a49b0f13c7213894c62a4f30a,300,0.04613408073782921
land_pad2__2400.jpg,land_pad2,2400,4,1,300,1,299,0,True,0.06269371509552002,0.012124133296310902,0.6097908991869503,land_pad2,0.6,0.22353734821538085,0.6001434034416826,0.3998565965583174,f043a7fec23fdd06ae2fc057ac020ed842af471650e97ab9e5f9dd881311c89e,203f28bc196c8642d8724843859415d00cd7897ddf3237697cc14561e4e252ab,20d8da89e4a21d187ad3f2714b0138c2281c7b7b9c0f7cfdefb3c8e4a00fa68e,300,0.009729201905429363
land_pad2__2425.jpg,land_pad2,2425,4,1,300,1,299,0,True,0.06383055448532104,0.06383055448532104,0.8863570760163968,land_pad2,0.6,0.20947167676256118,0.5993988180150805,0.4006011819849195,f0013c116ddc22ebc936c3152bb8ac5feb81557a191a403db91a2b8024740310,bf3e412409da76743c67629122fff0464f93b18616295a67d36c5b51afbf2be1,45a8bd06b1c133b39662c3489ee49cabee2ff70d48dea0ef9f99aaeaa3895f52,300,0.06383055448532104
land_pad2__2450.jpg,land_pad2,2450,4,1,300,1,299,0,True,0.036693815141916275,0.027351532131433487,0.8053679707831802,land_pad2,0.6,0.30137234265637425,0.6002178820915105,0.3997821179084895,0d76c0cac01e125aa8e24291ef0650fb13860bab5844f951a834cf05aa5859be,b8300fa04b8f833c156d0366aa4420b37d7421609be35ca0d5e24fd64b20a8fa,6741bbb648fa5547134025f23d7ae93dbe830f6ce4355b1fe73cc6e6157b4d28,300,0.027351532131433487
land_pad2__2475.jpg,land_pad2,2475,4,1,300,1,299,0,True,0.023339709267020226,0.015822289511561394,0.824040902097602,land_pad2,0.6,0.4729626537629133,0.6002967888053874,0.3997032111946126,680c5987d402b13da1635ca16b6afd26863f7baf55ac0c680e0cba1ccc5f8d75,4b66414a9675f1545fd0761d0c26d0000aa498b7ca72918c6ff5c1915184acde,e57480bea826e1cec119dd61b9aca1effccff11cc5bd8f51f394075db5db572e,300,0.010775282047688961
land_pad2__2500.jpg,land_pad2,2500,4,1,297,1,296,0,True,0.02530047297477722,0.02530047297477722,0.9381686921726665,land_pad2,0.6,0.4434692553305136,0.6000570163580734,0.39994298364192654,da59d66e6237f1599d9107727b625f475d090a1730bea9ecbbde699e5e2cea09,010d8834fdef6802e9a300255fb480f46cbc766eac230e38787e1678b6b7545f,e37c3e0d890df1f88a395d3561e7eb48a21fffd014aa122758ce9ce852176340,297,0.02530047297477722
land_pad2__2525.jpg,land_pad2,2525,4,1,259,1,258,0,True,0.014767143875360489,0.011393681168556213,0.9091121892594173,land_pad2,0.6,0.5352937568993009,0.5995778767533072,0.4004221232466928,4bf67210ed80cf3afaf88562036fa2a70121f4c746d38ef74363c85e46d7eae0,44607d6cab2cd49bb32adc57fec22a81ecedebaf125db119f8627db209ea35aa,7995759887d0faa767b045fd28c3fec89e1c2f08c9ae59c6e79194a18c8829e9,259,0.011393681168556213
land_pad__6500.jpg,land_pad,6500,5,1,263,1,262,0,True,0.011250950396060944,0.0023593215737491846,0.5799131447860583,land_pad,0.75,0.0003363100066075025,0.7391304347826086,0.2608695652173913,f72c47ffb3e3d3345c63da92a5de3a9dd2e9c067dd97461609ab97a9c488e8e1,57594893904b9ca47c874fa09e6ad0a375b75d27782ae9616e19b45e8b135396,5619e0eea9ee4101204513fd958bd30b3bf40615b030a757b47e98f6fd07358b,263,0.0023593215737491846
land_pad__6525.jpg,land_pad,6525,5,1,257,1,256,0,True,0.012768849730491638,0.003694121493026614,0.5464557548356453,land_pad,0.75,0.0003699410072682527,0.748,0.252,31045f31c54082b0022ad67444ff0ed6268ee2f34d201ce412bbb5dafe802352,9de0a3730c83cb72a56631a6636bb0d6f0d5ea8ea2d7d10dcdc6836872c4a1c2,87b3aa9c565399a0d4ca4d6686a6fed0e01c2e241421c55ab15b3a61abf143b7,257,0.003694121493026614
land_pad__6550.jpg,land_pad,6550,5,1,242,1,241,0,True,0.017253058031201363,0.0011780294589698315,0.6895849363125529,land_pad,0.75,0.000403572007929003,0.7285714285714285,0.2714285714285714,1f3a2a5b4e074bcd5bb05411ebdabc28392e13c8ad7004d2ab4748d5b488cc08,9cc61a23397e5fbf180cfb394134eb0770c0555ba62f5d00baf0d26069d4ceb8,d1d802f69728ec92d37c9763fc944d8debb6405b33850bff476001a4ca6f6eda,242,0.0011780294589698315
land_pad__6575.jpg,land_pad,6575,5,1,253,0,253,1,False,0.01286573987454176,,0.4901023765147333,land_pad,0.75,0.0003531255069378776,0.74375,0.25625,fa0a6563e3286533256448ed9d067fc016baf5cca1bbe331272d1c0aa4dcdd0b,2ee7b9f46519ff946a5b1219f712ab9c535626ce375c2458bceeb0db57b67893,69f39fa215e8682909814c4bb36d13980f1bb7dd33bd64ecef8bd960d41d4889,253,0.0028908713720738888
land_pad__6600.jpg,land_pad,6600,5,1,272,0,272,1,False,0.015295823104679585,,0.4519828464840233,land_pad,0.75,0.0005005084215982243,0.7496296296296296,0.25037037037037035,95142936d577a13eb25bd70c8b347f3c26737c6880fc1835795e0dd29fc8c617,515e118a610801c9a948c194c81ae1995cd0fe4deb91222c40a009ba3c2dad90,6c28b1a576b30e3270af2b4496a5dbb4517e26f61e20911bb99eafde3f562990,272,0.0031192090827971697
land_pad__6625.jpg,land_pad,6625,5,1,233,1,232,0,True,0.021039631217718124,0.0013813442783430219,0.6925866186521892,land_pad,0.75,0.0003758758897377969,0.7509881422924901,0.2490118577075099,393e028560483b5dd13ffebc9e2f554245d8fce9b7a2dfb5f16cecd0d3865400,c41402941e91d4687c68e56f3617953414e429895c25621d160a1edc94341a44,a717a060be95dda64bf66f71c7c47d01080bd7fab6801e096d9affbce70d4736,233,0.0013813442783430219
land_pad__6650.jpg,land_pad,6650,5,1,261,0,261,1,False,0.017253786325454712,,0.15805463453623855,land_pad,0.75,0.00030070071179023753,0.7676767676767676,0.23232323232323232,34342350e7251c2f9d95d59ead7a5503d518b01caa11ace5f83e48900557e5d1,5c9ec86f1d82fca86f694075f05097ed09e70100ff0a6634350aca67146fab14,d1792600285d53b7612d175b33d45213df9bae7cd5773c341f14adc1fac2a724,261,0.001667485455982387
land_pad__6675.jpg,land_pad,6675,5,1,254,0,254,1,False,0.019701382145285606,,0.4409285256865462,land_pad,0.75,0.00034817977154659083,0.7410526315789474,0.25894736842105265,4dc8a02d5f8aa1158860b37d93d3a0290dede06cc1d2384547544a417b298251,660cca0252ddc88782a7f613ddce5fba30c869d4217fe991baa50353870fddc9,1f13448126dbc455d0118d830a4a8822f08730523a2c0578487638c5b6682bc7,254,0.002044559922069311
land_pad__6700.jpg,land_pad,6700,5,1,257,1,256,0,True,0.02149181067943573,0.0049135941080749035,0.5104091415602373,land_pad,0.75,0.00031949450627712735,0.7340909090909091,0.26590909090909093,b654087e78b422f9f60dce5c2a40ee77031f498a1ac8b79d346042ebeb9812c1,52e539eb199fb7dffaabfd153e0b17d9bda0c7149e234744a53557d6eed43fa4,fe6d9371a7a45a660cee704abb9c6f94d864487dbbf303c433844ae9411abb06,257,0.0049135941080749035
land_pad__6725.jpg,land_pad,6725,5,1,255,0,255,1,False,0.017425192520022392,,0.4354345155924216,land_pad,0.75,0.0002908092410076639,0.765625,0.234375,8eabf7fe85e5171edf09c9b7d2f6f6e41f1578aaf09c41f8fdd877a955951d80,62f3a656f7742796d195eed7960f46264856e28ad7b9dd20c17bc83ebe7ad7ae,fd599d2fc3a97bbf5cb7690af6a2481ee7ce3106827c147f3be5bdf9d6bf63dd,255,0.004206745885312557
land_pad__6750.jpg,land_pad,6750,5,1,246,0,246,1,False,0.027867253869771957,,0.4926659027849355,land_pad,0.75,0.00024431932832956796,0.7484848484848485,0.2515151515151515,7e6c77731025866bdc14184d99a06bee656fdae3fe13598a6557cfa6801596e5,bf8a7920f34d99d67ce9deb5c11e07721d3ae708c5cbb42622c8105879e8ba06,8a4835a13eefb6b7e7b5cce82bd6b04f0a28c11b65cbb9f43ec77b398b529deb,246,0.003965158015489578
land_pad__6775.jpg,land_pad,6775,5,1,248,1,247,0,True,0.030256876721978188,0.0043272823095321655,0.6026639489195502,land_pad,0.75,0.0002492650637208548,0.75,0.25,b2e707df7cafc89711799beea8f9f37c73d4657244f52599c60ea4e72cdf6349,b86ec0083e4f674f28e58ff50d388cc2bb3b5f389b893b798aa829ae4f79df6e,4473272f689891787f1e1f539adcffa8917cb799c7d29abc9e350de1997a4a56,248,0.0043272823095321655
land_pad__6800.jpg,land_pad,6800,5,1,251,0,251,1,False,0.0263968575745821,,0.37643011887301925,land_pad,0.75,0.00028190691730334765,0.7620320855614974,0.23796791443850268,e3378c32f6ca4c39dcfbb73271ab3a6d6feef68a49b88ecf7fa4fc1080bc9cf6,2111899b1df047c027f93ba6bcc97cac6e83a7d16127e225b5ee15c540a43e3a,552b6cb2bc9709bfc0b165339822d94aaac60875c5ae17c0b3b6ebed34bc262e,251,0.006608039140701294
land_pad__6825.jpg,land_pad,6825,5,1,252,0,252,1,False,0.041278176009655,,0.26128067732002214,land_pad,0.75,0.0002908092410076639,0.765625,0.234375,799c8e41e0a6c3272c91d7079b8731dd29c1a24eb47d4f758ca6b5842519e9a1,3f9f794f489d0133c867bbb1f2f12523d8db0958a254c1b3fd70a0fc92388b64,a9e13e0040d322a609b00b4f61de3d13579b7419b36c61dfc6b65b4bd5ee0fa6,252,0.0019893536809831858
land_pad__6850.jpg,land_pad,6850,5,1,242,0,242,1,False,0.03172745555639267,,0.06027104683276599,land_pad,0.75,0.00028190691730334765,0.7620320855614974,0.23796791443850268,1f2b4502a376e6fd09135686c2c17f6446e17e61f9db5391078f180b301caed9,e67e93e0bccbc4ef6fcde3f54208cab32395a5c653405d900b3d19dde94d4653,b0aa2b1af7ee6a59733e703b17bfbc43a79360eea30aafeae69b1601767fd205,242,0.0019945038948208094
land_pad__7450.jpg,land_pad,7450,5,1,283,1,282,0,True,0.030738649889826775,0.02000577375292778,0.7381940771392788,land_pad,0.75,0.00029674412347720805,0.7672634271099744,0.23273657289002558,935e3d27cfafbe2c2948aadf31084aea9303a6cf3e5e9d0588765098d0c4bbaf,79030ed1fdfb2e8df7c198740c7e57b6cfaf2ec387e2004b7ee972c2e37c02c5,94749025591bea2ac5a51b1c5fda5ca2d2a3b56f31ae0f4ea73807b3d977fb37,283,0.02000577375292778
land_pad__7475.jpg,land_pad,7475,5,1,262,1,261,0,True,0.08676810562610626,0.027730219066143036,0.6046830124880914,land_pad,0.75,0.00023541700462525173,0.74375,0.25625,0ea800f36327b9d46e2e00bff45b8a9011e138c0d26bef7ec43360ce7ab0ec91,ffae6ec03ab116a96d8215041ae178d286ceb9dbee06c2a8576c65744e5bf97c,63a59b15816cad967ba7bf4910fede46922e2ea0c1c7216e9b695e674e1b08ac,262,0.027730219066143036
land_pad__7500.jpg,land_pad,7500,5,1,287,0,287,1,False,0.09500964730978012,,0.48044749113444724,land_pad,0.75,0.00021365576890358982,0.7346938775510204,0.2653061224489796,2bcff4d1fe5a28745c8bfe1e1c2b0bb36cf59dc1bfa271194780e55b1202661a,0f849e96a6d15b772860d37146fc7ea097dc37f9f7be0dae4a304a9793e14b3a,8d217c12a2a8fa212155766ee0b2dcbd68fabd13a9d1b0616ae09ad965cc1cb7,287,0.003206361085176468
land_pad__7525.jpg,land_pad,7525,5,1,300,0,300,1,False,0.1928439885377884,,0.4815064819120036,land_pad,0.75,0.00020574259227753094,0.7703703703703704,0.22962962962962963,7a14ecea02abbda5318e32edfb98d988e2631ca6dd832b3826b44c346987456e,49383ac48dc9716df098854ccd7d0b959d3bfaa4b099551533a518fe912cb9bf,b2c75f5c88d5fab83a250112cf55a4315dba35e682c3fab6fa3a575a4d6a81d3,300,0.003189715091139078
land_pad__7550.jpg,land_pad,7550,5,1,280,1,279,0,True,0.06008104607462883,0.06008104607462883,0.6267936521699116,land_pad,0.75,0.00021860150429487663,0.7366666666666667,0.2633333333333333,3efc8b6f09ea8d79468015eca5941be8600bc5ffff39e5ed2f0a4e0cacd380a8,a582322d25604db2255715c363c46250d4c3c4d076483427639410cc94363ea6,8756927d511fd39c7e307ff96b8badef4d6020555a565ade60a0c6915f8394eb,280,0.06008104607462883
land_pad__7575.jpg,land_pad,7575,5,1,300,1,299,0,True,0.03358563780784607,0.002907926682382822,0.55830555102387,land_pad,0.75,0.00023739529878176647,0.7453416149068323,0.2546583850931677,b19cc7c32ba8bee57c8db43b166e5e359a48a3a7a5a2bfaa5e58080ff808807e,6092b817ec9b255fead13d9a26d6fdd233db897c896a8916b32f1d2785c6a8cf,21ac651007194d2f8367a682f3ca6a1c2081ec464379140d3480c1f34a4ec870,300,0.002907926682382822
land_pad__7600.jpg,land_pad,7600,5,1,300,0,300,1,False,0.03794354945421219,,0.42827974762447457,land_pad,0.75,0.00019585112149495733,0.7252747252747253,0.27472527472527475,eb8935519a422de2068c7a232a73917ddbf441909353752284743c1fe9ea1b3b,0cede57c723a1e320dc8fff21cc68e42d01a32a1eb6a973fbb4bc5829134733a,7b70a40eb451160a63aaae466f70ff98b5ff3c26a9e007c84e1e1f16363a3d61,300,0.022171111777424812
land_pad__7625.jpg,land_pad,7625,5,1,300,0,300,1,False,0.23205894231796265,,0.3579258439675162,land_pad,0.75,0.0002284929750774502,0.7403846153846154,0.25961538461538464,58f314b4117f92d4f162e696f56f1b036cbb05e9287a43c1f46578941f41f7a1,c55530cba1870e69e3ebf9bdfb3cf2daa1181810801b47ce28cdc4fa491af875,a21c290a3e5ef4f35519bbb9fd9624faa50419c64a963cacf164e73d5856d67d,300,0.03313402086496353
land_pad__7650.jpg,land_pad,7650,5,1,300,0,300,1,False,0.11899570375680923,,0.29083499511377414,land_pad,0.75,0.00019585112149495733,0.7252747252747253,0.27472527472527475,db2658ddad21f85402934a1111a68fa1f193e84c65e0236d466301a12e2b6eb3,e67fdcadc968a91a8732f93ac40d448e699ce62ff246bffd31c6dd48c7d3cf19,7877c73cbbdb3fc6d779efcba802639d0c3ec7cbffd4c3d3c43b4cb46241df9b,300,0.001336405985057354
land_pad__7675.jpg,land_pad,7675,5,1,300,0,300,1,False,0.20805948972702026,,0.41999366021042084,land_pad,0.75,0.00025717824034691365,0.7536231884057971,0.2463768115942029,69dc200d8b80fe8c1159e8f6ee4caeefa118295684b92b24ff79ec4f879af9d6,af5f920ddcf810efdc0c1cc7348731a5e90fffc76e33268c854ca965ba409e5f,fa43053f17c76b17ca3aa400c87a1221c2af8d685d3cf09e85ace4772632fcce,300,0.0031518363393843174
land_pad__7700.jpg,land_pad,7700,5,1,300,0,300,1,False,0.2807195782661438,,0.41802612404588807,land_pad,0.75,0.00022552553384267815,0.7402597402597403,0.2597402597402597,64a5976b78eacf7afcc088db0567aec83ee2c0e582bda044665b5e499fedf1a8,6150445b4a3f5b18f102648856d7ba1d07813b9b3ca72fefcef432a1874ecba9,f05a336586cfb0696d979b887cb6c31d54444976e04636eb5304bd5727b764e0,300,0.0519588477909565
land_pad__7725.jpg,land_pad,7725,5,1,300,0,300,1,False,0.2905515432357788,,0.47994198031587704,land_pad,0.75,0.00018497050363412636,0.7192307692307692,0.28076923076923077,24e7b1128bd08328b4494906e2023cdd4b12a9c550574b6b6e3a587d5eb16239,addaee9b57c22ac39c32420bbe4ed8cca1e4d7c059625cdae583e2e2b4d15bc8,4000c68fe8593b65c29673df8199b97cb609ccfbd8111f2adfae329a29295cd9,300,0.2905515432357788
land_pad__7750.jpg,land_pad,7750,5,1,300,0,300,1,False,0.2042025476694107,,0.3334795017732775,land_pad,0.75,0.0002067317393557883,0.7307692307692307,0.2692307692307692,9b97c4bbfd7b2a1717afb1077a80f7de21c04153e487e0167f99ba0e1d431171,096c7523440ee6ca13df77d91cd76bea9de88320d6ad7b28c9a97df4c457f26b,cda0b3a7ec75e0c30693053e534f21ae66224793707216d3ed5a466834973fa8,300,0.005116218701004982
land_pad__7775.jpg,land_pad,7775,5,1,300,0,300,1,False,0.19023829698562622,,0.4028890584009526,land_pad,0.75,0.00024431932832956796,0.7484848484848485,0.2515151515151515,dbea6822e1c835bb9bb22cce1f55f2668442da9c8f1601deb83fdf578b7f3a99,1f2ef132134509762de806a415e3e9a754ab2dd21c580914ff7b93e61745d85c,312cb17ca2ea87e6ed1a6ea2994423f68fbf34958ddbb6442aaba7d27a470cbe,300,0.006434315349906683
land_pad__7800.jpg,land_pad,7800,5,1,296,0,296,1,False,0.2821112871170044,,0.2671750669495489,land_pad,0.75,0.00019585112149495733,0.7252747252747253,0.27472527472527475,138ed68711a50ca358963968fcc5d169082b7b7854f2c695919874112deb84d9,94a94b4d9a3e8a855c0781e85e3d0a9c986862cba99b3b0cd5d241fb56d00db7,bd8eb6e40855abc76905132c49d5dfe1d4056e8cec7a21485ab26410a9a50b50,296,0.026517478749155998
land_pad__7825.jpg,land_pad,7825,5,1,300,0,300,1,False,0.45259562134742737,,0.3492736092892369,land_pad,0.75,0.00022552553384267815,0.7402597402597403,0.2597402597402597,f8d83454e0fabdad4e9933c865c10f3fa819a720a919da17a1e4a0b44930bfb1,7b482c27769f11471e13d8459cb52a337c5aeff092861bd6851d410862abe2e9,d973b9646a042485b92d30146286d765fe022053bc026a9463fb801b410ca900,300,0.45259562134742737
land_pad__7850.jpg,land_pad,7850,5,1,300,0,300,1,False,0.21109622716903687,,0.21553530277190522,land_pad,0.75,0.0002067317393557883,0.7307692307692307,0.2692307692307692,a8a85dc7a6ede37037fb7b317f843a61dfea04a70e5f244efda719bac23a8c7e,ae1e5f49b24e2b23dec876d2cec58d7b47d04d231917026a5d6487be0ef7c04e,6340883bdc040ce729216422f5fcb051b980fd92b5438a0ed1dd72a152a66776,300,0.0014732189010828733
land_pad__7875.jpg,land_pad,7875,5,1,300,0,300,1,False,0.1394028514623642,,0.34220334708180833,land_pad,0.75,0.00022552553384267815,0.7402597402597403,0.2597402597402597,58d448e41fee416835285a3242cb26ad9f63a3fd937e2b355da3ec00bec0134d,e4cfa0cb73493924d5e821ae241f1e148fb6b8d307a68c39f9e1b7b90bd8b526,7467baafd06f037843525a4a9e2ad6f1fb53bfb688d81db464db206a019bce84,300,0.0764862596988678
land_pad__7900.jpg,land_pad,7900,5,1,300,0,300,1,False,0.13860906660556793,,0.3372287604223696,land_pad,0.75,0.00025717824034691365,0.7536231884057971,0.2463768115942029,5d1a938f8fea46795d917c2c75b287872451c9c886fcf4f53609323840b5d371,a853f654849647f5d1c1f73bf84efba517dd15203a929f29ea26e28fd02eae0f,05f7787900146e41e74e61612af20b546891dd31d72dc6445c87571f112e2860,300,0.13860906660556793
land_pad__7925.jpg,land_pad,7925,5,1,300,0,300,1,False,0.2305522859096527,,0.3901688312291227,land_pad,0.75,0.00021365576890358982,0.7346938775510204,0.2653061224489796,b692b231472413740d0551bb2a8dda57170116e5fc534200ec293fb0a7376eda,a1443cb77b5bcc3f53c0c8e13161751c4f3761cf16e31a1e6526e4e2bf4fa4af,33fc43756cb9d06bdc5c9194477d4ed228395c8b1a619cdc5d77686b5cf001ea,300,0.2305522859096527
land_pad__7950.jpg,land_pad,7950,5,1,300,0,300,1,False,0.15780910849571228,,0.414238977952229,land_pad,0.75,0.0002067317393557883,0.7307692307692307,0.2692307692307692,6f43a27d3a12872d5559a038d7129eeb701187c4bfc8fb76cd466b3103a4abba,d5e3b53d09cf41e0ee0b3ad7bf322a2a2e9a8b33d9d5ca4d899da00ebf4fe092,60043aff5fe1a21f80f2f8430507315d40dd2028b291cb409c8348e87eb49f7f,300,0.029502036049962044
land_pad__7975.jpg,land_pad,7975,5,1,300,0,300,1,False,0.062480807304382324,,0.40774513362424664,land_pad,0.75,0.00025717824034691365,0.7536231884057971,0.2463768115942029,e8626d1f944fd7a5756d63dbd947aa1483d07974138075bfe84aab0266e84659,96c2c82c710cebcf582e6a83c4de74a833b54e844f6ed9f38a9e62a4bdc30b29,b13e3ee04732c1e9a03d86ed87edc1b2cc31c7f2c13440c75f08c367f1016ff9,300,0.062480807304382324
land_pad__8000.jpg,land_pad,8000,5,1,300,0,300,1,False,0.1132378801703453,,0.409873937122119,land_pad,0.75,0.0002017860039645015,0.7285714285714285,0.2714285714285714,66679fc30dd94f2048f5efc137a7702f7c6089c684cf75e900f66c9b1abf4563,333cae8b4812d5ba2db9341108f715012cdd3d5a13d34c686d7e06f6a37fbf27,c7e5e73116de402d0311e672e6e2fdfaa5a6ebe43bce715b433c00d05d92e2c6,300,0.06889812648296356
land_pad__8025.jpg,land_pad,8025,5,1,300,0,300,1,False,0.28130659461021423,,0.363501762324971,land_pad,0.75,0.00020574259227753094,0.7298245614035088,0.27017543859649124,ce697b9962e97f541b286c777368d3ae2bb4bd2aaa45d6f461b31a22bff8ec0e,a6d28ac3d520023ba595a7ae967028d0c80dc3f8d23731ad91fd1c3dd7b68c75,cad2f34d12ee930015fa78f8ea9ff08a9c4d6d3be14ca1b18e2d845063c5929b,300,0.28130659461021423
land_pad__8050.jpg,land_pad,8050,5,1,291,1,290,0,True,0.15409702062606812,0.047227051109075546,0.5129822004431495,land_pad,0.75,0.00021860150429487663,0.7366666666666667,0.2633333333333333,c37ef1ef752a759daf38f8607104e7a02f02d61164deda9c6471260de1f15e50,6bef3cf71b0887f08ae5dd3507d423cbf67d80940138cc5eb94d5143771d5a62,aa172430372139681eed0c3739cdc1704bc8f4f7cdbcd8719878d584542a5cc1,291,0.047227051109075546
land_pad__8075.jpg,land_pad,8075,5,1,296,0,296,1,False,0.19922415912151337,,0.28998798883119886,land_pad,0.75,0.00022552553384267815,0.7402597402597403,0.2597402597402597,ac20eff3c9735c895af0fa2c3b6076c225f8cbf81c71ebc8839edfd0c8c612c1,4753e0f9ccb1808bbbbc98d56981f456c58b853500e85805b43e5dedaf43e948,d66414c0604692606faef58ad5da091be7f1e976c19865baa1c2ed2f25e9759e,296,0.19922415912151337
land_pad__8100.jpg,land_pad,8100,5,1,276,1,275,0,True,0.06410464644432068,0.06410464644432068,0.5602585822039945,land_pad,0.75,0.00020574259227753094,0.7298245614035088,0.27017543859649124,9b37a47163f82daf97a952b68520c5630804f518e472441b3a97d95ca4e176e3,9a82c77036f26a7bb1f91571dd9098bbd42a7d42228fa0715fe3aa84f4753142,0b783dbe4291ff327b60205b0efe5c30eb9823e6b8be94ae05bfceada1d5a375,276,0.06410464644432068
land_pad__8125.jpg,land_pad,8125,5,1,281,0,281,1,False,0.09958303719758987,,0.37464824005242064,land_pad,0.75,0.00021365576890358982,0.7346938775510204,0.2653061224489796,ce0594716803733c6c0924748dc520cbb0ac7f077476bdcd839f1c1adf5ceeba,e814e68dcca1397b6e9d75340320025db7a74f4bb3218051837426965f799a6c,094e9860903de6505119105f211954b0a54f0eedd11a2818b7fedc3ccef93e6c,281,0.09958303719758987
land_pad__8150.jpg,land_pad,8150,5,1,256,0,256,1,False,0.07791480422019958,,0.37051273940808543,land_pad,0.75,0.0002017860039645015,0.7285714285714285,0.2714285714285714,c24f0948162d273fbc880877e87729e2fed91d1a9fc33a907d33471162f8a3d1,e4b6698b7d33f9cb1fe76f45503d47510eced7cbb41b8f23a15ab999f49baa94,ea9dd552799cd5ad1d134d69e39211d28e1d9f0457cf5e854f1453afb6660c46,256,0.07791480422019958
land_pad__8175.jpg,land_pad,8175,5,1,275,0,275,1,False,0.04973938316106796,,0.4230361576536334,land_pad,0.75,0.00017408988577329542,0.7521367521367521,0.24786324786324787,ceff0e4de811db1aa9d8e4cd0ddabbdb07c0915f5a1072032c18c98a3ff88758,5fce143f143be0bbcc71eb500be4f800ca90c45720e119dd6c10bf20bccc6b56,f337c9229e55f4b050931f1722269a56a739e533d6e1e0f49a6b04ed770fdea9,275,0.029935257509350777
land_pad__8200.jpg,land_pad,8200,5,1,282,0,282,1,False,0.10954171419143677,,0.3923467152988101,land_pad,0.75,0.00015232865005163348,0.7403846153846154,0.25961538461538464,7d3a654f59540ff1ea8ddc6e3cef983dbe8c465c9bdfe986edd623a60cfd0de2,92cb986433c352921d6f3282f39407ce978b775758f6c9cce2f9a23a3b3d7505,2b5e542af37aef47d2682a8444e17585d33eeb73919123bd05783b49a16327ac,282,0.10954171419143677
land_pad__8225.jpg,land_pad,8225,5,1,299,0,299,1,False,0.13534113764762878,,0.49744342777233214,land_pad,0.75,0.00017408988577329542,0.7521367521367521,0.24786324786324787,a4b3683afcaba473b082d1e1af02d81daf0a6539125b0bcef2cb1969addd2936,5c78f498900671ff3b1054577e2aa652da1c44ea75663ffe4b88872c177f9167,4edae5d19f3ccf22d808d78b41a42d2e9e15e921a8202662a24ba3e037258b85,299,0.09988290071487427
land_pad__8250.jpg,land_pad,8250,5,1,286,1,285,0,True,0.09676812589168549,0.04166489467024803,0.506046223994701,land_pad,0.75,0.00018991623902541317,0.7218045112781954,0.2781954887218045,2b3bf29d8c8d62ee73b1147bfc3f1c188fa583ac6d709e7cf2be582348530de4,b206a4f81c8723e7a1b53a1ec1b551837fd9ef304ccc5bb00d237b1b0ff70e87,92cca73ed516c749b1f934fccf86933f3e14378f5e0df7702c0cc73b47e90143,286,0.04166489467024803
land_pad__8275.jpg,land_pad,8275,5,1,295,0,295,1,False,0.16142742335796356,,0.43648710891114845,land_pad,0.75,0.00019585112149495733,0.7252747252747253,0.27472527472527475,01972f1a8a1fdc60eb55748e3ccfc0f85ee30b9c4db008e1cda79b67006dc45e,93a842e05454fda2f030af05ccf55c4e61304bbc73af2dfc0b3db0dcea1dadfc,7d1e53781bbe96da9786e5f331ea4735749734bf1da5625d1cc77987a6546a85,295,0.05971699580550194
land_pad__8300.jpg,land_pad,8300,5,1,298,1,297,0,True,0.1776430606842041,0.1776430606842041,0.5647935936827984,land_pad,0.75,0.00027003715236425933,0.7583333333333333,0.24166666666666667,b04283431924dad2fe374a961aafe26bf1a1b0933f186a7af58d38aad1842784,bca0f0c3d9f3131c7b69473dd386f54061cdf0afee4e3124a62c8951c741cbdd,459a532aceb58903014526c1d98d3fbea9fd082fd53704a99b7846b9d9f6d05e,298,0.1776430606842041
land_pad__8325.jpg,land_pad,8325,5,1,291,0,291,1,False,0.24320447444915771,,0.30755339319400926,land_pad,0.75,0.00029674412347720805,0.7672634271099744,0.23273657289002558,b49b68d889b1a7dd72f1ea7ac6b7094649da4ff30127e87d53be5d4522f7a009,ac9bed7e757479e7352af7ead6d24c321886f6b6e20781eb842d69831cb58f3b,c3296d2bb85c7e1007fd28c7ec8bf9c54ff441c2d8a572cdd98af6238cccfd4d,291,0.055170249193906784
land_pad__8350.jpg,land_pad,8350,5,1,300,0,300,1,False,0.45514312386512756,,0.45315440202011276,land_pad,0.75,0.0003640061247987086,0.757201646090535,0.24279835390946503,158453c45ef146187cf8f3dc2ebf2bab7dee88e99ceef40de33f44b56daa69c6,a6919436431881c763041eaed6d1848d9b92942e033fd9b0b01a3e0a8a772f23,e97868fc83e5262aa0be40e1b69e9f8ffaa13badbeba436d14554b6a195e1fe2,300,0.007923318073153496
land_pad__8375.jpg,land_pad,8375,5,1,298,1,297,0,True,0.33802440762519836,0.07402156293392181,0.5000115024300171,land_pad,0.75,0.0006132711885195633,0.748792270531401,0.25120772946859904,9cae1faa5b7adeac3273818a51de581f27545b427bbd94640c2e9bcd11b368cb,3775f60e9f831de8e7ca8dbb3988a49ff4486c7432d4a52a0b199c57ff07ea33,adbf18d8c8681dd6eee6149c950401c8d6fea922ee1082b2cc26cd03d223f3a1,298,0.07402156293392181
land_pad__8400.jpg,land_pad,8400,5,1,300,1,299,0,True,0.2923552095890045,0.2923552095890045,0.6343814804496999,land_pad,0.75,0.0007507626323973364,0.7682186234817814,0.23178137651821862,c303df4592f3c9f6b3b71ca9e72d59d04efe2ed8f08d3c3fa409a5b18a790ad6,5ac8c5d07c3893dbf58d7b17efe589e8d481beef1f961d6e4f97253eac92b1a7,cef51b00c863d50fdd2d89bc7147d7bd47d92a0a47027c18540e451b34e9433e,300,0.0580427348613739
land_pad__8425.jpg,land_pad,8425,5,1,300,1,299,0,True,0.21302498877048492,0.09408862888813019,0.6659874550896465,land_pad,0.75,0.0006439347479455415,0.7534722222222222,0.2465277777777778,fc0779ed449aaf79cd0aa3627b5d700dc8b06bd1da97fc68ac6f362e7c418913,d9e5af2b7b880b7cf48af3afe3ff44e5d00e98286bc6786530cacecc55384576,0696e3d2d2055088b695d75c48c88c0c5b12d83781fabdb2bc85168564d03adb,300,0.09408862888813019
land_pad__8450.jpg,land_pad,8450,5,1,300,1,299,0,True,0.18984980881214142,0.18984980881214142,0.755061899781957,land_pad,0.75,0.000551944069667607,0.7380952380952381,0.2619047619047619,9cc43d6bf31a15278dc1868e646bff8db83372ce83853a48b9d4fd83374bd479,511f9f0f7568b9d6e9b71f15e4cbf4be1e03ee259bcbfc43a18060abdd09e818,8a756a63ebeb81e735f8641dd8f4938bbe7daccdc49c1555433ca46c4f008fd9,300,0.18984980881214142
land_pad__8475.jpg,land_pad,8475,5,1,272,1,271,0,True,0.2833932936191559,0.2833932936191559,0.5880860629742415,land_pad,0.75,0.0006528370716498578,0.7542857142857143,0.24571428571428572,7dbe1754425bc79dd4cdd0c0545c199e744f7522f2a5e5bc168d74f261d81b7d,f5d95fed786d039d7b66e8dc1517cee7669a9116bf53c2a5683f338f993659ef,8639930d430b6090d84aa1ce12bb93177a560733a4318661197d979bd8427286,272,0.059670187532901764
land_pad__8500.jpg,land_pad,8500,5,1,284,1,283,0,True,0.4363023042678833,0.4363023042678833,0.7515290104519879,land_pad,0.75,0.0006023905706587324,0.7463235294117647,0.2536764705882353,076a2d0708a55343260cdfabdca735efaded7890078490b5847d97006ab5eaaf,03bdd53193e3e01e293db7019241931e21d8e53ba83328f16a111f87d9521073,cc622cc571d23ff9075af7a96113ae73c74c8e6956ed568a188b2f75bed1941a,284,0.4363023042678833
land_pad__8525.jpg,land_pad,8525,5,1,289,1,288,0,True,0.4914487898349762,0.4914487898349762,0.9028487213621537,land_pad,0.75,0.000623162659302137,0.75,0.25,23444a7b38bedcf9bac654c81f469fb194194f9b44c3cef4e952a8de9eede7c6,a6cd0ecdd30028638bd74ca0f710efcd6aa176d14d24970dc79bf66d8523dcd8,174933e4b715e4da46b614f8c8d02ef980a8f1571d614187135162ce6719b2f5,289,0.09601063281297684
land_pad__8550.jpg,land_pad,8550,5,1,282,1,281,0,True,0.24849332869052887,0.1825958490371704,0.577536322720795,land_pad,0.75,0.0006597611011976593,0.754524886877828,0.24547511312217193,1b3f9ea6f00333c1cbdacccded1f23cc21910edfdfe00166c81ecd463a41a85d,99006d4aa7bbc66e7f7481ef8f7bbbe43eb346251af985751616e10e0adf694d,0025cb7564c19f31a84a91aa4ccf8225620f1d0d534ebb2c500dbdc1a414b4bc,282,0.1825958490371704
land_pad__8575.jpg,land_pad,8575,5,1,282,1,281,0,True,0.2530355453491211,0.1155926063656807,0.6116312248496715,land_pad,0.75,0.0006825114839975786,0.7582417582417582,0.24175824175824176,f6200186a2b19a370f1cd36156254e0a0bb31688694b33e8c560a04d2ea9aeb8,36dc661079da493681aa0905ada63c98ba6975550a0261f883e3b2e83c065ba0,b74240c461be1fa8f8550139fcb4be478d8717a030ed749d059709a19784fa92,282,0.1155926063656807
land_pad__8600.jpg,land_pad,8600,5,1,256,1,255,0,True,0.36085036396980286,0.36085036396980286,0.5480540968790666,land_pad,0.75,0.0006825114839975786,0.7301587301587301,0.2698412698412698,1c589678fb62c6433481a2ddfe1164655dc5ac1efebab99d6e0026d3a5bba66a,408dc57c35bd6e942fc5c0545a4e01dd31e246bd2ae34caf002e297fc55edb8d,677513bc058aba5f74f2b9c039db090a6f09cbb4d0db4764cde17f5fe5d28a2c,256,0.36085036396980286
land_pad__8625.jpg,land_pad,8625,5,1,251,1,250,0,True,0.3684033751487732,0.3684033751487732,0.7906715460069018,land_pad,0.75,0.0007052618667974978,0.7335390946502057,0.2664609053497942,ac8fdc61adf6c27f481b522feb04e5cd7589e69e6d189e3e1eb1713e599a9da4,dd0a38e08764ce8b161463468fac7a195d14564b7fba844ed4418fa478990d9e,9475e1136001b663714e5ba3f843367ccec2f407621583a16f34f70303e94680,251,0.1228494718670845
land_pad__8650.jpg,land_pad,8650,5,1,248,1,247,0,True,0.5368157625198364,0.5368157625198364,0.7056667853235501,land_pad,0.75,0.0006093146002065339,0.77,0.23,89749f433aaa84fc8b64dc49e8d4b96c66c0954695782074f631c6862a27d149,dc3eeb04a9c260136562b9b3affed6f75c37f4eb467e7bf1c51671f11ba23432,59b2157dfe9498b4f3f93b627708ce72006abf77ceb4495123d7f31e872ec58f,248,0.10423430055379868
land_pad__8675.jpg,land_pad,8675,5,1,259,1,258,0,True,0.34262365102767944,0.34262365102767944,0.6817099250499606,land_pad,0.75,0.0007398820145365054,0.7671794871794871,0.23282051282051283,552d1afac41c85e7aad5fc1902dbc5f0e8f5aaa3cdc4927ab54e3dea0f1f4cba,2bd73cd160a13a1e2eeb65222b6af3963e6e48d5183f5486651a08d0676934a5,624626201865f9161c0e5619b6efec731a5a16f726579fd769de640b793728ad,259,0.08222616463899612
land_pad__8700.jpg,land_pad,8700,5,1,286,1,285,0,True,0.1604708582162857,0.1604708582162857,0.6744069023466255,land_pad,0.75,0.0007507626323973364,0.7397660818713451,0.260233918128655,972dbd4b6e9446d7780e3d407856401df49c2c62ab6b3e9ba3f6ef5f9fab419c,606a2d6b6482f7e304b376480b8b9c5b47ba23b21c68befd8ece87f0b2f0d7d4,895de85ad3427ac11b852623586dc2d6792e2c5cad2a5f49bec5120f85243038,286,0.015542516484856606
land_pad2__2050.jpg,land_pad2,2050,5,1,285,1,284,0,True,0.04523741826415062,0.04523741826415062,0.8561913544789431,land_pad2,0.75,0.1814649663887823,0.7505154639175258,0.24948453608247423,51b79b23d73d323ef475dddc00afd72c148b0837d81fa80f97c42325bc36ea53,cd2a50a2e024e3132e0a6b2160200991df84fcf055a787f6ce595516784422ba,9ca0641e2322edd7052955d036a680f60e1d33f2e101ea73ccb4d7712b6b9a44,285,0.04523741826415062
land_pad2__2075.jpg,land_pad2,2075,5,1,284,1,283,0,True,0.04935011640191078,0.023410361260175705,0.8339945248111272,land_pad2,0.75,0.13656164562421116,0.7497556207233627,0.25024437927663734,7204e4a48a8b284f9d894b683c0fba56521ca59732b04a2cdcdd782759995ffa,0274f9ba08de2dcface621fefb1c63d6031cc40637137ac7e1a19f9948b9e550,9636cb02ad2bf073485a225f60752fbb1abd099d0396ceffbfcd176097efb3e6,284,0.023410361260175705
land_pad2__2100.jpg,land_pad2,2100,5,1,300,1,299,0,True,0.060471225529909134,0.060471225529909134,0.8577610995333569,land_pad2,0.75,0.16085905445452495,0.7515041728666624,0.24849582713333765,b0e921535c7ecdf19d7dc2d3072a1f4732c9f6996ca9cffab0a2838f7aa50d66,4bf05ee9c44903dc764cadbf1fec83f9056c46b60fb61c9396b0d62738782c8d,db758358d491a5e035d17369554caae921151b118ab390f306ee43d57b7b51e1,300,0.060471225529909134
land_pad2__2125.jpg,land_pad2,2125,5,1,270,1,269,0,True,0.0312810093164444,0.026569953188300133,0.8161067282791743,land_pad2,0.75,0.1587699758252454,0.7497687801870312,0.25023121981296886,360cb4bf1402d4e54e1175bb641ea798f9fb3d6db192267686c956a80ea51817,efc0a32a55a409734ad25f10ede3c1d4c121f62c7460de3c427bec44420de7d5,308149eac35e97b157642ef33f77ee425abcf5cefb48154494a8a04a778ced26,270,0.015332046896219254
land_pad2__2150.jpg,land_pad2,2150,5,1,295,1,294,0,True,0.08035507053136826,0.023294348269701004,0.8261768915368225,land_pad2,0.75,0.16922328214826918,0.7491023732375864,0.2508976267624135,61d64f5543676d46f2d96afa0d0083398d00eb3d8adc70af1b63d0e877ddfd59,cb37a935d1166f38f19d30b125d42405e7999f4c3ce13c95f1822b54deb5331c,ab6f535dd629b1f6630a537042759110402872490c1a3ca5155c144e496ae2cb,295,0.012812555767595768
land_pad2__2175.jpg,land_pad2,2175,5,1,278,1,277,0,True,0.0623309426009655,0.015512784942984581,0.6893277156656248,land_pad2,0.75,0.1524552608776504,0.7513307984790875,0.24866920152091254,5634542411147c434b150db70ed877d689e857f89a99e01d02bef460a2bf6b0d,f6f446916f50f7ed3410c216355eb3cedbfc8e75e40b8446156d5dc3813da2fe,5edb9a21f776c83773a44c5367d1bffd07b4336edc5380919763c31f3a8f42c7,278,0.007463359739631414
land_pad2__2200.jpg,land_pad2,2200,5,1,260,1,259,0,True,0.07808909565210342,0.021895483136177063,0.7071266090441226,land_pad2,0.75,0.1876609836869864,0.7508281192491719,0.2491718807508281,d1671a417fcf9d28529f07f26e26203d87cc7415c11f4d044979904068cc32b4,d271b8bef3dea0d01ef40d5f1c6f5c2a7bfb49cbd4b89ea0f4779c01800053fb,562f0d86c35c9c204d78621ef0b764e9430d0ec543de03ad7f96c78ced73f049,260,0.021895483136177063
land_pad2__2225.jpg,land_pad2,2225,5,1,284,1,283,0,True,0.08829053491353989,0.007024982012808323,0.636647286441732,land_pad2,0.75,0.21710987050086453,0.7496721132302312,0.25032788676976886,85555b55b528ced66972581a772579f14cfca4c7aa46e72d15f35f1039feb25f,a140378de5985dfa79665f467eabec02acc41c43b80ed7f61a4ed592bf2525b7,f6368bc0abf5dd4ec6242fca7959085ece237c6c2ecb4076692698456acd367d,284,0.0016022886848077178
land_pad2__2250.jpg,land_pad2,2250,5,1,292,1,291,0,True,0.1237686276435852,0.006074728909879923,0.6334729983550428,land_pad2,0.75,0.21442532533047404,0.7510688572755053,0.24893114272449468,d9ced95c7ec34b0239a57784ea02d19b1873329e0affd61067b3c35f7727df77,2e2364c8dd141492f50f3401f423859e9ea129fb31647694a37ebfc04918ac17,fb8066e586811b761d49635ef4478616a287739f1e7501a0504b85254987dca3,292,0.006074728909879923
land_pad2__2275.jpg,land_pad2,2275,5,1,300,1,299,0,True,0.09055715799331665,0.09055715799331665,0.715166133519628,land_pad2,0.75,0.1938866753975382,0.7485307314837798,0.2514692685162202,402ae05ab42afc2fffa75fbe66d84734a283109d99656fc72f014d6edb1ab588,40a903545faabd9f9accf88181488d4f4c3032708dc9ebdcb68047a1b4a96e71,0fbab0471ee8e10067d0ba352f9f35e97b5a0bc905deb4bdbf05ed16a0bf895a,300,0.012371578253805637
land_pad2__2300.jpg,land_pad2,2300,5,1,283,1,282,0,True,0.06255166232585907,0.06255166232585907,0.8584996932364769,land_pad2,0.75,0.1938866753975382,0.7515297906602254,0.24847020933977457,ff07e86b21e05b8d552e3f03b6baf0e87a4e43009f4ed595d462407ea796c9b8,d9e5843bcae9042248dd98d852d9eac96e38a19ddaa64a7edc4a090e53fa958e,634daacfba5d1c57877de1da142577261b50996363424aced7a4a6cf09f02896,283,0.0598292350769043
land_pad2__2325.jpg,land_pad2,2325,5,1,300,1,299,0,True,0.05015988647937775,0.039737850427627563,0.8203388903578538,land_pad2,0.75,0.21031739751447123,0.7496958905558592,0.25030410944414083,23d96423398a5d8a5724fe8f06ead733736e330cf1ab3e54a793331d91d6aeb0,de8347312164475c420bd67bfcafd115800683de4ee7f6ac6cc2c39ad78d13e3,f0a9688ce9bcc8871efeffb6fbdc293c6153e1929f9913e39a747085350ef43b,300,0.01371562946587801
land_pad2__2350.jpg,land_pad2,2350,5,1,273,1,272,0,True,0.037330981343984604,0.037330981343984604,0.8092774097257112,land_pad2,0.75,0.2212583533470759,0.7502490365555478,0.24975096344445227,cf09f077f3666b811c0daf1415b79fe8f61853aea2aa6c0cbfef3503b40a02c1,b8115b132e284b1f34232c00a1fd02b0cd9ae16496daeebc03cb3e5dda475645,bf89790b85a7fe3d428b9cb18d4826601cdc4d43e41b84f36880b715b80b018e,273,0.037330981343984604
land_pad2__2375.jpg,land_pad2,2375,5,1,300,1,299,0,True,0.15003995597362518,0.15003995597362518,0.7807550595546139,land_pad2,0.75,0.20631530843584195,0.7490312965722802,0.2509687034277198,a8b9448c170c2f5759e648cf46906b276c4029584032902fa4d29ba71ff421bb,08895d194ebe7b4570ae1968b32c7c9f5f2556506309653c00bac8379e9b5bf0,35703f0917d4f34a0c4b80233f77f739284b4cfba62be812019e3e054987fa09,300,0.15003995597362518
land_pad2__2400.jpg,land_pad2,2400,5,1,300,1,299,0,True,0.04354565218091011,0.013980016112327576,0.8046176837615712,land_pad2,0.75,0.27960418290516453,0.7506692160611854,0.24933078393881453,f043a7fec23fdd06ae2fc057ac020ed842af471650e97ab9e5f9dd881311c89e,203f28bc196c8642d8724843859415d00cd7897ddf3237697cc14561e4e252ab,f4297a689464ba1251cff09337a3bd6762bf8a59b9f4873612c0ccf6b28a2e7a,300,0.012093838304281235
land_pad2__2425.jpg,land_pad2,2425,5,1,300,1,299,0,True,0.017747443169355392,0.017747443169355392,0.8290130964687296,land_pad2,0.75,0.2617797525549669,0.749077281887553,0.2509227181124471,f0013c116ddc22ebc936c3152bb8ac5feb81557a191a403db91a2b8024740310,bf3e412409da76743c67629122fff0464f93b18616295a67d36c5b51afbf2be1,4a9bb6e07c3bb294c10810e828c4bc1c0f1a03d2a3a6049efe789bf7979c7286,300,0.017169522121548653
land_pad2__2450.jpg,land_pad2,2450,5,1,290,1,289,0,True,0.02928265370428562,0.02928265370428562,0.7833218032396512,land_pad2,0.75,0.37652180277989894,0.7498867249524245,0.2501132750475755,0d76c0cac01e125aa8e24291ef0650fb13860bab5844f951a834cf05aa5859be,b8300fa04b8f833c156d0366aa4420b37d7421609be35ca0d5e24fd64b20a8fa,fe47cb31e5e6e9175cbde8cf81ddca8cd254c4c60feda74188ee6017ae33a98e,290,0.02928265370428562
land_pad2__2475.jpg,land_pad2,2475,5,1,290,1,289,0,True,0.031591497361660004,0.031591497361660004,0.7994203569975447,land_pad2,0.75,0.5910193358470858,0.7501374719720386,0.2498625280279614,680c5987d402b13da1635ca16b6afd26863f7baf55ac0c680e0cba1ccc5f8d75,4b66414a9675f1545fd0761d0c26d0000aa498b7ca72918c6ff5c1915184acde,13e6848629963acc32a0139bc72fb7f3f06ecb32898c263ac268a2fdfe778818,290,0.031591497361660004
land_pad2__2500.jpg,land_pad2,2500,5,1,266,1,265,0,True,0.020367588847875595,0.01441756822168827,0.8471576559503299,land_pad2,0.75,0.554634549720467,0.7504744671111979,0.24952553288880205,da59d66e6237f1599d9107727b625f475d090a1730bea9ecbbde699e5e2cea09,010d8834fdef6802e9a300255fb480f46cbc766eac230e38787e1678b6b7545f,aa89829c611a7e9eaa3736be792657614176114309d6ade89fefc41af998692e,266,0.01441756822168827
land_pad2__2525.jpg,land_pad2,2525,5,1,254,1,253,0,True,0.01657264120876789,0.01657264120876789,0.7943729552113724,land_pad2,0.75,0.6701491238135181,0.7506281991624011,0.24937180083759888,4bf67210ed80cf3afaf88562036fa2a70121f4c746d38ef74363c85e46d7eae0,44607d6cab2cd49bb32adc57fec22a81ecedebaf125db119f8627db209ea35aa,784aadc8e47f82076303d812a2a724b3af07d1ed7799dbc72f231a5294d649ef,254,0.011363937519490719
