seed,profile,supervised,outcome,success,unsafe_touchdown,aborted,duration_s,final_x_error,final_vx,final_vz,max_risk,mean_risk,interventions,dropouts,architecture,reference_updates,reference_unavailable_steps,mean_normalized_disagreement,max_normalized_disagreement,final_bias_estimate_x,final_bias_confidence,mean_reference_weight
849005493,clean,False,success,True,False,False,22.55,0.11418043479694819,-0.038805799842044866,-0.30167039403991747,0.14964540252344338,0.06322018844533042,0,0,baseline,,,,,,,
849005493,clean,True,success,True,False,False,22.55,0.11418043479694819,-0.038805799842044866,-0.30167039403991747,0.14964540252344338,0.06322018844533042,0,0,aegis_v1,,,,,,,
849005493,clean,True,success,True,False,False,22.55,0.11422331894884799,-0.04066572888663379,-0.3014160341739418,0.1430839502355839,0.07496479941075235,0,0,aegis_v2,,,,,,,
849005493,clean,True,success,True,False,False,22.5,0.11033881094178871,-0.04499100581361738,-0.30065308024130083,0.15187445526561177,0.057245063709561034,2,0,aegis_v3,86.0,0.0,0.6137029558700544,2.9417349784609765,-0.032850491691453876,0.0,0.18806620738163615
341950992,clean,False,success,True,False,False,27.0,0.11814033578488073,0.02325271723465135,-0.263641395443304,0.21401421683588684,0.06511251954429903,0,0,baseline,,,,,,,
341950992,clean,True,success,True,False,False,27.0,0.11814033578488073,0.02325271723465135,-0.263641395443304,0.21401421683588684,0.06511251954429903,0,0,aegis_v1,,,,,,,
341950992,clean,True,success,True,False,False,27.0,0.11791791495882299,0.024190140129936623,-0.26378007707675355,0.18273977060618152,0.07531777773184715,0,0,aegis_v2,,,,,,,
341950992,clean,True,success,True,False,False,27.1,0.11493643232983221,0.03007218637910169,-0.25680496140494685,0.1597885174603621,0.05459775590000702,0,0,aegis_v3,98.0,0.0,0.533277547429025,2.23070947205834,-0.04462215274241696,0.0,0.18266786411583408
973711276,clean,False,success,True,False,False,29.200000000000003,0.03037730520702191,0.08479550865045905,-0.24613569373246574,0.1096524874469534,0.05810596538133268,0,0,baseline,,,,,,,
973711276,clean,True,success,True,False,False,29.200000000000003,0.03037730520702191,0.08479550865045905,-0.24613569373246574,0.1096524874469534,0.05810596538133268,0,0,aegis_v1,,,,,,,
973711276,clean,True,success,True,False,False,29.200000000000003,0.03254452145680773,0.08386000901710931,-0.24472071391823064,0.10359046591068878,0.06991497325256983,0,0,aegis_v2,,,,,,,
973711276,clean,True,success,True,False,False,29.3,0.042311159143571656,0.09702341063482302,-0.24145454072470468,0.1272427643803286,0.048467620505005554,0,0,aegis_v3,100.0,0.0,0.5391211981060398,1.6471052324740587,0.05068584473999809,0.0,0.17614234911879942
208429147,clean,False,success,True,False,False,29.5,0.07021165331238098,0.06461711856190071,-0.23455932500169827,0.17567131192216565,0.062092430874296604,0,0,baseline,,,,,,,
208429147,clean,True,success,True,False,False,29.5,0.07021165331238098,0.06461711856190071,-0.23455932500169827,0.17567131192216565,0.062092430874296604,0,0,aegis_v1,,,,,,,
208429147,clean,True,success,True,False,False,29.5,0.07263071606930334,0.06145917207382881,-0.23493150973986204,0.15989628660594152,0.07421294181348538,0,0,aegis_v2,,,,,,,
208429147,clean,True,success,True,False,False,29.450000000000003,0.05697538457456759,0.04901686662786058,-0.2296675506542339,0.1393833998650184,0.05019963136925901,0,0,aegis_v3,104.0,0.0,0.5070854486533001,2.046644345453969,-0.015746180997447432,0.0,0.18030632310678624
1325667533,clean,False,success,True,False,False,26.25,0.14706558261065875,0.002874509834143164,-0.26317155403956827,0.23317214259686359,0.06789355022996504,0,0,baseline,,,,,,,
1325667533,clean,True,success,True,False,False,26.25,0.14706558261065875,0.002874509834143164,-0.26317155403956827,0.23317214259686359,0.06789355022996504,0,0,aegis_v1,,,,,,,
1325667533,clean,True,success,True,False,False,26.200000000000003,0.14867386076626427,0.002745396414858204,-0.26311824168522735,0.22627232230390185,0.07909093445786186,0,0,aegis_v2,,,,,,,
1325667533,clean,True,success,True,False,False,26.200000000000003,0.13726172296984848,0.01766523782280613,-0.2596076671133841,0.25312563997811294,0.05741917306815917,0,0,aegis_v3,90.0,0.0,0.5144566143583713,1.8857113778160983,0.10174502473234177,0.00038370896873426394,0.1771865445161321
1494611980,clean,False,success,True,False,False,26.700000000000003,0.10176309062964144,0.010721741024767917,-0.2735676019124226,0.10299116406642941,0.05881422896628676,0,0,baseline,,,,,,,
1494611980,clean,True,success,True,False,False,26.700000000000003,0.10176309062964144,0.010721741024767917,-0.2735676019124226,0.10299116406642941,0.05881422896628676,0,0,aegis_v1,,,,,,,
1494611980,clean,True,success,True,False,False,26.650000000000002,0.10228887758824859,0.008423545940621696,-0.27460321179136443,0.09873913282525439,0.0687739373913418,0,0,aegis_v2,,,,,,,
1494611980,clean,True,success,True,False,False,26.55,0.07942352786272043,0.001648748314467274,-0.28042537077995794,0.12262150072574651,0.0511314850099742,1,0,aegis_v3,89.0,10.0,0.5950445785352665,2.5086427500519726,0.13141330413254868,0.022767873175902335,0.1722979893131362
427945999,clean,False,success,True,False,False,21.85,0.14716008245868661,0.007661324714500714,-0.292316259180338,0.2293731212823621,0.06792708085303148,0,0,baseline,,,,,,,
427945999,clean,True,success,True,False,False,21.85,0.14716008245868661,0.007661324714500714,-0.292316259180338,0.2293731212823621,0.06792708085303148,0,0,aegis_v1,,,,,,,
427945999,clean,True,success,True,False,False,21.85,0.14824137903763307,0.006156270358374391,-0.29205780526677666,0.20664697628845302,0.0768534542102893,0,0,aegis_v2,,,,,,,
427945999,clean,True,success,True,False,False,21.900000000000002,0.09818005451020564,-0.007940427728622424,-0.29608681566618955,0.1519763849944915,0.057252925837618145,0,0,aegis_v3,81.0,0.0,0.5145879949623956,2.134706530712108,-0.0916748864881744,0.0,0.1844472165219505
973288064,clean,False,success,True,False,False,25.0,0.059482525586793074,-0.06961417303738891,-0.27773189726277436,0.11693759574221604,0.060421648893870916,0,0,baseline,,,,,,,
973288064,clean,True,success,True,False,False,25.0,0.059482525586793074,-0.06961417303738891,-0.27773189726277436,0.11693759574221604,0.060421648893870916,0,0,aegis_v1,,,,,,,
973288064,clean,True,success,True,False,False,24.950000000000003,0.058738034273301085,-0.0640435530077849,-0.2786825961884319,0.12101901099574035,0.07208824894544089,0,0,aegis_v2,,,,,,,
973288064,clean,True,success,True,False,False,24.950000000000003,0.08350493060124711,-0.041966448325697424,-0.2774855608489682,0.09017122882210528,0.04946144005751082,0,0,aegis_v3,87.0,0.0,0.5396496802210153,1.9229764386396828,-0.013519880657979724,0.0,0.1775323618358569
1619040974,clean,False,success,True,False,False,23.450000000000003,0.05254841850838576,-0.06328060184427,-0.2875598388519348,0.2123643696273923,0.06825241693150032,0,0,baseline,,,,,,,
1619040974,clean,True,success,True,False,False,23.450000000000003,0.05254841850838576,-0.06328060184427,-0.2875598388519348,0.2123643696273923,0.06825241693150032,0,0,aegis_v1,,,,,,,
1619040974,clean,True,success,True,False,False,23.450000000000003,0.050676686783919324,-0.0651549235910586,-0.28586917516280175,0.19504428782695898,0.07924693162068835,0,0,aegis_v2,,,,,,,
1619040974,clean,True,success,True,False,False,23.400000000000002,0.03715524878762087,-0.07040028505248021,-0.28379461033541914,0.17308732660332574,0.06123771642416807,1,0,aegis_v3,84.0,0.0,0.6175731877749695,3.312373462864657,-0.10133170383245822,0.00013802894736326,0.1810506293746499
1800951558,clean,False,success,True,False,False,24.0,0.006483474139211323,-0.0888561017457236,-0.2892925016524438,0.2105333641676037,0.06524612117440586,0,0,baseline,,,,,,,
1800951558,clean,True,success,True,False,False,24.0,0.006483474139211323,-0.0888561017457236,-0.2892925016524438,0.2105333641676037,0.06524612117440586,0,0,aegis_v1,,,,,,,
1800951558,clean,True,success,True,False,False,23.950000000000003,0.008682839679981944,-0.09629620022299236,-0.290912234379272,0.1953303217951215,0.07518906953120645,0,0,aegis_v2,,,,,,,
1800951558,clean,True,success,True,False,False,24.0,0.007367948827829192,-0.09265805742016708,-0.2936710581553421,0.1871010934133899,0.05839472933122848,0,0,aegis_v3,85.0,5.0,0.5982608654408194,2.1498800874366033,0.04242828241539585,0.0,0.18019259056422623
1861156568,clean,False,success,True,False,False,22.05,0.12934228086902336,-0.035902857948855366,-0.28193683173224615,0.11787201035548597,0.057826268910515656,0,0,baseline,,,,,,,
1861156568,clean,True,success,True,False,False,22.05,0.12934228086902336,-0.035902857948855366,-0.28193683173224615,0.11787201035548597,0.057826268910515656,0,0,aegis_v1,,,,,,,
1861156568,clean,True,success,True,False,False,22.0,0.13241729970790753,-0.033730133038358215,-0.28020681946166326,0.09971471534949289,0.06843853769084438,0,0,aegis_v2,,,,,,,
1861156568,clean,True,success,True,False,False,22.0,0.1556874484061945,-0.019324595754683187,-0.2774368435615392,0.11057533401719075,0.050372694837030704,1,0,aegis_v3,78.0,5.0,0.5649541847231858,2.216353350853629,0.0340697378011141,0.0,0.1796494201015611
779456925,clean,False,success,True,False,False,29.6,0.09346734202964779,0.07869914496017368,-0.2422711560879836,0.2077016647329419,0.06349941527450759,0,0,baseline,,,,,,,
779456925,clean,True,success,True,False,False,29.6,0.09346734202964779,0.07869914496017368,-0.2422711560879836,0.2077016647329419,0.06349941527450759,0,0,aegis_v1,,,,,,,
779456925,clean,True,success,True,False,False,29.6,0.09578448203524238,0.07696467365833587,-0.24183936444356924,0.18135902576298446,0.0744158004114419,0,0,aegis_v2,,,,,,,
779456925,clean,True,success,True,False,False,29.6,0.06809365701676195,0.07277205014957772,-0.23780287138015607,0.1709794813911918,0.05350013977458738,0,0,aegis_v3,102.0,0.0,0.5453710877442559,1.9557134147185016,-0.04153479626520915,0.0,0.17813421346985575
1044892652,clean,False,success,True,False,False,20.35,0.07624779687612084,0.07189361078866104,-0.26558004899003373,0.09819433433844063,0.057290470902780125,0,0,baseline,,,,,,,
1044892652,clean,True,success,True,False,False,20.35,0.07624779687612084,0.07189361078866104,-0.26558004899003373,0.09819433433844063,0.057290470902780125,0,0,aegis_v1,,,,,,,
1044892652,clean,True,success,True,False,False,20.3,0.07557976845382205,0.07401041745150981,-0.2644527960294893,0.10067367831490037,0.06909876511048582,0,0,aegis_v2,,,,,,,
1044892652,clean,True,success,True,False,False,20.35,0.12666158337801048,0.05780316210692879,-0.26831731225151906,0.08086186271942239,0.045980008936488924,0,0,aegis_v3,74.0,0.0,0.5369198705178991,1.8271617959878423,0.10995560732662224,0.004543215330290013,0.18245895584883204
1506677459,clean,False,success,True,False,False,27.6,0.06383269313098641,0.0821355067444987,-0.2518512794321075,0.19419776570396946,0.06408561506610944,0,0,baseline,,,,,,,
1506677459,clean,True,success,True,False,False,27.6,0.06383269313098641,0.0821355067444987,-0.2518512794321075,0.19419776570396946,0.06408561506610944,0,0,aegis_v1,,,,,,,
1506677459,clean,True,success,True,False,False,27.55,0.0667584881031135,0.0802905923918952,-0.25297027100699804,0.17689014963402835,0.07432116226420919,0,0,aegis_v2,,,,,,,
1506677459,clean,True,success,True,False,False,27.650000000000002,0.054091880856904834,0.07054283379901025,-0.2494322296520838,0.1498784184623185,0.05379721160870345,0,0,aegis_v3,101.0,0.0,0.5174859814921536,2.2226342623774302,0.0259188955181254,0.0,0.18384326217301464
1057884515,clean,False,success,True,False,False,27.200000000000003,0.1116366678461515,0.03325874046288367,-0.2627320861717619,0.10595727178080416,0.05856358519085717,0,0,baseline,,,,,,,
1057884515,clean,True,success,True,False,False,27.200000000000003,0.1116366678461515,0.03325874046288367,-0.2627320861717619,0.10595727178080416,0.05856358519085717,0,0,aegis_v1,,,,,,,
1057884515,clean,True,success,True,False,False,27.200000000000003,0.11085598508240078,0.03567333063581684,-0.26374869971709475,0.10190758994910651,0.07024495588279411,0,0,aegis_v2,,,,,,,
1057884515,clean,True,success,True,False,False,27.35,0.09306255768998574,0.06513587805245911,-0.2668418928082833,0.16304200894421497,0.05102566580009729,2,0,aegis_v3,99.0,0.0,0.5918563602301292,3.12562737912153,-0.06080239636899649,0.0,0.182312724039886
1333683623,clean,False,success,True,False,False,25.55,0.08931063770581583,-0.04506086370291968,-0.282072601551651,0.09466960974765153,0.05706287758891403,0,0,baseline,,,,,,,
1333683623,clean,True,success,True,False,False,25.55,0.08931063770581583,-0.04506086370291968,-0.282072601551651,0.09466960974765153,0.05706287758891403,0,0,aegis_v1,,,,,,,
1333683623,clean,True,success,True,False,False,25.55,0.09073474610016014,-0.04533683276323793,-0.2818682691354539,0.10524335306899368,0.06893660767858945,0,0,aegis_v2,,,,,,,
1333683623,clean,True,success,True,False,False,25.5,0.09678115374354339,-0.031599840286785384,-0.27848721773706986,0.07057923785306305,0.0454514766324262,0,0,aegis_v3,88.0,0.0,0.5311097258910237,1.6557643381612888,-0.03753482499907728,0.0,0.17671170612139536
35081912,clean,False,success,True,False,False,31.200000000000003,0.16467290867096807,-0.005675802307019165,-0.23980419263452296,0.11413390509674347,0.06086915912809646,0,0,baseline,,,,,,,
35081912,clean,True,success,True,False,False,31.200000000000003,0.16467290867096807,-0.005675802307019165,-0.23980419263452296,0.11413390509674347,0.06086915912809646,0,0,aegis_v1,,,,,,,
35081912,clean,True,success,True,False,False,31.150000000000002,0.16625119132203714,0.0015321990551233917,-0.2406210346758237,0.11958161833015694,0.0721796992130003,0,0,aegis_v2,,,,,,,
35081912,clean,True,success,True,False,False,31.200000000000003,0.14196999664975127,-0.013125643143155692,-0.24660174167751622,0.13473124266411735,0.052105315829487096,0,0,aegis_v3,110.0,0.0,0.5613423895138786,2.1389759366639076,0.016290890268549147,0.0,0.17912584147593152
1771742342,clean,False,success,True,False,False,26.05,0.09876222285973331,-0.03137491199821517,-0.27219143312020794,0.1517741100954223,0.062096058011059066,0,0,baseline,,,,,,,
1771742342,clean,True,success,True,False,False,26.05,0.09876222285973331,-0.03137491199821517,-0.27219143312020794,0.1517741100954223,0.062096058011059066,0,0,aegis_v1,,,,,,,
1771742342,clean,True,success,True,False,False,26.05,0.1002413375534556,-0.02970576106838178,-0.2718211192434998,0.14070186012912098,0.07318962191198454,0,0,aegis_v2,,,,,,,
1771742342,clean,True,success,True,False,False,26.05,0.10600579730272316,-0.02536450037509895,-0.2800530952862488,0.11534557467025225,0.052058278493144115,1,0,aegis_v3,102.0,0.0,0.5387641659961626,2.193642073867692,0.02796270839169529,0.0,0.19042271066833677
673996437,clean,False,success,True,False,False,30.950000000000003,0.1115241909563084,-0.006797888176224481,-0.24330990090986088,0.23361111684566188,0.06593362109558618,0,0,baseline,,,,,,,
673996437,clean,True,success,True,False,False,30.950000000000003,0.1115241909563084,-0.006797888176224481,-0.24330990090986088,0.23361111684566188,0.06593362109558618,0,0,aegis_v1,,,,,,,
673996437,clean,True,success,True,False,False,30.900000000000002,0.11245531411358768,-0.008243419899844548,-0.24512510513408173,0.2106817204788603,0.07870621256708785,0,0,aegis_v2,,,,,,,
673996437,clean,True,success,True,False,False,30.85,0.1223898476796852,0.007368626755991942,-0.2430780906279482,0.1648499513232214,0.05610691548130719,0,0,aegis_v3,112.0,0.0,0.6073768406675351,2.56102812129837,-0.02753139475052742,0.0,0.18269937859651658
1732018760,clean,False,success,True,False,False,27.5,0.10459036038056374,0.05508272589002319,-0.2547848681449063,0.20928648773514807,0.06517290350160025,0,0,baseline,,,,,,,
1732018760,clean,True,success,True,False,False,27.5,0.10459036038056374,0.05508272589002319,-0.2547848681449063,0.20928648773514807,0.06517290350160025,0,0,aegis_v1,,,,,,,
1732018760,clean,True,success,True,False,False,27.5,0.10335457836493539,0.05736130580355906,-0.25427988002084373,0.19441371848357297,0.07716320240367695,0,0,aegis_v2,,,,,,,
1732018760,clean,True,success,True,False,False,27.650000000000002,0.10958158270054479,0.07727817797249216,-0.24373527964430627,0.15212489438535468,0.053266583493248976,1,0,aegis_v3,97.0,0.0,0.5238974286998764,2.607502918009591,-0.008698686099478527,0.0,0.17860979475668082
2122291877,clean,False,success,True,False,False,20.6,0.0637979118698961,0.0783301130592619,-0.27919663301105424,0.12004496046426033,0.060878447381233804,0,0,baseline,,,,,,,
2122291877,clean,True,success,True,False,False,20.6,0.0637979118698961,0.0783301130592619,-0.27919663301105424,0.12004496046426033,0.060878447381233804,0,0,aegis_v1,,,,,,,
2122291877,clean,True,success,True,False,False,20.55,0.06184655451869395,0.07956996753654129,-0.2771554921965624,0.111153101730693,0.07059573722430089,0,0,aegis_v2,,,,,,,
2122291877,clean,True,success,True,False,False,20.6,0.07199820144086908,0.10770409386237938,-0.2724298460570996,0.08894798610493324,0.05019632490485406,0,0,aegis_v3,68.0,0.0,0.598058612236624,1.7536276425925073,0.0342425267208069,0.0,0.17166897950508922
990025547,clean,False,success,True,False,False,26.3,0.12295856487962172,-0.020126298094092165,-0.26817614289829583,0.12769174377477885,0.061000942284602,0,0,baseline,,,,,,,
990025547,clean,True,success,True,False,False,26.3,0.12295856487962172,-0.020126298094092165,-0.26817614289829583,0.12769174377477885,0.061000942284602,0,0,aegis_v1,,,,,,,
990025547,clean,True,success,True,False,False,26.25,0.12336994550966769,-0.017594089159867942,-0.2653789418524013,0.1200756832388823,0.07248087402387988,0,0,aegis_v2,,,,,,,
990025547,clean,True,success,True,False,False,26.3,0.14566139305961257,-0.024306337867279697,-0.2711345410036965,0.15059074636102912,0.05384989202187724,2,0,aegis_v3,96.0,0.0,0.6078243369441965,2.8552150514188224,-0.03523199523277657,0.0,0.1833091859660691
785759428,clean,False,success,True,False,False,21.1,0.10127475415930103,0.029871946728093325,-0.28276422778711474,0.20229477570223942,0.06500340465183918,0,0,baseline,,,,,,,
785759428,clean,True,success,True,False,False,21.1,0.10127475415930103,0.029871946728093325,-0.28276422778711474,0.20229477570223942,0.06500340465183918,0,0,aegis_v1,,,,,,,
785759428,clean,True,success,True,False,False,21.05,0.10236880424603911,0.029949321382231893,-0.2834064427508515,0.16581438190579292,0.07446229520314618,0,0,aegis_v2,,,,,,,
785759428,clean,True,success,True,False,False,21.0,0.11119216476417834,0.022027271447104087,-0.2827752146309881,0.1298126084846058,0.055853831869665985,1,0,aegis_v3,76.0,0.0,0.5084816516204196,2.3632463889630992,-0.008729114338287844,0.0,0.18198506294666897
1793898007,clean,False,success,True,False,False,20.200000000000003,0.059692391269564805,0.09460705830240468,-0.26582325444377497,0.09772506950714663,0.0568496791902774,0,0,baseline,,,,,,,
1793898007,clean,True,success,True,False,False,20.200000000000003,0.059692391269564805,0.09460705830240468,-0.26582325444377497,0.09772506950714663,0.0568496791902774,0,0,aegis_v1,,,,,,,
1793898007,clean,True,success,True,False,False,20.150000000000002,0.05760752975752964,0.08933051883930264,-0.2660247996490682,0.09349476229818865,0.06995603394350461,0,0,aegis_v2,,,,,,,
1793898007,clean,True,success,True,False,False,20.150000000000002,0.06404205640641265,0.07547594980376135,-0.26652804233674604,0.08992750360101702,0.04912753477407072,0,0,aegis_v3,75.0,0.0,0.5952778035553373,2.1918413730259267,-0.10078456798837158,0.00013079572848440028,0.18500242332272795
2036084388,clean,False,success,True,False,False,30.950000000000003,0.12773229173475684,-0.009886922548597549,-0.2331635472608593,0.10297366718662677,0.058084465595112024,0,0,baseline,,,,,,,
2036084388,clean,True,success,True,False,False,30.950000000000003,0.12773229173475684,-0.009886922548597549,-0.2331635472608593,0.10297366718662677,0.058084465595112024,0,0,aegis_v1,,,,,,,
2036084388,clean,True,success,True,False,False,30.900000000000002,0.12954285446333672,-0.0031461722643209332,-0.23261413421527347,0.10831814063513509,0.06909671322035965,0,0,aegis_v2,,,,,,,
2036084388,clean,True,success,True,False,False,31.05,0.11784668734226768,-0.02550144122348099,-0.23022412945434442,0.11493373374104032,0.04816437170419165,1,0,aegis_v3,113.0,0.0,0.48683203238195893,2.4363836550996805,-0.0372067776126217,0.0,0.18272344954515696
441725630,clean,False,success,True,False,False,28.650000000000002,0.004904077215839392,0.07930923565489595,-0.24176721287517658,0.18921830853794658,0.06375275555598545,0,0,baseline,,,,,,,
441725630,clean,True,success,True,False,False,28.650000000000002,0.004904077215839392,0.07930923565489595,-0.24176721287517658,0.18921830853794658,0.06375275555598545,0,0,aegis_v1,,,,,,,
441725630,clean,True,success,True,False,False,28.650000000000002,0.007661637661296817,0.07959048982821984,-0.2411209754410671,0.16907466839538388,0.07439080437924042,0,0,aegis_v2,,,,,,,
441725630,clean,True,success,True,False,False,28.75,0.014587939663390462,0.08802934066021255,-0.24921803448019614,0.15447043514264036,0.05479133690976596,1,0,aegis_v3,102.0,5.0,0.5575662599994663,2.6259220322988033,-0.053503276869868964,0.0,0.17775152005962494
2039790685,clean,False,success,True,False,False,27.55,0.07719768294325197,0.07726795496866182,-0.2469694064442553,0.178461083305925,0.06296025848729425,0,0,baseline,,,,,,,
2039790685,clean,True,success,True,False,False,27.55,0.07719768294325197,0.07726795496866182,-0.2469694064442553,0.178461083305925,0.06296025848729425,0,0,aegis_v1,,,,,,,
2039790685,clean,True,success,True,False,False,27.5,0.08030297239742511,0.078651003100517,-0.24922940234084937,0.1738866081376837,0.07517392851040353,0,0,aegis_v2,,,,,,,
2039790685,clean,True,success,True,False,False,27.8,0.06988579386899547,0.10469751716784843,-0.23372474709210328,0.162094107732595,0.05324274541258258,2,0,aegis_v3,96.0,0.0,0.5950225686409892,3.1646566206107267,0.035357693993261656,0.0,0.17806179796093566
1797273089,clean,False,success,True,False,False,20.150000000000002,0.051535995540561944,0.07296940229780717,-0.2667641993494251,0.19072952810478927,0.06610715350288625,0,0,baseline,,,,,,,
1797273089,clean,True,success,True,False,False,20.150000000000002,0.051535995540561944,0.07296940229780717,-0.2667641993494251,0.19072952810478927,0.06610715350288625,0,0,aegis_v1,,,,,,,
1797273089,clean,True,success,True,False,False,20.150000000000002,0.05424186216625528,0.07363620983708749,-0.26797225552377085,0.17240711155533078,0.0758483188220134,0,0,aegis_v2,,,,,,,
1797273089,clean,True,success,True,False,False,20.25,0.03592250851423411,0.07538283187189844,-0.26140953109282844,0.1754448847142113,0.05814305169417317,4,0,aegis_v3,67.0,0.0,0.5718143810387523,2.5196130852372773,0.008218043325338728,0.0,0.17361241948500838
1765268380,clean,False,success,True,False,False,30.75,0.15348523059461527,-0.024206837274295345,-0.22706829487899077,0.12506452418024802,0.06018263320887726,0,0,baseline,,,,,,,
1765268380,clean,True,success,True,False,False,30.75,0.15348523059461527,-0.024206837274295345,-0.22706829487899077,0.12506452418024802,0.06018263320887726,0,0,aegis_v1,,,,,,,
1765268380,clean,True,success,True,False,False,30.700000000000003,0.15637381951762314,-0.02410507113797171,-0.22989102528310548,0.1274142778940525,0.07169489697505319,0,0,aegis_v2,,,,,,,
1765268380,clean,True,success,True,False,False,30.700000000000003,0.13787760452877262,-0.029765839017273695,-0.23216073881218172,0.12499237754757045,0.0514482173328186,1,0,aegis_v3,102.0,20.0,0.5608220888705219,2.626976591822803,-0.012620465024641687,0.0,0.17084627472291194
1548403591,clean,False,success,True,False,False,29.700000000000003,0.09118641570560772,0.06761475991825658,-0.24352401040352414,0.2076876709795954,0.06493621201720115,0,0,baseline,,,,,,,
1548403591,clean,True,success,True,False,False,29.700000000000003,0.09118641570560772,0.06761475991825658,-0.24352401040352414,0.2076876709795954,0.06493621201720115,0,0,aegis_v1,,,,,,,
1548403591,clean,True,success,True,False,False,29.700000000000003,0.09356789453586532,0.065344235228058,-0.24318963501472313,0.17996873547593376,0.07482036664029072,0,0,aegis_v2,,,,,,,
1548403591,clean,True,success,True,False,False,29.55,0.08364542972557984,0.059879906731099414,-0.24224212365128914,0.16052301045610584,0.0562080436595013,1,0,aegis_v3,102.0,0.0,0.572011627211281,3.250960800666445,0.05833263919626713,0.0,0.17788992524237904
957038861,blur,False,success,True,False,False,20.200000000000003,0.018095334271954026,0.0846447511569607,-0.2727113790615449,0.6056232781489487,0.22642270355675367,0,4,baseline,,,,,,,
957038861,blur,True,success,True,False,False,20.200000000000003,0.018095334271954026,0.0846447511569607,-0.2727113790615449,0.6056232781489487,0.22642270355675367,0,4,aegis_v1,,,,,,,
957038861,blur,True,success,True,False,False,20.150000000000002,0.01885330195792908,0.07033632248061603,-0.270259602292381,0.30708332539780836,0.22689814703130015,0,4,aegis_v2,,,,,,,
957038861,blur,True,success,True,False,False,20.1,0.06117895401947653,0.07511832785058935,-0.27041761709207945,0.2083926135415145,0.13079085732611748,0,4,aegis_v3,66.0,0.0,0.5302972231796904,1.9648880407986946,0.22515132215127434,0.1945468839125542,0.1713420871550508
685159018,blur,False,success,True,False,False,20.400000000000002,0.02100382885466215,0.08122435545335602,-0.27666313008165244,0.6278484757305102,0.23553477811579174,0,10,baseline,,,,,,,
685159018,blur,True,success,True,False,False,20.400000000000002,0.02100382885466215,0.08122435545335602,-0.27666313008165244,0.6278484757305102,0.23553477811579174,0,10,aegis_v1,,,,,,,
685159018,blur,True,success,True,False,False,20.400000000000002,0.025155591235313357,0.07757070191194568,-0.2757127709313088,0.37027195043605693,0.23639177626222632,0,10,aegis_v2,,,,,,,
685159018,blur,True,success,True,False,False,20.400000000000002,0.027163409138519643,0.057461898137457654,-0.27050427929893395,0.24578960428151833,0.1348360759518309,0,10,aegis_v3,72.0,0.0,0.5129291441494573,2.0007518720594426,0.09116736563107046,0.0,0.17923642652353486
1473549634,blur,False,success,True,False,False,26.1,0.2230208314013342,0.0019137385519943165,-0.27649295083691816,0.5624667548661391,0.22212561510688503,0,4,baseline,,,,,,,
1473549634,blur,True,success,True,False,False,26.1,0.2230208314013342,0.0019137385519943165,-0.27649295083691816,0.5624667548661391,0.22212561510688503,0,4,aegis_v1,,,,,,,
1473549634,blur,True,success,True,False,False,26.05,0.2240104067871563,-0.004669414770918756,-0.2764390321807034,0.31338949128887467,0.22747398854153322,0,4,aegis_v2,,,,,,,
1473549634,blur,True,success,True,False,False,26.1,0.22612260947246327,0.01632410756511028,-0.27744038514240926,0.20829907680815257,0.12576370146585714,0,4,aegis_v3,94.0,0.0,0.5545352896323961,2.0036309305424926,0.068768233035744,0.0,0.18277858464345242
487858402,blur,False,success,True,False,False,24.8,0.10743867524330838,-0.08574019101819677,-0.2948654961258868,0.574060308988289,0.2239119059941551,0,12,baseline,,,,,,,
487858402,blur,True,success,True,False,False,24.8,0.10743867524330838,-0.08574019101819677,-0.2948654961258868,0.574060308988289,0.2239119059941551,0,12,aegis_v1,,,,,,,
487858402,blur,True,success,True,False,False,24.8,0.11263398039950193,-0.08636568745911535,-0.29734159574614255,0.2889493310257238,0.2247671965209117,0,12,aegis_v2,,,,,,,
487858402,blur,True,success,True,False,False,24.85,0.08904733346008704,-0.10751129694029835,-0.2969709341529522,0.1912762244368363,0.12626725746098125,0,12,aegis_v3,91.0,0.0,0.5914423051541757,2.4941637378012023,0.0803871078878382,0.0,0.18335814034195652
943560198,blur,False,success,True,False,False,26.150000000000002,0.2150834055936074,0.00958834484002246,-0.2852125263148003,0.5895518489682668,0.22268575229595375,0,9,baseline,,,,,,,
943560198,blur,True,success,True,False,False,26.150000000000002,0.2150834055936074,0.00958834484002246,-0.2852125263148003,0.5895518489682668,0.22268575229595375,0,9,aegis_v1,,,,,,,
943560198,blur,True,success,True,False,False,26.150000000000002,0.21911273145156956,0.013614787394111632,-0.2835630753645601,0.29704423992326234,0.22535113279591082,0,9,aegis_v2,,,,,,,
943560198,blur,True,success,True,False,False,26.150000000000002,0.21064766304048577,0.01909276126989627,-0.28810309611891927,0.20973442285187913,0.12965297562551853,0,9,aegis_v3,95.0,0.0,0.6218711057323805,2.301128375591523,-0.02998305962585332,0.0,0.1828218917285555
1092862654,blur,False,success,True,False,False,24.700000000000003,0.11177851701079693,-0.09069124921479983,-0.27771510901030133,0.5664317810784767,0.21792259171027648,0,2,baseline,,,,,,,
1092862654,blur,True,success,True,False,False,24.700000000000003,0.11177851701079693,-0.09069124921479983,-0.27771510901030133,0.5664317810784767,0.21792259171027648,0,2,aegis_v1,,,,,,,
1092862654,blur,True,success,True,False,False,24.650000000000002,0.10990609687420863,-0.1235998507415837,-0.26552779716180547,0.29406850601465134,0.22569855193809749,0,2,aegis_v2,,,,,,,
1092862654,blur,True,success,True,False,False,24.700000000000003,0.1205162704275346,-0.09447588423512693,-0.2739610715138175,0.17094428385448618,0.12330817198433756,0,2,aegis_v3,92.0,0.0,0.5822893252985328,2.205718563469494,0.0620654345124527,0.0,0.18539509303916454
641043036,blur,False,success,True,False,False,21.3,0.03706669799589533,0.05661255682608002,-0.3155045195133251,0.5654704351271811,0.2266805444783201,0,7,baseline,,,,,,,
641043036,blur,True,success,True,False,False,21.3,0.03706669799589533,0.05661255682608002,-0.3155045195133251,0.5654704351271811,0.2266805444783201,0,7,aegis_v1,,,,,,,
641043036,blur,True,success,True,False,False,21.3,0.03946245840638154,0.05396992264760617,-0.32035925989660874,0.294369292714972,0.22792710237680608,0,7,aegis_v2,,,,,,,
641043036,blur,True,success,True,False,False,21.25,0.038348334077720626,0.04977388354670189,-0.32250355891165033,0.1868581526469224,0.1292984307859105,0,7,aegis_v3,78.0,0.0,0.5146325887825588,1.9442522785012972,0.01966029629892264,0.0,0.18454829938843886
606193532,blur,False,success,True,False,False,26.55,0.14270960218200557,0.017352796230831347,-0.28339324845820385,0.5767319548972825,0.2224003495789657,0,11,baseline,,,,,,,
606193532,blur,True,success,True,False,False,26.55,0.14270960218200557,0.017352796230831347,-0.28339324845820385,0.5767319548972825,0.2224003495789657,0,11,aegis_v1,,,,,,,
606193532,blur,True,success,True,False,False,26.55,0.1387646491350246,0.02792673826781232,-0.278852421348875,0.2959540180718673,0.2246671563806364,0,11,aegis_v2,,,,,,,
606193532,blur,True,success,True,False,False,26.55,0.13657111946542522,0.027290543766795558,-0.28228816623308073,0.17033244174214457,0.12296420919898834,0,11,aegis_v3,98.0,0.0,0.5205062878773978,2.1961693406214526,0.04176927570626985,0.0,0.1839479427237497
737102080,blur,False,success,True,False,False,20.950000000000003,0.00988767486277297,0.04784859544550249,-0.25855476929252136,0.694849931744057,0.23466932099316629,0,11,baseline,,,,,,,
737102080,blur,True,success,True,False,False,20.950000000000003,0.00988767486277297,0.04784859544550249,-0.25855476929252136,0.694849931744057,0.23466932099316629,1,11,aegis_v1,,,,,,,
737102080,blur,True,success,True,False,False,20.900000000000002,0.004319808594815853,0.0700592052897239,-0.26077049261231244,0.3629912491408218,0.2332838184203649,0,11,aegis_v2,,,,,,,
737102080,blur,True,success,True,False,False,20.900000000000002,0.01613894944884491,0.08368603264880037,-0.25513428175337094,0.24196349783975862,0.13392158999715795,0,11,aegis_v3,78.0,0.0,0.5337931469310228,2.1016219661016056,0.10061575387697752,6.718469989216477e-05,0.18589627529968528
1054238700,blur,False,success,True,False,False,19.6,0.04620661473447348,0.11396783070675344,-0.2627626904421128,0.6453554895922925,0.23237659604827904,0,12,baseline,,,,,,,
1054238700,blur,True,success,True,False,False,19.6,0.04620661473447348,0.11396783070675344,-0.2627626904421128,0.6453554895922925,0.23237659604827904,0,12,aegis_v1,,,,,,,
1054238700,blur,True,success,True,False,False,19.6,0.0414694329505914,0.11923319629856483,-0.2661109340670047,0.3330525833257831,0.23131973669524522,0,12,aegis_v2,,,,,,,
1054238700,blur,True,success,True,False,False,19.650000000000002,0.02993637876354467,0.08024093134957211,-0.26422763374602726,0.27121978998139273,0.1325421927271379,0,12,aegis_v3,74.0,5.0,0.5533165330234592,2.3151339477589126,0.06510982053252702,0.0,0.1850597063762653
1134258114,blur,False,success,True,False,False,23.1,0.06582560533071727,-0.07161909719423111,-0.2706119434219293,0.6072814921560441,0.2289364229163612,0,12,baseline,,,,,,,
1134258114,blur,True,success,True,False,False,23.1,0.06582560533071727,-0.07161909719423111,-0.2706119434219293,0.6072814921560441,0.2289364229163612,0,12,aegis_v1,,,,,,,
1134258114,blur,True,success,True,False,False,23.0,0.060905785884402965,-0.07236376379863388,-0.26837151680768173,0.32285081067821786,0.2290549662089782,0,12,aegis_v2,,,,,,,
1134258114,blur,True,success,True,False,False,23.150000000000002,0.050328004512125414,-0.0734729769571808,-0.2691289114647298,0.21190915827933804,0.12886607288268317,1,12,aegis_v3,82.0,0.0,0.5637638396948,2.2072007049226703,0.1024291658624128,0.0004948726138653437,0.18029366906949768
498745858,blur,False,success,True,False,False,21.3,0.029348441027421686,-0.0021597863028059196,-0.29880642604298074,0.6665775975467646,0.23246553135716166,0,9,baseline,,,,,,,
498745858,blur,True,success,True,False,False,21.3,0.029348441027421686,-0.0021597863028059196,-0.29880642604298074,0.6665775975467646,0.23246553135716166,0,9,aegis_v1,,,,,,,
498745858,blur,True,success,True,False,False,21.3,0.03266347671375219,-0.0031963452641377275,-0.2997156798836669,0.3498632637181315,0.23253961644808174,0,9,aegis_v2,,,,,,,
498745858,blur,True,success,True,False,False,21.400000000000002,0.05783337158495488,-0.0022365749102702358,-0.29689276213083404,0.232956623865278,0.13272647647852992,1,9,aegis_v3,78.0,0.0,0.5303957050554512,2.5933505679599467,0.06246758199669733,0.0,0.1839543559648822
708409723,blur,False,success,True,False,False,22.200000000000003,0.014161600175074524,-0.03244974983032809,-0.30106693688231656,0.6572577625276276,0.23204309624907962,0,10,baseline,,,,,,,
708409723,blur,True,success,True,False,False,22.200000000000003,0.014161600175074524,-0.03244974983032809,-0.30106693688231656,0.6572577625276276,0.23204309624907962,0,10,aegis_v1,,,,,,,
708409723,blur,True,success,True,False,False,22.150000000000002,0.007755839433014966,-0.040153057114824794,-0.301440184550727,0.3825340954291814,0.23281882075365817,0,10,aegis_v2,,,,,,,
708409723,blur,True,success,True,False,False,22.150000000000002,0.022968272248980022,-0.0439777873118852,-0.3008305587797946,0.28313069950164205,0.13557584865669906,0,10,aegis_v3,73.0,5.0,0.5819239260176305,2.1007959600371695,0.07164089230395487,0.0,0.17211475832698256
387791746,blur,False,success,True,False,False,27.650000000000002,0.14602553920877556,0.13356927403375507,-0.2608264323262,0.5682892088489443,0.22610146034908613,0,6,baseline,,,,,,,
387791746,blur,True,success,True,False,False,27.650000000000002,0.14602553920877556,0.13356927403375507,-0.2608264323262,0.5682892088489443,0.22610146034908613,0,6,aegis_v1,,,,,,,
387791746,blur,True,success,True,False,False,27.55,0.15489687173538988,0.11916172224667246,-0.2578621378400371,0.34760511524777726,0.23065127632134538,0,6,aegis_v2,,,,,,,
387791746,blur,True,success,True,False,False,27.700000000000003,0.1011326992514087,0.1199324239401448,-0.2609354957272973,0.24539775696859106,0.12952980403857922,0,6,aegis_v3,98.0,0.0,0.562793660991179,1.9576751986267658,0.15663969326546526,0.038103103281226354,0.18044859218834322
1811527496,blur,False,success,True,False,False,20.450000000000003,0.005768373361009903,0.06524061397885715,-0.28055673396778413,0.7385705140424786,0.2272974514523275,0,10,baseline,,,,,,,
1811527496,blur,True,success,True,False,False,20.55,0.0014325922539948667,0.07419464680274784,-0.278562864326943,0.7385705140424786,0.2273083640206272,2,10,aegis_v1,,,,,,,
1811527496,blur,True,success,True,False,False,20.400000000000002,0.00548547798040686,0.06283055423256038,-0.27775024886164684,0.3544668337666942,0.22732869649817866,0,10,aegis_v2,,,,,,,
1811527496,blur,True,success,True,False,False,20.450000000000003,0.000208743052450265,0.05933709080998674,-0.28336001644815784,0.18582710039225064,0.1268740491141842,1,10,aegis_v3,74.0,0.0,0.5337265075008736,2.323315652060423,0.017745145224923747,0.0,0.18242204192526737
363621912,blur,False,success,True,False,False,22.25,0.06542766562921763,-0.006131219437178532,-0.28262169866812237,0.5655632188651385,0.23129568812898563,0,10,baseline,,,,,,,
363621912,blur,True,success,True,False,False,22.25,0.06542766562921763,-0.006131219437178532,-0.28262169866812237,0.5655632188651385,0.23129568812898563,0,10,aegis_v1,,,,,,,
363621912,blur,True,success,True,False,False,22.200000000000003,0.06803816661451514,-0.005623595240327296,-0.272894685926865,0.3198588590853109,0.23174261269515195,0,10,aegis_v2,,,,,,,
363621912,blur,True,success,True,False,False,22.25,0.0820338361280009,-0.02112612661689543,-0.288813155893738,0.21825990018608973,0.13213982280585654,0,10,aegis_v3,73.0,0.0,0.5789250388959283,2.098552498034743,0.06627349969522166,0.0,0.17353501224370094
1874907050,blur,False,success,True,False,False,24.650000000000002,0.20258044336202408,-0.15536593408349234,-0.2505390566638171,0.6469658634264434,0.23433022335894388,0,11,baseline,,,,,,,
1874907050,blur,True,success,True,False,False,24.650000000000002,0.20258044336202408,-0.15536593408349234,-0.2505390566638171,0.6469658634264434,0.23433022335894388,0,11,aegis_v1,,,,,,,
1874907050,blur,True,success,True,False,False,24.700000000000003,0.2147775355326665,-0.15762849656933528,-0.24946443632402984,0.36005496561973316,0.23646831555907913,0,11,aegis_v2,,,,,,,
1874907050,blur,True,success,True,False,False,24.700000000000003,0.19195865371517956,-0.12646584860118934,-0.2479409533680696,0.2562954309274625,0.1336618794543606,0,11,aegis_v3,93.0,0.0,0.5459854759480941,1.873323291408517,0.03017290489278254,0.0,0.18698316270292728
560435206,blur,False,success,True,False,False,20.85,0.01708900381778224,0.03131395636805506,-0.2986170331851671,0.7078972671969757,0.23408295660179484,0,9,baseline,,,,,,,
560435206,blur,True,success,True,False,False,20.900000000000002,0.01941785488496825,0.04657702134372019,-0.29265746532985315,0.7078972671969757,0.234040339884923,2,9,aegis_v1,,,,,,,
560435206,blur,True,success,True,False,False,20.85,0.020898791578125638,0.02446399150795596,-0.2993694456000644,0.4323857714664131,0.23515134252826042,0,9,aegis_v2,,,,,,,
560435206,blur,True,success,True,False,False,20.85,0.014997091759432694,0.034252674649606414,-0.30192440129224857,0.2703084506438213,0.13471474211933704,0,9,aegis_v3,72.0,0.0,0.5322768429081067,2.2656889393943245,0.015627872496215712,0.0,0.17816770548292526
1785200279,blur,False,success,True,False,False,22.75,0.009167915421201734,-0.026158480694363953,-0.2756761648223783,0.5851395204031762,0.22774753515038346,0,8,baseline,,,,,,,
1785200279,blur,True,success,True,False,False,22.75,0.009167915421201734,-0.026158480694363953,-0.2756761648223783,0.5851395204031762,0.22774753515038346,0,8,aegis_v1,,,,,,,
1785200279,blur,True,success,True,False,False,22.650000000000002,0.0102778684545421,-0.01593214119675859,-0.28439089611379714,0.3193995731480792,0.23230072884206243,0,8,aegis_v2,,,,,,,
1785200279,blur,True,success,True,False,False,22.650000000000002,0.034885754601828745,-0.004126145403879623,-0.28202413007351457,0.20361653627203813,0.12931754428100908,0,8,aegis_v3,81.0,0.0,0.526793331848617,2.2233813183602504,0.08794616485588251,0.0,0.18118928203240234
1166927170,blur,False,success,True,False,False,21.650000000000002,0.009153984058277848,0.01176808911831316,-0.3017757856182463,0.5710727384471015,0.23368956040844602,0,13,baseline,,,,,,,
1166927170,blur,True,success,True,False,False,21.650000000000002,0.009153984058277848,0.01176808911831316,-0.3017757856182463,0.5710727384471015,0.23368956040844602,0,13,aegis_v1,,,,,,,
1166927170,blur,True,success,True,False,False,21.6,0.006411839443454245,0.0240051590847204,-0.29501960678164896,0.33916721144601303,0.23163981154239763,0,13,aegis_v2,,,,,,,
1166927170,blur,True,success,True,False,False,21.6,0.0015735412033397041,0.0007013016552162524,-0.2954698139812836,0.2516857391525572,0.1318610286758692,0,13,aegis_v3,75.0,0.0,0.5803087785880083,2.76520114435837,0.00033323245550613095,0.0,0.1781224142894392
631258291,blur,False,success,True,False,False,29.950000000000003,0.02642556118020409,0.06337689576723995,-0.24772713680838993,0.6570661607320383,0.2309574555955206,0,14,baseline,,,,,,,
631258291,blur,True,success,True,False,False,29.950000000000003,0.02642556118020409,0.06337689576723995,-0.24772713680838993,0.6570661607320383,0.2309574555955206,0,14,aegis_v1,,,,,,,
631258291,blur,True,success,True,False,False,29.950000000000003,0.021988672978052085,0.06083713356556632,-0.24786283201959036,0.37016886636386687,0.23118157597803382,0,14,aegis_v2,,,,,,,
631258291,blur,True,success,True,False,False,29.950000000000003,0.03424118036620118,0.06867282690944151,-0.24810573499862898,0.23897722536945226,0.13098677792372937,0,14,aegis_v3,109.0,0.0,0.5118805839148538,2.3810402348783626,0.07291540165013362,0.0,0.18279863482489714
1885506458,blur,False,success,True,False,False,21.150000000000002,0.042401830537875204,0.057846191502268995,-0.26989900289939683,0.6155011400656991,0.22948616171451214,0,8,baseline,,,,,,,
1885506458,blur,True,success,True,False,False,21.150000000000002,0.042401830537875204,0.057846191502268995,-0.26989900289939683,0.6155011400656991,0.22948616171451214,0,8,aegis_v1,,,,,,,
1885506458,blur,True,success,True,False,False,21.150000000000002,0.04146726993423409,0.06221504413729328,-0.26867287423966957,0.3271687037486839,0.2297523430109241,0,8,aegis_v2,,,,,,,
1885506458,blur,True,success,True,False,False,21.1,0.03020604254149744,0.09528172839288611,-0.2752475724824437,0.21545889598972431,0.13129865362466203,0,8,aegis_v3,77.0,0.0,0.5072013629063055,2.4943386217194194,0.11675095309714233,0.000605815619840841,0.18343474290683348
1576028546,blur,False,success,True,False,False,20.900000000000002,0.047593543349081315,0.04831922735952773,-0.2648780829372893,0.5684862248673992,0.23055097857185966,0,7,baseline,,,,,,,
1576028546,blur,True,success,True,False,False,20.900000000000002,0.047593543349081315,0.04831922735952773,-0.2648780829372893,0.5684862248673992,0.23055097857185966,0,7,aegis_v1,,,,,,,
1576028546,blur,True,success,True,False,False,20.85,0.04534328727954245,0.05300125874962747,-0.271371914494925,0.34694200768103295,0.2296537868870334,0,7,aegis_v2,,,,,,,
1576028546,blur,True,success,True,False,False,20.950000000000003,0.01161196422980837,0.06922735426375262,-0.2695097118698096,0.23098775603377694,0.13395883196072877,0,7,aegis_v3,77.0,0.0,0.5805807291063767,2.162955414277958,0.1773356848409379,0.0817215846152168,0.1847403278192958
919318781,blur,False,success,True,False,False,22.3,0.041510582274236936,-0.01586021317909916,-0.3016665313100705,0.7137089199396488,0.22545857953297957,0,10,baseline,,,,,,,
919318781,blur,True,success,True,False,False,22.35,0.04174633820143598,0.004715118543980906,-0.27574369648568,0.7137089199396488,0.22547610894016828,1,10,aegis_v1,,,,,,,
919318781,blur,True,success,True,False,False,22.3,0.038507717740847186,-0.0309465321355218,-0.30423197543563796,0.32794257333927673,0.22630132880530343,0,10,aegis_v2,,,,,,,
919318781,blur,True,success,True,False,False,22.25,0.09653166771784162,-0.03363582572190277,-0.30555650100558396,0.19516536560713343,0.12663397004429544,0,10,aegis_v3,77.0,0.0,0.6283427251848069,2.063341758849269,0.17098200054995757,0.06396156043685856,0.17688060507521097
1703329973,blur,False,success,True,False,False,25.0,0.13394393031620488,-0.0507789152913768,-0.2720771514400339,0.7267724283108636,0.23203390761932519,0,11,baseline,,,,,,,
1703329973,blur,True,success,True,False,False,25.05,0.13652263063982492,-0.05157400647240099,-0.27717444805976477,0.7267724283108636,0.23196373623759198,1,11,aegis_v1,,,,,,,
1703329973,blur,True,success,True,False,False,24.900000000000002,0.1304985864893224,-0.03486172416480457,-0.2718109562506064,0.36502731569000135,0.23296033281879835,0,11,aegis_v2,,,,,,,
1703329973,blur,True,success,True,False,False,25.0,0.13549489618569113,-0.0452281668601748,-0.2683539453050071,0.2412727696699289,0.13124379638526634,0,11,aegis_v3,85.0,0.0,0.4940645919309501,2.2321257977778375,0.0964847873224161,0.0,0.17547644306604424
639668938,blur,False,success,True,False,False,22.35,0.03270937874747963,-0.03455397671529997,-0.29306529668723125,0.5732881187266957,0.22775824358799662,0,7,baseline,,,,,,,
639668938,blur,True,success,True,False,False,22.35,0.03270937874747963,-0.03455397671529997,-0.29306529668723125,0.5732881187266957,0.22775824358799662,0,7,aegis_v1,,,,,,,
639668938,blur,True,success,True,False,False,22.400000000000002,0.03343347360611811,-0.037907864879253544,-0.2892390945474004,0.3210331546098328,0.2330762031038271,0,7,aegis_v2,,,,,,,
639668938,blur,True,success,True,False,False,22.450000000000003,0.0009562041918775479,-0.03836603726070478,-0.2902552652453545,0.22955378282969696,0.12999642747613485,0,7,aegis_v3,83.0,0.0,0.6044991181656988,2.1203842580740155,0.1066154496949896,0.0010182842868573878,0.185146124525217
1537058389,blur,False,success,True,False,False,24.650000000000002,0.17412690479119175,-0.029795531793908724,-0.30576415635674764,0.5839739769930952,0.22611236443542573,0,5,baseline,,,,,,,
1537058389,blur,True,success,True,False,False,24.650000000000002,0.17412690479119175,-0.029795531793908724,-0.30576415635674764,0.5839739769930952,0.22611236443542573,0,5,aegis_v1,,,,,,,
1537058389,blur,True,success,True,False,False,24.650000000000002,0.18134403381805253,-0.03274945072977239,-0.3061312695641945,0.3253125532122091,0.22798538506746516,0,5,aegis_v2,,,,,,,
1537058389,blur,True,success,True,False,False,24.650000000000002,0.19018589094037341,-0.040070075174056106,-0.3133018323038545,0.2004735918003143,0.1277400569575044,0,5,aegis_v3,88.0,0.0,0.5396600759017726,1.9953633012030734,-0.04271757953882634,0.0,0.18109043619075943
243386845,blur,False,success,True,False,False,20.950000000000003,0.04383495821446317,0.04066740500388249,-0.29479488612049387,0.5671559104323112,0.22148650367515216,0,8,baseline,,,,,,,
243386845,blur,True,success,True,False,False,20.950000000000003,0.04383495821446317,0.04066740500388249,-0.29479488612049387,0.5671559104323112,0.22148650367515216,0,8,aegis_v1,,,,,,,
243386845,blur,True,success,True,False,False,20.950000000000003,0.048904192809757274,0.04127472154080534,-0.3018111823846387,0.29316608707017716,0.2248558331880045,0,8,aegis_v2,,,,,,,
243386845,blur,True,success,True,False,False,21.0,0.08790218122886458,0.040583340152773935,-0.29998210146797044,0.15731491103600803,0.1232259356434261,0,8,aegis_v3,73.0,5.0,0.5383802049438761,2.0947236097425295,0.16121218457984196,0.07407266506572172,0.17712736727510345
550703772,blur,False,success,True,False,False,26.700000000000003,0.16608721685021458,0.08164760646310776,-0.2367732192449064,0.578136804177307,0.2307095668217733,0,16,baseline,,,,,,,
550703772,blur,True,success,True,False,False,26.700000000000003,0.16608721685021458,0.08164760646310776,-0.2367732192449064,0.578136804177307,0.2307095668217733,0,16,aegis_v1,,,,,,,
550703772,blur,True,success,True,False,False,26.700000000000003,0.16661915069269992,0.06663626674207898,-0.24694083490871022,0.3580910555507097,0.22959373700248087,0,16,aegis_v2,,,,,,,
550703772,blur,True,success,True,False,False,26.55,0.15742981449537266,0.012768385547193738,-0.2538000039995387,0.300994569572985,0.13075397617257004,0,15,aegis_v3,96.0,5.0,0.5056832949111192,2.1587864569892723,0.10077151025928939,5.024971856566338e-05,0.18158311076864847
686547138,blur,False,success,True,False,False,28.5,0.01590451974469799,0.13622558922667702,-0.2523593962359447,0.663777097347653,0.2257002779979857,0,9,baseline,,,,,,,
686547138,blur,True,success,True,False,False,28.5,0.01590451974469799,0.13622558922667702,-0.2523593962359447,0.663777097347653,0.2257002779979857,0,9,aegis_v1,,,,,,,
686547138,blur,True,success,True,False,False,28.450000000000003,0.01992915081243426,0.14713595885479894,-0.2633677013467538,0.33356170284694986,0.22676498759025446,0,9,aegis_v2,,,,,,,
686547138,blur,True,success,True,False,False,28.450000000000003,0.006847201008397237,0.1347001811715179,-0.2643102357107074,0.23737869627939812,0.12655279018693227,0,9,aegis_v3,99.0,0.0,0.49268419936977415,2.13178090378877,0.0994796420889608,0.0,0.17731172276675378
2094813077,low_light,False,success,True,False,False,25.1,0.3666424178760886,0.02891970914696456,-0.25759896453208786,0.7475471646446347,0.3548498944687017,0,17,baseline,,,,,,,
2094813077,low_light,True,success,True,False,False,25.25,0.366501512275192,-0.007602169399944646,-0.26470734986019273,0.7475471646446347,0.3547635289956559,3,17,aegis_v1,,,,,,,
2094813077,low_light,True,success,True,False,False,25.05,0.3597195960516052,-0.03961193996844641,-0.265055153187471,0.4275004400720409,0.32355427077987814,0,17,aegis_v2,,,,,,,
2094813077,low_light,True,success,True,False,False,25.200000000000003,0.2220248997077239,-0.0345026331051497,-0.26092150213593834,0.281156214250528,0.18723896840462664,0,17,aegis_v3,88.0,0.0,0.6163774805269451,2.2618637830664103,0.2213910920087021,0.12972975976308282,0.17916499927426693
570821404,low_light,False,success,True,False,False,26.950000000000003,0.25826731240055106,0.05988579975546678,-0.2719844653105809,0.7879645786713966,0.3599935974905565,0,29,baseline,,,,,,,
570821404,low_light,True,success,True,False,False,27.05,0.2492976548033391,0.09193916585499284,-0.2570402540997646,0.7879645786713966,0.35996538732220634,3,29,aegis_v1,,,,,,,
570821404,low_light,True,success,True,False,False,26.950000000000003,0.25696441996940383,0.09038329497975006,-0.26700687156404596,0.43304817891876735,0.3267818641097807,0,29,aegis_v2,,,,,,,
570821404,low_light,True,success,True,False,False,26.900000000000002,0.22044171173168356,0.09542751343139175,-0.2611648599643825,0.3299493230469665,0.18676941863825272,0,29,aegis_v3,96.0,5.0,0.6327196663159661,3.0462269800062582,0.20178264584147132,0.12159209960033088,0.1803216977556388
1726577868,low_light,False,success,True,False,False,26.950000000000003,0.38730383200352547,0.0645884844482896,-0.24465787625925395,0.787243305018705,0.36159402291543813,0,26,baseline,,,,,,,
1726577868,low_light,True,success,True,False,False,27.3,0.3665697842621533,0.07219836757842425,-0.26547296454758945,0.787243305018705,0.361298040999356,7,26,aegis_v1,,,,,,,
1726577868,low_light,True,success,True,False,False,26.8,0.38906954298137086,0.05576471231780329,-0.27312049570433466,0.48009275663119294,0.32805090141488513,0,26,aegis_v2,,,,,,,
1726577868,low_light,True,success,True,False,False,26.950000000000003,0.32664586067532564,0.027284623925041933,-0.24793952680355236,0.35572817477031504,0.19220952172846129,0,26,aegis_v3,96.0,5.0,0.5461497604093487,2.047746987436554,0.12719586125593088,0.008034435193441606,0.1807456964380695
848014907,low_light,False,success,True,False,False,26.3,0.31952887780627515,-0.02698292343208729,-0.24265662994679243,0.7516427073817121,0.35914457873998246,0,24,baseline,,,,,,,
848014907,low_light,True,success,True,False,False,26.450000000000003,0.32101468098850044,-0.004901647756168817,-0.22492213612569192,0.7516427073817121,0.3590384326495426,3,24,aegis_v1,,,,,,,
848014907,low_light,True,success,True,False,False,26.200000000000003,0.3207940024406925,-0.04026726285996329,-0.24594523129306092,0.45841856507704953,0.325656714623792,0,24,aegis_v2,,,,,,,
848014907,low_light,True,success,True,False,False,26.3,0.2428026417039899,-0.008050020639419325,-0.23937724011584766,0.3261491416998093,0.1885260910850979,0,24,aegis_v3,97.0,0.0,0.6225652805074395,2.2717309161376646,0.30784998521242507,0.48577789167541796,0.18291578869381891
436129903,low_light,False,success,True,False,False,30.05,0.12128282497397322,0.005868063730757638,-0.21850862770566257,0.8457636065528267,0.36397354469775,0,39,baseline,,,,,,,
436129903,low_light,True,safe_abort,False,False,True,28.05,0.2564951304954182,0.22134157830354415,-0.24949443479712172,0.8104088303349444,0.36274146782107297,10,34,aegis_v1,,,,,,,
436129903,low_light,True,success,True,False,False,30.1,0.10993546954697475,-0.0022018071959798583,-0.21958639088096474,0.485645140776112,0.3291852329445912,1,40,aegis_v2,,,,,,,
436129903,low_light,True,success,True,False,False,30.0,0.002127873774773509,-0.007336263415904582,-0.22542107318573074,0.31670164182106947,0.1882845209451961,0,38,aegis_v3,107.0,0.0,0.5435951471381605,2.1360008394455714,0.24111231021619842,0.24557961017104837,0.18093363944864482
695032838,low_light,False,success,True,False,False,28.25,0.21698254829721203,0.11185388906874612,-0.2830067121234337,0.7985461821023296,0.35779736797605255,0,37,baseline,,,,,,,
695032838,low_light,True,safe_abort,False,False,True,27.400000000000002,0.36314851540275317,0.15527945129645482,-0.2273772834760438,0.7985461821023296,0.35720571058516176,5,35,aegis_v1,,,,,,,
695032838,low_light,True,success,True,False,False,28.200000000000003,0.22807713685820313,0.13873926214414387,-0.2878378068095047,0.4415842244531636,0.3207548723657082,0,37,aegis_v2,,,,,,,
695032838,low_light,True,success,True,False,False,28.200000000000003,0.13341794110754465,0.11661136994945084,-0.28509887131274886,0.2363639741958288,0.1835456251938543,0,37,aegis_v3,99.0,0.0,0.6221986357043047,2.278815275391872,0.2660419164667174,0.2984487987767198,0.18016596176527816
1038333419,low_light,False,success,True,False,False,24.650000000000002,0.2165887427674983,-0.06842927212218795,-0.29780764256193654,0.7894776793360222,0.3594919300129174,0,32,baseline,,,,,,,
1038333419,low_light,True,success,True,False,False,24.85,0.22858625517092793,-0.059999499902828456,-0.2903396490243265,0.7894776793360222,0.3592441322249922,5,32,aegis_v1,,,,,,,
1038333419,low_light,True,success,True,False,False,24.6,0.21618683039369793,-0.052099420242173886,-0.2925426960473266,0.4220363897847539,0.3229721335760249,0,32,aegis_v2,,,,,,,
1038333419,low_light,True,success,True,False,False,24.700000000000003,0.08213689538092984,-0.15474697420513678,-0.2946670472555539,0.2455638164988809,0.18439122881344214,0,32,aegis_v3,87.0,0.0,0.5929199853723219,2.366034048547148,0.19059827851665676,0.0464982679467782,0.17996343242050888
761453142,low_light,False,success,True,False,False,23.650000000000002,0.15869412089389964,-0.13331330185790602,-0.29189575065339,0.675296270600506,0.3464278070661027,0,11,baseline,,,,,,,
761453142,low_light,True,success,True,False,False,23.650000000000002,0.15869412089389964,-0.13331330185790602,-0.29189575065339,0.675296270600506,0.3464278070661027,0,11,aegis_v1,,,,,,,
761453142,low_light,True,success,True,False,False,23.6,0.15787754435963466,-0.13281700194200516,-0.2845748511526151,0.37108505070388476,0.31852523397687266,0,11,aegis_v2,,,,,,,
761453142,low_light,True,success,True,False,False,23.6,0.03358319910241015,-0.13090081918049581,-0.2843708409455912,0.22326321502224683,0.1801460639308758,0,11,aegis_v3,82.0,0.0,0.6509038862580865,2.0842640165092043,0.22563845819595088,0.25372104074491203,0.1788041983033463
1604072912,low_light,False,success,True,False,False,24.650000000000002,0.29383269609047724,-0.029558374724524515,-0.27025643060871096,0.7897182602962297,0.3612575938705229,0,23,baseline,,,,,,,
1604072912,low_light,True,success,True,False,False,24.85,0.30488652347019596,-0.07795627207165631,-0.2654750484278499,0.7897182602962297,0.3617094206567606,5,24,aegis_v1,,,,,,,
1604072912,low_light,True,success,True,False,False,24.55,0.2997944533149521,-0.010341787481540314,-0.2654450722484425,0.46345825015373476,0.3281608069677218,0,23,aegis_v2,,,,,,,
1604072912,low_light,True,success,True,False,False,24.5,0.0746014134918906,0.025165045142868176,-0.2664081133819351,0.3515932108787867,0.19319923517042298,0,23,aegis_v3,84.0,0.0,0.5771271597273087,2.020670859101749,0.34854827378872494,0.7101379251106427,0.17583381200940937
1394993081,low_light,False,success,True,False,False,21.25,0.09078501883393612,0.01583760721172149,-0.24179403661579232,0.7018297175855838,0.3560625264909393,0,24,baseline,,,,,,,
1394993081,low_light,True,success,True,False,False,21.5,0.08649854131574797,0.008042979995139449,-0.2681407977028351,0.7018297175855838,0.35571783143798613,5,24,aegis_v1,,,,,,,
1394993081,low_light,True,success,True,False,False,21.150000000000002,0.09182770667385748,0.0340687870484765,-0.2447059386561082,0.39626804691039186,0.3215906146230058,0,24,aegis_v2,,,,,,,
1394993081,low_light,True,success,True,False,False,21.1,0.0034857346326604955,0.08168069178212858,-0.25077093952450596,0.26288577094672483,0.1865673541178467,0,24,aegis_v3,76.0,0.0,0.5814305997179783,2.283726534071797,0.24207374654774907,0.2846150243956302,0.1815757229686847
512824488,low_light,False,success,True,False,False,27.3,0.3897603740221952,0.008926475140076225,-0.24791165149967304,0.8388122076968654,0.3602441392025804,0,28,baseline,,,,,,,
512824488,low_light,True,success,True,False,False,27.55,0.38042359608471465,0.07006248340624303,-0.2191132742959729,0.8388122076968654,0.36013291719116847,5,28,aegis_v1,,,,,,,
512824488,low_light,True,success,True,False,False,27.25,0.38502853578929996,0.00693604589612511,-0.24178889930883737,0.45419015054485024,0.32506362266132,0,28,aegis_v2,,,,,,,
512824488,low_light,True,success,True,False,False,27.150000000000002,0.3327341419520637,0.004681533922993441,-0.24655086239491844,0.2935990435980382,0.18799480034780414,0,28,aegis_v3,99.0,0.0,0.5138709719239913,2.288863195027047,0.1688416148320752,0.04788165121512934,0.1832110378439764
306119069,low_light,False,success,True,False,False,22.900000000000002,0.19169066449033373,-0.0002706222786315743,-0.3125364333636703,0.7768144177873246,0.35711025615682696,0,24,baseline,,,,,,,
306119069,low_light,True,success,True,False,False,23.05,0.1920516897658249,-0.006729794842792104,-0.28837899039102505,0.7768144177873246,0.3568898422943895,4,24,aegis_v1,,,,,,,
306119069,low_light,True,success,True,False,False,22.8,0.19552989956708838,0.0037294500071739876,-0.3071699220647988,0.452213973469738,0.3221965916361732,0,24,aegis_v2,,,,,,,
306119069,low_light,True,success,True,False,False,22.700000000000003,0.13328232563175602,-0.016940704301935554,-0.3113614265960871,0.35323211283917744,0.18815938593908674,0,24,aegis_v3,83.0,0.0,0.658167257925596,2.4491784473675793,0.1316455185375249,0.00975344128379838,0.18260593484590226
1845773256,low_light,False,success,True,False,False,26.75,0.3748777937995525,-0.038865633635590896,-0.24771713388674066,0.6792935566119536,0.3464561661777132,0,18,baseline,,,,,,,
1845773256,low_light,True,success,True,False,False,26.75,0.3748777937995525,-0.038865633635590896,-0.24771713388674066,0.6792935566119536,0.3464561661777132,0,18,aegis_v1,,,,,,,
1845773256,low_light,True,success,True,False,False,26.700000000000003,0.36611037734818125,-0.043051699929721396,-0.24796052476999886,0.3840262664464402,0.3178803896445769,0,18,aegis_v2,,,,,,,
1845773256,low_light,True,success,True,False,False,26.6,0.3543888229946765,-0.0192609909479791,-0.25256892955350485,0.21735633859834566,0.18063192898074076,0,18,aegis_v3,98.0,0.0,0.5641157152664344,1.9534725301371643,0.10511785575021741,6.61252800141214e-05,0.1840179474748694
627966221,low_light,False,success,True,False,False,28.700000000000003,0.18769022802754987,0.015195503063785571,-0.2300533309675363,0.7512821021328197,0.351474910723346,0,25,baseline,,,,,,,
627966221,low_light,True,success,True,False,False,28.950000000000003,0.1810233222788373,0.014354493197591568,-0.20960755682781848,0.7512821021328197,0.3513533936582233,4,25,aegis_v1,,,,,,,
627966221,low_light,True,success,True,False,False,28.700000000000003,0.1880677523246291,0.01583294464307695,-0.23292344476520138,0.435547404274233,0.3199012872394955,0,25,aegis_v2,,,,,,,
627966221,low_light,True,success,True,False,False,28.75,0.16007132786910777,0.03604650011652437,-0.21992137416999188,0.2593559677204952,0.1844329396993896,0,25,aegis_v3,103.0,0.0,0.5593304995391436,2.1408942343210766,0.0321903470659542,0.0,0.18175653889396498
1595200573,low_light,False,success,True,False,False,21.950000000000003,0.08149730399657173,-0.06192977164307214,-0.3318439825117752,0.8171163597047144,0.36319249241842627,0,28,baseline,,,,,,,
1595200573,low_light,True,safe_abort,False,False,True,20.75,0.05629672152636981,0.06321456768787292,-0.29464854353302494,0.7957199962909182,0.3626451567621053,6,26,aegis_v1,,,,,,,
1595200573,low_light,True,success,True,False,False,21.8,0.08827694907814213,-0.11914271868996969,-0.3078218301509081,0.48710957588275083,0.32736047144876623,1,28,aegis_v2,,,,,,,
1595200573,low_light,True,success,True,False,False,21.700000000000003,0.014662119767539982,-0.08410478751096506,-0.3067445916560645,0.3141243606134241,0.19216201601590324,0,28,aegis_v3,74.0,5.0,0.6160106353661706,2.373857575634346,0.2719133608478353,0.39496237178362403,0.17587964757185776
1112270714,low_light,False,success,True,False,False,26.75,0.31392065485706594,-0.03771251084498079,-0.28042921418808353,0.6774409165100932,0.3541230991284823,0,30,baseline,,,,,,,
1112270714,low_light,True,success,True,False,False,26.75,0.31392065485706594,-0.03771251084498079,-0.28042921418808353,0.6774409165100932,0.3541230991284823,0,30,aegis_v1,,,,,,,
1112270714,low_light,True,success,True,False,False,26.650000000000002,0.31049027225713943,-0.04877374931179401,-0.2679389798696444,0.37974298907814114,0.318155215863974,0,30,aegis_v2,,,,,,,
1112270714,low_light,True,success,True,False,False,26.650000000000002,0.17944183427233837,0.024561665231750157,-0.267005625986013,0.2658995168799458,0.18572996255133548,1,30,aegis_v3,90.0,5.0,0.6088265242198192,2.3814052693758208,0.3507480354632168,0.7164229584663337,0.17439578214148485
1672825328,low_light,False,success,True,False,False,25.150000000000002,0.35829680729063185,-0.009558419751519736,-0.2723801606336478,0.8029146679210479,0.35327716829443523,0,18,baseline,,,,,,,
1672825328,low_light,True,success,True,False,False,25.400000000000002,0.3620775398858308,-0.03258294671524153,-0.2723606640908428,0.8029146679210479,0.35304304328873315,6,18,aegis_v1,,,,,,,
1672825328,low_light,True,success,True,False,False,25.1,0.3702658323825533,-0.004424556989416227,-0.27931949229921416,0.4651869324499547,0.3220593159002525,0,18,aegis_v2,,,,,,,
1672825328,low_light,True,success,True,False,False,25.05,0.32776710730875885,-0.029980940526186797,-0.26879240817392475,0.2996178255045212,0.18585407517169927,0,18,aegis_v3,87.0,0.0,0.6041532742920429,2.660779293044544,0.13820580707878838,0.010452446237641333,0.17753222082445633
1690794376,low_light,False,success,True,False,False,24.150000000000002,0.2690197950451557,-0.03316146632670456,-0.3153476973504908,0.816671758264488,0.36177437040213706,0,24,baseline,,,,,,,
1690794376,low_light,True,safe_abort,False,False,True,22.700000000000003,0.18951053156297393,-0.10265700260583271,-0.2694465751156825,0.816671758264488,0.3634365216165943,6,24,aegis_v1,,,,,,,
1690794376,low_light,True,success,True,False,False,24.0,0.2997613116230085,-0.03451430926008436,-0.29246957288209846,0.47384389636443747,0.3289696740601538,0,24,aegis_v2,,,,,,,
1690794376,low_light,True,success,True,False,False,24.05,0.04359007824465877,0.0195197539817641,-0.3066850829490801,0.34986861741055225,0.19239905530252935,0,24,aegis_v3,82.0,0.0,0.5681270755747558,2.13568721895222,0.3933194284368788,0.8380555098196536,0.17657723283294555
44105874,low_light,False,success,True,False,False,22.950000000000003,0.10193560723490473,-0.048829211224819494,-0.29202241490768577,0.7912854736941567,0.35594471113550036,0,17,baseline,,,,,,,
44105874,low_light,True,success,True,False,False,23.05,0.1077609157755262,-0.06103988179612836,-0.2907455760121836,0.7912854736941567,0.3558254969531798,3,17,aegis_v1,,,,,,,
44105874,low_light,True,success,True,False,False,22.950000000000003,0.09609694825734695,-0.03994657431345493,-0.29684895556384633,0.44161266062302806,0.32532161025466017,0,17,aegis_v2,,,,,,,
44105874,low_light,True,success,True,False,False,22.900000000000002,0.06629396021129431,0.0005903064538439681,-0.29918592340402694,0.2964310706936401,0.1874668233473153,0,17,aegis_v3,81.0,0.0,0.5423981720886124,1.8918450663291075,0.1793894210448915,0.0677478071046826,0.17960955107115864
1069674673,low_light,False,success,True,False,False,27.25,0.33213916407372235,0.02060872962223097,-0.2634536331103143,0.798560150248175,0.3569572068869987,0,28,baseline,,,,,,,
1069674673,low_light,True,success,True,False,False,27.450000000000003,0.3234921193709718,0.05827395609853943,-0.27987612989864813,0.798560150248175,0.35679907424144197,5,28,aegis_v1,,,,,,,
1069674673,low_light,True,success,True,False,False,27.200000000000003,0.33323802630509636,0.028699117426765675,-0.25099527369083463,0.43239897959926554,0.32251696062392154,0,28,aegis_v2,,,,,,,
1069674673,low_light,True,success,True,False,False,27.25,0.2352019432956596,0.053206190403474414,-0.2526768736749934,0.2634495524945285,0.18532706604584318,0,28,aegis_v3,98.0,0.0,0.5460169874459834,2.141997491132703,0.3084164658312148,0.5294030610903178,0.18255577984414986
621484525,low_light,False,success,True,False,False,30.200000000000003,0.1343860315779585,0.12553535792924106,-0.251503459144944,0.782258283264319,0.3566654213937754,0,32,baseline,,,,,,,
621484525,low_light,True,success,True,False,False,30.400000000000002,0.11046444358676966,0.09661869677976365,-0.2674280753854802,0.782258283264319,0.3564494952254295,4,32,aegis_v1,,,,,,,
621484525,low_light,True,success,True,False,False,30.200000000000003,0.12632139633158398,0.1101546551301116,-0.25695386827338795,0.44128389197736567,0.3226388539869585,0,32,aegis_v2,,,,,,,
621484525,low_light,True,success,True,False,False,30.1,0.06305049883005487,0.08380196945232704,-0.26728983714725885,0.2708051229430195,0.18589896452973168,0,32,aegis_v3,108.0,0.0,0.6067213672261546,2.296581764979669,0.15287876105420803,0.05327075232923762,0.18195335338583
759361104,low_light,False,success,True,False,False,24.3,0.2587823688856398,-0.09770586138213673,-0.3059233807400403,0.8509428769136796,0.35748571428962794,0,29,baseline,,,,,,,
759361104,low_light,True,success,True,False,False,24.6,0.2797315025868654,-0.04840967389484309,-0.2939627797328099,0.8509428769136796,0.3578456964665531,8,30,aegis_v1,,,,,,,
759361104,low_light,True,success,True,False,False,24.25,0.2601046532833647,-0.12118456396967495,-0.29836725565754324,0.45536031492662576,0.32260600230849595,0,29,aegis_v2,,,,,,,
759361104,low_light,True,success,True,False,False,24.3,0.11440004702034261,-0.07487232790417883,-0.30044203154071036,0.26597189511577096,0.18498551916102196,1,29,aegis_v3,86.0,0.0,0.5947785732451947,2.82363801102542,0.27911033051056294,0.47374677488797157,0.18057281396831915
1943711629,low_light,False,success,True,False,False,24.35,0.2951958671913028,-0.08206283467061648,-0.33242444971971624,0.8629414213913399,0.36770078720224997,0,33,baseline,,,,,,,
1943711629,low_light,True,success,True,False,False,24.8,0.30259346243153135,0.014356504496508393,-0.2893870846813571,0.8629414213913399,0.3673658249577551,11,33,aegis_v1,,,,,,,
1943711629,low_light,True,success,True,False,False,24.400000000000002,0.3088520537681329,-0.06038530885624968,-0.3273807900925013,0.48567597329238266,0.33132994122776316,2,33,aegis_v2,,,,,,,
1943711629,low_light,True,success,True,False,False,24.450000000000003,0.2046091960373688,-0.014197186887702327,-0.3102837636715125,0.2975605892735926,0.1910933232200615,0,33,aegis_v3,89.0,0.0,0.5874140217297095,2.039097812650888,0.2670489131150685,0.28319938604377937,0.1826116266554482
1323829152,low_light,False,success,True,False,False,25.8,0.3477595279527591,-0.021175793525454265,-0.24515645956225446,0.7864173676477402,0.3636668976231643,0,37,baseline,,,,,,,
1323829152,low_light,True,success,True,False,False,26.05,0.3529599752834195,-0.042594854163817884,-0.2375264530355951,0.7864173676477402,0.3641206071030951,5,38,aegis_v1,,,,,,,
1323829152,low_light,True,success,True,False,False,25.700000000000003,0.35068023377032953,-0.02031800088222417,-0.2515542563986608,0.42529082930266826,0.3254060448861647,0,37,aegis_v2,,,,,,,
1323829152,low_light,True,success,True,False,False,25.85,0.2354481483888153,-0.004571960179616003,-0.2550175267118089,0.2418508697797988,0.1871011831306577,0,37,aegis_v3,91.0,0.0,0.5653037205593182,1.9608606709549588,0.3164034645737858,0.6020485102480589,0.17959409603231008
1991480740,low_light,False,success,True,False,False,27.75,0.37272014558853694,0.10261275717478423,-0.25950600578456484,0.7887634082971231,0.3544967803307326,0,34,baseline,,,,,,,
1991480740,low_light,True,success,True,False,False,27.75,0.37272014558853694,0.10261275717478423,-0.2595054762694035,0.7887634082971231,0.3544967803307326,1,34,aegis_v1,,,,,,,
1991480740,low_light,True,success,True,False,False,27.650000000000002,0.382618271046014,0.12687722518041963,-0.2420953348047145,0.4291700518990244,0.319965279824686,0,34,aegis_v2,,,,,,,
1991480740,low_light,True,success,True,False,False,27.5,0.379457919949566,0.10919293568897045,-0.23444219307983416,0.23249460861586524,0.18294774592655202,0,34,aegis_v3,99.0,0.0,0.5824509706830173,2.416673952024802,0.16090565657272665,0.051742819733093304,0.1826542473797688
285946092,low_light,False,success,True,False,False,23.6,0.14432213208464464,-0.07461341896921209,-0.2776361970361209,0.7969245154027872,0.3582237331638481,0,24,baseline,,,,,,,
285946092,low_light,True,success,True,False,False,23.950000000000003,0.1872671024833945,-0.15207673619644232,-0.27363794840482764,0.7969245154027872,0.3579749955742404,8,24,aegis_v1,,,,,,,
285946092,low_light,True,success,True,False,False,23.5,0.15171661663153477,-0.07782246746841869,-0.2914773275429914,0.4703419431533107,0.3251459853870669,0,24,aegis_v2,,,,,,,
285946092,low_light,True,success,True,False,False,23.6,0.08481306015560075,-0.15521315693650486,-0.27900164038258957,0.3082084045255819,0.18857846831428857,0,24,aegis_v3,85.0,0.0,0.640424542469653,2.5296526260668957,0.1997648725540456,0.09528292694002963,0.1822666323519452
285158488,low_light,False,success,True,False,False,20.200000000000003,0.1749759528161556,0.028302498857335604,-0.22861069777617185,0.7149310423986215,0.35263943455095736,0,16,baseline,,,,,,,
285158488,low_light,True,success,True,False,False,20.35,0.16555594344319044,0.06181555799596576,-0.22628733073666998,0.7149310423986215,0.35245108230095296,3,16,aegis_v1,,,,,,,
285158488,low_light,True,success,True,False,False,20.200000000000003,0.17316265647764637,0.024417856372799425,-0.2294564447033053,0.40767352667724643,0.31956181878501544,0,16,aegis_v2,,,,,,,
285158488,low_light,True,success,True,False,False,20.150000000000002,0.14596196747945422,0.0244563814557581,-0.22949638790357713,0.24737190924574406,0.18479897627572547,0,16,aegis_v3,69.0,0.0,0.5623111886590018,1.9740818168607168,0.12124057661399736,0.0035559525619420916,0.17578255954036995
1159838091,low_light,False,success,True,False,False,30.85,0.06262098169906129,-0.05701377939166308,-0.27847301917715567,0.8076770077349114,0.354908231041985,0,34,baseline,,,,,,,
1159838091,low_light,True,success,True,False,False,31.150000000000002,0.0846095603655647,-0.09718715871003954,-0.2398958868698307,0.8076770077349114,0.35519307436519354,6,35,aegis_v1,,,,,,,
1159838091,low_light,True,success,True,False,False,30.75,0.05339360718565627,-0.05347707326096009,-0.2694682347400702,0.46318142180957045,0.32046663852110835,0,34,aegis_v2,,,,,,,
1159838091,low_light,True,success,True,False,False,30.75,0.04871744053008446,-0.1111068565353258,-0.273726024746002,0.2595727092099729,0.18264448700263347,0,34,aegis_v3,112.0,0.0,0.6265936608945868,2.439530373825184,0.15002776661047268,0.03438716516868478,0.18338560371323956
974941497,low_light,False,success,True,False,False,26.650000000000002,0.2801101854086949,0.02580474687347037,-0.2772079998762751,0.8992778692681611,0.36519024105924464,0,36,baseline,,,,,,,
974941497,low_light,True,safe_abort,False,False,True,26.200000000000003,0.275815666982348,-0.048032281525192864,-0.28297213061841664,0.8992778692681611,0.3657958761404776,13,36,aegis_v1,,,,,,,
974941497,low_light,True,success,True,False,False,26.450000000000003,0.28602161971947326,-0.001680498584038574,-0.28330728029831476,0.5299639887561516,0.33021607950156556,0,36,aegis_v2,,,,,,,
974941497,low_light,True,success,True,False,False,26.55,0.2402694950433339,-0.016823311625848422,-0.2918908227654479,0.30908540837247533,0.18914052212223573,0,36,aegis_v3,97.0,0.0,0.5836447647797459,2.490044861933131,0.1258692333037087,0.02068948187341367,0.18293730605873432
1488337745,low_light,False,success,True,False,False,22.700000000000003,0.1254948569651663,-0.06526595632102382,-0.2829836519642108,0.7061486464284787,0.35626025058117405,0,21,baseline,,,,,,,
1488337745,low_light,True,success,True,False,False,22.8,0.13237138686829825,-0.06352537394999337,-0.28766293048140185,0.7061486464284787,0.3569213538152105,3,22,aegis_v1,,,,,,,
1488337745,low_light,True,success,True,False,False,22.55,0.10289888903800984,-0.04417235954151312,-0.284557403607148,0.40505329796970285,0.3247261554411702,0,21,aegis_v2,,,,,,,
1488337745,low_light,True,success,True,False,False,22.5,0.09781721078170662,-0.03205365130986297,-0.2896514013805057,0.25390916966783506,0.18725298437194257,0,21,aegis_v3,78.0,0.0,0.5972144509896121,2.1359500328513326,0.16219387077518868,0.045722815082826315,0.17907659358561426
597553804,occlusion,False,success,True,False,False,23.5,0.39916521564328367,-0.04434421565778923,-0.2872588559957597,0.9213875877997679,0.5464958677885652,0,88,baseline,,,,,,,
597553804,occlusion,True,safe_abort,False,False,True,22.8,0.3899780119924756,0.07633222298047407,-0.20912540580028874,0.9213875877997679,0.5471764412460138,86,86,aegis_v1,,,,,,,
597553804,occlusion,True,success,True,False,False,23.650000000000002,0.4226045658041338,-0.058493657182464597,-0.29874854266398604,0.5925615548441329,0.451641435611483,1,88,aegis_v2,,,,,,,
597553804,occlusion,True,success,True,False,False,23.650000000000002,0.15762854615547603,-0.08094444209145585,-0.29667909454808505,0.4015528160519039,0.27143985078965877,0,88,aegis_v3,86.0,0.0,0.6881717353348553,2.1387926298076683,0.6117505879842561,1.0,0.18336362653239258
737418961,occlusion,False,success,True,False,False,32.4,0.3218591505417722,0.08793701033678157,-0.2573001251512139,0.9523362087670224,0.5504299854933772,0,132,baseline,,,,,,,
737418961,occlusion,True,safe_abort,False,False,True,34.4,0.45093547256307215,-0.1815072761031528,-0.19994737177408145,0.9523362087670224,0.5499964798243538,140,140,aegis_v1,,,,,,,
737418961,occlusion,True,success,True,False,False,32.550000000000004,0.2472772773142727,0.06438738325250382,-0.23484217287375977,0.6419632510598355,0.4560494425147943,24,133,aegis_v2,,,,,,,
737418961,occlusion,True,success,True,False,False,31.650000000000002,0.061548879331892084,0.16261746944486935,-0.1960428053687276,0.4347148862812102,0.27236578270256057,0,131,aegis_v3,109.0,0.0,0.6864853302407457,2.589919989725406,0.4490994457186795,0.9974269877676557,0.17566173662574577
334482495,occlusion,False,success,True,False,False,27.1,0.357256358638598,0.01600840214810037,-0.2597778087802262,0.8908057265753547,0.5346155153077902,0,89,baseline,,,,,,,
334482495,occlusion,True,safe_abort,False,False,True,27.200000000000003,0.3551002641498388,0.043121889775184,-0.21037684979671395,0.8908057265753547,0.5356083855351104,91,91,aegis_v1,,,,,,,
334482495,occlusion,True,success,True,False,False,27.3,0.36057191299078134,0.022544256960982036,-0.23557786077766135,0.5764408372179471,0.44590980820655207,10,92,aegis_v2,,,,,,,
334482495,occlusion,True,success,True,False,False,27.0,0.25649532579638074,-0.0455323403081467,-0.2649684624758283,0.35680202328239524,0.2637471068632329,0,89,aegis_v3,95.0,0.0,0.6331237765121063,2.431410467828631,0.17777501695258005,0.04237818589934358,0.17954990952491287
786969061,occlusion,False,success,True,False,False,20.900000000000002,0.38670442631280305,0.027868314738300565,-0.2931022560206741,0.8435701311343035,0.5377027066808406,0,77,baseline,,,,,,,
786969061,occlusion,True,safe_abort,False,False,True,23.3,0.42625781137672186,-0.1896907588477805,-0.23711579017878928,0.8435701311343035,0.5362467500358565,84,84,aegis_v1,,,,,,,
786969061,occlusion,True,success,True,False,False,20.900000000000002,0.39370608653333833,0.008441901694306902,-0.3061288274975014,0.5506954939712194,0.44570558551491973,1,77,aegis_v2,,,,,,,
786969061,occlusion,True,success,True,False,False,20.900000000000002,0.016662604022398254,0.0406148111224551,-0.30221002769257044,0.34203328633711394,0.26542346812263407,0,77,aegis_v3,71.0,0.0,0.7219327116026858,2.399038934408354,0.49546227926845177,1.0,0.1751304582705249
1108376490,occlusion,False,success,True,False,False,20.650000000000002,0.2932841981515186,0.12240157144852819,-0.2463038225419728,0.8523229632919477,0.5368740445468477,0,77,baseline,,,,,,,
1108376490,occlusion,True,safe_abort,False,False,True,18.650000000000002,0.5197434835623027,0.10877375810298444,-0.20112913701007729,0.8523229632919477,0.5359421752649277,68,68,aegis_v1,,,,,,,
1108376490,occlusion,True,success,True,False,False,20.55,0.22966552341356145,0.1513747883409622,-0.2591562879851618,0.5566477852504162,0.44530587101408026,2,76,aegis_v2,,,,,,,
1108376490,occlusion,True,success,True,False,False,20.6,0.1830975401067199,0.13225219827969348,-0.26081625930963337,0.31499538322748893,0.26300680269182564,0,76,aegis_v3,70.0,0.0,0.7157831057540672,2.0852273857294485,0.4934782887004278,1.0,0.17547726306770461
70989719,occlusion,False,unsafe_touchdown,False,True,False,25.5,0.5314490154080883,-0.16250266585491183,-0.26063234700278587,0.9180296086115824,0.5655590278892515,0,122,baseline,,,,,,,
70989719,occlusion,True,safe_abort,False,False,True,25.200000000000003,0.4813846835178565,-0.1441357002383032,-0.18440708542719356,0.9180296086115824,0.5649171385768982,119,119,aegis_v1,,,,,,,
70989719,occlusion,True,unsafe_touchdown,False,True,False,26.200000000000003,0.6146176881370378,-0.13728867124571392,-0.263393420420306,0.6133684496329285,0.4639762780130005,16,123,aegis_v2,,,,,,,
70989719,occlusion,True,success,True,False,False,26.0,0.1647465962378061,-0.08949151492497094,-0.2644140150341337,0.42944514723902927,0.2801353256926789,0,123,aegis_v3,92.0,0.0,0.7570858433999276,2.0741050784517276,0.4615902408005079,1.0,0.18100302255169745
1361553327,occlusion,False,success,True,False,False,21.35,0.41445889286270016,-0.018454450228506947,-0.2853930002008008,0.8448995544255142,0.5366424773593186,0,67,baseline,,,,,,,
1361553327,occlusion,True,safe_abort,False,False,True,19.6,0.4122242469824079,0.035470389916466054,-0.2664286748231242,0.8448995544255142,0.5358645721829659,60,60,aegis_v1,,,,,,,
1361553327,occlusion,True,success,True,False,False,21.3,0.43091857842548464,-0.023536965895176953,-0.28427736032327244,0.5329329653455851,0.44738807965876437,0,67,aegis_v2,,,,,,,
1361553327,occlusion,True,success,True,False,False,21.3,0.140043441750003,0.001942052552077295,-0.28248462026459775,0.37354148299316614,0.26652936449859865,0,67,aegis_v3,78.0,0.0,0.7774959514071659,2.3727862901613492,0.6160514493489817,1.0,0.1834629274182523
173295194,occlusion,False,unsafe_touchdown,False,True,False,27.5,0.47095363821022107,0.08236804697433911,-0.2726770502396823,0.8479269013187938,0.5335777601182046,0,91,baseline,,,,,,,
173295194,occlusion,True,safe_abort,False,False,True,30.150000000000002,0.29415394265161143,0.060114491939310365,-0.17562978962825493,0.8479269013187938,0.5331254332810889,99,99,aegis_v1,,,,,,,
173295194,occlusion,True,unsafe_touchdown,False,True,False,27.1,0.45906056551936475,0.0265392485100426,-0.2709718777691749,0.5557331194350514,0.4435056783800366,0,90,aegis_v2,,,,,,,
173295194,occlusion,True,success,True,False,False,27.150000000000002,0.17090501533211916,-0.03618007981154456,-0.2703116367451453,0.3374850736800356,0.2611241923046151,0,90,aegis_v3,98.0,0.0,0.7088137053976246,2.3110694380237535,0.28299985872276007,0.3276464292461327,0.18176627465079265
1678933283,occlusion,False,success,True,False,False,24.0,0.36129830467267454,0.09473746450106289,-0.3052418161145432,0.8391153341146854,0.5451492804125994,0,94,baseline,,,,,,,
1678933283,occlusion,True,safe_abort,False,False,True,24.25,0.34895092341756756,0.02925957267135097,-0.3054945517965537,0.8391153341146854,0.5462747584973959,97,97,aegis_v1,,,,,,,
1678933283,occlusion,True,success,True,False,False,24.150000000000002,0.3823836156018729,0.07247726461836632,-0.33427067815005945,0.5650006666594123,0.44910620042569654,10,95,aegis_v2,,,,,,,
1678933283,occlusion,True,success,True,False,False,23.85,0.19742637613058736,0.058292262111110736,-0.33336688790713687,0.3657430846254088,0.26926921197249665,0,94,aegis_v3,85.0,0.0,0.7662026254964789,2.323629655888149,0.5913968880202459,1.0,0.18125815187590383
1354019357,occlusion,False,success,True,False,False,29.150000000000002,0.3795036304035763,-0.010626252736458274,-0.22968692893660003,0.8915212217509028,0.5306559430376476,0,90,baseline,,,,,,,
1354019357,occlusion,True,safe_abort,False,False,True,30.3,0.36441271788218765,0.13469348481282675,-0.22434320190397705,0.8915212217509028,0.530737497410665,94,94,aegis_v1,,,,,,,
1354019357,occlusion,True,success,True,False,False,29.400000000000002,0.3668935558710738,-0.009358249463416105,-0.25642522750591223,0.5662695140199054,0.44190704394634567,7,91,aegis_v2,,,,,,,
1354019357,occlusion,True,success,True,False,False,29.1,0.17923861243348532,-0.03314387389206058,-0.21643780540971688,0.34430149040415414,0.26111691947651516,0,90,aegis_v3,106.0,0.0,0.6907076943992493,2.2733007127542675,0.42967420743510853,0.8751175353058791,0.1834045888337996
1348943623,occlusion,False,success,True,False,False,20.8,0.27474880527053064,-0.009955045045633798,-0.30715202588676943,0.8624841554521882,0.5333328834766898,0,67,baseline,,,,,,,
1348943623,occlusion,True,safe_abort,False,False,True,19.0,0.40978263691909267,0.10769307207796343,-0.2164056810771366,0.8624841554521882,0.5335324244049354,61,61,aegis_v1,,,,,,,
1348943623,occlusion,True,success,True,False,False,20.650000000000002,0.25078756440641414,-0.023708640042098182,-0.3148074552864548,0.5379861864180997,0.4430887276400226,1,67,aegis_v2,,,,,,,
1348943623,occlusion,True,success,True,False,False,20.6,0.012671719710072384,0.1435704731557742,-0.31426188792784365,0.3476988560499371,0.2635724153009351,0,66,aegis_v3,76.0,0.0,0.6671009812943156,2.2602971226882977,0.5160387593833115,1.0,0.18449572205870043
570840219,occlusion,False,unsafe_touchdown,False,True,False,28.950000000000003,0.4665851260039437,0.04994034186957092,-0.2943039358470574,0.8830125796895026,0.5418858220480536,0,114,baseline,,,,,,,
570840219,occlusion,True,safe_abort,False,False,True,30.950000000000003,0.4213985665302757,-0.07796616859402881,-0.2408234477121096,0.8830125796895026,0.5409160371914521,121,121,aegis_v1,,,,,,,
570840219,occlusion,True,success,True,False,False,29.150000000000002,0.42900094304168457,0.02070197615409121,-0.28902856446362357,0.5917363529731761,0.4479062679822876,20,115,aegis_v2,,,,,,,
570840219,occlusion,True,success,True,False,False,28.700000000000003,0.15940904280471055,0.11650251696443617,-0.30299896085737954,0.3490004041424594,0.2648220665339341,0,113,aegis_v3,103.0,0.0,0.6437495677840946,2.223432765485832,0.4131665656389842,0.8503376401039462,0.18240065221047919
1928598155,occlusion,False,unsafe_touchdown,False,True,False,26.950000000000003,0.5805864678668354,-0.07540919789545428,-0.2363997946698802,0.8627770202261803,0.5378891285708854,0,97,baseline,,,,,,,
1928598155,occlusion,True,safe_abort,False,False,True,25.5,0.5012034921603383,0.04822409544042716,-0.26739675204560803,0.8627770202261803,0.5392393461056225,94,94,aegis_v1,,,,,,,
1928598155,occlusion,True,unsafe_touchdown,False,True,False,27.0,0.5815013883036876,-0.10909693429471867,-0.24290134601591512,0.5643246698947064,0.445229857276523,16,97,aegis_v2,,,,,,,
1928598155,occlusion,True,success,True,False,False,26.5,0.18539044005546276,-0.08635398520200362,-0.2323838721676332,0.39960919927304944,0.265979183768701,0,97,aegis_v3,90.0,0.0,0.677269744719315,2.303386305515535,0.42516695168320795,0.874742711181371,0.17578354057299153
450296469,occlusion,False,success,True,False,False,31.450000000000003,0.3716098252577146,-0.14079284209518877,-0.28621430257308084,0.8483687861645156,0.5450290968725049,0,128,baseline,,,,,,,
450296469,occlusion,True,safe_abort,False,False,True,32.75,0.5407408021616346,-0.12801098652390705,-0.17367139557470077,0.8483687861645156,0.5460606601072896,136,136,aegis_v1,,,,,,,
450296469,occlusion,True,success,True,False,False,31.650000000000002,0.4082704619169775,-0.12083914086112402,-0.27110615295659396,0.5699197930056177,0.4496944506817085,8,129,aegis_v2,,,,,,,
450296469,occlusion,True,success,True,False,False,31.400000000000002,0.16454482717729021,-0.04647505304933761,-0.28793876799529455,0.3255093773003721,0.265719271524712,0,127,aegis_v3,114.0,0.0,0.7485013392709726,2.3569106476787005,0.6729042853295217,1.0,0.18287931553474934
1929077849,occlusion,False,success,True,False,False,23.55,0.34154940502384995,-0.06495750125344985,-0.2975432468894856,0.9075281194743747,0.5452235126627633,0,94,baseline,,,,,,,
1929077849,occlusion,True,safe_abort,False,False,True,22.55,0.27096886259748354,0.11914093697764909,-0.239793120004492,0.9075281194743747,0.5459650541201273,91,91,aegis_v1,,,,,,,
1929077849,occlusion,True,success,True,False,False,23.700000000000003,0.39165939194926697,-0.0588932336594943,-0.28336223951434264,0.5670489749614243,0.449515867967476,8,95,aegis_v2,,,,,,,
1929077849,occlusion,True,success,True,False,False,23.6,0.04621829211132457,-0.14227443219171937,-0.28953418654477187,0.3549745362013558,0.2699572496697718,6,95,aegis_v3,82.0,0.0,0.6786760278431643,2.7331228452236624,0.36929123582439144,0.6883138249741215,0.17827907469153356
338206696,occlusion,False,success,True,False,False,30.35,0.22557836627181682,0.044810746042995564,-0.2396902180394519,0.8772582854987326,0.528045658167421,0,95,baseline,,,,,,,
338206696,occlusion,True,safe_abort,False,False,True,31.450000000000003,0.19958474135152104,-0.035682315309294936,-0.18170291523947796,0.8772582854987326,0.5285547890713399,100,100,aegis_v1,,,,,,,
338206696,occlusion,True,success,True,False,False,30.400000000000002,0.17661188118611276,0.04511754187738921,-0.2515194842669975,0.5582472793226478,0.43953413077845466,3,95,aegis_v2,,,,,,,
338206696,occlusion,True,success,True,False,False,30.3,0.08664158586280275,-0.04351436527116727,-0.24311074042858907,0.30581153299942826,0.25792693798571514,0,95,aegis_v3,109.0,0.0,0.645973955767612,2.393814047301863,0.2919527902107151,0.4359290354463255,0.1815739372392505
1745294470,occlusion,False,success,True,False,False,29.75,0.1873706742544036,0.06747425149531008,-0.18396433828844133,0.8624440173670047,0.5397560288711741,0,109,baseline,,,,,,,
1745294470,occlusion,True,safe_abort,False,False,True,31.75,0.3474561139470685,-0.07090676910043646,-0.2808737505005616,0.8624440173670047,0.538460877685947,113,113,aegis_v1,,,,,,,
1745294470,occlusion,True,success,True,False,False,29.950000000000003,0.19455806271312623,-0.025363525864672123,-0.17724459697804235,0.5515211149178599,0.4476891615181267,4,109,aegis_v2,,,,,,,
1745294470,occlusion,True,success,True,False,False,29.55,0.06220897231318527,0.08761664009463802,-0.19292235910450806,0.3479261023809645,0.2653506385817323,0,108,aegis_v3,107.0,0.0,0.6149717577295476,2.4425550760622157,0.3334486756092227,0.43360049538718365,0.18260153003291216
360977401,occlusion,False,success,True,False,False,29.3,0.27475095470177124,0.05450335606899193,-0.29727623370715345,0.9355682624668329,0.5513618488417034,0,118,baseline,,,,,,,
360977401,occlusion,True,safe_abort,False,False,True,30.6,0.25705376069234304,-0.05763208664146405,-0.24290826140895982,0.9355682624668329,0.5505574291673551,122,122,aegis_v1,,,,,,,
360977401,occlusion,True,success,True,False,False,29.950000000000003,0.28672877735592656,0.007697339518592708,-0.2457373482556837,0.6234045511433131,0.45729966329090516,25,120,aegis_v2,,,,,,,
360977401,occlusion,True,success,True,False,False,29.35,0.07055494596899199,0.11932142486271251,-0.3103038332789037,0.3956112155488642,0.2715406034231651,0,118,aegis_v3,106.0,0.0,0.7729456427925967,2.144219502576786,0.5167182014514459,1.0,0.18215315218259584
1070073982,occlusion,False,unsafe_touchdown,False,True,False,25.650000000000002,0.5507632626070235,-0.10561201455388271,-0.26621518449826137,0.9551254976041534,0.5354028482143469,0,80,baseline,,,,,,,
1070073982,occlusion,True,safe_abort,False,False,True,24.3,0.4173300632964321,-0.08561232284319295,-0.21205919182597424,0.9551254976041534,0.5374200482782338,78,78,aegis_v1,,,,,,,
1070073982,occlusion,True,unsafe_touchdown,False,True,False,26.05,0.551780788075326,0.03908874414435029,-0.235120512418324,0.622652914137246,0.44670107843388196,20,81,aegis_v2,,,,,,,
1070073982,occlusion,True,success,True,False,False,25.5,0.14695359076685496,-0.042759968742047454,-0.24792340358145,0.4120959370488355,0.2657930129879073,0,80,aegis_v3,91.0,0.0,0.6700663162297849,2.0323108313347213,0.43463709191562444,0.9561059769017841,0.18132644973256462
1149916235,occlusion,False,success,True,False,False,28.55,0.4311179500405829,0.16713355975150895,-0.2601274761905491,0.8495225600457605,0.5379747189844275,0,108,baseline,,,,,,,
1149916235,occlusion,True,safe_abort,False,False,True,30.700000000000003,0.2725628652974446,0.1091040498320334,-0.18908644020682439,0.8495225600457605,0.5371548174790672,114,114,aegis_v1,,,,,,,
1149916235,occlusion,True,success,True,False,False,29.6,0.32379230890359945,0.1258187264995489,-0.21703725227475865,0.5740361680281352,0.44527210059636835,27,112,aegis_v2,,,,,,,
1149916235,occlusion,True,success,True,False,False,28.650000000000002,0.2718218672409648,0.17725220735201247,-0.248277320534695,0.31479075158625014,0.26134035769173286,0,108,aegis_v3,105.0,0.0,0.6209818457325457,2.6510992592862723,0.2950885827437642,0.2671137784780899,0.18374382166168615
250953278,occlusion,False,unsafe_touchdown,False,True,False,23.75,0.45107780591289554,-0.0706312268781845,-0.35583461376153985,0.8556546060410495,0.533158841091627,0,78,baseline,,,,,,,
250953278,occlusion,True,safe_abort,False,False,True,22.85,0.4081975039445826,-0.006270763421557697,-0.25730421671276865,0.8556546060410495,0.5329822840160937,75,75,aegis_v1,,,,,,,
250953278,occlusion,True,success,True,False,False,23.5,0.4287402962577099,-0.05953447833517042,-0.3232374265935923,0.5449599547910117,0.441584051065413,0,77,aegis_v2,,,,,,,
250953278,occlusion,True,success,True,False,False,23.6,0.07180210240123217,-0.08970953772072573,-0.33641217425110126,0.31966323455233303,0.26214170145017746,0,78,aegis_v3,83.0,0.0,0.7538877871646543,2.1702153417903687,0.5028628850349991,1.0,0.17973260741069774
2130892483,occlusion,False,success,True,False,False,23.5,0.42889074003345756,-0.17523467699304648,-0.3439921759092641,0.8519303638102071,0.5404697351126199,0,89,baseline,,,,,,,
2130892483,occlusion,True,safe_abort,False,False,True,23.35,0.40157298014914966,-0.05830618646483873,-0.27395679501308207,0.8519303638102071,0.5407543119248649,89,89,aegis_v1,,,,,,,
2130892483,occlusion,True,unsafe_touchdown,False,True,False,23.85,0.48165077110734456,-0.19932037910467473,-0.3421163924492002,0.5745140227796606,0.44728955238931734,23,93,aegis_v2,,,,,,,
2130892483,occlusion,True,success,True,False,False,23.400000000000002,0.023559894407457416,-0.0979778819229509,-0.30239733933440116,0.4068133510528813,0.2670131367875859,0,89,aegis_v3,79.0,0.0,0.6755744618708703,1.936145857711174,0.4912351595944365,1.0,0.1733820350223801
1447562292,occlusion,False,success,True,False,False,27.8,0.39673988471656574,0.2002518279506717,-0.15295059015403104,0.8481415602289756,0.5324355552230089,0,90,baseline,,,,,,,
1447562292,occlusion,True,safe_abort,False,False,True,30.3,0.3930944785749801,0.0525738294082964,-0.22047252328884764,0.8481415602289756,0.5313847574425634,97,97,aegis_v1,,,,,,,
1447562292,occlusion,True,unsafe_touchdown,False,True,False,27.650000000000002,0.475592080285101,0.18586630806675464,-0.21743108058206775,0.5800379067613266,0.44400273523982203,12,88,aegis_v2,,,,,,,
1447562292,occlusion,True,success,True,False,False,27.25,0.03182078880144652,0.15727837632346017,-0.2227265641078459,0.3704311365479903,0.2639312943450034,0,86,aegis_v3,95.0,0.0,0.7151450760013892,2.428972003086549,0.6747246688167317,1.0,0.1786921818681485
579303376,occlusion,False,success,True,False,False,31.400000000000002,0.3377806589509829,-0.033568232816946104,-0.24496791878614596,0.9037093440298937,0.5394537739231211,0,111,baseline,,,,,,,
579303376,occlusion,True,safe_abort,False,False,True,30.900000000000002,0.32332530787999075,-0.023833354163901713,-0.17347458328740367,0.9037093440298937,0.540001664799326,110,110,aegis_v1,,,,,,,
579303376,occlusion,True,success,True,False,False,31.6,0.3253624572292718,0.0035793778606632957,-0.23135375204073882,0.6070539777224183,0.44692668828033927,11,111,aegis_v2,,,,,,,
579303376,occlusion,True,success,True,False,False,31.25,0.0407975841560236,-0.06186347886253123,-0.2388582898019672,0.35896164438289624,0.26627545710119327,0,111,aegis_v3,112.0,0.0,0.7292914350126973,2.268418243301542,0.33637792813532813,0.4180988222931489,0.18008740926697525
560933704,occlusion,False,success,True,False,False,29.950000000000003,0.36424260169429207,0.1092995646051802,-0.1778337554393378,0.8988991259904766,0.5377263794262594,0,103,baseline,,,,,,,
560933704,occlusion,True,safe_abort,False,False,True,31.0,0.32096672546950594,0.023554634368094254,-0.21992256033946797,0.8988991259904766,0.5373071921973184,107,107,aegis_v1,,,,,,,
560933704,occlusion,True,success,True,False,False,30.25,0.3105297967421523,0.030777140110510096,-0.18245657685347466,0.5633358420848317,0.44604673754896124,2,105,aegis_v2,,,,,,,
560933704,occlusion,True,success,True,False,False,30.200000000000003,0.16536734004025355,0.005718934115886084,-0.19424704101694995,0.35505531258261386,0.2665221234821012,0,104,aegis_v3,106.0,0.0,0.6505037558062475,2.254391306972775,0.47459272077389797,1.0,0.17974268935795928
329903278,occlusion,False,success,True,False,False,21.650000000000002,0.31091915555019783,0.025763209864614337,-0.30429748586595134,0.9077174600482806,0.5452588096016271,0,80,baseline,,,,,,,
329903278,occlusion,True,safe_abort,False,False,True,24.05,0.49271659092652054,-0.19823290884892913,-0.30916573632552813,0.9077174600482806,0.5415068999482087,85,85,aegis_v1,,,,,,,
329903278,occlusion,True,success,True,False,False,21.8,0.2960608797613436,0.0330846154971335,-0.3506643206704199,0.592597279750634,0.4531407940965797,9,80,aegis_v2,,,,,,,
329903278,occlusion,True,success,True,False,False,21.55,0.24966689257591623,0.03446482461686584,-0.3022695475280616,0.38173736126519375,0.2687175452683794,0,80,aegis_v3,74.0,0.0,0.8043064592003024,2.746606428709766,0.5665068702923522,1.0,0.1767773652751627
1222385296,occlusion,False,unsafe_touchdown,False,True,False,24.3,0.506283744669807,-0.06900794665683985,-0.2891033471854388,0.8455396967397402,0.5369837256731187,0,89,baseline,,,,,,,
1222385296,occlusion,True,safe_abort,False,False,True,24.400000000000002,0.5086206076394457,-0.046737259392775926,-0.26253301690301106,0.8455396967397402,0.5375129077216916,90,90,aegis_v1,,,,,,,
1222385296,occlusion,True,unsafe_touchdown,False,True,False,24.35,0.548449463213682,-0.060780889235534624,-0.28845917147778277,0.5357182033126815,0.4425834953333753,1,89,aegis_v2,,,,,,,
1222385296,occlusion,True,success,True,False,False,24.3,0.2058999988871792,0.037902854708842235,-0.2879115877776697,0.3134709834502817,0.26285195053625016,0,89,aegis_v3,85.0,0.0,0.7324096516794388,2.2872380949952276,0.4902373194610779,1.0,0.17865708007308212
545018657,occlusion,False,success,True,False,False,24.05,0.3479719910480466,-0.07235482364395851,-0.3277149703220263,0.8424423858458747,0.5374850535601466,0,85,baseline,,,,,,,
545018657,occlusion,True,safe_abort,False,False,True,27.1,0.6338887293519632,0.07682864111353344,-0.2268741600327795,0.8424423858458747,0.5359561834529845,94,94,aegis_v1,,,,,,,
545018657,occlusion,True,success,True,False,False,24.05,0.35537292121743147,-0.08130125128963264,-0.30196022656137156,0.5548620243043283,0.4451970994055722,1,85,aegis_v2,,,,,,,
545018657,occlusion,True,success,True,False,False,23.950000000000003,0.013912843462411024,-0.0975999319765266,-0.27295990515488067,0.3294632421714946,0.26376728215780576,0,85,aegis_v3,87.0,0.0,0.8040784017201869,2.827311564281732,0.45434685176275513,1.0,0.1834215658380857
328403230,occlusion,False,unsafe_touchdown,False,True,False,25.35,0.5275909796512435,-0.06691827049041656,-0.3416903934313876,0.908160722627153,0.5473065831155532,0,101,baseline,,,,,,,
328403230,occlusion,True,safe_abort,False,False,True,25.450000000000003,0.531083473476923,-0.06984987651358977,-0.279072729134642,0.908160722627153,0.5481892688473253,103,103,aegis_v1,,,,,,,
328403230,occlusion,True,unsafe_touchdown,False,True,False,25.0,0.4876683249970657,-0.0712917517259842,-0.2795072244361112,0.5947137083509844,0.4537435730894023,2,99,aegis_v2,,,,,,,
328403230,occlusion,True,success,True,False,False,24.950000000000003,0.07782023283038302,-0.016621342914384503,-0.2786905938900809,0.39986808251423217,0.27097722641858196,0,99,aegis_v3,82.0,0.0,0.7262157015441103,2.2169450076415007,0.44896467038945004,0.9970419153984287,0.17379997385196982
1109370128,occlusion,False,success,True,False,False,21.900000000000002,0.33052533117852156,0.09059771279721168,-0.3149145614128933,0.92048851668409,0.5353601713170653,0,68,baseline,,,,,,,
1109370128,occlusion,True,safe_abort,False,False,True,23.150000000000002,0.30549521223718684,-0.031982779148904725,-0.3181358802166641,0.92048851668409,0.5354556038220993,73,73,aegis_v1,,,,,,,
1109370128,occlusion,True,success,True,False,False,22.0,0.3128075777228826,0.03921045227620375,-0.2871093618777166,0.5608123310487196,0.4451205665752088,1,68,aegis_v2,,,,,,,
1109370128,occlusion,True,success,True,False,False,22.1,0.184844742534615,0.048604898002299425,-0.2947473329931834,0.38318412331531426,0.26926378418092567,0,69,aegis_v3,76.0,0.0,0.648821297277167,1.895008133633323,0.5717614779664366,1.0,0.17786943438887243
221383894,mixed,False,success,True,False,False,21.75,0.33196375259420025,0.07686164935532827,-0.28990116503506036,0.9497165435159847,0.6558055484161477,0,94,baseline,,,,,,,
221383894,mixed,True,safe_abort,False,False,True,21.450000000000003,0.3586279768682268,0.15200981187560764,-0.2614732094809173,0.9497165435159847,0.6565914863038106,102,94,aegis_v1,,,,,,,
221383894,mixed,True,success,True,False,False,23.150000000000002,0.44849801690472013,-0.12677416062762686,-0.2617080521257348,0.649761724590498,0.5301657776406492,52,98,aegis_v2,,,,,,,
221383894,mixed,True,success,True,False,False,21.700000000000003,0.3328694507458813,0.009844896429173848,-0.2731602257041428,0.40045476657766643,0.330929655848043,0,94,aegis_v3,73.0,0.0,0.697581855500327,1.8726884540675421,0.758269807549634,1.0,0.17506347605293893
1460073039,mixed,False,unsafe_touchdown,False,True,False,20.35,0.7529087046582094,0.11034783121580183,-0.3932687012131743,0.8909013492099609,0.6577069921982845,0,93,baseline,,,,,,,
1460073039,mixed,True,safe_abort,False,False,True,17.75,0.8574766901856675,-0.13866857335399946,-0.1812628402330128,0.8909013492099609,0.659393258382449,88,82,aegis_v1,,,,,,,
1460073039,mixed,True,unsafe_touchdown,False,True,False,22.05,0.7485936806854521,-0.11212514861815048,-0.2852201000713074,0.6258908111796827,0.532115719590647,67,104,aegis_v2,,,,,,,
1460073039,mixed,True,success,True,False,False,20.650000000000002,0.0032406259995862293,0.07310432572172461,-0.3747187412372012,0.3880435370053055,0.3273078898537135,0,96,aegis_v3,80.0,0.0,0.8456822015597008,2.0053337602143646,0.7459625459208806,1.0,0.1897037560262151
1100117886,mixed,False,success,True,False,False,20.75,0.42239976995828593,0.03413470723643964,-0.3713192787464063,0.9088988495873441,0.6551991539689392,0,90,baseline,,,,,,,
1100117886,mixed,True,safe_abort,False,False,True,17.7,0.6793365918617051,-0.08805512902034923,-0.19606501402574245,0.9088988495873441,0.654857712166192,83,75,aegis_v1,,,,,,,
1100117886,mixed,True,success,True,False,False,21.150000000000002,0.38490428080292677,-0.03300002600685277,-0.28955323894610707,0.5990807132274362,0.5303441961614205,7,92,aegis_v2,,,,,,,
1100117886,mixed,True,success,True,False,False,21.0,0.2696881657205954,0.0054767503881944495,-0.2985753957017872,0.4011710934973442,0.33039249822698036,0,91,aegis_v3,72.0,0.0,0.748824479989816,2.5058060076756155,0.7356903134720761,1.0,0.17805440678728435
1474626529,mixed,False,unsafe_touchdown,False,True,False,28.25,0.5190443737433846,0.17263382339256966,-0.30991059072009713,0.9543908042481758,0.657336583211985,0,120,baseline,,,,,,,
1474626529,mixed,True,safe_abort,False,False,True,30.200000000000003,0.48579860646775036,-0.039625832935675495,-0.14273758906661269,0.9543908042481758,0.6548252327341041,152,124,aegis_v1,,,,,,,
1474626529,mixed,True,unsafe_touchdown,False,True,False,28.400000000000002,0.499741410606006,0.1264450447860469,-0.30733205462586705,0.6770530848656318,0.5327532036745569,9,120,aegis_v2,,,,,,,
1474626529,mixed,True,success,True,False,False,28.200000000000003,0.19751062402971423,0.050450340979818126,-0.31333942150396327,0.46412907084075183,0.33389991289542537,0,120,aegis_v3,96.0,0.0,0.7785861858011557,2.5068227442158655,0.7623805908251757,1.0,0.17599305530836978
851050355,mixed,False,unsafe_touchdown,False,True,False,28.650000000000002,0.5118176546528694,0.054978589566361744,-0.3683178283548553,0.9585,0.6680343137128625,0,147,baseline,,,,,,,
851050355,mixed,True,safe_abort,False,False,True,30.200000000000003,0.5033487621788912,-0.09481164037183086,-0.20064754508331537,0.9585,0.6669089940781372,185,154,aegis_v1,,,,,,,
851050355,mixed,True,unsafe_touchdown,False,True,False,32.75,0.5456776003443591,0.13663619997050266,-0.2400732897613385,0.7322386971070276,0.5381846355486652,140,162,aegis_v2,,,,,,,
851050355,mixed,True,success,True,False,False,28.450000000000003,0.08102339996867555,-0.006954087813135435,-0.3102841590804104,0.609015066061679,0.34402097037117135,0,147,aegis_v3,95.0,5.0,0.7093914855446658,2.2705578193464566,0.5948468836557789,1.0,0.17234733156120666
1702810676,mixed,False,unsafe_touchdown,False,True,False,23.400000000000002,0.5262591348880189,-0.016388145922770006,-0.24820572371007676,0.9585,0.6559385001746562,0,96,baseline,,,,,,,
1702810676,mixed,True,safe_abort,False,False,True,23.35,0.5243999490996463,-0.046192701996895125,-0.21220315897214093,0.9585,0.656131135946983,119,96,aegis_v1,,,,,,,
1702810676,mixed,True,unsafe_touchdown,False,True,False,24.900000000000002,0.619627457559275,-0.16360358071375455,-0.35737791918816814,0.6894579773619607,0.5311310901318385,66,101,aegis_v2,,,,,,,
1702810676,mixed,True,success,True,False,False,23.05,0.15461540967231782,-0.05357748027802342,-0.29103423531485995,0.4737048089137628,0.3315113306534732,0,95,aegis_v3,82.0,0.0,0.7677474446450968,2.072156665885605,0.6380424078644452,1.0,0.1807241110184036
1469693571,mixed,False,unsafe_touchdown,False,True,False,30.5,0.6757214564087324,-0.09017843269321135,-0.24074252285305445,0.95713174545184,0.6610954038073701,0,142,baseline,,,,,,,
1469693571,mixed,True,safe_abort,False,False,True,33.95,0.7876397239629637,0.12105781423853815,-0.30349742634695437,0.95713174545184,0.6609433000137813,185,157,aegis_v1,,,,,,,
1469693571,mixed,True,unsafe_touchdown,False,True,False,31.5,0.8247758603428321,-0.06949165607194673,-0.16152413808651972,0.6794507713361975,0.534214927473426,52,148,aegis_v2,,,,,,,
1469693571,mixed,True,success,True,False,False,29.900000000000002,0.027264447322117635,-0.0329440461860512,-0.2623335772931162,0.551703128045929,0.3341714790026298,0,137,aegis_v3,110.0,0.0,0.7843679875562789,2.576580871366358,0.653268941503118,1.0,0.18414697329632437
706233460,mixed,False,unsafe_touchdown,False,True,False,23.950000000000003,0.6677647828333693,-0.10595060631304087,-0.302073501939974,0.8813351831392342,0.6429725148924409,0,90,baseline,,,,,,,
706233460,mixed,True,safe_abort,False,False,True,22.35,0.5685148245824974,-0.015180155261929257,-0.17924895501633645,0.8813351831392342,0.6412392278441134,84,81,aegis_v1,,,,,,,
706233460,mixed,True,unsafe_touchdown,False,True,False,25.05,0.7742884307486695,-0.09979911663335704,-0.280616420213768,0.5972279842122523,0.5211855583837496,24,92,aegis_v2,,,,,,,
706233460,mixed,True,success,True,False,False,24.200000000000003,0.26289716499953864,-0.010016209235175481,-0.27383278518493526,0.40854115398344304,0.3241287914858671,0,90,aegis_v3,85.0,0.0,0.8190113653677974,2.422036869708297,0.6109295207987252,1.0,0.17968608166964684
814333319,mixed,False,unsafe_touchdown,False,True,False,23.6,0.6051186627135304,-0.2515275828941453,-0.2729594220952767,0.9585,0.655187031354613,0,103,baseline,,,,,,,
814333319,mixed,True,safe_abort,False,False,True,23.8,0.6515104907298489,-0.33203095390935394,-0.21774607074238833,0.9585,0.6556111157629686,120,105,aegis_v1,,,,,,,
814333319,mixed,True,unsafe_touchdown,False,True,False,24.400000000000002,0.8908334357490818,-0.31592374713990606,-0.20699734018669655,0.6819387824609083,0.5316947075912303,39,110,aegis_v2,,,,,,,
814333319,mixed,True,success,True,False,False,23.650000000000002,0.3709719093580566,-0.2070360609778034,-0.27580208233072273,0.4375102890001866,0.32770667185089664,0,104,aegis_v3,86.0,0.0,0.65463650205185,1.8225995269833075,0.4391210294908121,0.8629736720927212,0.1833636265323926
1917333418,mixed,False,unsafe_touchdown,False,True,False,20.35,0.5168414065943343,0.24082919150785267,-0.31570459257145833,0.9377377720188975,0.6579171136251736,0,85,baseline,,,,,,,
1917333418,mixed,True,safe_abort,False,False,True,19.950000000000003,0.6362353600428472,0.3059780673940751,-0.25846683647542357,0.9377377720188975,0.6580354559092182,107,83,aegis_v1,,,,,,,
1917333418,mixed,True,unsafe_touchdown,False,True,False,21.650000000000002,0.4603433708154299,-0.10210776954931627,-0.271779980312454,0.6556648009989687,0.5320432454300454,39,88,aegis_v2,,,,,,,
1917333418,mixed,True,success,True,False,False,20.75,0.21786733501133201,0.022927287795535923,-0.3277024343081317,0.4374799431326923,0.33263345072021605,0,87,aegis_v3,77.0,0.0,0.7379671832746921,2.3248042090577514,0.6996812193523541,1.0,0.18562844149780086
1995755783,mixed,False,success,True,False,False,31.1,0.3836412391924546,-0.0738911876926784,-0.22363626317183816,0.9379315410705985,0.6590230567102924,0,154,baseline,,,,,,,
1995755783,mixed,True,safe_abort,False,False,True,32.800000000000004,0.7673504218694414,-0.29054013530312744,-0.17372343588346295,0.9379315410705985,0.6582956289567823,179,161,aegis_v1,,,,,,,
1995755783,mixed,True,unsafe_touchdown,False,True,False,34.1,0.8880880404700056,0.13211233821693077,-0.2510641916582389,0.6314263401624138,0.5312412630148787,93,167,aegis_v2,,,,,,,
1995755783,mixed,True,success,True,False,False,31.200000000000003,0.03705289151888896,-0.0735947008619088,-0.22177747198424738,0.4667853701284468,0.3340743922751578,0,154,aegis_v3,110.0,0.0,0.7564838658237488,2.2415448577410504,0.5161486507351661,1.0,0.17978280481198153
1629722414,mixed,False,unsafe_touchdown,False,True,False,28.0,0.48067495516139047,0.14290584905699813,-0.28762230121104454,0.9585,0.666004322753701,0,136,baseline,,,,,,,
1629722414,mixed,True,safe_abort,False,False,True,28.5,0.435091074339405,0.0520643459490436,-0.2757979372553028,0.9585,0.6648453056402254,172,137,aegis_v1,,,,,,,
1629722414,mixed,True,unsafe_touchdown,False,True,False,31.900000000000002,0.5091633728751,0.09600978495116999,-0.24559714013531123,0.707601483035741,0.5359237621620444,125,148,aegis_v2,,,,,,,
1629722414,mixed,True,success,True,False,False,27.950000000000003,0.025215577181473738,0.13669004182965816,-0.2810227501898014,0.4906270626719178,0.3418238109022787,0,136,aegis_v3,93.0,0.0,0.7828141072331607,2.124331945307736,0.5755957325990533,1.0,0.1729958496736761
263129439,mixed,False,unsafe_touchdown,False,True,False,19.650000000000002,0.5147688132572668,0.24208628243267155,-0.24983219360356484,0.9585,0.653299421475947,0,81,baseline,,,,,,,
263129439,mixed,True,safe_abort,False,False,True,18.75,0.7256379263886751,0.095907037126662,-0.21848427707200407,0.9585,0.6519746292322711,91,74,aegis_v1,,,,,,,
263129439,mixed,True,unsafe_touchdown,False,True,False,19.75,0.49343799548761647,0.2541678769438826,-0.2820871596521042,0.6554611230434061,0.5288139321233334,8,81,aegis_v2,,,,,,,
263129439,mixed,True,success,True,False,False,19.5,0.2697834143431957,0.08684594420467774,-0.2789283061382704,0.4222834585462347,0.3277380702226535,0,80,aegis_v3,67.0,0.0,0.8085260652355816,1.8392765041180739,0.7846304527157367,1.0,0.1782509811715786
1747363456,mixed,False,unsafe_touchdown,False,True,False,27.400000000000002,0.6876288792844043,-0.08991032800710722,-0.28906374424482906,0.9449883308362543,0.6532892687060939,0,111,baseline,,,,,,,
1747363456,mixed,True,safe_abort,False,False,True,27.950000000000003,0.7143005235484161,-0.07022286812759038,-0.24226737182452088,0.9449883308362543,0.6529471204530707,132,112,aegis_v1,,,,,,,
1747363456,mixed,True,unsafe_touchdown,False,True,False,27.8,0.7076905362615217,-0.048296835763718134,-0.24065737775337348,0.663970393969443,0.530436865867769,14,111,aegis_v2,,,,,,,
1747363456,mixed,True,success,True,False,False,27.400000000000002,0.21148006094575725,-0.0540555882885912,-0.28671033004131213,0.41555253377485324,0.3285491868254276,0,111,aegis_v3,93.0,0.0,0.8128328414319237,2.0796399547330835,0.530682501095214,0.9106654307086796,0.17554430003590674
1003932390,mixed,False,unsafe_touchdown,False,True,False,27.200000000000003,0.6621060586297882,0.1359107622009289,-0.2711226123104489,0.8871930343856161,0.6575024125658794,0,122,baseline,,,,,,,
1003932390,mixed,True,safe_abort,False,False,True,27.3,0.6538404163776317,0.16531284504313162,-0.21649262380151052,0.8871930343856161,0.6577354067074209,133,123,aegis_v1,,,,,,,
1003932390,mixed,True,success,True,False,False,29.35,0.2104250112852133,0.05988184319596197,-0.25984280505996793,0.6285769693286211,0.5323732148586062,60,133,aegis_v2,,,,,,,
1003932390,mixed,True,success,True,False,False,27.400000000000002,0.14568686258964778,0.07615052418206192,-0.25948369581723946,0.41096010852986803,0.32943041008658,0,123,aegis_v3,95.0,0.0,0.7507448889710368,2.0869619374660164,0.619503010315836,0.9089790513583634,0.17840746213042782
672268418,mixed,False,unsafe_touchdown,False,True,False,21.85,0.4814976713015986,0.0034602778529235004,-0.29384018994431527,0.9238767643437632,0.6514072544708236,0,89,baseline,,,,,,,
672268418,mixed,True,safe_abort,False,False,True,21.400000000000002,0.4918796905846668,0.06268115992675583,-0.28033558335256353,0.9238767643437632,0.6516231054854572,100,87,aegis_v1,,,,,,,
672268418,mixed,True,unsafe_touchdown,False,True,False,23.55,0.6469491907009273,-0.10736992134562182,-0.276246500910866,0.642498754452465,0.5282811957468644,65,97,aegis_v2,,,,,,,
672268418,mixed,True,success,True,False,False,21.950000000000003,0.08655121850736064,0.03773962773653575,-0.29252457669092363,0.38202844313725204,0.329541074629005,0,90,aegis_v3,73.0,0.0,0.6611037075581531,2.4261504908724976,0.6104412148472315,1.0,0.17348514404758056
740577965,mixed,False,unsafe_touchdown,False,True,False,21.700000000000003,0.4927799262406924,-0.08134455911626529,-0.28717744360787467,0.9288878745790096,0.6554735238988355,0,86,baseline,,,,,,,
740577965,mixed,True,safe_abort,False,False,True,21.200000000000003,0.5160498640105083,0.17111333242847396,-0.27061573899588687,0.9288878745790096,0.6554983654013887,108,84,aegis_v1,,,,,,,
740577965,mixed,True,unsafe_touchdown,False,True,False,22.5,0.5463761656295887,-0.09689880325881942,-0.3346947787891774,0.6344721686923637,0.535255921771857,38,87,aegis_v2,,,,,,,
740577965,mixed,True,success,True,False,False,21.450000000000003,0.24208069983876096,0.09265934944600851,-0.34112078333591317,0.42635800215051833,0.33101253398957764,0,84,aegis_v3,78.0,0.0,0.7435222297626045,2.3700719693618195,0.8260852188447929,1.0,0.18139989710071847
1882143828,mixed,False,unsafe_touchdown,False,True,False,27.150000000000002,0.8265676432669798,0.08325396488292161,-0.18992865809197446,0.9585,0.6481962879990331,0,105,baseline,,,,,,,
1882143828,mixed,True,safe_abort,False,False,True,25.700000000000003,0.7804076590496936,-0.1789379478963063,-0.20484050294879066,0.9585,0.6478967749985065,110,98,aegis_v1,,,,,,,
1882143828,mixed,True,unsafe_touchdown,False,True,False,27.75,0.7058869326566217,0.25173143213968363,-0.22313292949580016,0.6922688083200961,0.5268719640450309,9,106,aegis_v2,,,,,,,
1882143828,mixed,True,success,True,False,False,27.3,0.14955568315985507,0.17331104581036932,-0.20046030782634602,0.464833354357069,0.32586276260839064,0,105,aegis_v3,96.0,0.0,0.6888121521702051,2.023945858025095,0.7099877829656487,1.0,0.18001524537745545
1835847610,mixed,False,unsafe_touchdown,False,True,False,21.85,0.5594539336613402,0.09351117859399999,-0.19105926404964135,0.9266192197034676,0.6572943005617459,0,94,baseline,,,,,,,
1835847610,mixed,True,safe_abort,False,False,True,19.900000000000002,0.6827305247657317,0.16187726303613523,-0.2528716485922428,0.9266192197034676,0.6579287342516973,101,85,aegis_v1,,,,,,,
1835847610,mixed,True,unsafe_touchdown,False,True,False,22.650000000000002,0.5011407995710155,0.036025494721989515,-0.21471958846731226,0.6309154891847901,0.5309491299202571,21,95,aegis_v2,,,,,,,
1835847610,mixed,True,success,True,False,False,21.75,0.03292093509352285,0.04807667978395261,-0.20719745777138246,0.3969575277592439,0.3289923894639635,0,93,aegis_v3,80.0,0.0,0.7556213661186706,1.9040376539440202,0.6649398710758431,1.0,0.18475149270737665
2043923435,mixed,False,unsafe_touchdown,False,True,False,19.05,0.5602220940605502,0.09408774965318517,-0.290572254225119,0.9385667326925752,0.6533039928088548,0,79,baseline,,,,,,,
2043923435,mixed,True,safe_abort,False,False,True,16.25,0.7749618470061596,-0.05885191605355927,-0.1783253552688302,0.9385667326925752,0.6534796428023567,75,68,aegis_v1,,,,,,,
2043923435,mixed,True,unsafe_touchdown,False,True,False,19.75,0.5601928496836244,-0.00335610578958734,-0.22494457751949332,0.6400737578400958,0.5302774817322533,25,79,aegis_v2,,,,,,,
2043923435,mixed,True,success,True,False,False,19.05,0.10439359636514595,0.11466522889906142,-0.2946002615493296,0.3783959655038186,0.32794397750029725,0,79,aegis_v3,69.0,0.0,0.8136809414913051,2.1392304164401974,0.86538891643549,1.0,0.18098967453103365
244788834,mixed,False,unsafe_touchdown,False,True,False,28.25,0.6731478917635199,-0.07499003244868994,-0.26642083230833585,0.890827354525613,0.6551885322853455,0,128,baseline,,,,,,,
244788834,mixed,True,safe_abort,False,False,True,28.150000000000002,0.6647510037375137,-0.03634333660790853,-0.21776714818137094,0.890827354525613,0.6552959067474198,138,128,aegis_v1,,,,,,,
244788834,mixed,True,success,True,False,False,31.700000000000003,0.3340512769013924,-0.17054523873943925,-0.29798154876640387,0.6263106426858721,0.5306567637441226,93,138,aegis_v2,,,,,,,
244788834,mixed,True,success,True,False,False,29.1,0.003935787062241968,0.1821654675704582,-0.2696919528451615,0.41866451097753166,0.3299236147346894,0,130,aegis_v3,98.0,0.0,0.7748087554206913,2.181523458199089,0.7704443413764489,1.0,0.1751544708868341
726226813,mixed,False,unsafe_touchdown,False,True,False,29.85,0.5476788400933301,0.02391649782110284,-0.22324579986380044,0.9111507088064507,0.6485466747272165,0,122,baseline,,,,,,,
726226813,mixed,True,safe_abort,False,False,True,27.3,0.8667865461121171,0.18386233375281097,-0.15110325438460526,0.9111507088064507,0.6480453623610316,114,112,aegis_v1,,,,,,,
726226813,mixed,True,unsafe_touchdown,False,True,False,31.6,0.5126473160059719,0.047112687734057766,-0.2447639734404686,0.6140018510803554,0.5268281971563631,45,128,aegis_v2,,,,,,,
726226813,mixed,True,success,True,False,False,30.0,0.2580146968427941,0.07127339628250955,-0.2153329550673754,0.3817580598441756,0.32391727060733094,0,122,aegis_v3,103.0,0.0,0.7101973523369915,2.0013147023430715,0.8857113228779072,1.0,0.17694288841319764
964274790,mixed,False,unsafe_touchdown,False,True,False,30.150000000000002,0.5334875272699088,0.2336883945927268,-0.23155416291660288,0.8933792885855314,0.6583610264562612,0,145,baseline,,,,,,,
964274790,mixed,True,safe_abort,False,False,True,31.700000000000003,0.5100356590295236,0.05067077581709109,-0.15268811912259567,0.8933792885855314,0.6575438055588694,162,151,aegis_v1,,,,,,,
964274790,mixed,True,unsafe_touchdown,False,True,False,33.1,0.7149938396979568,-0.23116178070567128,-0.1880318032689736,0.6269756759887877,0.5297362702815234,69,157,aegis_v2,,,,,,,
964274790,mixed,True,success,True,False,False,30.5,0.058303294144130206,0.00858969965824355,-0.24295138631310403,0.39534576424832324,0.3286472951742351,0,147,aegis_v3,107.0,0.0,0.7603542237957798,2.0440795188251704,0.4593483131711193,1.0,0.18019094476740008
1215316765,mixed,False,success,True,False,False,30.200000000000003,0.41458558839390863,0.04701014352517435,-0.14667025483235102,0.9240158958282553,0.6570206375263995,0,130,baseline,,,,,,,
1215316765,mixed,True,safe_abort,False,False,True,32.4,0.6342449548109673,-0.14228621531207494,-0.19359092261523816,0.9240158958282553,0.6557093415281666,156,138,aegis_v1,,,,,,,
1215316765,mixed,True,unsafe_touchdown,False,True,False,34.800000000000004,0.674834858535655,0.07737728650955457,-0.18322736449019145,0.6595931461511476,0.5321918675059127,134,149,aegis_v2,,,,,,,
1215316765,mixed,True,success,True,False,False,29.75,0.03373973958154556,0.07140340277056961,-0.22142450200978603,0.4665191183257609,0.3325910468196914,0,127,aegis_v3,105.0,0.0,0.7525800098281163,1.9020590918179638,0.489601536174066,1.0,0.17923807467992833
607428200,mixed,False,unsafe_touchdown,False,True,False,24.35,0.7593177895368995,-0.04766278290544046,-0.23527006528150593,0.9118926658615393,0.6517752940605149,0,97,baseline,,,,,,,
607428200,mixed,True,safe_abort,False,False,True,21.1,0.346263019733993,-0.03187035058196486,-0.24686735166331386,0.9118926658615393,0.6528306401299973,94,86,aegis_v1,,,,,,,
607428200,mixed,True,unsafe_touchdown,False,True,False,24.450000000000003,0.7451837078880952,-0.031872625784569744,-0.2313034818624188,0.6150708488559966,0.5281361957615256,11,99,aegis_v2,,,,,,,
607428200,mixed,True,success,True,False,False,24.05,0.029602413919746898,-0.005971503352472783,-0.27155365473501325,0.397956271231379,0.3269662805156409,0,97,aegis_v3,88.0,0.0,0.7358861766577871,1.7985557490946709,0.7267296910099245,1.0,0.1824514320237503
1953155144,mixed,False,unsafe_touchdown,False,True,False,23.200000000000003,0.6555964919100029,-0.16428712872562407,-0.2562314197139848,0.8815556349101378,0.6571861521763749,0,113,baseline,,,,,,,
1953155144,mixed,True,safe_abort,False,False,True,22.200000000000003,0.557496295257571,0.005049508940485939,-0.20580940248046958,0.8815556349101378,0.6583136324785471,115,111,aegis_v1,,,,,,,
1953155144,mixed,True,unsafe_touchdown,False,True,False,25.05,0.7081181392407082,0.11049987787374878,-0.2555252482903652,0.620205010760676,0.5286126648932776,67,115,aegis_v2,,,,,,,
1953155144,mixed,True,success,True,False,False,23.1,0.14812101361425328,-0.14423006566612429,-0.2780665960762498,0.3994690901191865,0.3304650170298203,0,112,aegis_v3,82.0,0.0,0.7976181941857942,2.3579397052378264,0.8185419964870384,1.0,0.18027521061694346
907720041,mixed,False,unsafe_touchdown,False,True,False,25.0,0.7066339146336846,0.10601591256959836,-0.2620106512578544,0.9326785135430613,0.6529451852216227,0,101,baseline,,,,,,,
907720041,mixed,True,safe_abort,False,False,True,24.150000000000002,0.6453351679335011,-0.147939017909141,-0.2021814390921935,0.9326785135430613,0.6537316137080647,108,99,aegis_v1,,,,,,,
907720041,mixed,True,unsafe_touchdown,False,True,False,24.900000000000002,0.7497548292677847,0.06598399182053369,-0.28930586694704546,0.6070848615933869,0.5301259325117444,20,101,aegis_v2,,,,,,,
907720041,mixed,True,success,True,False,False,24.150000000000002,0.08155340702552548,-0.021920450093306624,-0.24507042398150508,0.5405395741824721,0.32927047678724,0,99,aegis_v3,90.0,5.0,0.7463830435255036,2.1708412183616694,0.7149562773575068,1.0,0.18490243395652672
766046781,mixed,False,unsafe_touchdown,False,True,False,25.05,0.68535668055041,-0.04602682704878042,-0.2984794499801647,0.9302090999886367,0.6543101502066565,0,100,baseline,,,,,,,
766046781,mixed,True,safe_abort,False,False,True,24.1,0.7374658735605026,0.05860545769530147,-0.23745032905569324,0.9302090999886367,0.6545905800404983,119,96,aegis_v1,,,,,,,
766046781,mixed,True,unsafe_touchdown,False,True,False,26.5,0.8471816096746023,-0.09108929453046101,-0.26179114190794106,0.6415781381459931,0.5314067440762592,42,110,aegis_v2,,,,,,,
766046781,mixed,True,success,True,False,False,25.200000000000003,0.02324230235344585,-0.030781988318963744,-0.2726397567266083,0.4035487699751645,0.3281820532042607,0,101,aegis_v3,96.0,0.0,0.7319215915431261,1.9215313739900712,0.7276892030515055,1.0,0.1881750050237928
768203283,mixed,False,unsafe_touchdown,False,True,False,30.0,0.5663004898219735,0.07986637729113977,-0.23355851432628782,0.9585,0.6520789988893337,0,114,baseline,,,,,,,
768203283,mixed,True,safe_abort,False,False,True,30.85,0.5520121425232424,0.09326311718744289,-0.2427118527207384,0.9585,0.6516418022030291,148,117,aegis_v1,,,,,,,
768203283,mixed,True,unsafe_touchdown,False,True,False,31.700000000000003,0.6168109541131382,-0.02573951225247749,-0.19801972635059467,0.6873627768594118,0.5299945331989006,52,123,aegis_v2,,,,,,,
768203283,mixed,True,success,True,False,False,29.950000000000003,0.038331588018090654,-0.030943641825057787,-0.22675143691538832,0.45505309051803805,0.3270096099631397,0,114,aegis_v3,113.0,0.0,0.796203786464623,2.568384934618109,0.6651664203008834,1.0,0.18720983510209896
671285059,mixed,False,success,True,False,False,20.75,0.274594576361252,0.11277176465596174,-0.28933391965130095,0.8976517161091774,0.6584571475195039,0,104,baseline,,,,,,,
671285059,mixed,True,safe_abort,False,False,True,19.150000000000002,0.6490187994650852,0.18063263816135217,-0.18445812354770116,0.8976517161091774,0.658199552280476,99,96,aegis_v1,,,,,,,
671285059,mixed,True,success,True,False,False,22.0,0.2881895462105118,-0.06255829653882908,-0.32731368757294965,0.6171535014282011,0.5306070724330464,38,113,aegis_v2,,,,,,,
671285059,mixed,True,success,True,False,False,21.0,0.305272068876915,0.0458383831170893,-0.28781451740991826,0.4667665771970068,0.3311851476667464,0,105,aegis_v3,76.0,0.0,0.7953791661630091,2.3937594632486805,0.6681250472422975,1.0,0.1831653407789337
