frame_id,sequence,frame_index,condition,model,gt_count,detection_count,tp,fp,fn,frame_success,best_confidence_any,best_confidence_tp,best_iou,source_target_area_ratio,source_target_center_x,source_target_center_y,source_target_edge_distance,source_brightness_mean,source_contrast_std,source_sharpness_gradient_energy,view_brightness_mean,view_contrast_std,view_sharpness_gradient_energy
land_pad__6500.jpg,land_pad,6500,clean,baseline,1,264,1,263,0,True,0.011134485714137554,0.0051232450641691685,0.6448278653516546,0.00043225391300000216,0.670627,0.287721,0.287721,0.48355316836222,0.26178951086334484,0.004572898163985291,0.48355276882438064,0.2617942961625487,0.0045735911607400915
land_pad__6525.jpg,land_pad,6525,clean,baseline,1,257,1,256,0,True,0.012625198811292648,0.005241316743195057,0.5503117938776768,0.00047478071399999824,0.654943,0.292404,0.292404,0.4868440878446392,0.25917797385224367,0.004581368878270051,0.4868448326142039,0.2591835519892909,0.00458226268925708
land_pad__6550.jpg,land_pad,6550,clean,baseline,1,248,1,247,0,True,0.0171184204518795,0.0029453851748257875,0.6435922148085638,0.0005341330559999971,0.641635,0.297086,0.297086,0.4919546384132125,0.25573783464918604,0.00461422948357095,0.4919555810121931,0.2557429684590229,0.004615098258507154
land_pad__6575.jpg,land_pad,6575,clean,baseline,1,259,1,258,0,True,0.012846175581216812,0.0025820755399763584,0.7775958151466004,0.00043225391300000216,0.634506,0.302289,0.302289,0.4876673452603522,0.2519039179842841,0.004545558014798434,0.4876672831962218,0.25190831810746067,0.0045461127747750555
land_pad__6600.jpg,land_pad,6600,clean,baseline,1,267,1,266,0,True,0.015332364477217197,0.005089051555842161,0.6757920690320939,0.0006172327699999982,0.610266,0.306972,0.306972,0.4912540080821463,0.25056730126439536,0.004342761835610742,0.491253402956875,0.2505726676816157,0.004343434520132681
land_pad__6625.jpg,land_pad,6625,clean,baseline,1,235,1,234,0,True,0.02101000025868416,0.001495605451054871,0.6786451182052216,0.00045699006600000185,0.568916,0.297607,0.297607,0.4909464919530364,0.25091537963115074,0.0039660334689541835,0.4909474423100332,0.2509200218171704,0.003966666813371961
land_pad__6650.jpg,land_pad,6650,clean,baseline,1,265,1,264,0,True,0.017444977536797523,0.007993543520569801,0.5513066322410359,0.0003531283199999987,0.550856,0.289802,0.289802,0.48822115125393184,0.2495890729495641,0.0037996203491501186,0.48822115901194835,0.24959420923645326,0.0038002619093240615
land_pad__6675.jpg,land_pad,6675,clean,baseline,1,257,1,256,0,True,0.019585859030485153,0.016242550686001778,0.5338768625458489,0.0004035798399999996,0.551806,0.292404,0.292404,0.48789138513407354,0.24672183520610028,0.003835576761872194,0.48789060545343543,0.24672669389235843,0.003836120757688624
land_pad__6700.jpg,land_pad,6700,clean,baseline,1,258,1,257,0,True,0.021429255604743958,0.018505394458770752,0.5922708041610744,0.00039466897200000195,0.554658,0.290843,0.290843,0.4893003727804412,0.24430190916989236,0.0037869163890721595,0.48930050078771015,0.244306638009273,0.003787386578248819
land_pad__6725.jpg,land_pad,6725,clean,baseline,1,256,1,255,0,True,0.01744643971323967,0.01013073232024908,0.5249902583612953,0.00034126064700000026,0.555608,0.289802,0.289802,0.48788363099678195,0.23973915282385633,0.0036568873314254324,0.48788410423577583,0.23974436466497961,0.0036575453437463355
land_pad__6750.jpg,land_pad,6750,clean,baseline,1,248,0,248,1,False,0.027670294046401978,,0.4283948067061272,0.0002908064160000019,0.555133,0.287721,0.287721,0.48890773957549527,0.23766654342449423,0.0037202606239021578,0.48890898085810336,0.2376721815443509,0.0037211160302484934
land_pad__6775.jpg,land_pad,6775,clean,baseline,1,250,1,249,0,True,0.030104966834187508,0.012521391734480858,0.5416886579637172,0.0003115876680000002,0.555608,0.28564,0.28564,0.48884628832838245,0.2373246972648215,0.0035884364363837386,0.48884595473368164,0.23732831854968897,0.00358884326291619
land_pad__6800.jpg,land_pad,6800,clean,baseline,1,252,0,252,1,False,0.026423372328281403,,0.3484753892240464,0.00033234706800000036,0.554183,0.282518,0.282518,0.4872719269275549,0.2374631976935947,0.0035580674459726727,0.4872726794551361,0.2374679597490871,0.0035586995872228643
land_pad__6825.jpg,land_pad,6825,clean,baseline,1,252,0,252,1,False,0.04032805189490318,,0.29627971583677465,0.00034126064700000026,0.553707,0.282518,0.282518,0.4870248302293898,0.23823483437544285,0.0035728075110808633,0.48702600944786734,0.23823948683665727,0.003573458956289975
land_pad__6850.jpg,land_pad,6850,clean,baseline,1,243,0,243,1,False,0.03176544979214668,,0.15195074888879,0.00033234706800000036,0.552281,0.283559,0.283559,0.4867342808819281,0.23855015403086394,0.003460471332539192,0.48673462999266165,0.2385545745870852,0.0034610777388667463
land_pad__7450.jpg,land_pad,7450,clean,baseline,1,283,1,282,0,True,0.03071596659719944,0.02644280157983303,0.7278328489650812,0.0003481796370000006,0.719582,0.080125,0.080125,0.4865315639160079,0.2726134689139426,0.003642657508343403,0.48653158331104834,0.2726178385765088,0.0036430862883924126
land_pad__7475.jpg,land_pad,7475,clean,baseline,1,263,1,262,0,True,0.13274790346622467,0.04749591276049614,0.6215231259682673,0.0002819146890000002,0.722909,0.234651,0.234651,0.47916338405601977,0.2881050863722756,0.0034159457540576914,0.4791632909598242,0.2881084549842698,0.003416349416310371
land_pad__7500.jpg,land_pad,7500,clean,baseline,1,287,0,287,1,False,0.1351526379585266,,0.4812319392804837,0.00025717388399999964,0.72576,0.352758,0.27424000000000004,0.46456333268243566,0.2970070152141237,0.0032221698257971737,0.4645643179505062,0.2970103393402274,0.0032226491304786792
land_pad__7525.jpg,land_pad,7525,clean,baseline,1,300,0,300,1,False,0.2046603411436081,,0.4888319466865801,0.00024925884000000215,0.726236,0.41103,0.273764,0.4542895546146117,0.30173263547600465,0.0029045867925347386,0.4542900511276548,0.3017343834022183,0.002905006127106626
land_pad__7550.jpg,land_pad,7550,clean,baseline,1,279,1,278,0,True,0.08365512639284134,0.08365512639284134,0.6365497860641106,0.0002631124680000017,0.717681,0.345994,0.282319,0.43376021042222757,0.30197184784511194,0.002610929192025447,0.43376046643676547,0.30197485036534855,0.0026114364900786903
land_pad__7575.jpg,land_pad,7575,clean,baseline,1,300,1,299,0,True,0.04122746363282204,0.0036808201111853123,0.615267377596504,0.0002828888009999988,0.681084,0.227888,0.227888,0.413421604818597,0.3003896279508527,0.00242568492773498,0.4134226056026998,0.3003925001470447,0.0024262942355313616
land_pad__7600.jpg,land_pad,7600,clean,baseline,1,300,0,300,1,False,0.033772967755794525,,0.4560402545999073,0.00025717388399999893,0.684886,0.235172,0.235172,0.4150731158125208,0.3018541432296127,0.0023730603914509656,0.41507354638242544,0.30185638340160215,0.0023734709503863776
land_pad__7625.jpg,land_pad,7625,clean,baseline,1,300,0,300,1,False,0.26610317826271057,,0.3555606837816817,0.00028288880099999953,0.673479,0.301769,0.301769,0.4252266601437267,0.3044434077586137,0.002011470713991252,0.42522578736689276,0.3044450416327314,0.002011917884044982
land_pad__7650.jpg,land_pad,7650,clean,baseline,1,300,0,300,1,False,0.13654187321662903,,0.2933690540818735,0.0002700251639999987,0.629753,0.380333,0.370247,0.4448112563851386,0.30444310518966616,0.0018694810633598418,0.4448115589477738,0.3044437356947204,0.001869954341497821
land_pad__7675.jpg,land_pad,7675,clean,baseline,1,300,0,300,1,False,0.18947701156139374,,0.44516796713631396,0.0003046600440000029,0.574144,0.416233,0.416233,0.4698048773562358,0.29730758572521154,0.0017693072364031474,0.4698051450077978,0.2973091627486302,0.0017696350649464513
land_pad__7700.jpg,land_pad,7700,clean,baseline,1,300,0,300,1,False,0.2579638361930847,,0.40574699311770795,0.0002492657639999986,0.53327,0.424037,0.424037,0.4828914599989312,0.2905264148482795,0.0017869824779460138,0.48289132423364595,0.29052918309401204,0.0017874401873213856
land_pad__7725.jpg,land_pad,7725,clean,baseline,1,300,0,300,1,False,0.269857794046402,,0.46428245145517166,0.0002443102469999988,0.490019,0.426119,0.426119,0.4978070609275033,0.28136842551510177,0.001790713337142215,0.4978069949843648,0.2813711093553861,0.0017912093015654649
land_pad__7750.jpg,land_pad,7750,clean,baseline,1,300,0,300,1,False,0.21671652793884277,,0.3566081189860531,0.0002700251639999987,0.463403,0.44589,0.44589,0.5123704013679556,0.2638644091964657,0.0017017164033486056,0.5123699164919371,0.26386916057282317,0.0017021773423053599
land_pad__7775.jpg,land_pad,7775,clean,baseline,1,300,0,300,1,False,0.28552931547164917,,0.46030375712702487,0.00027696609600000045,0.457224,0.478668,0.457224,0.5226582602353639,0.24351420218098974,0.0015870822742989309,0.5226585046128777,0.24351857969728644,0.0015873952736568104
land_pad__7800.jpg,land_pad,7800,clean,baseline,1,294,0,294,1,False,0.28061050176620483,,0.28026544172827883,0.00023740248399999945,0.447719,0.527575,0.447719,0.5251414810037601,0.229453728720989,0.0018562749403345424,0.525139797514223,0.2294575798270164,0.0018567303668285528
land_pad__7825.jpg,land_pad,7825,clean,baseline,1,300,0,300,1,False,0.4610138535499573,,0.3411552293750377,0.0002700251639999987,0.444392,0.580125,0.419875,0.5121087739052602,0.23969508863917677,0.0018588677308651294,0.512108894154513,0.23969829599777046,0.001859432205408692
land_pad__7850.jpg,land_pad,7850,clean,baseline,1,300,0,300,1,False,0.2023092657327652,,0.2485211394501018,0.00025717388399999964,0.45865,0.633715,0.36628499999999997,0.5008531063834275,0.2584200005024963,0.0019570682787361494,0.5008528930379795,0.25842306980143603,0.0019574405014846042
land_pad__7875.jpg,land_pad,7875,clean,baseline,1,300,0,300,1,False,0.12974460422992706,,0.36568518414780615,0.0002700251639999987,0.47576,0.672737,0.32726299999999997,0.49551127383291715,0.2656381535984084,0.0022228739723108085,0.4955121466097507,0.2656405594958826,0.0022234216864014957
land_pad__7900.jpg,land_pad,7900,clean,baseline,1,300,0,300,1,False,0.1569339781999588,,0.32212260283385746,0.00030466004400000037,0.440114,0.682622,0.31737800000000005,0.4911805823368744,0.26380655478674625,0.0022781415864036097,0.49118063664298867,0.2638110286522358,0.002278808021390842
land_pad__7925.jpg,land_pad,7925,clean,baseline,1,300,0,300,1,False,0.18228240311145782,,0.41350767222558066,0.0002700251639999987,0.404468,0.689386,0.31061399999999995,0.48995563035317696,0.26790942076962465,0.0021698887260118154,0.48995565750623365,0.26791222515342483,0.002170256021896328
land_pad__7950.jpg,land_pad,7950,clean,baseline,1,300,0,300,1,False,0.2212175875902176,,0.42354703778281505,0.00025717388399999964,0.416825,0.721124,0.278876,0.4838746915897596,0.27740113886036005,0.002040328408934428,0.483873973973252,0.2774037901680569,0.0020407145691457265
land_pad__7975.jpg,land_pad,7975,clean,baseline,1,300,0,300,1,False,0.09654659032821655,,0.38999721669964615,0.00030466004400000037,0.418251,0.726327,0.27367300000000006,0.4759731946572402,0.2872238373302816,0.0018703305429166295,0.47597402864399235,0.28722687858670615,0.0018708293468849438
land_pad__8000.jpg,land_pad,8000,clean,baseline,1,300,0,300,1,False,0.09027555584907532,,0.3978596714158192,0.0002443102469999988,0.398764,0.662331,0.337669,0.46062243883638143,0.29795859389938134,0.0016955465912011814,0.46062214791077,0.2979622168251753,0.0016959881900801966
land_pad__8025.jpg,land_pad,8025,clean,baseline,1,300,0,300,1,False,0.2604936957359314,,0.3924815897828524,0.0002631124679999995,0.369772,0.537461,0.369772,0.44550213876872374,0.30723000591040134,0.0015079060017755119,0.4455028563852315,0.3072325766956925,0.0015083059722064331
land_pad__8050.jpg,land_pad,8050,clean,baseline,1,288,1,287,0,True,0.1776815950870514,0.06328234076499939,0.5098056017097967,0.0002631124679999995,0.339354,0.476067,0.339354,0.4388706484995647,0.3088049151288869,0.0017347069175321958,0.43887024508271716,0.3088083197222408,0.0017353440298248802
land_pad__8075.jpg,land_pad,8075,clean,baseline,1,296,0,296,1,False,0.19631583988666534,,0.2860784025050837,0.00025717388399999964,0.322719,0.460978,0.322719,0.4381850997521856,0.3103153696724622,0.0018721003704141024,0.438186344913802,0.3103178821466129,0.001872571630282376
land_pad__8100.jpg,land_pad,8100,clean,baseline,1,276,1,275,0,True,0.08148570358753204,0.08148570358753204,0.5353778876376698,0.0002492588400000001,0.289924,0.452653,0.289924,0.44369908656340273,0.3103816834882855,0.002559058330514434,0.44369915638554935,0.3103843705668558,0.0025595476281355307
land_pad__8125.jpg,land_pad,8125,clean,baseline,1,278,0,278,1,False,0.12294594943523407,,0.3510692719636241,0.00025717388399999964,0.283745,0.432882,0.283745,0.4531202431238183,0.3095239841443993,0.0027562655962948437,0.4531208327330569,0.3095266092572965,0.002756664397172449
land_pad__8150.jpg,land_pad,8150,clean,baseline,1,257,0,257,1,False,0.0977424755692482,,0.34923796843037935,0.0002443102469999988,0.283745,0.407388,0.283745,0.4585387326333896,0.30742278063149536,0.0028672508071238495,0.45853961704724794,0.307425917830033,0.0028681121212136575
land_pad__8175.jpg,land_pad,8175,clean,baseline,1,275,0,275,1,False,0.04748663678765297,,0.4281984848195616,0.0002017898300000008,0.274715,0.406348,0.274715,0.46424661554599395,0.3026719350888285,0.003163020082166676,0.46424720515523304,0.3026742638911737,0.0031637632143236925
land_pad__8200.jpg,land_pad,8200,clean,baseline,1,282,0,282,1,False,0.11555175483226776,,0.4033971628816239,0.0002057316929999995,0.261882,0.416233,0.261882,0.47054657086757823,0.2959434700049368,0.0034689043518192648,0.470545973500323,0.2959465533486496,0.0034696707198066867
land_pad__8225.jpg,land_pad,8225,clean,baseline,1,297,0,297,1,False,0.1278296560049057,,0.4999717989619192,0.0002017898300000008,0.26711,0.420916,0.26711,0.4664884611532463,0.2934793277724874,0.0033446029431709132,0.4664893145350391,0.29348194665338173,0.003345333433396658
land_pad__8250.jpg,land_pad,8250,clean,baseline,1,284,1,283,0,True,0.07934948801994324,0.042611099779605865,0.5344805103349456,0.00023144660999999938,0.289449,0.420395,0.289449,0.4626081380194543,0.29405479272699003,0.003121569507313791,0.4626087547817502,0.2940583484491373,0.0031223964929869307
land_pad__8275.jpg,land_pad,8275,clean,baseline,1,294,0,294,1,False,0.16802607476711273,,0.44458487056059265,0.00023740248400000175,0.274715,0.407908,0.274715,0.4387206860444847,0.29787839916145264,0.0027802414033624425,0.43872023220053114,0.2978816934701192,0.0027810948050498224
land_pad__8300.jpg,land_pad,8300,clean,baseline,1,300,1,299,0,True,0.19704391062259674,0.19704391062259674,0.5938288253511119,0.00031850036399999946,0.257605,0.383455,0.257605,0.4279214846857146,0.3032182249398526,0.00199472416571549,0.4279209571406062,0.3032216159296497,0.001995230775627177
land_pad__8325.jpg,land_pad,8325,clean,baseline,1,291,0,291,1,False,0.27194467186927795,,0.3115826502861156,0.0003481796370000014,0.245247,0.37565,0.245247,0.4213311700880681,0.3077958441463573,0.0014699310004807741,0.4213322406943177,0.3077971275599617,0.0014702983556034114
land_pad__8350.jpg,land_pad,8350,clean,baseline,1,300,1,299,0,True,0.5342467427253723,0.5342467427253723,0.5025158280643476,0.00042040240000000036,0.209601,0.35744,0.209601,0.3960709099757461,0.3098161316423985,0.0007324380623046443,0.3960715461330828,0.3098196231964562,0.0007327230049058491
land_pad__8375.jpg,land_pad,8375,clean,baseline,1,298,0,298,1,False,0.4851093590259552,,0.4901862048790784,0.0007616514600000007,0.18251,0.33871,0.18251,0.4065866256608955,0.31335911774855785,0.0003917821041854732,0.4065875139537623,0.3133598219238976,0.0003920211518801643
land_pad__8400.jpg,land_pad,8400,clean,baseline,1,300,1,299,0,True,0.3123061954975128,0.3123061954975128,0.6610134427798883,0.0009149615280000012,0.201046,0.333507,0.201046,0.4382953877119071,0.3168844443757065,0.0005150165208974054,0.4382957290646245,0.3168859079086583,0.0005151960699631585
land_pad__8425.jpg,land_pad,8425,clean,baseline,1,300,1,299,0,True,0.25420671701431274,0.21312949061393738,0.6680279844353868,0.0007399019399999979,0.311787,0.426639,0.311787,0.4998045212632875,0.29899292083779244,0.00038029124191196577,0.49980465314956474,0.2989936900272636,0.0003805064348862489
land_pad__8450.jpg,land_pad,8450,clean,baseline,1,300,1,299,0,True,0.45151767134666443,0.45151767134666443,0.8149767035172936,0.0006923806200000022,0.492395,0.32102,0.32102,0.5585919836572731,0.21129423023253194,0.000431298793671156,0.5585918440129796,0.21129642658763365,0.0004314950693649006
land_pad__8475.jpg,land_pad,8475,clean,baseline,1,272,1,271,0,True,0.5715428590774536,0.5715428590774536,0.8555056257982486,0.0008308858799999962,0.655894,0.187825,0.187825,0.555263426158774,0.15836818858711305,0.0006434633351562772,0.5552635658030675,0.15837397624199956,0.0006437093794058651
land_pad__8500.jpg,land_pad,8500,clean,baseline,1,282,1,281,0,True,0.29460713267326355,0.29460713267326355,0.7252078495257696,0.000750753556999999,0.721008,0.220083,0.220083,0.5388039955025228,0.15468232126298767,0.0008040427712719047,0.5388048760373729,0.15468677273689732,0.0008042360555180264
land_pad__8525.jpg,land_pad,8525,clean,baseline,1,291,1,290,0,True,0.5974159240722656,0.5974159240722656,0.8306797802846724,0.0007962504599999989,0.687738,0.332466,0.31226200000000004,0.5299263616850816,0.16501166267879694,0.0007098630408161595,0.5299255199403131,0.1650150670752843,0.0007101439159081782
land_pad__8550.jpg,land_pad,8550,clean,baseline,1,279,1,278,0,True,0.5558258891105652,0.5558258891105652,0.7029258406911779,0.0007913174359999958,0.652567,0.344433,0.344433,0.5307306080818514,0.1659116417768139,0.0007280322292899787,0.5307301969069876,0.16591597669943145,0.0007282102851851842
land_pad__8575.jpg,land_pad,8575,clean,baseline,1,277,1,276,0,True,0.26251113414764404,0.26251113414764404,0.8039879976298615,0.0008308858800000042,0.690114,0.342872,0.309886,0.5316148435056831,0.15976474163751486,0.0007186662303900217,0.5316130979520154,0.1597699977966462,0.0007189339731909044
land_pad__8600.jpg,land_pad,8600,clean,baseline,1,263,1,262,0,True,0.5504574775695801,0.5504574775695801,0.5913964294232869,0.0008744167000000014,0.672053,0.262227,0.262227,0.5292045868805892,0.14959267949681634,0.0007571007415588763,0.5292039313282122,0.14959880247598492,0.0007573604437955679
land_pad__8625.jpg,land_pad,8625,clean,baseline,1,254,1,253,0,True,0.545053243637085,0.545053243637085,0.8355935119353637,0.0009001203000000018,0.64924,0.220083,0.220083,0.5231861040273956,0.147870663775131,0.000753305768996373,0.5231858790449229,0.14787849275970788,0.0007535532154979208
land_pad__8650.jpg,land_pad,8650,clean,baseline,1,246,1,245,0,True,0.7151456475257874,0.7151456475257874,0.725581471882181,0.0007359340120000038,0.635932,0.201353,0.201353,0.5268243382625442,0.150187109234366,0.0007586443265732999,0.526823764169338,0.15019179912557062,0.0007589334680380667
land_pad__8675.jpg,land_pad,8675,clean,baseline,1,255,1,254,0,True,0.5659568309783936,0.5659568309783936,0.7338392894829876,0.0008783846279999966,0.60076,0.273153,0.273153,0.5243229016718758,0.16041894117046673,0.0006904014969269551,0.5243230956222833,0.16042324807292052,0.0006906721698663312
land_pad__8700.jpg,land_pad,8700,clean,baseline,1,287,1,286,0,True,0.6107958555221558,0.016976283863186836,0.6625018594903986,0.0009515769300000026,0.543726,0.32206,0.32206,0.5245757121490457,0.17046316317879565,0.0006726244783937114,0.5245755337146709,0.170467164946265,0.0006728838851895813
land_pad2__2050.jpg,land_pad2,2050,clean,baseline,1,248,1,247,0,True,0.8577773571014404,0.8577773571014404,0.8205570543138202,0.24079716533099993,0.704848,0.665453,0.29515199999999997,0.48780909585517884,0.23891656731350816,0.00618646631322919,0.48781725340931814,0.23891129114412807,0.006187289184006201
land_pad2__2075.jpg,land_pad2,2075,clean,baseline,1,253,1,252,0,True,0.892204999923706,0.892204999923706,0.9080382529952349,0.18180394185599996,0.16302300000000003,0.712279,0.16302300000000003,0.5497918330276289,0.21175473588101412,0.006950434760986197,0.5497938268378175,0.21175942984047727,0.006951637452113912
land_pad2__2100.jpg,land_pad2,2100,clean,baseline,1,270,1,269,0,True,0.9382067918777466,0.9382067918777466,0.8962238335055563,0.21312163179000002,0.238118,0.715921,0.238118,0.4980180673338404,0.20993603732935723,0.006352613707600164,0.49802184160877044,0.20993564831578448,0.006353675062740341
land_pad2__2125.jpg,land_pad2,2125,clean,baseline,1,257,1,256,0,True,0.905067503452301,0.905067503452301,0.9647045818845463,0.211238529438,0.361217,0.7263267499999999,0.2736732500000001,0.5167506316770821,0.2167323472067036,0.005783557996890067,0.516756031256427,0.2167319409103555,0.005784401132326424
land_pad2__2150.jpg,land_pad2,2150,clean,baseline,1,269,1,268,0,True,0.9267815947532654,0.9267815947532654,0.9013690819017498,0.22493207709999993,0.33602699999999996,0.484912,0.33602699999999996,0.4958058534698467,0.2264833562593162,0.005358433856756408,0.4958141079991899,0.22647688289851733,0.005359151649078022
land_pad2__2175.jpg,land_pad2,2175,clean,baseline,1,266,1,265,0,True,0.9113497138023376,0.9113497138023376,0.9531563206624986,0.202008662232,0.3179660000000001,0.27835600000000005,0.27835600000000005,0.5161069490646664,0.22887310395448526,0.006312998194197755,0.5161149553374881,0.2288658406975473,0.006313986910498753
land_pad2__2200.jpg,land_pad2,2200,clean,baseline,1,239,1,238,0,True,0.9280738234519958,0.9280738234519958,0.9416109217964196,0.24893279037200003,0.47813700000000003,0.3298650000000001,0.3298650000000001,0.5026663991702647,0.24064824156328027,0.005614592791648032,0.5026744597492002,0.24063956976407824,0.005615751850005514
land_pad2__2225.jpg,land_pad2,2225,clean,baseline,1,232,1,231,0,True,0.9256222248077393,0.9256222248077393,0.8911109355530821,0.28852421463800004,0.623099,0.3371489999999999,0.3371489999999999,0.47974423837342955,0.25153584781242344,0.004364905357324534,0.479750382722339,0.2515302075753391,0.004365459985948825
land_pad2__2250.jpg,land_pad2,2250,clean,baseline,1,251,1,250,0,True,0.8899507522583008,0.8899507522583008,0.9482709516918739,0.28441178891999996,0.60789,0.385016,0.385016,0.48121807139904127,0.25164267456615996,0.004138084841699004,0.4812255384897298,0.25163456692828107,0.004138496556377332
land_pad2__2275.jpg,land_pad2,2275,clean,baseline,1,264,1,263,0,True,0.8845942616462708,0.8845942616462708,0.8673763480818312,0.25798921491200005,0.688213,0.4120710000000001,0.31178700000000004,0.4942079154574827,0.26152582163073473,0.0040780165731971185,0.49421070058533434,0.26152614760301496,0.004078496898300768
land_pad2__2300.jpg,land_pad2,2300,clean,baseline,1,248,1,247,0,True,0.8943578600883484,0.8943578600883484,0.9215335152787182,0.25757993747200003,0.803232,0.33871,0.19676800000000005,0.48870363392465704,0.2582006967764469,0.004932559740802263,0.488704747199996,0.2582025556253076,0.004933376728263961
land_pad2__2325.jpg,land_pad2,2325,clean,baseline,1,240,1,239,0,True,0.9434536695480347,0.9434536695480347,0.9256942366740623,0.27903436764600004,0.361217,0.390739,0.361217,0.47221110369186153,0.238485767278236,0.0036089500043226803,0.47221329145245805,0.23848708184629927,0.0036092877020540625
land_pad2__2350.jpg,land_pad2,2350,clean,baseline,1,241,1,240,0,True,0.8737766742706299,0.8737766742706299,0.9164220121863383,0.2938119927119999,0.429658,0.45265299999999997,0.429658,0.4681879011718717,0.23448779351269572,0.0032122642279666753,0.46818918124456105,0.2344883355170888,0.003212611822868424
land_pad2__2375.jpg,land_pad2,2375,clean,baseline,1,262,1,261,0,True,0.8758946657180786,0.8758946657180786,0.9313261061463473,0.27436936383999994,0.480989,0.4994799999999999,0.480989,0.47869144065043834,0.2321968551726955,0.002866948463354331,0.478692491861647,0.23219740347837822,0.002867185782793241
land_pad2__2400.jpg,land_pad2,2400,clean,baseline,1,250,1,249,0,True,0.9592565894126892,0.9592565894126892,0.8558098374975519,0.371244923442,0.476236,0.572841,0.42715899999999996,0.4828364789374123,0.2277492789690044,0.0031315003500819913,0.48283919424311744,0.2277440379820674,0.003131678024614555
land_pad2__2425.jpg,land_pad2,2425,clean,baseline,1,281,1,280,0,True,0.9303207993507385,0.9303207993507385,0.9633558409805294,0.348776078376,0.484316,0.635276,0.36472400000000005,0.46845761248755124,0.21601485687008973,0.0020680633471677535,0.46845809736357,0.2160154236392223,0.0020682159556874094
land_pad2__2450.jpg,land_pad2,2450,clean,baseline,1,279,1,278,0,True,0.9631682634353638,0.9631682634353638,0.7939270752585746,0.5006960249760001,0.512833,0.62435,0.37565000000000004,0.46744485000767694,0.20790074911153725,0.0013539698003832464,0.46744435349463337,0.2078987949453474,0.00135382883932922
land_pad2__2475.jpg,land_pad2,2475,clean,baseline,1,300,1,299,0,True,0.9671371579170227,0.9671371579170227,0.9343896147898616,0.786116673615,0.554183,0.528096,0.445817,0.4773776205900237,0.18547290422817592,0.0012235378639782314,0.47737240720306995,0.18546523529900313,0.001223382916753904
land_pad2__2500.jpg,land_pad2,2500,clean,baseline,1,276,1,275,0,True,0.9805793166160583,0.9805793166160583,0.9611639792518532,0.738113872776,0.539449,0.510406,0.46055100000000004,0.5237393204117364,0.1970226762223471,0.0012623375624498576,0.5237364227926483,0.19701738681608286,0.0012622370689780197
land_pad2__2525.jpg,land_pad2,2525,clean,baseline,1,264,1,263,0,True,0.9255502223968506,0.9255502223968506,0.9416289602985273,0.8909045402879998,0.52424,0.501561,0.47575999999999996,0.5121421682864238,0.22380743053805952,0.0012298566795515865,0.5121382466091843,0.22380256652899563,0.0012297420302335362
land_pad__6500.jpg,land_pad,6500,blur,baseline,1,298,1,297,0,True,0.012633505277335644,0.0033681185450404882,0.5014022011606235,0.00043225391300000216,0.670627,0.287721,0.287721,0.48355316836222,0.26178951086334484,0.004572898163985291,0.4835890259135587,0.2503488087449466,0.00016522823756268343
land_pad__6525.jpg,land_pad,6525,blur,baseline,1,274,0,274,1,False,0.015149612911045551,,0.4196699391260282,0.00047478071399999824,0.654943,0.292404,0.292404,0.4868440878446392,0.25917797385224367,0.004581368878270051,0.4868692742445571,0.24765062934947182,0.00016345856747819435
land_pad__6550.jpg,land_pad,6550,blur,baseline,1,272,0,272,1,False,0.0384284071624279,,0.49707830058538754,0.0005341330559999971,0.641635,0.297086,0.297086,0.4919546384132125,0.25573783464918604,0.00461422948357095,0.49197748965022464,0.24406935464808027,0.00016139933154923366
land_pad__6575.jpg,land_pad,6575,blur,baseline,1,266,0,266,1,False,0.01521671935915947,,0.4538668578830951,0.00043225391300000216,0.634506,0.302289,0.302289,0.4876673452603522,0.2519039179842841,0.004545558014798434,0.4876855184135354,0.24032386126174915,0.00015707279909629726
land_pad__6600.jpg,land_pad,6600,blur,baseline,1,285,1,284,0,True,0.022770818322896957,0.0023954736534506083,0.5483633613103392,0.0006172327699999982,0.610266,0.306972,0.306972,0.4912540080821463,0.25056730126439536,0.004342761835610742,0.49128403936324383,0.23957536722504677,0.00014842326349485903
land_pad__6625.jpg,land_pad,6625,blur,baseline,1,238,1,237,0,True,0.049234263598918915,0.001564197475090623,0.7239407615891109,0.00045699006600000185,0.568916,0.297607,0.297607,0.4909464919530364,0.25091537963115074,0.0039660334689541835,0.49099088720131334,0.24071929550353294,0.00014304361515128498
land_pad__6650.jpg,land_pad,6650,blur,baseline,1,268,0,268,1,False,0.0269525945186615,,0.2634760390096114,0.0003531283199999987,0.550856,0.289802,0.289802,0.48822115125393184,0.2495890729495641,0.0037996203491501186,0.4882693285351552,0.2396532874309216,0.00014505006048780186
land_pad__6675.jpg,land_pad,6675,blur,baseline,1,254,0,254,1,False,0.033137883991003036,,0.3483221061976907,0.0004035798399999996,0.551806,0.292404,0.292404,0.48789138513407354,0.24672183520610028,0.003835576761872194,0.4879417191438285,0.23676207281017095,0.00014230894463986428
land_pad__6700.jpg,land_pad,6700,blur,baseline,1,242,0,242,1,False,0.036280762404203415,,0.4114760575718575,0.00039466897200000195,0.554658,0.290843,0.290843,0.4893003727804412,0.24430190916989236,0.0037869163890721595,0.4893704315466388,0.23441810225154594,0.00013865518488061405
land_pad__6725.jpg,land_pad,6725,blur,baseline,1,241,0,241,1,False,0.028402645140886307,,0.36572033439834123,0.00034126064700000026,0.555608,0.289802,0.289802,0.48788363099678195,0.23973915282385633,0.0036568873314254324,0.48796182016406187,0.2300579588385698,0.00013287166007623126
land_pad__6750.jpg,land_pad,6750,blur,baseline,1,249,0,249,1,False,0.029779190197587013,,0.2756031177714251,0.0002908064160000019,0.555133,0.287721,0.287721,0.48890773957549527,0.23766654342449423,0.0037202606239021578,0.489000420717224,0.22803185708604018,0.00012897240819807174
land_pad__6775.jpg,land_pad,6775,blur,baseline,1,255,0,255,1,False,0.03352351486682892,,0.24860886235818722,0.0003115876680000002,0.555608,0.28564,0.28564,0.48884628832838245,0.2373246972648215,0.0035884364363837386,0.48892689023873176,0.2279141655456085,0.0001271430209171449
land_pad__6800.jpg,land_pad,6800,blur,baseline,1,260,0,260,1,False,0.029276825487613678,,0.2540324077629907,0.00033234706800000036,0.554183,0.282518,0.282518,0.4872719269275549,0.2374631976935947,0.0035580674459726727,0.4873369856522472,0.22815398320573482,0.00012611886139377663
land_pad__6825.jpg,land_pad,6825,blur,baseline,1,251,0,251,1,False,0.023508282378315926,,0.24166931196134384,0.00034126064700000026,0.553707,0.282518,0.282518,0.4870248302293898,0.23823483437544285,0.0035728075110808633,0.4870940705248679,0.22897875988808492,0.00012551628073039558
land_pad__6850.jpg,land_pad,6850,blur,baseline,1,242,0,242,1,False,0.03888263925909996,,0.10441111596613187,0.00033234706800000036,0.552281,0.283559,0.283559,0.4867342808819281,0.23855015403086394,0.003460471332539192,0.486803672458724,0.22946370717809247,0.00012419970316902146
land_pad__7450.jpg,land_pad,7450,blur,baseline,1,277,1,276,0,True,0.03392011299729347,0.017292477190494537,0.6658325620652442,0.0003481796370000006,0.719582,0.080125,0.080125,0.4865315639160079,0.2726134689139426,0.003642657508343403,0.48656249512699606,0.2637954087505831,0.00015161800386386128
land_pad__7475.jpg,land_pad,7475,blur,baseline,1,272,1,271,0,True,0.10721302777528763,0.03717830032110214,0.6586188938022479,0.0002819146890000002,0.722909,0.234651,0.234651,0.47916338405601977,0.2881050863722756,0.0034159457540576914,0.47919070778942846,0.28036787473566976,0.0001502158202181877
land_pad__7500.jpg,land_pad,7500,blur,baseline,1,300,0,300,1,False,0.07397810369729996,,0.45332778254234235,0.00025717388399999964,0.72576,0.352758,0.27424000000000004,0.46456333268243566,0.2970070152141237,0.0032221698257971737,0.4646235465259487,0.2902626143851179,0.00013864272317463608
land_pad__7525.jpg,land_pad,7525,blur,baseline,1,294,0,294,1,False,0.09986433386802673,,0.4524280049753225,0.00024925884000000215,0.726236,0.41103,0.273764,0.4542895546146117,0.30173263547600465,0.0029045867925347386,0.4543694117553962,0.29557898823939555,0.0001324455187999162
land_pad__7550.jpg,land_pad,7550,blur,baseline,1,269,1,268,0,True,0.04813558980822563,0.04813558980822563,0.630684568749037,0.0002631124680000017,0.717681,0.345994,0.282319,0.43376021042222757,0.30197184784511194,0.002610929192025447,0.4338412506604982,0.29612495595224503,0.00012474723263879178
land_pad__7575.jpg,land_pad,7575,blur,baseline,1,300,1,299,0,True,0.030383827164769173,0.0031417144928127527,0.6135137273605478,0.0002828888009999988,0.681084,0.227888,0.227888,0.413421604818597,0.3003896279508527,0.00242568492773498,0.4134864191657758,0.29493671967410334,0.00010831814083186631
land_pad__7600.jpg,land_pad,7600,blur,baseline,1,300,0,300,1,False,0.023864252492785454,,0.47409627931314036,0.00025717388399999893,0.684886,0.235172,0.235172,0.4150731158125208,0.3018541432296127,0.0023730603914509656,0.41514088208490213,0.2964991508027012,0.00010697742263975554
land_pad__7625.jpg,land_pad,7625,blur,baseline,1,300,0,300,1,False,0.13177794218063354,,0.36206818727209694,0.00028288880099999953,0.673479,0.301769,0.301769,0.4252266601437267,0.3044434077586137,0.002011470713991252,0.4252799266836426,0.299490706112575,0.00010353001127691626
land_pad__7650.jpg,land_pad,7650,blur,baseline,1,300,0,300,1,False,0.08959133177995682,,0.2861549802715744,0.0002700251639999987,0.629753,0.380333,0.370247,0.4448112563851386,0.30444310518966616,0.0018694810633598418,0.44486285883055826,0.29997281437535017,8.797549028068431e-05
land_pad__7675.jpg,land_pad,7675,blur,baseline,1,300,0,300,1,False,0.18063947558403015,,0.43793420936570565,0.0003046600440000029,0.574144,0.416233,0.416233,0.4698048773562358,0.29730758572521154,0.0017693072364031474,0.46985555659771594,0.29297269101379264,7.937032193128756e-05
land_pad__7700.jpg,land_pad,7700,blur,baseline,1,300,0,300,1,False,0.26946064829826355,,0.40851328588139224,0.0002492657639999986,0.53327,0.424037,0.424037,0.4828914599989312,0.2905264148482795,0.0017869824779460138,0.4829143306309836,0.28602945147572106,8.028408642958397e-05
land_pad__7725.jpg,land_pad,7725,blur,baseline,1,300,0,300,1,False,0.24034661054611206,,0.4496723930658823,0.0002443102469999988,0.490019,0.426119,0.426119,0.4978070609275033,0.28136842551510177,0.001790713337142215,0.4978309672547318,0.2766906215719531,8.087670724260393e-05
land_pad__7750.jpg,land_pad,7750,blur,baseline,1,300,0,300,1,False,0.21213318407535553,,0.3622841920805023,0.0002700251639999987,0.463403,0.44589,0.44589,0.5123704013679556,0.2638644091964657,0.0017017164033486056,0.5124115847974843,0.2590165563571697,8.218369234445346e-05
land_pad__7775.jpg,land_pad,7775,blur,baseline,1,300,0,300,1,False,0.3537363111972809,,0.4509020544466317,0.00027696609600000045,0.457224,0.478668,0.457224,0.5226582602353639,0.24351420218098974,0.0015870822742989309,0.5227007043425417,0.23857296759568394,7.800254722608369e-05
land_pad__7800.jpg,land_pad,7800,blur,baseline,1,298,0,298,1,False,0.3059913218021393,,0.26537169304747066,0.00023740248399999945,0.447719,0.527575,0.447719,0.5251414810037601,0.229453728720989,0.0018562749403345424,0.5251890492807036,0.22353442111480384,8.419938857113143e-05
land_pad__7825.jpg,land_pad,7825,blur,baseline,1,300,0,300,1,False,0.5601360201835632,,0.32326317020903306,0.0002700251639999987,0.444392,0.580125,0.419875,0.5121087739052602,0.23969508863917677,0.0018588677308651294,0.5121490108568006,0.23386302482494514,8.360969714561873e-05
land_pad__7850.jpg,land_pad,7850,blur,baseline,1,300,0,300,1,False,0.20591358840465546,,0.3023981361508079,0.00025717388399999964,0.45865,0.633715,0.36628499999999997,0.5008531063834275,0.2584200005024963,0.0019570682787361494,0.500919976604926,0.2529415371820678,8.229793134437066e-05
land_pad__7875.jpg,land_pad,7875,blur,baseline,1,300,0,300,1,False,0.11964786797761917,,0.3349862479542595,0.0002700251639999987,0.47576,0.672737,0.32726299999999997,0.49551127383291715,0.2656381535984084,0.0022228739723108085,0.4955804598222808,0.2599800052195813,8.24790168654524e-05
land_pad__7900.jpg,land_pad,7900,blur,baseline,1,300,0,300,1,False,0.18083326518535614,,0.30010450718767706,0.00030466004400000037,0.440114,0.682622,0.31737800000000005,0.4911805823368744,0.26380655478674625,0.0022781415864036097,0.49125903139770033,0.25785840963489437,8.803735532184878e-05
land_pad__7925.jpg,land_pad,7925,blur,baseline,1,300,0,300,1,False,0.251953661441803,,0.4144171228035994,0.0002700251639999987,0.404468,0.689386,0.31061399999999995,0.48995563035317696,0.26790942076962465,0.0021698887260118154,0.4900150412420026,0.26208641115169806,9.13360151538369e-05
land_pad__7950.jpg,land_pad,7950,blur,baseline,1,300,0,300,1,False,0.17590723931789398,,0.4296182429357529,0.00025717388399999964,0.416825,0.721124,0.278876,0.4838746915897596,0.27740113886036005,0.002040328408934428,0.4839357782101059,0.27202791768693063,8.993893039655244e-05
land_pad__7975.jpg,land_pad,7975,blur,baseline,1,300,0,300,1,False,0.07127519696950912,,0.38940765181553044,0.00030466004400000037,0.418251,0.726327,0.27367300000000006,0.4759731946572402,0.2872238373302816,0.0018703305429166295,0.4760451657744562,0.2822627969379719,9.012879577634933e-05
land_pad__8000.jpg,land_pad,8000,blur,baseline,1,300,0,300,1,False,0.07008124142885208,,0.4015844786655546,0.0002443102469999988,0.398764,0.662331,0.337669,0.46062243883638143,0.29795859389938134,0.0016955465912011814,0.46068299015360337,0.29351638918238215,8.67749806545983e-05
land_pad__8025.jpg,land_pad,8025,blur,baseline,1,300,0,300,1,False,0.23142801225185394,,0.4016464506460642,0.0002631124679999995,0.369772,0.537461,0.369772,0.44550213876872374,0.30723000591040134,0.0015079060017755119,0.44555793054294546,0.30328936221440633,8.340085390447935e-05
land_pad__8050.jpg,land_pad,8050,blur,baseline,1,300,1,299,0,True,0.15010423958301544,0.04668606445193291,0.5011109887127727,0.0002631124679999995,0.339354,0.476067,0.339354,0.4388706484995647,0.3088049151288869,0.0017347069175321958,0.43891503986883385,0.3042932467197028,0.00010084089477297256
land_pad__8075.jpg,land_pad,8075,blur,baseline,1,287,0,287,1,False,0.07276419550180435,,0.3373887362715523,0.00025717388399999964,0.322719,0.460978,0.322719,0.4381850997521856,0.3103153696724622,0.0018721003704141024,0.43823655479529583,0.3054969442363378,0.0001124672537149156
land_pad__8100.jpg,land_pad,8100,blur,baseline,1,264,1,263,0,True,0.06477539986371994,0.06477539986371994,0.5525131812873372,0.0002492588400000001,0.289924,0.452653,0.289924,0.44369908656340273,0.3103816834882855,0.002559058330514434,0.4437684509871415,0.30468439110013773,0.00012739293929458248
land_pad__8125.jpg,land_pad,8125,blur,baseline,1,296,0,296,1,False,0.1292494386434555,,0.38603114085097834,0.00025717388399999964,0.283745,0.432882,0.283745,0.4531202431238183,0.3095239841443993,0.0027562655962948437,0.4532014695544799,0.30357720260329507,0.0001312508026156511
land_pad__8150.jpg,land_pad,8150,blur,baseline,1,279,0,279,1,False,0.10295668244361877,,0.41090956953337276,0.0002443102469999988,0.283745,0.407388,0.283745,0.4585387326333896,0.30742278063149536,0.0028672508071238495,0.4586218520200285,0.3013810561801863,0.00012965287083764997
land_pad__8175.jpg,land_pad,8175,blur,baseline,1,297,0,297,1,False,0.04011257737874985,,0.3537769813246788,0.0002017898300000008,0.274715,0.406348,0.274715,0.46424661554599395,0.3026719350888285,0.003163020082166676,0.46432764414724015,0.29634834021160833,0.00012334434159428493
land_pad__8200.jpg,land_pad,8200,blur,baseline,1,293,0,293,1,False,0.10083498805761337,,0.4201931189595696,0.0002057316929999995,0.261882,0.416233,0.261882,0.47054657086757823,0.2959434700049368,0.0034689043518192648,0.47062794857955775,0.2893710204428562,0.00011737945950268388
land_pad__8225.jpg,land_pad,8225,blur,baseline,1,279,0,279,1,False,0.09197390824556351,,0.4884135533559989,0.0002017898300000008,0.26711,0.420916,0.26711,0.4664884611532463,0.2934793277724874,0.0033446029431709132,0.4665457579826306,0.2869686052353441,0.00011724069336193594
land_pad__8250.jpg,land_pad,8250,blur,baseline,1,297,1,296,0,True,0.09542286396026611,0.039302583783864975,0.5072710749987303,0.00023144660999999938,0.289449,0.420395,0.289449,0.4626081380194543,0.29405479272699003,0.003121569507313791,0.46265671871752534,0.2875968390596661,0.0001210914267848352
land_pad__8275.jpg,land_pad,8275,blur,baseline,1,297,0,297,1,False,0.11099884659051895,,0.40726702686239497,0.00023740248400000175,0.274715,0.407908,0.274715,0.4387206860444847,0.29787839916145264,0.0027802414033624425,0.43877583390335345,0.29190699118000013,0.00012053630136680936
land_pad__8300.jpg,land_pad,8300,blur,baseline,1,300,1,299,0,True,0.1980927288532257,0.1980927288532257,0.6026904127609279,0.00031850036399999946,0.257605,0.383455,0.257605,0.4279214846857146,0.3032182249398526,0.00199472416571549,0.4279631879023355,0.29830033165421155,0.0001111623369078652
land_pad__8325.jpg,land_pad,8325,blur,baseline,1,300,0,300,1,False,0.23414625227451324,,0.337890695854355,0.0003481796370000014,0.245247,0.37565,0.245247,0.4213311700880681,0.3077958441463573,0.0014699310004807741,0.421387272182942,0.30380909997295963,9.551010866028777e-05
land_pad__8350.jpg,land_pad,8350,blur,baseline,1,300,1,299,0,True,0.43958231806755066,0.43958231806755066,0.5345573607730655,0.00042040240000000036,0.209601,0.35744,0.209601,0.3960709099757461,0.3098161316423985,0.0007324380623046443,0.3961346110475858,0.3074561590519976,5.849588447583803e-05
land_pad__8375.jpg,land_pad,8375,blur,baseline,1,300,0,300,1,False,0.37364768981933594,,0.48983017051647415,0.0007616514600000007,0.18251,0.33871,0.18251,0.4065866256608955,0.31335911774855785,0.0003917821041854732,0.40665408937064107,0.31164778777177843,4.979883873665305e-05
land_pad__8400.jpg,land_pad,8400,blur,baseline,1,298,1,297,0,True,0.3553137183189392,0.3553137183189392,0.7630438878208621,0.0009149615280000012,0.201046,0.333507,0.201046,0.4382953877119071,0.3168844443757065,0.0005150165208974054,0.4383394765185407,0.3150759300887596,4.8655648728679216e-05
land_pad__8425.jpg,land_pad,8425,blur,baseline,1,300,1,299,0,True,0.2970013916492462,0.2970013916492462,0.5090112082065432,0.0007399019399999979,0.311787,0.426639,0.311787,0.4998045212632875,0.29899292083779244,0.00038029124191196577,0.499869304578401,0.29731785364474467,4.687827814072675e-05
land_pad__8450.jpg,land_pad,8450,blur,baseline,1,297,1,296,0,True,0.43616345524787903,0.43616345524787903,0.8361606946513122,0.0006923806200000022,0.492395,0.32102,0.32102,0.5585919836572731,0.21129423023253194,0.000431298793671156,0.5586377365584028,0.20861615453965562,5.8444852431164905e-05
land_pad__8475.jpg,land_pad,8475,blur,baseline,1,279,1,278,0,True,0.5411296486854553,0.5411296486854553,0.8284969125776361,0.0008308858799999962,0.655894,0.187825,0.187825,0.555263426158774,0.15836818858711305,0.0006434633351562772,0.5552013077222596,0.15307705357908116,8.26945113951731e-05
land_pad__8500.jpg,land_pad,8500,blur,baseline,1,300,1,299,0,True,0.38261622190475464,0.38261622190475464,0.717622052445078,0.000750753556999999,0.721008,0.220083,0.220083,0.5388039955025228,0.15468232126298767,0.0008040427712719047,0.5388410089982903,0.14834416262715558,9.171675874816013e-05
land_pad__8525.jpg,land_pad,8525,blur,baseline,1,300,1,299,0,True,0.5473198294639587,0.5473198294639587,0.8376874879886707,0.0007962504599999989,0.687738,0.332466,0.31226200000000004,0.5299263616850816,0.16501166267879694,0.0007098630408161595,0.5299540034971586,0.15965368314794254,8.705364665725127e-05
land_pad__8550.jpg,land_pad,8550,blur,baseline,1,300,1,299,0,True,0.5210726857185364,0.5210726857185364,0.7714352795584697,0.0007913174359999958,0.652567,0.344433,0.344433,0.5307306080818514,0.1659116417768139,0.0007280322292899787,0.5307831259731947,0.16070229900436134,8.541220246516307e-05
land_pad__8575.jpg,land_pad,8575,blur,baseline,1,300,1,299,0,True,0.289755642414093,0.289755642414093,0.795934478209163,0.0008308858800000042,0.690114,0.342872,0.309886,0.5316148435056831,0.15976474163751486,0.0007186662303900217,0.5316753443957992,0.1540600086048695,9.257013794419573e-05
land_pad__8600.jpg,land_pad,8600,blur,baseline,1,244,1,243,0,True,0.4717562794685364,0.4717562794685364,0.5931847660766418,0.0008744167000000014,0.672053,0.262227,0.262227,0.5292045868805892,0.14959267949681634,0.0007571007415588763,0.5292754059323844,0.1433576554870092,9.239083314138938e-05
land_pad__8625.jpg,land_pad,8625,blur,baseline,1,264,1,263,0,True,0.5524429082870483,0.5524429082870483,0.8763541630326218,0.0009001203000000018,0.64924,0.220083,0.220083,0.5231861040273956,0.147870663775131,0.000753305768996373,0.5232546305853741,0.14146106474384743,9.265345016489616e-05
land_pad__8650.jpg,land_pad,8650,blur,baseline,1,249,1,248,0,True,0.6917415857315063,0.6917415857315063,0.6914930442713003,0.0007359340120000038,0.635932,0.201353,0.201353,0.5268243382625442,0.150187109234366,0.0007586443265732999,0.5268721237639444,0.1438070873141342,9.341340247896965e-05
land_pad__8675.jpg,land_pad,8675,blur,baseline,1,232,1,231,0,True,0.5695646405220032,0.5695646405220032,0.755171853034064,0.0008783846279999966,0.60076,0.273153,0.273153,0.5243229016718758,0.16041894117046673,0.0006904014969269551,0.5243784878586656,0.1549000736678646,8.802324134261067e-05
land_pad__8700.jpg,land_pad,8700,blur,baseline,1,271,1,270,0,True,0.7281187176704407,0.017458338290452957,0.6627986709497246,0.0009515769300000026,0.543726,0.32206,0.32206,0.5245757121490457,0.17046316317879565,0.0006726244783937114,0.524628932140864,0.1657766520078778,7.84307387497663e-05
land_pad2__2050.jpg,land_pad2,2050,blur,baseline,1,246,1,245,0,True,0.8571235537528992,0.8571235537528992,0.8181938368250593,0.24079716533099993,0.704848,0.665453,0.29515199999999997,0.48780909585517884,0.23891656731350816,0.00618646631322919,0.48782607427385155,0.22135434825893405,0.00016457101040522493
land_pad2__2075.jpg,land_pad2,2075,blur,baseline,1,263,1,262,0,True,0.8901422619819641,0.8901422619819641,0.9056946607037393,0.18180394185599996,0.16302300000000003,0.712279,0.16302300000000003,0.5497918330276289,0.21175473588101412,0.006950434760986197,0.5497897267262032,0.18793196870253656,0.00020012070988871934
land_pad2__2100.jpg,land_pad2,2100,blur,baseline,1,271,1,270,0,True,0.93999844789505,0.93999844789505,0.8903708050393292,0.21312163179000002,0.238118,0.715921,0.238118,0.4980180673338404,0.20993603732935723,0.006352613707600164,0.49805336242899756,0.1882096477564665,0.00018654841910724688
land_pad2__2125.jpg,land_pad2,2125,blur,baseline,1,245,1,244,0,True,0.9069912433624268,0.9069912433624268,0.949538292331323,0.211238529438,0.361217,0.7263267499999999,0.2736732500000001,0.5167506316770821,0.2167323472067036,0.005783557996890067,0.5167406936582016,0.1969953968748841,0.0001915277678953647
land_pad2__2150.jpg,land_pad2,2150,blur,baseline,1,256,1,255,0,True,0.9251274466514587,0.9251274466514587,0.9090853229024005,0.22493207709999993,0.33602699999999996,0.484912,0.33602699999999996,0.4958058534698467,0.2264833562593162,0.005358433856756408,0.4958056129713413,0.20928943982449938,0.00016249564784290584
land_pad2__2175.jpg,land_pad2,2175,blur,baseline,1,252,1,251,0,True,0.9015814661979675,0.9015814661979675,0.9704896378530786,0.202008662232,0.3179660000000001,0.27835600000000005,0.27835600000000005,0.5161069490646664,0.22887310395448526,0.006312998194197755,0.5161303045727376,0.209049308628329,0.00017367466502139062
land_pad2__2200.jpg,land_pad2,2200,blur,baseline,1,238,1,237,0,True,0.927579939365387,0.927579939365387,0.9393323228884332,0.24893279037200003,0.47813700000000003,0.3298650000000001,0.3298650000000001,0.5026663991702647,0.24064824156328027,0.005614592791648032,0.5026802317133275,0.22357879831440539,0.00016687455766202172
land_pad2__2225.jpg,land_pad2,2225,blur,baseline,1,229,1,228,0,True,0.9255614876747131,0.9255614876747131,0.8775243307945886,0.28852421463800004,0.623099,0.3371489999999999,0.3371489999999999,0.47974423837342955,0.25153584781242344,0.004364905357324534,0.47976245807470985,0.23747824871246004,0.0001760775569676427
land_pad2__2250.jpg,land_pad2,2250,blur,baseline,1,240,1,239,0,True,0.8784450888633728,0.8784450888633728,0.9455898131205599,0.28441178891999996,0.60789,0.385016,0.385016,0.48121807139904127,0.25164267456615996,0.004138084841699004,0.4812435642406032,0.23842405091955832,0.00016901383273539613
land_pad2__2275.jpg,land_pad2,2275,blur,baseline,1,250,1,249,0,True,0.8862535357475281,0.8862535357475281,0.8721337061158406,0.25798921491200005,0.688213,0.4120710000000001,0.31178700000000004,0.4942079154574827,0.26152582163073473,0.0040780165731971185,0.49424285368389015,0.24889333165622096,0.00016953077442388996
land_pad2__2300.jpg,land_pad2,2300,blur,baseline,1,255,1,254,0,True,0.8955854773521423,0.8955854773521423,0.9056208897251511,0.25757993747200003,0.803232,0.33871,0.19676800000000005,0.48870363392465704,0.2582006967764469,0.004932559740802263,0.4887282695054176,0.2432705400335784,0.00018011661257036156
land_pad2__2325.jpg,land_pad2,2325,blur,baseline,1,256,1,255,0,True,0.9436610341072083,0.9436610341072083,0.9375667523913161,0.27903436764600004,0.361217,0.390739,0.361217,0.47221110369186153,0.238485767278236,0.0036089500043226803,0.47221243419165687,0.22522977823527954,0.00017301744944203838
land_pad2__2350.jpg,land_pad2,2350,blur,baseline,1,246,1,245,0,True,0.8857616186141968,0.8857616186141968,0.9182854151867935,0.2938119927119999,0.429658,0.45265299999999997,0.429658,0.4681879011718717,0.23448779351269572,0.0032122642279666753,0.46817727656854846,0.22198551943632844,0.0001741244085472175
land_pad2__2375.jpg,land_pad2,2375,blur,baseline,1,258,1,257,0,True,0.882409393787384,0.882409393787384,0.941517834924588,0.27436936383999994,0.480989,0.4994799999999999,0.480989,0.47869144065043834,0.2321968551726955,0.002866948463354331,0.47868507907707203,0.2199921844373782,0.0001797732040965509
land_pad2__2400.jpg,land_pad2,2400,blur,baseline,1,240,1,239,0,True,0.9562658667564392,0.9562658667564392,0.8719529983625551,0.371244923442,0.476236,0.572841,0.42715899999999996,0.4828364789374123,0.2277492789690044,0.0031315003500819913,0.482843701650588,0.21591508712981017,0.00017105947616339993
land_pad2__2425.jpg,land_pad2,2425,blur,baseline,1,270,1,269,0,True,0.9287274479866028,0.9287274479866028,0.9608738790811958,0.348776078376,0.484316,0.635276,0.36472400000000005,0.46845761248755124,0.21601485687008973,0.0020680633471677535,0.4684518715554895,0.20596020282422353,0.00015213321268817346
land_pad2__2450.jpg,land_pad2,2450,blur,baseline,1,279,1,278,0,True,0.9589443206787109,0.9589443206787109,0.8023394743838153,0.5006960249760001,0.512833,0.62435,0.37565000000000004,0.46744485000767694,0.20790074911153725,0.0013539698003832464,0.46746059878076573,0.1993235475295513,0.0001662279617165628
land_pad2__2475.jpg,land_pad2,2475,blur,baseline,1,298,1,297,0,True,0.9642938375473022,0.9642938375473022,0.937680885022929,0.786116673615,0.554183,0.528096,0.445817,0.4773776205900237,0.18547290422817592,0.0012235378639782314,0.4773702427165221,0.17541799153819426,0.00019446126030505547
land_pad2__2500.jpg,land_pad2,2500,blur,baseline,1,275,1,274,0,True,0.9768247008323669,0.9768247008323669,0.9675328726402669,0.738113872776,0.539449,0.510406,0.46055100000000004,0.5237393204117364,0.1970226762223471,0.0012623375624498576,0.5237486610633619,0.18558792908861899,0.00023617651497425968
land_pad2__2525.jpg,land_pad2,2525,blur,baseline,1,262,1,261,0,True,0.9091804623603821,0.9091804623603821,0.9410710339432473,0.8909045402879998,0.52424,0.501561,0.47575999999999996,0.5121421682864238,0.22380743053805952,0.0012298566795515865,0.5121501241321398,0.21394591397029747,0.00024673039967808795
land_pad__6500.jpg,land_pad,6500,low_light,baseline,1,296,1,295,0,True,0.056889962404966354,0.0011396001791581511,0.5549793329959994,0.00043225391300000216,0.670627,0.287721,0.287721,0.48355316836222,0.26178951086334484,0.004572898163985291,0.20124123993891962,0.10986417701622128,0.000784289602893488
land_pad__6525.jpg,land_pad,6525,low_light,baseline,1,294,0,294,1,False,0.015057847835123539,,0.49236628646145053,0.00047478071399999824,0.654943,0.292404,0.292404,0.4868440878446392,0.25917797385224367,0.004581368878270051,0.20264357508630984,0.1087949637057122,0.0007853086617513601
land_pad__6550.jpg,land_pad,6550,low_light,baseline,1,277,1,276,0,True,0.012059061788022518,0.0016195648349821568,0.5766584390117881,0.0005341330559999971,0.641635,0.297086,0.297086,0.4919546384132125,0.25573783464918604,0.00461422948357095,0.20479858133810724,0.10735185747497754,0.0007936363886743234
land_pad__6575.jpg,land_pad,6575,low_light,baseline,1,275,1,274,0,True,0.01389820221811533,0.0024489043280482292,0.7357616063776491,0.00043225391300000216,0.634506,0.302289,0.302289,0.4876673452603522,0.2519039179842841,0.004545558014798434,0.2029884538219208,0.10573217496319742,0.0007821623673638465
land_pad__6600.jpg,land_pad,6600,low_light,baseline,1,296,1,295,0,True,0.01708482950925827,0.00392696401104331,0.568916903660804,0.0006172327699999982,0.610266,0.306972,0.306972,0.4912540080821463,0.25056730126439536,0.004342761835610742,0.20448079359541632,0.10515869426095413,0.0007414070905109682
land_pad__6625.jpg,land_pad,6625,low_light,baseline,1,264,0,264,1,False,0.030637983232736588,,0.2222879699608918,0.00045699006600000185,0.568916,0.297607,0.297607,0.4909464919530364,0.25091537963115074,0.0039660334689541835,0.204320074650736,0.10529798145834927,0.0006771706237574629
land_pad__6650.jpg,land_pad,6650,low_light,baseline,1,268,1,267,0,True,0.037861790508031845,0.010057770647108555,0.6961032335989605,0.0003531283199999987,0.550856,0.289802,0.289802,0.48822115125393184,0.2495890729495641,0.0037996203491501186,0.20317088745422482,0.10474702864450462,0.0006466239596222233
land_pad__6675.jpg,land_pad,6675,low_light,baseline,1,276,1,275,0,True,0.029256315901875496,0.009068503975868225,0.6517074783927319,0.0004035798399999996,0.551806,0.292404,0.292404,0.48789138513407354,0.24672183520610028,0.003835576761872194,0.20303495149261525,0.1035285813408242,0.0006523288248428378
land_pad__6700.jpg,land_pad,6700,low_light,baseline,1,275,1,274,0,True,0.07130534946918488,0.02077537402510643,0.8973809480074789,0.00039466897200000195,0.554658,0.290843,0.290843,0.4893003727804412,0.24430190916989236,0.0037869163890721595,0.20363499526334308,0.10251397948824209,0.0006434134523531101
land_pad__6725.jpg,land_pad,6725,low_light,baseline,1,259,1,258,0,True,0.02988400310277939,0.012424066662788391,0.7603293995593027,0.00034126064700000026,0.555608,0.289802,0.289802,0.48788363099678195,0.23973915282385633,0.0036568873314254324,0.20303604149390542,0.10059436711401534,0.0006210674614576545
land_pad__6750.jpg,land_pad,6750,low_light,baseline,1,271,1,270,0,True,0.028345327824354172,0.011775195598602295,0.6305913623962748,0.0002908064160000019,0.555133,0.287721,0.287721,0.48890773957549527,0.23766654342449423,0.0037202606239021578,0.20345385721976122,0.099706510821624,0.0006278214299061126
land_pad__6775.jpg,land_pad,6775,low_light,baseline,1,278,1,277,0,True,0.04726150259375572,0.0067214868031442165,0.6201214706692445,0.0003115876680000002,0.555608,0.28564,0.28564,0.48884628832838245,0.2373246972648215,0.0035884364363837386,0.20343368249837296,0.09956317600780686,0.000606473890581142
land_pad__6800.jpg,land_pad,6800,low_light,baseline,1,277,0,277,1,False,0.02257980778813362,,0.4127428846076087,0.00033234706800000036,0.554183,0.282518,0.282518,0.4872719269275549,0.2374631976935947,0.0035580674459726727,0.20277603933562527,0.099628309600382,0.0006012464044293354
land_pad__6825.jpg,land_pad,6825,low_light,baseline,1,268,0,268,1,False,0.02103634551167488,,0.44900743171948176,0.00034126064700000026,0.553707,0.282518,0.282518,0.4870248302293898,0.23823483437544285,0.0035728075110808633,0.20267509978554518,0.09995449292456828,0.0006027759489184599
land_pad__6850.jpg,land_pad,6850,low_light,baseline,1,265,0,265,1,False,0.026221968233585358,,0.22434550983311344,0.00033234706800000036,0.552281,0.283559,0.283559,0.4867342808819281,0.23855015403086394,0.003460471332539192,0.2025318169824993,0.10007759220574808,0.0005839617845994527
land_pad__7450.jpg,land_pad,7450,low_light,baseline,1,279,1,278,0,True,0.05973175913095474,0.0356764942407608,0.6114780048907436,0.0003481796370000006,0.719582,0.080125,0.080125,0.4865315639160079,0.2726134689139426,0.003642657508343403,0.20248481504074542,0.11441955249625835,0.0006254472261209966
land_pad__7475.jpg,land_pad,7475,low_light,baseline,1,273,1,272,0,True,0.08772486448287964,0.042276009917259216,0.5585568807185578,0.0002819146890000002,0.722909,0.234651,0.234651,0.47916338405601977,0.2881050863722756,0.0034159457540576914,0.19936570458730724,0.12092934521640336,0.000589236846089148
land_pad__7500.jpg,land_pad,7500,low_light,baseline,1,288,0,288,1,False,0.12678733468055725,,0.43632328952441435,0.00025717388399999964,0.72576,0.352758,0.27424000000000004,0.46456333268243566,0.2970070152141237,0.0032221698257971737,0.19325366781555126,0.12459700440623303,0.0005513994704584211
land_pad__7525.jpg,land_pad,7525,low_light,baseline,1,300,0,300,1,False,0.13728372752666473,,0.4056691317749978,0.00024925884000000215,0.726236,0.41103,0.273764,0.4542895546146117,0.30173263547600465,0.0029045867925347386,0.18893985388396936,0.1265852984070414,0.0004995761757131092
land_pad__7550.jpg,land_pad,7550,low_light,baseline,1,281,1,280,0,True,0.14772482216358185,0.14772482216358185,0.531310553809387,0.0002631124680000017,0.717681,0.345994,0.282319,0.43376021042222757,0.30197184784511194,0.002610929192025447,0.18034169484572143,0.1266723176263569,0.0004430266460655432
land_pad__7575.jpg,land_pad,7575,low_light,baseline,1,300,1,299,0,True,0.08375325053930283,0.006402234546840191,0.5353747202740191,0.0002828888009999988,0.681084,0.227888,0.227888,0.413421604818597,0.3003896279508527,0.00242568492773498,0.1718148358562789,0.12600746332696502,0.00040539227679550446
land_pad__7600.jpg,land_pad,7600,low_light,baseline,1,300,0,300,1,False,0.06069343164563179,,0.41345088206618175,0.00025717388399999893,0.684886,0.235172,0.235172,0.4150731158125208,0.3018541432296127,0.0023730603914509656,0.1725147097807562,0.1266448664302695,0.0003968448214581435
land_pad__7625.jpg,land_pad,7625,low_light,baseline,1,300,0,300,1,False,0.11196402460336685,,0.3117861840827764,0.00028288880099999953,0.673479,0.301769,0.301769,0.4252266601437267,0.3044434077586137,0.002011470713991252,0.17677312371793927,0.12774659032582517,0.0003346329029130516
land_pad__7650.jpg,land_pad,7650,low_light,baseline,1,300,0,300,1,False,0.1316906213760376,,0.2736966077185091,0.0002700251639999987,0.629753,0.380333,0.370247,0.4448112563851386,0.30444310518966616,0.0018694810633598418,0.185018044758013,0.12772254059431826,0.00030212072505586833
land_pad__7675.jpg,land_pad,7675,low_light,baseline,1,300,0,300,1,False,0.1562902331352234,,0.3484604859881385,0.0003046600440000029,0.574144,0.416233,0.416233,0.4698048773562358,0.29730758572521154,0.0017693072364031474,0.1955069254647808,0.1247771609755982,0.000288842331502257
land_pad__7700.jpg,land_pad,7700,low_light,baseline,1,300,0,300,1,False,0.30321645736694336,,0.415237560013804,0.0002492657639999986,0.53327,0.424037,0.424037,0.4828914599989312,0.2905264148482795,0.0017869824779460138,0.20100737453755427,0.1219018295503839,0.00029104188605422047
land_pad__7725.jpg,land_pad,7725,low_light,baseline,1,300,0,300,1,False,0.2129950225353241,,0.4060903528355779,0.0002443102469999988,0.490019,0.426119,0.426119,0.4978070609275033,0.28136842551510177,0.001790713337142215,0.2072884352104396,0.1180486240278508,0.00029235313722167415
land_pad__7750.jpg,land_pad,7750,low_light,baseline,1,300,0,300,1,False,0.2538517117500305,,0.33017885100443795,0.0002700251639999987,0.463403,0.44589,0.44589,0.5123704013679556,0.2638644091964657,0.0017017164033486056,0.2134243084872777,0.11071702552836786,0.00027737847934547076
land_pad__7775.jpg,land_pad,7775,low_light,baseline,1,294,0,294,1,False,0.2634979784488678,,0.4268066066757416,0.00027696609600000045,0.457224,0.478668,0.457224,0.5226582602353639,0.24351420218098974,0.0015870822742989309,0.21772167930331154,0.10218032189536287,0.0002570296984133729
land_pad__7800.jpg,land_pad,7800,low_light,baseline,1,292,0,292,1,False,0.29095813632011414,,0.24897941835631274,0.00023740248399999945,0.447719,0.527575,0.447719,0.5251414810037601,0.229453728720989,0.0018562749403345424,0.21875404241136845,0.09627105516803632,0.0002967117166749521
land_pad__7825.jpg,land_pad,7825,low_light,baseline,1,300,0,300,1,False,0.47940459847450256,,0.3168236474299148,0.0002700251639999987,0.444392,0.580125,0.419875,0.5121087739052602,0.23969508863917677,0.0018588677308651294,0.21324808902602993,0.10059825630365764,0.0003048015099548841
land_pad__7850.jpg,land_pad,7850,low_light,baseline,1,300,0,300,1,False,0.24312682449817657,,0.3074354302460921,0.00025717388399999964,0.45865,0.633715,0.36628499999999997,0.5008531063834275,0.2584200005024963,0.0019570682787361494,0.2085100900372098,0.10844923331118445,0.00032266879245968004
land_pad__7875.jpg,land_pad,7875,low_light,baseline,1,300,0,300,1,False,0.08127912133932114,,0.3094666861568307,0.0002700251639999987,0.47576,0.672737,0.32726299999999997,0.49551127383291715,0.2656381535984084,0.0022228739723108085,0.20625627768981483,0.11147370893727829,0.0003677462920185857
land_pad__7900.jpg,land_pad,7900,low_light,baseline,1,300,0,300,1,False,0.07887612283229828,,0.265084602377321,0.00030466004400000037,0.440114,0.682622,0.31737800000000005,0.4911805823368744,0.26380655478674625,0.0022781415864036097,0.20443284517567356,0.1107062426305535,0.00037902510111217924
land_pad__7925.jpg,land_pad,7925,low_light,baseline,1,300,0,300,1,False,0.2340218871831894,,0.3868108064325319,0.0002700251639999987,0.404468,0.689386,0.31061399999999995,0.48995563035317696,0.26790942076962465,0.0021698887260118154,0.2039129068022521,0.11243114966460468,0.00036094436149475793
land_pad__7950.jpg,land_pad,7950,low_light,baseline,1,300,0,300,1,False,0.2568042278289795,,0.4099532251105045,0.00025717388399999964,0.416825,0.721124,0.278876,0.4838746915897596,0.27740113886036005,0.002040328408934428,0.20138445679882683,0.11640007396642786,0.00033299806577328844
land_pad__7975.jpg,land_pad,7975,low_light,baseline,1,300,0,300,1,False,0.1704130619764328,,0.31085635922684424,0.00030466004400000037,0.418251,0.726327,0.27367300000000006,0.4759731946572402,0.2872238373302816,0.0018703305429166295,0.19808905318298609,0.12056388325851321,0.000306455521892709
land_pad__8000.jpg,land_pad,8000,low_light,baseline,1,300,0,300,1,False,0.1119479089975357,,0.3894354724579983,0.0002443102469999988,0.398764,0.662331,0.337669,0.46062243883638143,0.29795859389938134,0.0016955465912011814,0.19165036125590798,0.12506317577189943,0.0002776007611601086
land_pad__8025.jpg,land_pad,8025,low_light,baseline,1,300,0,300,1,False,0.2023829072713852,,0.35241317397613536,0.0002631124679999995,0.369772,0.537461,0.369772,0.44550213876872374,0.30723000591040134,0.0015079060017755119,0.1853064373769433,0.12893101452671368,0.0002465541073966463
land_pad__8050.jpg,land_pad,8050,low_light,baseline,1,300,0,300,1,False,0.15914376080036163,,0.4425700552209118,0.0002631124679999995,0.339354,0.476067,0.339354,0.4388706484995647,0.3088049151288869,0.0017347069175321958,0.18251475788045718,0.12959086832117145,0.00028842862055064643
land_pad__8075.jpg,land_pad,8075,low_light,baseline,1,300,0,300,1,False,0.22511304914951324,,0.27703405190858615,0.00025717388399999964,0.322719,0.460978,0.322719,0.4381850997521856,0.3103153696724622,0.0018721003704141024,0.18219525561616384,0.13022296005404838,0.00031668067911067184
land_pad__8100.jpg,land_pad,8100,low_light,baseline,1,280,0,280,1,False,0.06825041025876999,,0.44214985606538676,0.0002492588400000001,0.289924,0.452653,0.289924,0.44369908656340273,0.3103816834882855,0.002559058330514434,0.18451865349076205,0.1302123712324966,0.0004315841694533739
land_pad__8125.jpg,land_pad,8125,low_light,baseline,1,295,0,295,1,False,0.15140388906002045,,0.26364469888781156,0.00025717388399999964,0.283745,0.432882,0.283745,0.4531202431238183,0.3095239841443993,0.0027562655962948437,0.1884513548716037,0.12985561483646335,0.00047269312790525935
land_pad__8150.jpg,land_pad,8150,low_light,baseline,1,283,0,283,1,False,0.10111046582460403,,0.33424134328509447,0.0002443102469999988,0.283745,0.407388,0.283745,0.4585387326333896,0.30742278063149536,0.0028672508071238495,0.1907151595439932,0.1289815427657803,0.0004927536241054832
land_pad__8175.jpg,land_pad,8175,low_light,baseline,1,287,0,287,1,False,0.07340581715106964,,0.30087529655351036,0.0002017898300000008,0.274715,0.406348,0.274715,0.46424661554599395,0.3026719350888285,0.003163020082166676,0.19309466727148156,0.12696910833735853,0.0005455646862525204
land_pad__8200.jpg,land_pad,8200,low_light,baseline,1,293,0,293,1,False,0.16847684979438782,,0.4142938034565243,0.0002057316929999995,0.261882,0.416233,0.261882,0.47054657086757823,0.2959434700049368,0.0034689043518192648,0.1957159303029125,0.12413358479028494,0.0005993447526095675
land_pad__8225.jpg,land_pad,8225,low_light,baseline,1,300,0,300,1,False,0.20581908524036407,,0.41381980529565576,0.0002017898300000008,0.26711,0.420916,0.26711,0.4664884611532463,0.2934793277724874,0.0033446029431709132,0.19401126526030898,0.12311111761399551,0.0005789825922245048
land_pad__8250.jpg,land_pad,8250,low_light,baseline,1,290,0,290,1,False,0.15796113014221191,,0.44779417082306555,0.00023144660999999938,0.289449,0.420395,0.289449,0.4626081380194543,0.29405479272699003,0.003121569507313791,0.19243834685051311,0.12334364592650605,0.0005326939522537323
land_pad__8275.jpg,land_pad,8275,low_light,baseline,1,275,0,275,1,False,0.15405409038066864,,0.3755821442897329,0.00023740248400000175,0.274715,0.407908,0.274715,0.4387206860444847,0.29787839916145264,0.0027802414033624425,0.18243964864564824,0.12499051127125752,0.0004770809087111996
land_pad__8300.jpg,land_pad,8300,low_light,baseline,1,282,1,281,0,True,0.18511740863323212,0.18511740863323212,0.5445272646427299,0.00031850036399999946,0.257605,0.383455,0.257605,0.4279214846857146,0.3032182249398526,0.00199472416571549,0.1779336337392405,0.12725978937341575,0.0003390042807053527
land_pad__8325.jpg,land_pad,8325,low_light,baseline,1,272,0,272,1,False,0.23762761056423187,,0.3233620018369694,0.0003481796370000014,0.245247,0.37565,0.245247,0.4213311700880681,0.3077958441463573,0.0014699310004807741,0.17516213672215888,0.12917369074408963,0.00024678850386004425
land_pad__8350.jpg,land_pad,8350,low_light,baseline,1,300,1,299,0,True,0.4369734823703766,0.4369734823703766,0.5453124364961575,0.00042040240000000036,0.209601,0.35744,0.209601,0.3960709099757461,0.3098161316423985,0.0007324380623046443,0.1645566646674259,0.12999736637854392,0.00012545787354873578
land_pad__8375.jpg,land_pad,8375,low_light,baseline,1,300,0,300,1,False,0.33726269006729126,,0.4602714421503546,0.0007616514600000007,0.18251,0.33871,0.18251,0.4065866256608955,0.31335911774855785,0.0003917821041854732,0.1689762126031613,0.13147112608672296,6.977119611832992e-05
land_pad__8400.jpg,land_pad,8400,low_light,baseline,1,300,1,299,0,True,0.26718226075172424,0.26718226075172424,0.6932251954551351,0.0009149615280000012,0.201046,0.333507,0.201046,0.4382953877119071,0.3168844443757065,0.0005150165208974054,0.18231227365502564,0.13294647070545781,8.376716127123023e-05
land_pad__8425.jpg,land_pad,8425,low_light,baseline,1,300,1,299,0,True,0.37930554151535034,0.37930554151535034,0.712373276784334,0.0007399019399999979,0.311787,0.426639,0.311787,0.4998045212632875,0.29899292083779244,0.00038029124191196577,0.20808460939124943,0.125408694432215,6.750940099285206e-05
land_pad__8450.jpg,land_pad,8450,low_light,baseline,1,300,1,299,0,True,0.3609106242656708,0.3609106242656708,0.8496365014438095,0.0006923806200000022,0.492395,0.32102,0.32102,0.5585919836572731,0.21129423023253194,0.000431298793671156,0.2326683666031982,0.08866082785171042,7.606986832434502e-05
land_pad__8475.jpg,land_pad,8475,low_light,baseline,1,300,1,299,0,True,0.3297879993915558,0.3297879993915558,0.8826840319454037,0.0008308858799999962,0.655894,0.187825,0.187825,0.555263426158774,0.15836818858711305,0.0006434633351562772,0.2312716986867152,0.06643995227041948,0.00011157576506988262
land_pad__8500.jpg,land_pad,8500,low_light,baseline,1,298,1,297,0,True,0.31845977902412415,0.31845977902412415,0.8831562389712747,0.000750753556999999,0.721008,0.220083,0.220083,0.5388039955025228,0.15468232126298767,0.0008040427712719047,0.22443288706896172,0.06496968920959247,0.00013811736418299712
land_pad__8525.jpg,land_pad,8525,low_light,baseline,1,300,1,299,0,True,0.5847973823547363,0.5847973823547363,0.7872072840522636,0.0007962504599999989,0.687738,0.332466,0.31226200000000004,0.5299263616850816,0.16501166267879694,0.0007098630408161595,0.2206696440381622,0.06925948742841692,0.0001217839991556108
land_pad__8550.jpg,land_pad,8550,low_light,baseline,1,300,1,299,0,True,0.3521072566509247,0.3521072566509247,0.7871267162496443,0.0007913174359999958,0.652567,0.344433,0.344433,0.5307306080818514,0.1659116417768139,0.0007280322292899787,0.22107216095587442,0.06962224075627998,0.00012102943539901453
land_pad__8575.jpg,land_pad,8575,low_light,baseline,1,300,1,299,0,True,0.2993089556694031,0.2993089556694031,0.957524289675448,0.0008308858800000042,0.690114,0.342872,0.309886,0.5316148435056831,0.15976474163751486,0.0007186662303900217,0.22142682255003962,0.06702468258035685,0.00012143881979255933
land_pad__8600.jpg,land_pad,8600,low_light,baseline,1,246,1,245,0,True,0.2630631625652313,0.2630631625652313,0.5968683605807011,0.0008744167000000014,0.672053,0.262227,0.262227,0.5292045868805892,0.14959267949681634,0.0007571007415588763,0.2204403713824466,0.06269599949212894,0.00012610665928732478
land_pad__8625.jpg,land_pad,8625,low_light,baseline,1,263,1,262,0,True,0.3859293758869171,0.3859293758869171,0.8569853161403101,0.0009001203000000018,0.64924,0.220083,0.220083,0.5231861040273956,0.147870663775131,0.000753305768996373,0.21791639387541856,0.06196044970693385,0.00012560816855482706
land_pad__8650.jpg,land_pad,8650,low_light,baseline,1,238,1,237,0,True,0.6931361556053162,0.6931361556053162,0.7015168433123256,0.0007359340120000038,0.635932,0.201353,0.201353,0.5268243382625442,0.150187109234366,0.0007586443265732999,0.2194295212535898,0.06297420631613247,0.00012647360823757721
land_pad__8675.jpg,land_pad,8675,low_light,baseline,1,252,1,251,0,True,0.49864470958709717,0.49864470958709717,0.7765199159666496,0.0008783846279999966,0.60076,0.273153,0.273153,0.5243229016718758,0.16041894117046673,0.0006904014969269551,0.2183835932540324,0.06729561028516572,0.00011612610340271528
land_pad__8700.jpg,land_pad,8700,low_light,baseline,1,254,1,253,0,True,0.626795768737793,0.626795768737793,0.6559800204722268,0.0009515769300000026,0.543726,0.32206,0.32206,0.5245757121490457,0.17046316317879565,0.0006726244783937114,0.21858120156621938,0.07144054621077188,0.00011117355087870504
land_pad2__2050.jpg,land_pad2,2050,low_light,baseline,1,230,1,229,0,True,0.8610954284667969,0.8610954284667969,0.8308397490264928,0.24079716533099993,0.704848,0.665453,0.29515199999999997,0.48780909585517884,0.23891656731350816,0.00618646631322919,0.2029570765249952,0.1003942311417233,0.001077020725777196
land_pad2__2075.jpg,land_pad2,2075,low_light,baseline,1,251,1,250,0,True,0.8964086174964905,0.8964086174964905,0.9166964174750463,0.18180394185599996,0.16302300000000003,0.712279,0.16302300000000003,0.5497918330276289,0.21175473588101412,0.006950434760986197,0.22893699738236772,0.08898865818029111,0.0012096273042780253
land_pad2__2100.jpg,land_pad2,2100,low_light,baseline,1,250,1,249,0,True,0.941697359085083,0.941697359085083,0.8993093232082785,0.21312163179000002,0.238118,0.715921,0.238118,0.4980180673338404,0.20993603732935723,0.006352613707600164,0.20720760055960136,0.08818014417624521,0.0011042284795636905
land_pad2__2125.jpg,land_pad2,2125,low_light,baseline,1,227,1,226,0,True,0.9015370011329651,0.9015370011329651,0.9644747779394159,0.211238529438,0.361217,0.7263267499999999,0.2736732500000001,0.5167506316770821,0.2167323472067036,0.005783557996890067,0.2150545780325718,0.09107467028882672,0.0010025007802965651
land_pad2__2150.jpg,land_pad2,2150,low_light,baseline,1,256,1,255,0,True,0.9207789897918701,0.9207789897918701,0.9168487206679726,0.22493207709999993,0.33602699999999996,0.484912,0.33602699999999996,0.4958058534698467,0.2264833562593162,0.005358433856756408,0.2062801374689457,0.09516493515892929,0.0009304979819013211
land_pad2__2175.jpg,land_pad2,2175,low_light,baseline,1,261,1,260,0,True,0.8686001896858215,0.8686001896858215,0.9562981762641076,0.202008662232,0.3179660000000001,0.27835600000000005,0.27835600000000005,0.5161069490646664,0.22887310395448526,0.006312998194197755,0.21482755908059134,0.09615000431510819,0.0010975097143733474
land_pad2__2200.jpg,land_pad2,2200,low_light,baseline,1,241,1,240,0,True,0.9089257717132568,0.9089257717132568,0.9193777760277799,0.24893279037200003,0.47813700000000003,0.3298650000000001,0.3298650000000001,0.5026663991702647,0.24064824156328027,0.005614592791648032,0.2092013797166508,0.10105998608991729,0.0009742062383191957
land_pad2__2225.jpg,land_pad2,2225,low_light,baseline,1,222,1,221,0,True,0.911765456199646,0.911765456199646,0.8793871997780847,0.28852421463800004,0.623099,0.3371489999999999,0.3371489999999999,0.47974423837342955,0.25153584781242344,0.004364905357324534,0.19961212245904605,0.10557726109971123,0.000756341743627085
land_pad2__2250.jpg,land_pad2,2250,low_light,baseline,1,254,1,253,0,True,0.8607984185218811,0.8607984185218811,0.955107763397999,0.28441178891999996,0.60789,0.385016,0.385016,0.48121807139904127,0.25164267456615996,0.004138084841699004,0.20018755780207023,0.10570953062983206,0.0007147856009874089
land_pad2__2275.jpg,land_pad2,2275,low_light,baseline,1,266,1,265,0,True,0.8868576288223267,0.8868576288223267,0.8766296980646435,0.25798921491200005,0.688213,0.4120710000000001,0.31178700000000004,0.4942079154574827,0.26152582163073473,0.0040780165731971185,0.20564178461372798,0.10991197611753697,0.0007071459405259175
land_pad2__2300.jpg,land_pad2,2300,low_light,baseline,1,273,1,272,0,True,0.8563692569732666,0.8563692569732666,0.9257619662745906,0.25757993747200003,0.803232,0.33871,0.19676800000000005,0.48870363392465704,0.2582006967764469,0.004932559740802263,0.20332655593029358,0.10856234192610785,0.0008567644490987494
land_pad2__2325.jpg,land_pad2,2325,low_light,baseline,1,255,1,254,0,True,0.935366153717041,0.935366153717041,0.9425837776663661,0.27903436764600004,0.361217,0.390739,0.361217,0.47221110369186153,0.238485767278236,0.0036089500043226803,0.19631105549130629,0.10027823080867315,0.0006265573971469043
land_pad2__2350.jpg,land_pad2,2350,low_light,baseline,1,231,1,230,0,True,0.8630655407905579,0.8630655407905579,0.9267841193369377,0.2938119927119999,0.429658,0.45265299999999997,0.429658,0.4681879011718717,0.23448779351269572,0.0032122642279666753,0.1946002460997931,0.09852793927108595,0.0005585390295947276
land_pad2__2375.jpg,land_pad2,2375,low_light,baseline,1,256,1,255,0,True,0.8838061690330505,0.8838061690330505,0.9474931959981411,0.27436936383999994,0.480989,0.4994799999999999,0.480989,0.47869144065043834,0.2321968551726955,0.002866948463354331,0.19904181904380433,0.09754194921649277,0.000498737522965353
land_pad2__2400.jpg,land_pad2,2400,low_light,baseline,1,241,1,240,0,True,0.9582369923591614,0.9582369923591614,0.8593724602786675,0.371244923442,0.476236,0.572841,0.42715899999999996,0.4828364789374123,0.2277492789690044,0.0031315003500819913,0.2008165001835159,0.0955809859319407,0.0005421331888525527
land_pad2__2425.jpg,land_pad2,2425,low_light,baseline,1,258,1,257,0,True,0.9300265312194824,0.9300265312194824,0.956596014186059,0.348776078376,0.484316,0.635276,0.36472400000000005,0.46845761248755124,0.21601485687008973,0.0020680633471677535,0.19471271406209498,0.09062480324762844,0.0003631943336550384
land_pad2__2450.jpg,land_pad2,2450,low_light,baseline,1,244,1,243,0,True,0.9660404920578003,0.9660404920578003,0.8262545263841017,0.5006960249760001,0.512833,0.62435,0.37565000000000004,0.46744485000767694,0.20790074911153725,0.0013539698003832464,0.1944780844961241,0.0874161064345182,0.00023908096177431375
land_pad2__2475.jpg,land_pad2,2475,low_light,baseline,1,237,1,236,0,True,0.968979001045227,0.968979001045227,0.9322650318057428,0.786116673615,0.554183,0.528096,0.445817,0.4773776205900237,0.18547290422817592,0.0012235378639782314,0.1985175516972872,0.07794085748891234,0.0002165426612952884
land_pad2__2500.jpg,land_pad2,2500,low_light,baseline,1,280,1,279,0,True,0.927751362323761,0.927751362323761,0.9704809741439805,0.738113872776,0.539449,0.510406,0.46055100000000004,0.5237393204117364,0.1970226762223471,0.0012623375624498576,0.21806735323559323,0.08286704401494827,0.0002253430665970888
land_pad2__2525.jpg,land_pad2,2525,low_light,baseline,1,240,1,239,0,True,0.9087563157081604,0.9087563157081604,0.9397285916623996,0.8909045402879998,0.52424,0.501561,0.47575999999999996,0.5121421682864238,0.22380743053805952,0.0012298566795515865,0.21322989647780635,0.09417444726870534,0.0002185066751744557
land_pad__6500.jpg,land_pad,6500,noise,baseline,1,209,0,209,1,False,0.012999391183257103,,0.1367173232467255,0.00043225391300000216,0.670627,0.287721,0.287721,0.48355316836222,0.26178951086334484,0.004572898163985291,0.4824042333012385,0.26450796990117553,0.009920245691291678
land_pad__6525.jpg,land_pad,6525,noise,baseline,1,206,0,206,1,False,0.014243547804653645,,0.01121392660589189,0.00047478071399999824,0.654943,0.292404,0.292404,0.4868440878446392,0.25917797385224367,0.004581368878270051,0.4858901582813759,0.26202157666034176,0.00995685623202286
land_pad__6550.jpg,land_pad,6550,noise,baseline,1,214,0,214,1,False,0.011100039817392826,,0.013095235413416876,0.0005341330559999971,0.641635,0.297086,0.297086,0.4919546384132125,0.25573783464918604,0.00461422948357095,0.49095807855038043,0.2587218282068946,0.009996124743427644
land_pad__6575.jpg,land_pad,6575,noise,baseline,1,224,0,224,1,False,0.013827962800860405,,0.00436509787214888,0.00043225391300000216,0.634506,0.302289,0.302289,0.4876673452603522,0.2519039179842841,0.004545558014798434,0.4868749841445541,0.255084225884278,0.009943292512277664
land_pad__6600.jpg,land_pad,6600,noise,baseline,1,234,0,234,1,False,0.012713254429399967,,0.04432918210518152,0.0006172327699999982,0.610266,0.306972,0.306972,0.4912540080821463,0.25056730126439536,0.004342761835610742,0.49034677013998484,0.253760025998595,0.009740706764437404
land_pad__6625.jpg,land_pad,6625,noise,baseline,1,212,0,212,1,False,0.018461858853697777,,0.052470056428046995,0.00045699006600000185,0.568916,0.297607,0.297607,0.4909464919530364,0.25091537963115074,0.0039660334689541835,0.4900351965683501,0.2541281274861371,0.009384994704131566
land_pad__6650.jpg,land_pad,6650,noise,baseline,1,229,0,229,1,False,0.017091460525989532,,0.06046813255843694,0.0003531283199999987,0.550856,0.289802,0.289802,0.48822115125393184,0.2495890729495641,0.0037996203491501186,0.48744943034049987,0.25287893776900117,0.009200573228687552
land_pad__6675.jpg,land_pad,6675,noise,baseline,1,224,0,224,1,False,0.024584272876381874,,0.05802469372372703,0.0004035798399999996,0.551806,0.292404,0.292404,0.48789138513407354,0.24672183520610028,0.003835576761872194,0.486982669289807,0.2500619084567973,0.009265291918619883
land_pad__6700.jpg,land_pad,6700,noise,baseline,1,227,0,227,1,False,0.018509872257709503,,0.09940831818863549,0.00039466897200000195,0.554658,0.290843,0.290843,0.4893003727804412,0.24430190916989236,0.0037869163890721595,0.48844816244789613,0.24782494811827416,0.009224171221946551
land_pad__6725.jpg,land_pad,6725,noise,baseline,1,210,0,210,1,False,0.029330741614103317,,0.044225164509632306,0.00034126064700000026,0.555608,0.289802,0.289802,0.48788363099678195,0.23973915282385633,0.0036568873314254324,0.48689945680697266,0.24344593453038252,0.009129743502566434
land_pad__6750.jpg,land_pad,6750,noise,baseline,1,207,0,207,1,False,0.031135665252804756,,0.13326921524406712,0.0002908064160000019,0.555133,0.287721,0.287721,0.48890773957549527,0.23766654342449423,0.0037202606239021578,0.48777006139616513,0.24156673309438567,0.009167295019383147
land_pad__6775.jpg,land_pad,6775,noise,baseline,1,233,0,233,1,False,0.049421872943639755,,0.03689127031396239,0.0003115876680000002,0.555608,0.28564,0.28564,0.48884628832838245,0.2373246972648215,0.0035884364363837386,0.487705856053266,0.24125195055776086,0.009049657787754203
land_pad__6800.jpg,land_pad,6800,noise,baseline,1,224,0,224,1,False,0.03685932606458664,,0.03259737560138041,0.00033234706800000036,0.554183,0.282518,0.282518,0.4872719269275549,0.2374631976935947,0.0035580674459726727,0.4860997721237873,0.24139535233708187,0.0090089451594908
land_pad__6825.jpg,land_pad,6825,noise,baseline,1,218,0,218,1,False,0.03055926039814949,,0.024808548422814207,0.00034126064700000026,0.553707,0.282518,0.282518,0.4870248302293898,0.23823483437544285,0.0035728075110808633,0.48586887416365665,0.24208986861767084,0.009026109069877572
land_pad__6850.jpg,land_pad,6850,noise,baseline,1,220,0,220,1,False,0.03947027027606964,,0.008963772759171745,0.00033234706800000036,0.552281,0.283559,0.283559,0.4867342808819281,0.23855015403086394,0.003460471332539192,0.4856065135684214,0.24241844880140587,0.008919987820382561
land_pad__7450.jpg,land_pad,7450,noise,baseline,1,241,1,240,0,True,0.016387607902288437,0.0018645073287189007,0.6817346518138823,0.0003481796370000006,0.719582,0.080125,0.080125,0.4865315639160079,0.2726134689139426,0.003642657508343403,0.4860688797028804,0.274386009252218,0.008913679811532493
land_pad__7475.jpg,land_pad,7475,noise,baseline,1,240,1,239,0,True,0.03913717344403267,0.03913717344403267,0.6778141114968355,0.0002819146890000002,0.722909,0.234651,0.234651,0.47916338405601977,0.2881050863722756,0.0034159457540576914,0.47869590926782707,0.28940909335425885,0.008639964046987813
land_pad__7500.jpg,land_pad,7500,noise,baseline,1,260,0,260,1,False,0.03219050541520119,,0.3698089038707065,0.00025717388399999964,0.72576,0.352758,0.27424000000000004,0.46456333268243566,0.2970070152141237,0.0032221698257971737,0.46425282971705045,0.2978849250440806,0.008392595839244002
land_pad__7525.jpg,land_pad,7525,noise,baseline,1,281,0,281,1,False,0.081041119992733,,0.3939315062679387,0.00024925884000000215,0.726236,0.41103,0.273764,0.4542895546146117,0.30173263547600465,0.0029045867925347386,0.45398405944874815,0.3024433194010749,0.008026296683128457
land_pad__7550.jpg,land_pad,7550,noise,baseline,1,257,1,256,0,True,0.02302982285618782,0.002332342555746436,0.6516295107493065,0.0002631124680000017,0.717681,0.345994,0.282319,0.43376021042222757,0.30197184784511194,0.002610929192025447,0.43346449035690193,0.302781954705886,0.007727428398639316
land_pad__7575.jpg,land_pad,7575,noise,baseline,1,246,1,245,0,True,0.02502010017633438,0.002115859417244792,0.5780457114877737,0.0002828888009999988,0.681084,0.227888,0.227888,0.413421604818597,0.3003896279508527,0.00242568492773498,0.41274338351761347,0.30139482809804663,0.007556157888119109
land_pad__7600.jpg,land_pad,7600,noise,baseline,1,236,0,236,1,False,0.04452834650874138,,0.46383427181160874,0.00025717388399999893,0.684886,0.235172,0.235172,0.4150731158125208,0.3018541432296127,0.0023730603914509656,0.4142948665283722,0.3027600629734742,0.0074983756750952296
land_pad__7625.jpg,land_pad,7625,noise,baseline,1,264,0,264,1,False,0.059394724667072296,,0.38655299664900966,0.00028288880099999953,0.673479,0.301769,0.301769,0.4252266601437267,0.3044434077586137,0.002011470713991252,0.42423333149468334,0.3054459077129194,0.00713252519122718
land_pad__7650.jpg,land_pad,7650,noise,baseline,1,269,0,269,1,False,0.03089522011578083,,0.2691586505674466,0.0002700251639999987,0.629753,0.380333,0.370247,0.4448112563851386,0.30444310518966616,0.0018694810633598418,0.4441190124696925,0.3055877174158487,0.007031441644450654
land_pad__7675.jpg,land_pad,7675,noise,baseline,1,246,0,246,1,False,0.030001621693372726,,0.3800198716581639,0.0003046600440000029,0.574144,0.416233,0.416233,0.4698048773562358,0.29730758572521154,0.0017693072364031474,0.46909662477415437,0.2989278835078456,0.007006231395520952
land_pad__7700.jpg,land_pad,7700,noise,baseline,1,250,0,250,1,False,0.04569111764431,,0.47229077357726507,0.0002492657639999986,0.53327,0.424037,0.424037,0.4828914599989312,0.2905264148482795,0.0017869824779460138,0.48223634594949727,0.2922278484398135,0.007023733490906226
land_pad__7725.jpg,land_pad,7725,noise,baseline,1,261,0,261,1,False,0.02672778256237507,,0.4239122424663978,0.0002443102469999988,0.490019,0.426119,0.426119,0.4978070609275033,0.28136842551510177,0.001790713337142215,0.49717812630407404,0.2835044750759611,0.007116086173007243
land_pad__7750.jpg,land_pad,7750,noise,baseline,1,280,0,280,1,False,0.02269175462424755,,0.23219794254740478,0.0002700251639999987,0.463403,0.44589,0.44589,0.5123704013679556,0.2638644091964657,0.0017017164033486056,0.5116963771537903,0.26660687446726933,0.007106494571627259
land_pad__7775.jpg,land_pad,7775,noise,baseline,1,257,1,256,0,True,0.07923871278762817,0.010974006727337837,0.5276377326542814,0.00027696609600000045,0.457224,0.478668,0.457224,0.5226582602353639,0.24351420218098974,0.0015870822742989309,0.5214963692871615,0.24727045164135106,0.0070495763438173705
land_pad__7800.jpg,land_pad,7800,noise,baseline,1,255,0,255,1,False,0.11269590258598328,,0.2766641673319715,0.00023740248399999945,0.447719,0.527575,0.447719,0.5251414810037601,0.229453728720989,0.0018562749403345424,0.52392334831639,0.23356670222580167,0.007334610312028375
land_pad__7825.jpg,land_pad,7825,noise,baseline,1,244,0,244,1,False,0.0246869008988142,,0.3031230064440248,0.0002700251639999987,0.444392,0.580125,0.419875,0.5121087739052602,0.23969508863917677,0.0018588677308651294,0.5112813659508265,0.24280302340741208,0.007290051276524951
land_pad__7850.jpg,land_pad,7850,noise,baseline,1,256,0,256,1,False,0.026104047894477844,,0.3094396435421389,0.00025717388399999964,0.45865,0.633715,0.36628499999999997,0.5008531063834275,0.2584200005024963,0.0019570682787361494,0.5003960040630282,0.26080613969780325,0.007342513877460126
land_pad__7875.jpg,land_pad,7875,noise,baseline,1,270,0,270,1,False,0.0393139123916626,,0.3857622917599306,0.0002700251639999987,0.47576,0.672737,0.32726299999999997,0.49551127383291715,0.2656381535984084,0.0022228739723108085,0.49509945893266927,0.26790980964745037,0.007570524055352561
land_pad__7900.jpg,land_pad,7900,noise,baseline,1,268,0,268,1,False,0.04114280641078949,,0.41012346869716465,0.00030466004400000037,0.440114,0.682622,0.31737800000000005,0.4911805823368744,0.26380655478674625,0.0022781415864036097,0.49070937982184976,0.2662742853133047,0.007626634401125565
land_pad__7925.jpg,land_pad,7925,noise,baseline,1,252,0,252,1,False,0.0677572563290596,,0.397962354999362,0.0002700251639999987,0.404468,0.689386,0.31061399999999995,0.48995563035317696,0.26790942076962465,0.0021698887260118154,0.48942507125544,0.2704816256033507,0.007537176901717826
land_pad__7950.jpg,land_pad,7950,noise,baseline,1,251,0,251,1,False,0.026196276769042015,,0.41846567228018544,0.00025717388399999964,0.416825,0.721124,0.278876,0.4838746915897596,0.27740113886036005,0.002040328408934428,0.48346071608197205,0.2796793721299595,0.007374856540343368
land_pad__7975.jpg,land_pad,7975,noise,baseline,1,245,0,245,1,False,0.014161617495119572,,0.48983080015347386,0.00030466004400000037,0.418251,0.726327,0.27367300000000006,0.4759731946572402,0.2872238373302816,0.0018703305429166295,0.4754727482997725,0.2893054560096383,0.007172212430347367
land_pad__8000.jpg,land_pad,8000,noise,baseline,1,260,0,260,1,False,0.014054902829229832,,0.3706552827991306,0.0002443102469999988,0.398764,0.662331,0.337669,0.46062243883638143,0.29795859389938134,0.0016955465912011814,0.46025377014378627,0.29943158841555967,0.006911810421294792
land_pad__8025.jpg,land_pad,8025,noise,baseline,1,226,0,226,1,False,0.045442987233400345,,0.47157637021240306,0.0002631124679999995,0.369772,0.537461,0.369772,0.44550213876872374,0.30723000591040134,0.0015079060017755119,0.4452020897303025,0.30801654343574547,0.006625000756760086
land_pad__8050.jpg,land_pad,8050,noise,baseline,1,219,0,219,1,False,0.050659459084272385,,0.40248465372301134,0.0002631124679999995,0.339354,0.476067,0.339354,0.4388706484995647,0.3088049151288869,0.0017347069175321958,0.43872324618986347,0.3094273156099521,0.006814732464406359
land_pad__8075.jpg,land_pad,8075,noise,baseline,1,222,0,222,1,False,0.010486072860658169,,0.454020579813103,0.00025717388399999964,0.322719,0.460978,0.322719,0.4381850997521856,0.3103153696724622,0.0018721003704141024,0.43805014130062997,0.3107573008000845,0.006938090765264474
land_pad__8100.jpg,land_pad,8100,noise,baseline,1,233,1,232,0,True,0.02083105966448784,0.02083105966448784,0.5315127525648872,0.0002492588400000001,0.289924,0.452653,0.289924,0.44369908656340273,0.3103816834882855,0.002559058330514434,0.44348519805401004,0.31059080743640977,0.007589031706416434
land_pad__8125.jpg,land_pad,8125,noise,baseline,1,229,1,228,0,True,0.02036607638001442,0.02036607638001442,0.5325184554331162,0.00025717388399999964,0.283745,0.432882,0.283745,0.4531202431238183,0.3095239841443993,0.0027562655962948437,0.452884414944329,0.30993453468933846,0.007821641038406543
land_pad__8150.jpg,land_pad,8150,noise,baseline,1,220,1,219,0,True,0.016088571399450302,0.016088571399450302,0.6571388193909204,0.0002443102469999988,0.283745,0.407388,0.283745,0.4585387326333896,0.30742278063149536,0.0028672508071238495,0.4582011852231823,0.3077869492324944,0.007947978280531936
land_pad__8175.jpg,land_pad,8175,noise,baseline,1,249,1,248,0,True,0.013295551761984825,0.001193754025734961,0.5005995039434693,0.0002017898300000008,0.274715,0.406348,0.274715,0.46424661554599395,0.3026719350888285,0.003163020082166676,0.46395372715661826,0.3032605542947584,0.008267912826314242
land_pad__8200.jpg,land_pad,8200,noise,baseline,1,248,0,248,1,False,0.03933858498930931,,0.45849548094379045,0.0002057316929999995,0.261882,0.416233,0.261882,0.47054657086757823,0.2959434700049368,0.0034689043518192648,0.47032542861294496,0.29679680048533164,0.008600182730564784
land_pad__8225.jpg,land_pad,8225,noise,baseline,1,260,0,260,1,False,0.019125591963529587,,0.4904944808860211,0.0002017898300000008,0.26711,0.420916,0.26711,0.4664884611532463,0.2934793277724874,0.0033446029431709132,0.46620637968057627,0.2944217831406269,0.008494583913446773
land_pad__8250.jpg,land_pad,8250,noise,baseline,1,223,0,223,1,False,0.011555568315088749,,0.46400450704692603,0.00023144660999999938,0.289449,0.420395,0.289449,0.4626081380194543,0.29405479272699003,0.003121569507313791,0.4624305182362646,0.29506251826942,0.008270041623232274
land_pad__8275.jpg,land_pad,8275,noise,baseline,1,237,1,236,0,True,0.031633131206035614,0.002567776245996356,0.5577752371164348,0.00023740248400000175,0.274715,0.407908,0.274715,0.4387206860444847,0.29787839916145264,0.0027802414033624425,0.4386857827291506,0.29881778687467303,0.007909084017918608
land_pad__8300.jpg,land_pad,8300,noise,baseline,1,220,1,219,0,True,0.0550805889070034,0.0550805889070034,0.7133247489754366,0.00031850036399999946,0.257605,0.383455,0.257605,0.4279214846857146,0.3032182249398526,0.00199472416571549,0.42795775341191755,0.3042468068765583,0.007124483734463255
land_pad__8325.jpg,land_pad,8325,noise,baseline,1,209,0,209,1,False,0.1186327114701271,,0.3076220249423163,0.0003481796370000014,0.245247,0.37565,0.245247,0.4213311700880681,0.3077958441463573,0.0014699310004807741,0.4211521926520258,0.3088699974930072,0.0066031057853711
land_pad__8350.jpg,land_pad,8350,noise,baseline,1,226,1,225,0,True,0.21153989434242249,0.21153989434242249,0.5880585853090016,0.00042040240000000036,0.209601,0.35744,0.209601,0.3960709099757461,0.3098161316423985,0.0007324380623046443,0.39620433234007435,0.3109263934043074,0.00584249509149779
land_pad__8375.jpg,land_pad,8375,noise,baseline,1,243,1,242,0,True,0.2837853729724884,0.2837853729724884,0.5353874899235169,0.0007616514600000007,0.18251,0.33871,0.18251,0.4065866256608955,0.31335911774855785,0.0003917821041854732,0.4064909382878507,0.31443094396025406,0.005523600185366091
land_pad__8400.jpg,land_pad,8400,noise,baseline,1,253,1,252,0,True,0.2818969488143921,0.2818969488143921,0.7590830488987427,0.0009149615280000012,0.201046,0.333507,0.201046,0.4382953877119071,0.3168844443757065,0.0005150165208974054,0.4377707169485426,0.3179369822764012,0.005688917944946031
land_pad__8425.jpg,land_pad,8425,noise,baseline,1,248,0,248,1,False,0.1857513189315796,,0.48739664767408075,0.0007399019399999979,0.311787,0.426639,0.311787,0.4998045212632875,0.29899292083779244,0.00038029124191196577,0.49898494502630836,0.3013186268554736,0.005734908045582233
land_pad__8450.jpg,land_pad,8450,noise,baseline,1,232,1,231,0,True,0.17676733434200287,0.17676733434200287,0.8553985482811381,0.0006923806200000022,0.492395,0.32102,0.32102,0.5585919836572731,0.21129423023253194,0.000431298793671156,0.5571541672223345,0.21667254404921213,0.006015152411830153
land_pad__8475.jpg,land_pad,8475,noise,baseline,1,254,1,253,0,True,0.4572318494319916,0.4572318494319916,0.7274216847892241,0.0008308858799999962,0.655894,0.187825,0.187825,0.555263426158774,0.15836818858711305,0.0006434633351562772,0.5532830644909154,0.16696399380493782,0.0063384337194779825
land_pad__8500.jpg,land_pad,8500,noise,baseline,1,247,1,246,0,True,0.11070486158132553,0.11070486158132553,0.7312371993081247,0.000750753556999999,0.721008,0.220083,0.220083,0.5388039955025228,0.15468232126298767,0.0008040427712719047,0.536889561457182,0.16348443525054115,0.006497812424973895
land_pad__8525.jpg,land_pad,8525,noise,baseline,1,244,1,243,0,True,0.3602811098098755,0.3602811098098755,0.815823374250549,0.0007962504599999989,0.687738,0.332466,0.31226200000000004,0.5299263616850816,0.16501166267879694,0.0007098630408161595,0.5279979903634577,0.1730621426574832,0.006373420496323504
land_pad__8550.jpg,land_pad,8550,noise,baseline,1,247,1,246,0,True,0.46346724033355713,0.46346724033355713,0.6342395359053813,0.0007913174359999958,0.652567,0.344433,0.344433,0.5307306080818514,0.1659116417768139,0.0007280322292899787,0.5288409531405733,0.17391764938751117,0.006412896181367301
land_pad__8575.jpg,land_pad,8575,noise,baseline,1,243,1,242,0,True,0.29406407475471497,0.29406407475471497,0.7050615844338591,0.0008308858800000042,0.690114,0.342872,0.309886,0.5316148435056831,0.15976474163751486,0.0007186662303900217,0.5296641097020743,0.1682062085086251,0.006427845430034381
land_pad__8600.jpg,land_pad,8600,noise,baseline,1,249,1,248,0,True,0.4357638657093048,0.4357638657093048,0.5771127378896708,0.0008744167000000014,0.672053,0.262227,0.262227,0.5292045868805892,0.14959267949681634,0.0007571007415588763,0.5273046603257296,0.15857330045695245,0.00644908823765898
land_pad__8625.jpg,land_pad,8625,noise,baseline,1,246,1,245,0,True,0.29786649346351624,0.29786649346351624,0.7794531952027445,0.0009001203000000018,0.64924,0.220083,0.220083,0.5231861040273956,0.147870663775131,0.000753305768996373,0.5213546264503516,0.1569757242800877,0.006454956812651523
land_pad__8650.jpg,land_pad,8650,noise,baseline,1,266,1,265,0,True,0.45717504620552063,0.45717504620552063,0.7399433049974877,0.0007359340120000038,0.635932,0.201353,0.201353,0.5268243382625442,0.150187109234366,0.0007586443265732999,0.5250161192183675,0.1591677579963557,0.00646202867820178
land_pad__8675.jpg,land_pad,8675,noise,baseline,1,222,1,221,0,True,0.5293179154396057,0.5293179154396057,0.7562512451354659,0.0008783846279999966,0.60076,0.273153,0.273153,0.5243229016718758,0.16041894117046673,0.0006904014969269551,0.5225278441023524,0.16855656715677458,0.006355737925116815
land_pad__8700.jpg,land_pad,8700,noise,baseline,1,233,1,232,0,True,0.468243271112442,0.468243271112442,0.6593448622462891,0.0009515769300000026,0.543726,0.32206,0.32206,0.5245757121490457,0.17046316317879565,0.0006726244783937114,0.5228945034687255,0.17807725263511812,0.006338005117991985
land_pad2__2050.jpg,land_pad2,2050,noise,baseline,1,240,1,239,0,True,0.8827486038208008,0.8827486038208008,0.8134054177207581,0.24079716533099993,0.704848,0.665453,0.29515199999999997,0.48780909585517884,0.23891656731350816,0.00618646631322919,0.4864199532145069,0.24306103753783173,0.011691042148652327
land_pad2__2075.jpg,land_pad2,2075,noise,baseline,1,237,1,236,0,True,0.8973475694656372,0.8973475694656372,0.9001616052580733,0.18180394185599996,0.16302300000000003,0.712279,0.16302300000000003,0.5497918330276289,0.21175473588101412,0.006950434760986197,0.5481234018001547,0.21716263578495587,0.012492005938234935
land_pad2__2100.jpg,land_pad2,2100,noise,baseline,1,254,1,253,0,True,0.9328877925872803,0.9328877925872803,0.8879640689363361,0.21312163179000002,0.238118,0.715921,0.238118,0.4980180673338404,0.20993603732935723,0.006352613707600164,0.49668566682438703,0.21519150823972424,0.011878486575528
land_pad2__2125.jpg,land_pad2,2125,noise,baseline,1,243,1,242,0,True,0.9155684113502502,0.9155684113502502,0.9276842344111105,0.211238529438,0.361217,0.7263267499999999,0.2736732500000001,0.5167506316770821,0.2167323472067036,0.005783557996890067,0.5152644129784473,0.22194694697355838,0.011283792223810795
land_pad2__2150.jpg,land_pad2,2150,noise,baseline,1,257,1,256,0,True,0.9073740839958191,0.9073740839958191,0.921508666951237,0.22493207709999993,0.33602699999999996,0.484912,0.33602699999999996,0.4958058534698467,0.2264833562593162,0.005358433856756408,0.49432620969002633,0.23137298272795723,0.010855453239633668
land_pad2__2175.jpg,land_pad2,2175,noise,baseline,1,260,1,259,0,True,0.8262653946876526,0.8262653946876526,0.9182467141394881,0.202008662232,0.3179660000000001,0.27835600000000005,0.27835600000000005,0.5161069490646664,0.22887310395448526,0.006312998194197755,0.5147018908535549,0.2336284793754678,0.011851238078936868
land_pad2__2200.jpg,land_pad2,2200,noise,baseline,1,238,1,237,0,True,0.8962365388870239,0.8962365388870239,0.8920206194588688,0.24893279037200003,0.47813700000000003,0.3298650000000001,0.3298650000000001,0.5026663991702647,0.24064824156328027,0.005614592791648032,0.5012374385109324,0.24492359212557469,0.01108903986550011
land_pad2__2225.jpg,land_pad2,2225,noise,baseline,1,232,1,231,0,True,0.9151783585548401,0.9151783585548401,0.866899654659595,0.28852421463800004,0.623099,0.3371489999999999,0.3371489999999999,0.47974423837342955,0.25153584781242344,0.004364905357324534,0.4783964420806285,0.2553223582159717,0.009795913711462965
land_pad2__2250.jpg,land_pad2,2250,noise,baseline,1,242,1,241,0,True,0.8425279259681702,0.8425279259681702,0.8941537604480873,0.28441178891999996,0.60789,0.385016,0.385016,0.48121807139904127,0.25164267456615996,0.004138084841699004,0.4798161513055229,0.255356760126693,0.009561863032838687
land_pad2__2275.jpg,land_pad2,2275,noise,baseline,1,248,1,247,0,True,0.9129928946495056,0.9129928946495056,0.9100608213036109,0.25798921491200005,0.688213,0.4120710000000001,0.31178700000000004,0.4942079154574827,0.26152582163073473,0.0040780165731971185,0.49244376970390674,0.26424566940017297,0.009430979232204272
land_pad2__2300.jpg,land_pad2,2300,noise,baseline,1,255,1,254,0,True,0.8706302642822266,0.8706302642822266,0.8880842202567664,0.25757993747200003,0.803232,0.33871,0.19676800000000005,0.48870363392465704,0.2582006967764469,0.004932559740802263,0.48729679524880454,0.2609433451349545,0.010330542477632492
land_pad2__2325.jpg,land_pad2,2325,noise,baseline,1,260,1,259,0,True,0.9136743545532227,0.9136743545532227,0.933279615409705,0.27903436764600004,0.361217,0.390739,0.361217,0.47221110369186153,0.238485767278236,0.0036089500043226803,0.4707335313023931,0.24255130854205592,0.009038387288270375
land_pad2__2350.jpg,land_pad2,2350,noise,baseline,1,218,1,217,0,True,0.8637134432792664,0.8637134432792664,0.9079224198144397,0.2938119927119999,0.429658,0.45265299999999997,0.429658,0.4681879011718717,0.23448779351269572,0.0032122642279666753,0.46674199312593195,0.2385800433485374,0.008629939465173448
land_pad2__2375.jpg,land_pad2,2375,noise,baseline,1,239,1,238,0,True,0.8688847422599792,0.8688847422599792,0.9322282621013714,0.27436936383999994,0.480989,0.4994799999999999,0.480989,0.47869144065043834,0.2321968551726955,0.002866948463354331,0.47709559342346747,0.23609896385498,0.008273658514748313
land_pad2__2400.jpg,land_pad2,2400,noise,baseline,1,235,1,234,0,True,0.9588955640792847,0.9588955640792847,0.8778732663167125,0.371244923442,0.476236,0.572841,0.42715899999999996,0.4828364789374123,0.2277492789690044,0.0031315003500819913,0.48122797062783984,0.23176450713412822,0.008552381987494254
land_pad2__2425.jpg,land_pad2,2425,noise,baseline,1,223,1,222,0,True,0.9187542796134949,0.9187542796134949,0.9326556616709296,0.348776078376,0.484316,0.635276,0.36472400000000005,0.46845761248755124,0.21601485687008973,0.0020680633471677535,0.46691733205232977,0.22052359867614804,0.007524913103236226
land_pad2__2450.jpg,land_pad2,2450,noise,baseline,1,277,1,276,0,True,0.96758633852005,0.96758633852005,0.8294588845335477,0.5006960249760001,0.512833,0.62435,0.37565000000000004,0.46744485000767694,0.20790074911153725,0.0013539698003832464,0.4659856330847742,0.21246120580744152,0.006840991637931259
land_pad2__2475.jpg,land_pad2,2475,noise,baseline,1,266,1,265,0,True,0.966303825378418,0.966303825378418,0.8973035983677229,0.786116673615,0.554183,0.528096,0.445817,0.4773776205900237,0.18547290422817592,0.0012235378639782314,0.47556513851589005,0.1901351489304862,0.0067123049474253895
land_pad2__2500.jpg,land_pad2,2500,noise,baseline,1,270,1,269,0,True,0.9108967781066895,0.9108967781066895,0.9690424159059323,0.738113872776,0.539449,0.510406,0.46055100000000004,0.5237393204117364,0.1970226762223471,0.0012623375624498576,0.5211086352695091,0.20061215838953841,0.006708534940882974
land_pad2__2525.jpg,land_pad2,2525,noise,baseline,1,266,1,265,0,True,0.9223066568374634,0.9223066568374634,0.9431562409444003,0.8909045402879998,0.52424,0.501561,0.47575999999999996,0.5121421682864238,0.22380743053805952,0.0012298566795515865,0.5088726221389114,0.22476288831442887,0.006536781115733671
land_pad__6500.jpg,land_pad,6500,occlusion,baseline,1,265,1,264,0,True,0.011228031478822231,0.003606031881645322,0.6383584607789481,0.00043225391300000216,0.670627,0.287721,0.287721,0.48355316836222,0.26178951086334484,0.004572898163985291,0.4835849141649199,0.26178810235207395,0.00457380847499256
land_pad__6525.jpg,land_pad,6525,occlusion,baseline,1,258,1,257,0,True,0.012888300232589245,0.006106811109930277,0.5468499591066618,0.00047478071399999824,0.654943,0.292404,0.292404,0.4868440878446392,0.25917797385224367,0.004581368878270051,0.48688468554393727,0.2591746461271429,0.004582675531330416
land_pad__6550.jpg,land_pad,6550,occlusion,baseline,1,247,1,246,0,True,0.017173754051327705,0.0022064142394810915,0.5434836515248868,0.0005341330559999971,0.641635,0.297086,0.297086,0.4919546384132125,0.25573783464918604,0.00461422948357095,0.4919990414195059,0.2557320700938785,0.004615406689568217
land_pad__6575.jpg,land_pad,6575,occlusion,baseline,1,256,1,255,0,True,0.012880543246865273,0.003927122335880995,0.5094439323676625,0.00043225391300000216,0.634506,0.302289,0.302289,0.4876673452603522,0.2519039179842841,0.004545558014798434,0.48769996771889396,0.2518995780939127,0.004546229026872748
land_pad__6600.jpg,land_pad,6600,occlusion,baseline,1,272,0,272,1,False,0.015397420153021812,,0.4558027101667819,0.0006172327699999982,0.610266,0.306972,0.306972,0.4912540080821463,0.25056730126439536,0.004342761835610742,0.4913005484219304,0.25056201190480926,0.00434321852544681
land_pad__6625.jpg,land_pad,6625,occlusion,baseline,1,232,1,231,0,True,0.021067669615149498,0.0025239079259335995,0.7322217139571047,0.00045699006600000185,0.568916,0.297607,0.297607,0.4909464919530364,0.25091537963115074,0.0039660334689541835,0.49098275292122284,0.2509129925017446,0.003966418538243935
land_pad__6650.jpg,land_pad,6650,occlusion,baseline,1,263,0,263,1,False,0.017309347167611122,,0.30962412288240193,0.0003531283199999987,0.550856,0.289802,0.289802,0.48822115125393184,0.2495890729495641,0.0037996203491501186,0.48824811423958286,0.24958947758930153,0.0038002353330093405
land_pad__6675.jpg,land_pad,6675,occlusion,baseline,1,255,1,254,0,True,0.01965487003326416,0.004740387666970491,0.5843872673938252,0.0004035798399999996,0.551806,0.292404,0.292404,0.48789138513407354,0.24672183520610028,0.003835576761872194,0.4879171417481898,0.2467224172040515,0.003835940737265655
land_pad__6700.jpg,land_pad,6700,occlusion,baseline,1,258,1,257,0,True,0.021430030465126038,0.00996139645576477,0.5191905737759664,0.00039466897200000195,0.554658,0.290843,0.290843,0.4893003727804412,0.24430190916989236,0.0037869163890721595,0.4893237476835533,0.24430279636519087,0.00378696390399867
land_pad__6725.jpg,land_pad,6725,occlusion,baseline,1,256,1,255,0,True,0.01742599345743656,0.0076233637519180775,0.552077942860576,0.00034126064700000026,0.555608,0.289802,0.289802,0.48788363099678195,0.23973915282385633,0.0036568873314254324,0.48790031461083483,0.23974156095538385,0.0036571023045393948
land_pad__6750.jpg,land_pad,6750,occlusion,baseline,1,247,1,246,0,True,0.028007185086607933,0.005153004080057144,0.590011812823822,0.0002908064160000019,0.555133,0.287721,0.287721,0.48890773957549527,0.23766654342449423,0.0037202606239021578,0.48892279788513376,0.23767020766307062,0.003720553067740242
land_pad__6775.jpg,land_pad,6775,occlusion,baseline,1,248,1,247,0,True,0.030205724760890007,0.007029872387647629,0.6333278899446886,0.0003115876680000002,0.555608,0.28564,0.28564,0.48884628832838245,0.2373246972648215,0.0035884364363837386,0.48885920154651397,0.23732663829609343,0.0035884599928939654
land_pad__6800.jpg,land_pad,6800,occlusion,baseline,1,253,0,253,1,False,0.02641451545059681,,0.4318600932952875,0.00033234706800000036,0.554183,0.282518,0.282518,0.4872719269275549,0.2374631976935947,0.0035580674459726727,0.4872870395433075,0.23746625380219713,0.003558123119697468
land_pad__6825.jpg,land_pad,6825,occlusion,baseline,1,256,0,256,1,False,0.04046609625220299,,0.38054853694869534,0.00034126064700000026,0.553707,0.282518,0.282518,0.4870248302293898,0.23823483437544285,0.0035728075110808633,0.4870395161542458,0.2382376642540445,0.0035729426469175403
land_pad__6850.jpg,land_pad,6850,occlusion,baseline,1,243,0,243,1,False,0.03175857290625572,,0.14592426038372966,0.00033234706800000036,0.552281,0.283559,0.283559,0.4867342808819281,0.23855015403086394,0.003460471332539192,0.4867495370209822,0.23855271644201445,0.0034605231971308057
land_pad__7450.jpg,land_pad,7450,occlusion,baseline,1,283,1,282,0,True,0.0311527531594038,0.0311527531594038,0.7273222148646185,0.0003481796370000006,0.719582,0.080125,0.080125,0.4865315639160079,0.2726134689139426,0.003642657508343403,0.48655194034581983,0.27261510459997207,0.0036423367876392775
land_pad__7475.jpg,land_pad,7475,occlusion,baseline,1,263,1,262,0,True,0.10945044457912445,0.03200703486800194,0.6059340294403662,0.0002819146890000002,0.722909,0.234651,0.234651,0.47916338405601977,0.2881050863722756,0.0034159457540576914,0.4791772592681724,0.2881060156139711,0.0034155449840225453
land_pad__7500.jpg,land_pad,7500,occlusion,baseline,1,287,0,287,1,False,0.1429702788591385,,0.4776081923397126,0.00025717388399999964,0.72576,0.352758,0.27424000000000004,0.46456333268243566,0.2970070152141237,0.0032221698257971737,0.46458024515797014,0.29700830992921234,0.003221928884084351
land_pad__7525.jpg,land_pad,7525,occlusion,baseline,1,300,0,300,1,False,0.20413607358932495,,0.48872177606982176,0.00024925884000000215,0.726236,0.41103,0.273764,0.4542895546146117,0.30173263547600465,0.0029045867925347386,0.4543009588985727,0.30173169044095033,0.0029039489678739905
land_pad__7550.jpg,land_pad,7550,occlusion,baseline,1,280,1,279,0,True,0.05959390476346016,0.05959390476346016,0.6383779234873267,0.0002631124680000017,0.717681,0.345994,0.282319,0.43376021042222757,0.30197184784511194,0.002610929192025447,0.4337623050866285,0.30197173652036713,0.0026100184030102276
land_pad__7575.jpg,land_pad,7575,occlusion,baseline,1,300,1,299,0,True,0.03046875260770321,0.0029731886461377144,0.6193924759839808,0.0002828888009999988,0.681084,0.227888,0.227888,0.413421604818597,0.3003896279508527,0.00242568492773498,0.4134048513823972,0.30039249468463797,0.002425447895305311
land_pad__7600.jpg,land_pad,7600,occlusion,baseline,1,300,0,300,1,False,0.023450713604688644,,0.4467614599125022,0.00025717388399999893,0.684886,0.235172,0.235172,0.4150731158125208,0.3018541432296127,0.0023730603914509656,0.4150566998500298,0.3018559168318458,0.002372658131013942
land_pad__7625.jpg,land_pad,7625,occlusion,baseline,1,300,0,300,1,False,0.17630816996097565,,0.3704920339700557,0.00028288880099999953,0.673479,0.301769,0.301769,0.4252266601437267,0.3044434077586137,0.002011470713991252,0.42520881670623645,0.3044449294874199,0.002011081663717073
land_pad__7650.jpg,land_pad,7650,occlusion,baseline,1,300,0,300,1,False,0.11145429313182831,,0.2963392964232231,0.0002700251639999987,0.629753,0.380333,0.370247,0.4448112563851386,0.30444310518966616,0.0018694810633598418,0.4448150966032066,0.304441222161781,0.0018687195056410525
land_pad__7675.jpg,land_pad,7675,occlusion,baseline,1,300,0,300,1,False,0.22736376523971558,,0.41189160757563525,0.0003046600440000029,0.574144,0.416233,0.416233,0.4698048773562358,0.29730758572521154,0.0017693072364031474,0.46981857413401323,0.29730739317384314,0.0017686775062866144
land_pad__7700.jpg,land_pad,7700,occlusion,baseline,1,300,0,300,1,False,0.29390189051628113,,0.40632680684172023,0.0002492657639999986,0.53327,0.424037,0.424037,0.4828914599989312,0.2905264148482795,0.0017869824779460138,0.48290777898621834,0.2905266887943335,0.0017867912099054216
land_pad__7725.jpg,land_pad,7725,occlusion,baseline,1,300,0,300,1,False,0.37208253145217896,,0.4812038919468533,0.0002443102469999988,0.490019,0.426119,0.426119,0.4978070609275033,0.28136842551510177,0.001790713337142215,0.49782225112341894,0.28136847878078386,0.0017907110882407254
land_pad__7750.jpg,land_pad,7750,occlusion,baseline,1,300,0,300,1,False,0.22689534723758698,,0.32700344313212715,0.0002700251639999987,0.463403,0.44589,0.44589,0.5123704013679556,0.2638644091964657,0.0017017164033486056,0.5123903278328225,0.26386381110689516,0.0017015333172056806
land_pad__7775.jpg,land_pad,7775,occlusion,baseline,1,300,0,300,1,False,0.20433655381202698,,0.4140292683009133,0.00027696609600000045,0.457224,0.478668,0.457224,0.5226582602353639,0.24351420218098974,0.0015870822742989309,0.5226784931418748,0.24351126250634753,0.0015866289444738456
land_pad__7800.jpg,land_pad,7800,occlusion,baseline,1,294,0,294,1,False,0.29704540967941284,,0.2740049507466493,0.00023740248399999945,0.447719,0.527575,0.447719,0.5251414810037601,0.229453728720989,0.0018562749403345424,0.5251589249034109,0.22944898828927057,0.0018559457318216449
land_pad__7825.jpg,land_pad,7825,occlusion,baseline,1,300,0,300,1,False,0.48484572768211365,,0.37292767093024615,0.0002700251639999987,0.444392,0.580125,0.419875,0.5121087739052602,0.23969508863917677,0.0018588677308651294,0.5121272767741359,0.2396912993053908,0.0018590087184656384
land_pad__7850.jpg,land_pad,7850,occlusion,baseline,1,300,0,300,1,False,0.2505508065223694,,0.22212276154362853,0.00025717388399999964,0.45865,0.633715,0.36628499999999997,0.5008531063834275,0.2584200005024963,0.0019570682787361494,0.5008688124874272,0.25841787142281875,0.0019565777161416357
land_pad__7875.jpg,land_pad,7875,occlusion,baseline,1,300,0,300,1,False,0.12646813690662384,,0.36169743508257135,0.0002700251639999987,0.47576,0.672737,0.32726299999999997,0.49551127383291715,0.2656381535984084,0.0022228739723108085,0.4955285780882742,0.265636868127162,0.0022225040082686576
land_pad__7900.jpg,land_pad,7900,occlusion,baseline,1,300,0,300,1,False,0.2160959243774414,,0.2811811223212922,0.00030466004400000037,0.440114,0.682622,0.31737800000000005,0.4911805823368744,0.26380655478674625,0.0022781415864036097,0.4911992597611169,0.2638073045872535,0.00227770752077327
land_pad__7925.jpg,land_pad,7925,occlusion,baseline,1,300,0,300,1,False,0.2996285557746887,,0.3597806086279639,0.0002700251639999987,0.404468,0.689386,0.31061399999999995,0.48995563035317696,0.26790942076962465,0.0021698887260118154,0.4899726242878819,0.2679088317158659,0.0021690703762125476
land_pad__7950.jpg,land_pad,7950,occlusion,baseline,1,300,0,300,1,False,0.21635541319847107,,0.40690302268293166,0.00025717388399999964,0.416825,0.721124,0.278876,0.4838746915897596,0.27740113886036005,0.002040328408934428,0.4838875155907038,0.2774011687855377,0.002039946163579941
land_pad__7975.jpg,land_pad,7975,occlusion,baseline,1,300,0,300,1,False,0.08743869513273239,,0.38640733277532346,0.00030466004400000037,0.418251,0.726327,0.27367300000000006,0.4759731946572402,0.2872238373302816,0.0018703305429166295,0.4759875198343381,0.2872247130816964,0.0018698643670482602
land_pad__8000.jpg,land_pad,8000,occlusion,baseline,1,300,0,300,1,False,0.13326770067214966,,0.41525538922144584,0.0002443102469999988,0.398764,0.662331,0.337669,0.46062243883638143,0.29795859389938134,0.0016955465912011814,0.46063035589201545,0.2979601991764541,0.0016949572838022974
land_pad__8025.jpg,land_pad,8025,occlusion,baseline,1,300,0,300,1,False,0.26056987047195435,,0.37453739257497615,0.0002631124679999995,0.369772,0.537461,0.369772,0.44550213876872374,0.30723000591040134,0.0015079060017755119,0.44550651816892517,0.30722997858092493,0.0015071944673157951
land_pad__8050.jpg,land_pad,8050,occlusion,baseline,1,285,1,284,0,True,0.2089383602142334,0.06669481098651886,0.5135701122451054,0.0002631124679999995,0.339354,0.476067,0.339354,0.4388706484995647,0.3088049151288869,0.0017347069175321958,0.4388733133781639,0.308805049102458,0.0017338447053729632
land_pad__8075.jpg,land_pad,8075,occlusion,baseline,1,296,0,296,1,False,0.1848205178976059,,0.29223793075889815,0.00025717388399999964,0.322719,0.460978,0.322719,0.4381850997521856,0.3103153696724622,0.0018721003704141024,0.4381903752032699,0.3103143830606016,0.0018711526018275885
land_pad__8100.jpg,land_pad,8100,occlusion,baseline,1,281,1,280,0,True,0.08563830703496933,0.08563830703496933,0.5149236755623783,0.0002492588400000001,0.289924,0.452653,0.289924,0.44369908656340273,0.3103816834882855,0.002559058330514434,0.4437037956792968,0.3103808721440915,0.002558174997709984
land_pad__8125.jpg,land_pad,8125,occlusion,baseline,1,278,0,278,1,False,0.11813117563724518,,0.3516901637110932,0.00025717388399999964,0.283745,0.432882,0.283745,0.4531202431238183,0.3095239841443993,0.0027562655962948437,0.45313090651722254,0.30952350643418736,0.0027557061707491433
land_pad__8150.jpg,land_pad,8150,occlusion,baseline,1,256,0,256,1,False,0.10377731919288635,,0.3520131080886512,0.0002443102469999988,0.283745,0.407388,0.283745,0.4585387326333896,0.30742278063149536,0.0028672508071238495,0.4585525806924853,0.3074237144959785,0.002867447391890398
land_pad__8175.jpg,land_pad,8175,occlusion,baseline,1,275,0,275,1,False,0.04980315640568733,,0.42743937756514944,0.0002017898300000008,0.274715,0.406348,0.274715,0.46424661554599395,0.3026719350888285,0.003163020082166676,0.4642627367038657,0.30267178653407745,0.0031629397110143004
land_pad__8200.jpg,land_pad,8200,occlusion,baseline,1,283,0,283,1,False,0.11275891214609146,,0.4048567294560282,0.0002057316929999995,0.261882,0.416233,0.261882,0.47054657086757823,0.2959434700049368,0.0034689043518192648,0.47056201319902347,0.2959449120549061,0.003469149895211206
land_pad__8225.jpg,land_pad,8225,occlusion,baseline,1,299,0,299,1,False,0.1542496234178543,,0.4953244328028055,0.0002017898300000008,0.26711,0.420916,0.26711,0.4664884611532463,0.2934793277724874,0.0033446029431709132,0.46650569170744854,0.293479496181562,0.003344545747791764
land_pad__8250.jpg,land_pad,8250,occlusion,baseline,1,285,1,284,0,True,0.12895767390727997,0.04719710350036621,0.5211928141231074,0.00023144660999999938,0.289449,0.420395,0.289449,0.4626081380194543,0.29405479272699003,0.003121569507313791,0.4626225640507642,0.29405657933722706,0.0031216918163320447
land_pad__8275.jpg,land_pad,8275,occlusion,baseline,1,293,0,293,1,False,0.17120127379894257,,0.43941835155059006,0.00023740248400000175,0.274715,0.407908,0.274715,0.4387206860444847,0.29787839916145264,0.0027802414033624425,0.4387307443126177,0.2978781802608812,0.0027798168688051555
land_pad__8300.jpg,land_pad,8300,occlusion,baseline,1,296,1,295,0,True,0.19818583130836487,0.19818583130836487,0.6135006211275887,0.00031850036399999946,0.257605,0.383455,0.257605,0.4279214846857146,0.3032182249398526,0.00199472416571549,0.4279257477156715,0.3032175849506421,0.0019937926545640517
land_pad__8325.jpg,land_pad,8325,occlusion,baseline,1,291,0,291,1,False,0.27411532402038574,,0.30765082891432494,0.0003481796370000014,0.245247,0.37565,0.245247,0.4213311700880681,0.3077958441463573,0.0014699310004807741,0.42132355947407785,0.30779435330199423,0.001468741217436682
land_pad__8350.jpg,land_pad,8350,occlusion,baseline,1,300,1,299,0,True,0.5088857412338257,0.5088857412338257,0.5053495642651343,0.00042040240000000036,0.209601,0.35744,0.209601,0.3960709099757461,0.3098161316423985,0.0007324380623046443,0.39604335350184844,0.30982061489965756,0.0007315921855407021
land_pad__8375.jpg,land_pad,8375,occlusion,baseline,1,293,1,292,0,True,0.5318118333816528,0.5318118333816528,0.5273543995869134,0.0007616514600000007,0.18251,0.33871,0.18251,0.4065866256608955,0.31335911774855785,0.0003917821041854732,0.40654453066445184,0.3133625259112946,0.00039117667101659843
land_pad__8400.jpg,land_pad,8400,occlusion,baseline,1,300,1,299,0,True,0.28093549609184265,0.28093549609184265,0.6489750842412844,0.0009149615280000012,0.201046,0.333507,0.201046,0.4382953877119071,0.3168844443757065,0.0005150165208974054,0.43829195478969457,0.31687777466489114,0.0005137743901369896
land_pad__8425.jpg,land_pad,8425,occlusion,baseline,1,300,1,299,0,True,0.20244018733501434,0.09601567685604095,0.6760912802800728,0.0007399019399999979,0.311787,0.426639,0.311787,0.4998045212632875,0.29899292083779244,0.00038029124191196577,0.4998545371943741,0.2989803571385529,0.0003810369305669947
land_pad__8450.jpg,land_pad,8450,occlusion,baseline,1,300,1,299,0,True,0.35509538650512695,0.35509538650512695,0.7221263748768207,0.0006923806200000022,0.492395,0.32102,0.32102,0.5585919836572731,0.21129423023253194,0.000431298793671156,0.5586467125832618,0.21126089864778685,0.0004328052639805801
land_pad__8475.jpg,land_pad,8475,occlusion,baseline,1,276,1,275,0,True,0.3522583544254303,0.3522583544254303,0.6778211840173657,0.0008308858799999962,0.655894,0.187825,0.187825,0.555263426158774,0.15836818858711305,0.0006434633351562772,0.5553535510341319,0.15829033726585334,0.0006464770254260742
land_pad__8500.jpg,land_pad,8500,occlusion,baseline,1,285,1,284,0,True,0.4247454106807709,0.4247454106807709,0.7594173759261952,0.000750753556999999,0.721008,0.220083,0.220083,0.5388039955025228,0.15468232126298767,0.0008040427712719047,0.5388779759459602,0.15462039384009185,0.000806399098647687
land_pad__8525.jpg,land_pad,8525,occlusion,baseline,1,290,1,289,0,True,0.653099775314331,0.653099775314331,0.8371352909787768,0.0007962504599999989,0.687738,0.332466,0.31226200000000004,0.5299263616850816,0.16501166267879694,0.0007098630408161595,0.5300111024971271,0.16494254601428004,0.0007129419248332167
land_pad__8550.jpg,land_pad,8550,occlusion,baseline,1,280,1,279,0,True,0.3504023849964142,0.3504023849964142,0.7272055350692317,0.0007913174359999958,0.652567,0.344433,0.344433,0.5307306080818514,0.1659116417768139,0.0007280322292899787,0.5308093791003542,0.16584080243617796,0.0007301217767865105
land_pad__8575.jpg,land_pad,8575,occlusion,baseline,1,278,1,277,0,True,0.22774045169353485,0.22774045169353485,0.6661703088377687,0.0008308858800000042,0.690114,0.342872,0.309886,0.5316148435056831,0.15976474163751486,0.0007186662303900217,0.5316976370556372,0.15968680399204666,0.0007206638974636627
land_pad__8600.jpg,land_pad,8600,occlusion,baseline,1,260,1,259,0,True,0.4624748229980469,0.4624748229980469,0.5628949743955375,0.0008744167000000014,0.672053,0.262227,0.262227,0.5292045868805892,0.14959267949681634,0.0007571007415588763,0.5292895022480019,0.14950334544446756,0.0007588063176026533
land_pad__8625.jpg,land_pad,8625,occlusion,baseline,1,255,1,254,0,True,0.4455520510673523,0.4455520510673523,0.8216865578640828,0.0009001203000000018,0.64924,0.220083,0.220083,0.5231861040273956,0.147870663775131,0.000753305768996373,0.5232645453302054,0.1477832291819576,0.0007544037288716952
land_pad__8650.jpg,land_pad,8650,occlusion,baseline,1,245,1,244,0,True,0.6851161122322083,0.6851161122322083,0.699066494856422,0.0007359340120000038,0.635932,0.201353,0.201353,0.5268243382625442,0.150187109234366,0.0007586443265732999,0.5268789159072151,0.15012367476320335,0.0007594406362179875
land_pad__8675.jpg,land_pad,8675,occlusion,baseline,1,252,1,251,0,True,0.5389931797981262,0.5389931797981262,0.7272338961464238,0.0008783846279999966,0.60076,0.273153,0.273153,0.5243229016718758,0.16041894117046673,0.0006904014969269551,0.5243878905744213,0.16034994842910896,0.0006916081513068704
land_pad__8700.jpg,land_pad,8700,occlusion,baseline,1,282,1,281,0,True,0.418932169675827,0.026562808081507683,0.5391922055168396,0.0009515769300000026,0.543726,0.32206,0.32206,0.5245757121490457,0.17046316317879565,0.0006726244783937114,0.5246603365908468,0.17038166062551494,0.0006744271552862609
land_pad2__2050.jpg,land_pad2,2050,occlusion,baseline,1,278,1,277,0,True,0.5659262537956238,0.5659262537956238,0.845492966683349,0.24079716533099993,0.704848,0.665453,0.29515199999999997,0.48780909585517884,0.23891656731350816,0.00618646631322919,0.5128770308644143,0.22256056956715484,0.006012902097846759
land_pad2__2075.jpg,land_pad2,2075,occlusion,baseline,1,265,1,264,0,True,0.6035495400428772,0.6035495400428772,0.8915335028421264,0.18180394185599996,0.16302300000000003,0.712279,0.16302300000000003,0.5497918330276289,0.21175473588101412,0.006950434760986197,0.5596012589088207,0.205059605782134,0.006648261598100357
land_pad2__2100.jpg,land_pad2,2100,occlusion,baseline,1,300,1,299,0,True,0.7245398163795471,0.7245398163795471,0.9275565727760896,0.21312163179000002,0.238118,0.715921,0.238118,0.4980180673338404,0.20993603732935723,0.006352613707600164,0.5091833151756961,0.20214439842115434,0.006036236379633544
land_pad2__2125.jpg,land_pad2,2125,occlusion,baseline,1,297,1,296,0,True,0.6507395505905151,0.6507395505905151,0.9800265413308265,0.211238529438,0.361217,0.7263267499999999,0.2736732500000001,0.5167506316770821,0.2167323472067036,0.005783557996890067,0.5305598269900301,0.20740163805398068,0.005452844111191555
land_pad2__2150.jpg,land_pad2,2150,occlusion,baseline,1,300,1,299,0,True,0.5206764936447144,0.5206764936447144,0.824055279692656,0.22493207709999993,0.33602699999999996,0.484912,0.33602699999999996,0.4958058534698467,0.2264833562593162,0.005358433856756408,0.5138789088474204,0.2135910524772192,0.005097284928294339
land_pad2__2175.jpg,land_pad2,2175,occlusion,baseline,1,280,1,279,0,True,0.5773653984069824,0.5773653984069824,0.8628671778054712,0.202008662232,0.3179660000000001,0.27835600000000005,0.27835600000000005,0.5161069490646664,0.22887310395448526,0.006312998194197755,0.5390091678806024,0.2126563119150485,0.006179843866309408
land_pad2__2200.jpg,land_pad2,2200,occlusion,baseline,1,283,1,282,0,True,0.660096287727356,0.660096287727356,0.946823462946564,0.24893279037200003,0.47813700000000003,0.3298650000000001,0.3298650000000001,0.5026663991702647,0.24064824156328027,0.005614592791648032,0.5311414571090698,0.22146729692242045,0.0054319960428188315
land_pad2__2225.jpg,land_pad2,2225,occlusion,baseline,1,273,1,272,0,True,0.5851832032203674,0.5851832032203674,0.9323857677177552,0.28852421463800004,0.623099,0.3371489999999999,0.3371489999999999,0.47974423837342955,0.25153584781242344,0.004364905357324534,0.5074844686453175,0.23190003945124113,0.004166603314003643
land_pad2__2250.jpg,land_pad2,2250,occlusion,baseline,1,296,1,295,0,True,0.5035642981529236,0.5035642981529236,0.9722637155037617,0.28441178891999996,0.60789,0.385016,0.385016,0.48121807139904127,0.25164267456615996,0.004138084841699004,0.5061819675306848,0.23351001536154678,0.0038963698716435492
land_pad2__2275.jpg,land_pad2,2275,occlusion,baseline,1,300,1,299,0,True,0.5972226858139038,0.5972226858139038,0.8719290270419403,0.25798921491200005,0.688213,0.4120710000000001,0.31178700000000004,0.4942079154574827,0.26152582163073473,0.0040780165731971185,0.5185893358463097,0.24530440512272414,0.00390912126021814
land_pad2__2300.jpg,land_pad2,2300,occlusion,baseline,1,300,1,299,0,True,0.3986183702945709,0.3986183702945709,0.9394804950070134,0.25757993747200003,0.803232,0.33871,0.19676800000000005,0.48870363392465704,0.2582006967764469,0.004932559740802263,0.5172246542310318,0.24042504280905516,0.00485746410549282
land_pad2__2325.jpg,land_pad2,2325,occlusion,baseline,1,300,1,299,0,True,0.12946371734142303,0.12946371734142303,0.9690558221169885,0.27903436764600004,0.361217,0.390739,0.361217,0.47221110369186153,0.238485767278236,0.0036089500043226803,0.4848696804542907,0.22515728426369727,0.0033617458241179416
land_pad2__2350.jpg,land_pad2,2350,occlusion,baseline,1,288,1,287,0,True,0.37340301275253296,0.37340301275253296,0.9442014197236989,0.2938119927119999,0.429658,0.45265299999999997,0.429658,0.4681879011718717,0.23448779351269572,0.0032122642279666753,0.478869940968478,0.22169749383540047,0.0029357071803822743
land_pad2__2375.jpg,land_pad2,2375,occlusion,baseline,1,296,1,295,0,True,0.07294416427612305,0.07294416427612305,0.9568829376714137,0.27436936383999994,0.480989,0.4994799999999999,0.480989,0.47869144065043834,0.2321968551726955,0.002866948463354331,0.4860777471155115,0.22120955023479533,0.002589797854809228
land_pad2__2400.jpg,land_pad2,2400,occlusion,baseline,1,294,1,293,0,True,0.1035090833902359,0.05156562849879265,0.822546579924303,0.371244923442,0.476236,0.572841,0.42715899999999996,0.4828364789374123,0.2277492789690044,0.0031315003500819913,0.49298024041006383,0.21336027076110578,0.0026239437791911453
land_pad2__2425.jpg,land_pad2,2425,occlusion,baseline,1,300,1,299,0,True,0.16764773428440094,0.16764773428440094,0.9718973378584431,0.348776078376,0.484316,0.635276,0.36472400000000005,0.46845761248755124,0.21601485687008973,0.0020680633471677535,0.4762390230857618,0.20241807260835085,0.0017746194104568892
land_pad2__2450.jpg,land_pad2,2450,occlusion,baseline,1,300,1,299,0,True,0.025875572115182877,0.016300911083817482,0.8043116051261027,0.5006960249760001,0.512833,0.62435,0.37565000000000004,0.46744485000767694,0.20790074911153725,0.0013539698003832464,0.4752468232280904,0.18740376677745071,0.0010265353441036263
land_pad2__2475.jpg,land_pad2,2475,occlusion,baseline,1,300,1,299,0,True,0.2667289972305298,0.013643641956150532,0.7107103879614167,0.786116673615,0.554183,0.528096,0.445817,0.4773776205900237,0.18547290422817592,0.0012235378639782314,0.483394334615501,0.15222478940784914,0.0007631107905932703
land_pad2__2500.jpg,land_pad2,2500,occlusion,baseline,1,281,1,280,0,True,0.024145837873220444,0.024145837873220444,0.8485286804389086,0.738113872776,0.539449,0.510406,0.46055100000000004,0.5237393204117364,0.1970226762223471,0.0012623375624498576,0.5295351016490206,0.16603454089816902,0.0009105024991744391
land_pad2__2525.jpg,land_pad2,2525,occlusion,baseline,1,269,1,268,0,True,0.32655850052833557,0.012582685798406601,0.8326320126783525,0.8909045402879998,0.52424,0.501561,0.47575999999999996,0.5121421682864238,0.22380743053805952,0.0012298566795515865,0.5165267353266625,0.19079167471186373,0.0008274519474468262
land_pad__6500.jpg,land_pad,6500,mixed,baseline,1,211,0,211,1,False,0.018689578399062157,,0.004925877552767694,0.00043225391300000216,0.670627,0.287721,0.287721,0.48355316836222,0.26178951086334484,0.004572898163985291,0.2008059104912663,0.10876571373375926,0.0026920333406402555
land_pad__6525.jpg,land_pad,6525,mixed,baseline,1,220,0,220,1,False,0.014964697882533073,,0.004355715819679021,0.00047478071399999824,0.654943,0.292404,0.292404,0.4868440878446392,0.25917797385224367,0.004581368878270051,0.2022628814684497,0.10764349432355953,0.0027014240998116186
land_pad__6550.jpg,land_pad,6550,mixed,baseline,1,192,0,192,1,False,0.014302946627140045,,0.017726752037948552,0.0005341330559999971,0.641635,0.297086,0.297086,0.4919546384132125,0.25573783464918604,0.00461422948357095,0.20430962072377173,0.10622852181932876,0.0027048148307004514
land_pad__6575.jpg,land_pad,6575,mixed,baseline,1,226,0,226,1,False,0.017821433022618294,,0.011819932442773982,0.00043225391300000216,0.634506,0.302289,0.302289,0.4876673452603522,0.2519039179842841,0.004545558014798434,0.20263444778013295,0.10476398164527771,0.002708212055067166
land_pad__6600.jpg,land_pad,6600,mixed,baseline,1,210,0,210,1,False,0.014096910133957863,,0.0503121432317774,0.0006172327699999982,0.610266,0.306972,0.306972,0.4912540080821463,0.25056730126439536,0.004342761835610742,0.20400917990552758,0.10452599669931835,0.002712012717834877
land_pad__6625.jpg,land_pad,6625,mixed,baseline,1,198,0,198,1,False,0.012839972972869873,,0.025481486952978562,0.00045699006600000185,0.568916,0.297607,0.297607,0.4909464919530364,0.25091537963115074,0.0039660334689541835,0.2038835077994829,0.10493509685534633,0.0027070898748511856
land_pad__6650.jpg,land_pad,6650,mixed,baseline,1,185,0,185,1,False,0.011526312679052353,,0.0030536873103737213,0.0003531283199999987,0.550856,0.289802,0.289802,0.48822115125393184,0.2495890729495641,0.0037996203491501186,0.20285320832376194,0.10450652077865237,0.0026987553652184533
land_pad__6675.jpg,land_pad,6675,mixed,baseline,1,206,0,206,1,False,0.014751479960978031,,0.007377562500013533,0.0004035798399999996,0.551806,0.292404,0.292404,0.48789138513407354,0.24672183520610028,0.003835576761872194,0.20259044819068717,0.10337103474071634,0.0027063328578414737
land_pad__6700.jpg,land_pad,6700,mixed,baseline,1,196,0,196,1,False,0.016261586919426918,,0.00374160987474531,0.00039466897200000195,0.554658,0.290843,0.290843,0.4893003727804412,0.24430190916989236,0.0037869163890721595,0.20317914586257624,0.10257647427059219,0.0027181078776887034
land_pad__6725.jpg,land_pad,6725,mixed,baseline,1,198,0,198,1,False,0.011765267699956894,,0.0027240534732754697,0.00034126064700000026,0.555608,0.289802,0.289802,0.48788363099678195,0.23973915282385633,0.0036568873314254324,0.20243923281597448,0.1009701804992016,0.0027318314236343543
land_pad__6750.jpg,land_pad,6750,mixed,baseline,1,195,0,195,1,False,0.017974557355046272,,0.002374290521866451,0.0002908064160000019,0.555133,0.287721,0.287721,0.48890773957549527,0.23766654342449423,0.0037202606239021578,0.2027342701758657,0.10038443469185483,0.0027318418974937005
land_pad__6775.jpg,land_pad,6775,mixed,baseline,1,209,0,209,1,False,0.018273819237947464,,0.0028471447525878282,0.0003115876680000002,0.555608,0.28564,0.28564,0.48884628832838245,0.2373246972648215,0.0035884364363837386,0.20272963864013466,0.1004296638539447,0.0027388894663823646
land_pad__6800.jpg,land_pad,6800,mixed,baseline,1,198,0,198,1,False,0.01487649418413639,,0.003037727149640928,0.00033234706800000036,0.554183,0.282518,0.282518,0.4872719269275549,0.2374631976935947,0.0035580674459726727,0.20204459416381496,0.10050389446261628,0.002733428533533858
land_pad__6825.jpg,land_pad,6825,mixed,baseline,1,193,0,193,1,False,0.017299382016062737,,0.002652261667033642,0.00034126064700000026,0.553707,0.282518,0.282518,0.4870248302293898,0.23823483437544285,0.0035728075110808633,0.20194962440727782,0.10078661971154869,0.002737731817501465
land_pad__6850.jpg,land_pad,6850,mixed,baseline,1,205,0,205,1,False,0.02090374194085598,,0.003985127542899424,0.00033234706800000036,0.552281,0.283559,0.283559,0.4867342808819281,0.23855015403086394,0.003460471332539192,0.20186080287865849,0.10101145831703245,0.0027380651240735167
land_pad__7450.jpg,land_pad,7450,mixed,baseline,1,204,1,203,0,True,0.016113605350255966,0.0011796234175562859,0.5698581197680936,0.0003481796370000006,0.719582,0.080125,0.080125,0.4865315639160079,0.2726134689139426,0.003642657508343403,0.20272479763796336,0.11325521192588203,0.0026389501851768575
land_pad__7475.jpg,land_pad,7475,mixed,baseline,1,211,0,211,1,False,0.01431594043970108,,0.42556364897807164,0.0002819146890000002,0.722909,0.234651,0.234651,0.47916338405601977,0.2881050863722756,0.0034159457540576914,0.19987351718125201,0.11966399547123938,0.0026056323812326592
land_pad__7500.jpg,land_pad,7500,mixed,baseline,1,228,0,228,1,False,0.014828667044639587,,0.46903362524716663,0.00025717388399999964,0.72576,0.352758,0.27424000000000004,0.46456333268243566,0.2970070152141237,0.0032221698257971737,0.19400062126194553,0.12343235260330748,0.002567104896504614
land_pad__7525.jpg,land_pad,7525,mixed,baseline,1,243,1,242,0,True,0.015339881181716919,0.005849849432706833,0.5001404646710538,0.00024925884000000215,0.726236,0.41103,0.273764,0.4542895546146117,0.30173263547600465,0.0029045867925347386,0.18981419007900216,0.12555079554247137,0.002542552301994733
land_pad__7550.jpg,land_pad,7550,mixed,baseline,1,226,0,226,1,False,0.014531291089951992,,0.0024199595752084106,0.0002631124680000017,0.717681,0.345994,0.282319,0.43376021042222757,0.30197184784511194,0.002610929192025447,0.18128169876972602,0.1260349857577893,0.0025366915566555964
land_pad__7575.jpg,land_pad,7575,mixed,baseline,1,209,0,209,1,False,0.013479792512953281,,0.4704821629966069,0.0002828888009999988,0.681084,0.227888,0.227888,0.413421604818597,0.3003896279508527,0.00242568492773498,0.17259319763166378,0.1259524459661014,0.0025360197954900467
land_pad__7600.jpg,land_pad,7600,mixed,baseline,1,214,0,214,1,False,0.0213268231600523,,0.39368862852539604,0.00025717388399999893,0.684886,0.235172,0.235172,0.4150731158125208,0.3018541432296127,0.0023730603914509656,0.17324963054386874,0.1266026825410154,0.002534411662269704
land_pad__7625.jpg,land_pad,7625,mixed,baseline,1,216,0,216,1,False,0.02014370635151863,,0.2744727206914891,0.00028288880099999953,0.673479,0.301769,0.301769,0.4252266601437267,0.3044434077586137,0.002011470713991252,0.17735935046163698,0.12792436106130078,0.002541809470646075
land_pad__7650.jpg,land_pad,7650,mixed,baseline,1,227,0,227,1,False,0.017134787514805794,,0.36653367572815443,0.0002700251639999987,0.629753,0.380333,0.370247,0.4448112563851386,0.30444310518966616,0.0018694810633598418,0.1856100007967483,0.1279500472785679,0.0025627868163563983
land_pad__7675.jpg,land_pad,7675,mixed,baseline,1,229,0,229,1,False,0.012856284156441689,,0.2592254265355411,0.0003046600440000029,0.574144,0.416233,0.416233,0.4698048773562358,0.29730758572521154,0.0017693072364031474,0.1958536738823201,0.1252061748694398,0.0025926000662205876
land_pad__7700.jpg,land_pad,7700,mixed,baseline,1,224,0,224,1,False,0.013401268981397152,,0.24374232653929095,0.0002492657639999986,0.53327,0.424037,0.424037,0.4828914599989312,0.2905264148482795,0.0017869824779460138,0.2012258286395395,0.12224923371873674,0.00259450978642798
land_pad__7725.jpg,land_pad,7725,mixed,baseline,1,226,0,226,1,False,0.011510053649544716,,0.3851404403408512,0.0002443102469999988,0.490019,0.426119,0.426119,0.4978070609275033,0.28136842551510177,0.001790713337142215,0.20735956070387854,0.11862662340598916,0.002627310309588818
land_pad__7750.jpg,land_pad,7750,mixed,baseline,1,220,0,220,1,False,0.009730937890708447,,0.0017323520362401215,0.0002700251639999987,0.463403,0.44589,0.44589,0.5123704013679556,0.2638644091964657,0.0017017164033486056,0.21324496642446905,0.11174834961579634,0.0026732394966452735
land_pad__7775.jpg,land_pad,7775,mixed,baseline,1,235,0,235,1,False,0.037294406443834305,,0.43021969426495044,0.00027696609600000045,0.457224,0.478668,0.457224,0.5226582602353639,0.24351420218098974,0.0015870822742989309,0.21705534328329953,0.10417889851949057,0.002703849116458998
land_pad__7800.jpg,land_pad,7800,mixed,baseline,1,219,0,219,1,False,0.046058136969804764,,0.25233344676118463,0.00023740248399999945,0.447719,0.527575,0.447719,0.5251414810037601,0.229453728720989,0.0018562749403345424,0.21790708813486673,0.09851664908938224,0.0027435441144199064
land_pad__7825.jpg,land_pad,7825,mixed,baseline,1,211,0,211,1,False,0.013618618249893188,,0.3110551748794755,0.0002700251639999987,0.444392,0.580125,0.419875,0.5121087739052602,0.23969508863917677,0.0018588677308651294,0.21279784479203992,0.10188431376558289,0.002702470335214238
land_pad__7850.jpg,land_pad,7850,mixed,baseline,1,206,0,206,1,False,0.012732642702758312,,0.35572868130823476,0.00025717388399999964,0.45865,0.633715,0.36628499999999997,0.5008531063834275,0.2584200005024963,0.0019570682787361494,0.20850699458870606,0.10898444308980039,0.0026584568556403472
land_pad__7875.jpg,land_pad,7875,mixed,baseline,1,225,0,225,1,False,0.012892656028270721,,0.36961190850613374,0.0002700251639999987,0.47576,0.672737,0.32726299999999997,0.49551127383291715,0.2656381535984084,0.0022228739723108085,0.20637026622331153,0.11174817248630042,0.0026369982595639127
land_pad__7900.jpg,land_pad,7900,mixed,baseline,1,234,0,234,1,False,0.010174171067774296,,0.4151470767354324,0.00030466004400000037,0.440114,0.682622,0.31737800000000005,0.4911805823368744,0.26380655478674625,0.0022781415864036097,0.20447612714861177,0.11106121441784433,0.002646534748520471
land_pad__7925.jpg,land_pad,7925,mixed,baseline,1,250,0,250,1,False,0.016126848757267,,0.3833889900949144,0.0002700251639999987,0.404468,0.689386,0.31061399999999995,0.48995563035317696,0.26790942076962465,0.0021698887260118154,0.20393750359293136,0.1129445132860326,0.0026550262191499434
land_pad__7950.jpg,land_pad,7950,mixed,baseline,1,205,0,205,1,False,0.013542030937969685,,0.3494497655732043,0.00025717388399999964,0.416825,0.721124,0.278876,0.4838746915897596,0.27740113886036005,0.002040328408934428,0.20154086616545225,0.11677273738717057,0.0026258772679089194
land_pad__7975.jpg,land_pad,7975,mixed,baseline,1,217,0,217,1,False,0.009950262494385242,,0.47346839100934146,0.00030466004400000037,0.418251,0.726327,0.27367300000000006,0.4759731946572402,0.2872238373302816,0.0018703305429166295,0.1983313243950124,0.12090562568633885,0.002605376645496862
land_pad__8000.jpg,land_pad,8000,mixed,baseline,1,196,0,196,1,False,0.010292768478393555,,0.27528975210067136,0.0002443102469999988,0.398764,0.662331,0.337669,0.46062243883638143,0.29795859389938134,0.0016955465912011814,0.19221388804391154,0.1251554635859913,0.002566598173863761
land_pad__8025.jpg,land_pad,8025,mixed,baseline,1,221,1,220,0,True,0.010462498292326927,0.009615221992135048,0.539519049816573,0.0002631124679999995,0.369772,0.537461,0.369772,0.44550213876872374,0.30723000591040134,0.0015079060017755119,0.18617646787292955,0.12883005619646354,0.002523982937145089
land_pad__8050.jpg,land_pad,8050,mixed,baseline,1,211,0,211,1,False,0.01681065931916237,,0.34138018993066843,0.0002631124679999995,0.339354,0.476067,0.339354,0.4388706484995647,0.3088049151288869,0.0017347069175321958,0.18354314500516014,0.12919365981573291,0.0025142420033509305
land_pad__8075.jpg,land_pad,8075,mixed,baseline,1,209,0,209,1,False,0.010104985907673836,,0.0017065333911462535,0.00025717388399999964,0.322719,0.460978,0.322719,0.4381850997521856,0.3103153696724622,0.0018721003704141024,0.1833268631477391,0.1295461815505099,0.0025105966420139085
land_pad__8100.jpg,land_pad,8100,mixed,baseline,1,204,1,203,0,True,0.01119183748960495,0.002217401284724474,0.5027713870509372,0.0002492588400000001,0.289924,0.452653,0.289924,0.44369908656340273,0.3103816834882855,0.002559058330514434,0.18555008175785473,0.12922191054309695,0.0025222597699808154
land_pad__8125.jpg,land_pad,8125,mixed,baseline,1,208,1,207,0,True,0.011258873157203197,0.01097931805998087,0.5809272741000104,0.00025717388399999964,0.283745,0.432882,0.283745,0.4531202431238183,0.3095239841443993,0.0027562655962948437,0.18950931555444256,0.12891976005092118,0.00253154373480739
land_pad__8150.jpg,land_pad,8150,mixed,baseline,1,202,1,201,0,True,0.011117278598248959,0.0048103369772434235,0.7827368388639953,0.0002443102469999988,0.283745,0.407388,0.283745,0.4585387326333896,0.30742278063149536,0.0028672508071238495,0.19165226196990154,0.12790244779975077,0.0025426027273308654
land_pad__8175.jpg,land_pad,8175,mixed,baseline,1,222,0,222,1,False,0.014978338964283466,,0.001469848414291512,0.0002017898300000008,0.274715,0.406348,0.274715,0.46424661554599395,0.3026719350888285,0.003163020082166676,0.19398217269918377,0.12590803152892382,0.002553489555209803
land_pad__8200.jpg,land_pad,8200,mixed,baseline,1,217,1,216,0,True,0.015687067061662674,0.010556962341070175,0.5506755706458747,0.0002057316929999995,0.261882,0.416233,0.261882,0.47054657086757823,0.2959434700049368,0.0034689043518192648,0.19656269450801492,0.12312307547713638,0.0025660873780730337
land_pad__8225.jpg,land_pad,8225,mixed,baseline,1,206,0,206,1,False,0.014771022833883762,,0.3505956755793843,0.0002017898300000008,0.26711,0.420916,0.26711,0.4664884611532463,0.2934793277724874,0.0033446029431709132,0.1948028234214202,0.12206922465755485,0.002561113101119658
land_pad__8250.jpg,land_pad,8250,mixed,baseline,1,210,0,210,1,False,0.016435066238045692,,0.38511648339648047,0.00023144660999999938,0.289449,0.420395,0.289449,0.4626081380194543,0.29405479272699003,0.003121569507313791,0.19322258144423704,0.12241376901099026,0.002559358443359328
land_pad__8275.jpg,land_pad,8275,mixed,baseline,1,214,0,214,1,False,0.010485914535820484,,0.35760429395613225,0.00023740248400000175,0.274715,0.407908,0.274715,0.4387206860444847,0.29787839916145264,0.0027802414033624425,0.1833888768510337,0.1240409875227838,0.002527009999638216
land_pad__8300.jpg,land_pad,8300,mixed,baseline,1,221,1,220,0,True,0.02165333740413189,0.02165333740413189,0.8355622482085424,0.00031850036399999946,0.257605,0.383455,0.257605,0.4279214846857146,0.3032182249398526,0.00199472416571549,0.1790201439220635,0.12676033618587487,0.002515086447197972
land_pad__8325.jpg,land_pad,8325,mixed,baseline,1,212,0,212,1,False,0.027858411893248558,,0.292060535904969,0.0003481796370000014,0.245247,0.37565,0.245247,0.4213311700880681,0.3077958441463573,0.0014699310004807741,0.17621348369610199,0.12918707131111695,0.002505756005327232
land_pad__8350.jpg,land_pad,8350,mixed,baseline,1,225,1,224,0,True,0.0461883507668972,0.0461883507668972,0.59468265353426,0.00042040240000000036,0.209601,0.35744,0.209601,0.3960709099757461,0.3098161316423985,0.0007324380623046443,0.16603638214840105,0.1304544336167925,0.0024460649919416533
land_pad__8375.jpg,land_pad,8375,mixed,baseline,1,244,1,243,0,True,0.10522059351205826,0.02075626328587532,0.5175087228025117,0.0007616514600000007,0.18251,0.33871,0.18251,0.4065866256608955,0.31335911774855785,0.0003917821041854732,0.17035001376660003,0.1321785607165015,0.002453661241696049
land_pad__8400.jpg,land_pad,8400,mixed,baseline,1,237,1,236,0,True,0.09407225251197815,0.09407225251197815,0.7190673267205288,0.0009149615280000012,0.201046,0.333507,0.201046,0.4382953877119071,0.3168844443757065,0.0005150165208974054,0.18319908474026897,0.13391063992493882,0.0025145434228166907
land_pad__8425.jpg,land_pad,8425,mixed,baseline,1,225,1,224,0,True,0.11003880202770233,0.11003880202770233,0.7570966217755993,0.0007399019399999979,0.311787,0.426639,0.311787,0.4998045212632875,0.29899292083779244,0.00038029124191196577,0.20827162413217856,0.12713574507898867,0.0026092612783593324
land_pad__8450.jpg,land_pad,8450,mixed,baseline,1,213,1,212,0,True,0.08813591301441193,0.08813591301441193,0.8112689642015564,0.0006923806200000022,0.492395,0.32102,0.32102,0.5585919836572731,0.21129423023253194,0.000431298793671156,0.2315838579885807,0.09340827502079674,0.0027887182970174882
land_pad__8475.jpg,land_pad,8475,mixed,baseline,1,237,1,236,0,True,0.11663508415222168,0.11663508415222168,0.7480502260435415,0.0008308858799999962,0.655894,0.187825,0.187825,0.555263426158774,0.15836818858711305,0.0006434633351562772,0.2293785410010773,0.07425192303584925,0.00288478370510677
land_pad__8500.jpg,land_pad,8500,mixed,baseline,1,240,1,239,0,True,0.17099589109420776,0.17099589109420776,0.7826242147169769,0.000750753556999999,0.721008,0.220083,0.220083,0.5388039955025228,0.15468232126298767,0.0008040427712719047,0.22245151685898404,0.07255463570033466,0.0028819279447579423
land_pad__8525.jpg,land_pad,8525,mixed,baseline,1,225,1,224,0,True,0.24146580696105957,0.24146580696105957,0.748556590855034,0.0007962504599999989,0.687738,0.332466,0.31226200000000004,0.5299263616850816,0.16501166267879694,0.0007098630408161595,0.21881845334169953,0.0763642710791776,0.002861977949251233
land_pad__8550.jpg,land_pad,8550,mixed,baseline,1,233,1,232,0,True,0.24124737083911896,0.24124737083911896,0.8279982754794769,0.0007913174359999958,0.652567,0.344433,0.344433,0.5307306080818514,0.1659116417768139,0.0007280322292899787,0.21918225000005817,0.07673342162409559,0.002866661880119206
land_pad__8575.jpg,land_pad,8575,mixed,baseline,1,214,1,213,0,True,0.1281922459602356,0.1281922459602356,0.7522147325814784,0.0008308858800000042,0.690114,0.342872,0.309886,0.5316148435056831,0.15976474163751486,0.0007186662303900217,0.219471821837466,0.07451310179363133,0.0028874875130834943
land_pad__8600.jpg,land_pad,8600,mixed,baseline,1,235,1,234,0,True,0.11862433701753616,0.11862433701753616,0.6774515412477045,0.0008744167000000014,0.672053,0.262227,0.262227,0.5292045868805892,0.14959267949681634,0.0007571007415588763,0.21841841511019539,0.07079370032571058,0.002885198548321665
land_pad__8625.jpg,land_pad,8625,mixed,baseline,1,227,1,226,0,True,0.13502037525177002,0.13502037525177002,0.7520428854724066,0.0009001203000000018,0.64924,0.220083,0.220083,0.5231861040273956,0.147870663775131,0.000753305768996373,0.2159445660254898,0.07016563535198188,0.0028967627364047
land_pad__8650.jpg,land_pad,8650,mixed,baseline,1,228,1,227,0,True,0.2857038676738739,0.2857038676738739,0.6550037925644578,0.0007359340120000038,0.635932,0.201353,0.201353,0.5268243382625442,0.150187109234366,0.0007586443265732999,0.21752485067176272,0.0709138709592983,0.0028881706474942594
land_pad__8675.jpg,land_pad,8675,mixed,baseline,1,226,1,225,0,True,0.1817963421344757,0.1817963421344757,0.7184443999319153,0.0008783846279999966,0.60076,0.273153,0.273153,0.5243229016718758,0.16041894117046673,0.0006904014969269551,0.21657029658818733,0.07449167538921096,0.002864337858042994
land_pad__8700.jpg,land_pad,8700,mixed,baseline,1,224,1,223,0,True,0.12073908746242523,0.09573931992053986,0.611652170443305,0.0009515769300000026,0.543726,0.32206,0.32206,0.5245757121490457,0.17046316317879565,0.0006726244783937114,0.21681925521026432,0.07824629881059961,0.0028526983461603797
land_pad2__2050.jpg,land_pad2,2050,mixed,baseline,1,264,1,263,0,True,0.02379375882446766,0.012245455756783485,0.6186433849647032,0.24079716533099993,0.704848,0.665453,0.29515199999999997,0.48780909585517884,0.23891656731350816,0.00618646631322919,0.21158726453353804,0.09176395310935809,0.0026022864042585464
land_pad2__2075.jpg,land_pad2,2075,mixed,baseline,1,269,1,268,0,True,0.021334901452064514,0.021334901452064514,0.7482612854867345,0.18180394185599996,0.16302300000000003,0.712279,0.16302300000000003,0.5497918330276289,0.21175473588101412,0.006950434760986197,0.23133585748151678,0.08368932894350842,0.0026925456898686927
land_pad2__2100.jpg,land_pad2,2100,mixed,baseline,1,288,1,287,0,True,0.011988895013928413,0.01184278167784214,0.7317241094370447,0.21312163179000002,0.238118,0.715921,0.238118,0.4980180673338404,0.20993603732935723,0.006352613707600164,0.21038156406728903,0.08306959139951316,0.0026398658615369567
land_pad2__2125.jpg,land_pad2,2125,mixed,baseline,1,274,1,273,0,True,0.0124736363068223,0.0124736363068223,0.6816865006820784,0.211238529438,0.361217,0.7263267499999999,0.2736732500000001,0.5167506316770821,0.2167323472067036,0.005783557996890067,0.21900284975212747,0.08619318973780409,0.0026651606819176384
land_pad2__2150.jpg,land_pad2,2150,mixed,baseline,1,300,1,299,0,True,0.025326654314994812,0.0019539170898497105,0.7367586289392666,0.22493207709999993,0.33602699999999996,0.484912,0.33602699999999996,0.4958058534698467,0.2264833562593162,0.005358433856756408,0.2122173977704858,0.08920317226833618,0.002638526075093474
land_pad2__2175.jpg,land_pad2,2175,mixed,baseline,1,267,1,266,0,True,0.04303175210952759,0.007712116464972496,0.6115542879109166,0.202008662232,0.3179660000000001,0.27835600000000005,0.27835600000000005,0.5161069490646664,0.22887310395448526,0.006312998194197755,0.2222155839462747,0.0871603059390591,0.002664958297463967
land_pad2__2200.jpg,land_pad2,2200,mixed,baseline,1,266,1,265,0,True,0.027841810137033463,0.00538874976336956,0.6986457925863419,0.24893279037200003,0.47813700000000003,0.3298650000000001,0.3298650000000001,0.5026663991702647,0.24064824156328027,0.005614592791648032,0.21882321288469953,0.09145388486987399,0.002606264404154556
land_pad2__2225.jpg,land_pad2,2225,mixed,baseline,1,261,1,260,0,True,0.021944906562566757,0.0075524901039898396,0.6779211678534726,0.28852421463800004,0.623099,0.3371489999999999,0.3371489999999999,0.47974423837342955,0.25153584781242344,0.004364905357324534,0.20970287728532738,0.09668504054086514,0.0025461916147178285
land_pad2__2250.jpg,land_pad2,2250,mixed,baseline,1,292,1,291,0,True,0.02254311740398407,0.008534673601388931,0.6777466063029618,0.28441178891999996,0.60789,0.385016,0.385016,0.48121807139904127,0.25164267456615996,0.004138084841699004,0.20921966148206206,0.09797254192087165,0.002557376268496136
land_pad2__2275.jpg,land_pad2,2275,mixed,baseline,1,266,1,265,0,True,0.026582425460219383,0.009053941816091537,0.6723233601862395,0.25798921491200005,0.688213,0.4120710000000001,0.31178700000000004,0.4942079154574827,0.26152582163073473,0.0040780165731971185,0.21407854975987772,0.10277997927738575,0.002570834010480706
land_pad2__2300.jpg,land_pad2,2300,mixed,baseline,1,272,1,271,0,True,0.020944058895111084,0.011196550913155079,0.8144015035298993,0.25757993747200003,0.803232,0.33871,0.19676800000000005,0.48870363392465704,0.2582006967764469,0.004932559740802263,0.21346417693304356,0.0990748476635138,0.0025484944586267357
land_pad2__2325.jpg,land_pad2,2325,mixed,baseline,1,300,1,299,0,True,0.07655176520347595,0.008522387593984604,0.6593269634191862,0.27903436764600004,0.361217,0.390739,0.361217,0.47221110369186153,0.238485767278236,0.0036089500043226803,0.20195380597806364,0.09473527814515212,0.002578633718126371
land_pad2__2350.jpg,land_pad2,2350,mixed,baseline,1,267,1,266,0,True,0.03706066682934761,0.0026178453117609024,0.578892717848769,0.2938119927119999,0.429658,0.45265299999999997,0.429658,0.4681879011718717,0.23448779351269572,0.0032122642279666753,0.19975559921249933,0.09361482551245054,0.0025642021572520523
land_pad2__2375.jpg,land_pad2,2375,mixed,baseline,1,243,1,242,0,True,0.02857091836631298,0.0017026682617142797,0.60779296161973,0.27436936383999994,0.480989,0.4994799999999999,0.480989,0.47869144065043834,0.2321968551726955,0.002866948463354331,0.20245643621711987,0.0937836562031644,0.00258953667677975
land_pad2__2400.jpg,land_pad2,2400,mixed,baseline,1,273,1,272,0,True,0.030586298555135727,0.030586298555135727,0.745706297957344,0.371244923442,0.476236,0.572841,0.42715899999999996,0.4828364789374123,0.2277492789690044,0.0031315003500819913,0.20561091546687008,0.09091550918104281,0.0025335989421075866
land_pad2__2425.jpg,land_pad2,2425,mixed,baseline,1,289,1,288,0,True,0.07849842309951782,0.016631683334708214,0.7065581150812806,0.348776078376,0.484316,0.635276,0.36472400000000005,0.46845761248755124,0.21601485687008973,0.0020680633471677535,0.19841198061147597,0.08739485683686504,0.0025372043744038442
land_pad2__2450.jpg,land_pad2,2450,mixed,baseline,1,277,1,276,0,True,0.06539809703826904,0.06539809703826904,0.6547614185236692,0.5006960249760001,0.512833,0.62435,0.37565000000000004,0.46744485000767694,0.20790074911153725,0.0013539698003832464,0.19822302248746365,0.08201708378734762,0.002406648960277917
land_pad2__2475.jpg,land_pad2,2475,mixed,baseline,1,272,1,271,0,True,0.13797971606254578,0.13797971606254578,0.7716715520563693,0.786116673615,0.554183,0.528096,0.445817,0.4773776205900237,0.18547290422817592,0.0012235378639782314,0.1994371869494961,0.06824934405092178,0.0021748933646728247
land_pad2__2500.jpg,land_pad2,2500,mixed,baseline,1,250,1,249,0,True,0.22668325901031494,0.22668325901031494,0.685046510580583,0.738113872776,0.539449,0.510406,0.46055100000000004,0.5237393204117364,0.1970226762223471,0.0012623375624498576,0.21926376735633119,0.07270738165900069,0.0022331458406822753
land_pad2__2525.jpg,land_pad2,2525,mixed,baseline,1,231,1,230,0,True,0.08663284033536911,0.08663284033536911,0.7386810952693185,0.8909045402879998,0.52424,0.501561,0.47575999999999996,0.5121421682864238,0.22380743053805952,0.0012298566795515865,0.21493148934595507,0.08243668339811222,0.002082820834804487
land_pad__6500.jpg,land_pad,6500,clean,phase23,1,143,0,143,1,False,0.04447271302342415,,0.45062355464564835,0.00043225391300000216,0.670627,0.287721,0.287721,0.48355316836222,0.26178951086334484,0.004572898163985291,0.48355276882438064,0.2617942961625487,0.0045735911607400915
land_pad__6525.jpg,land_pad,6525,clean,phase23,1,141,0,141,1,False,0.00969642773270607,,0.4550805721560717,0.00047478071399999824,0.654943,0.292404,0.292404,0.4868440878446392,0.25917797385224367,0.004581368878270051,0.4868448326142039,0.2591835519892909,0.00458226268925708
land_pad__6550.jpg,land_pad,6550,clean,phase23,1,135,0,135,1,False,0.006617681123316288,,0.38229219514997753,0.0005341330559999971,0.641635,0.297086,0.297086,0.4919546384132125,0.25573783464918604,0.00461422948357095,0.4919555810121931,0.2557429684590229,0.004615098258507154
land_pad__6575.jpg,land_pad,6575,clean,phase23,1,152,1,151,0,True,0.038673993200063705,0.038673993200063705,0.5245895833539844,0.00043225391300000216,0.634506,0.302289,0.302289,0.4876673452603522,0.2519039179842841,0.004545558014798434,0.4876672831962218,0.25190831810746067,0.0045461127747750555
land_pad__6600.jpg,land_pad,6600,clean,phase23,1,145,1,144,0,True,0.010846970602869987,0.010846970602869987,0.6063927583809771,0.0006172327699999982,0.610266,0.306972,0.306972,0.4912540080821463,0.25056730126439536,0.004342761835610742,0.491253402956875,0.2505726676816157,0.004343434520132681
land_pad__6625.jpg,land_pad,6625,clean,phase23,1,146,0,146,1,False,0.027842776849865913,,0.4624379831334908,0.00045699006600000185,0.568916,0.297607,0.297607,0.4909464919530364,0.25091537963115074,0.0039660334689541835,0.4909474423100332,0.2509200218171704,0.003966666813371961
land_pad__6650.jpg,land_pad,6650,clean,phase23,1,157,0,157,1,False,0.008175558410584927,,0.3764678793758329,0.0003531283199999987,0.550856,0.289802,0.289802,0.48822115125393184,0.2495890729495641,0.0037996203491501186,0.48822115901194835,0.24959420923645326,0.0038002619093240615
land_pad__6675.jpg,land_pad,6675,clean,phase23,1,160,0,160,1,False,0.007147013675421476,,0.47065940927302624,0.0004035798399999996,0.551806,0.292404,0.292404,0.48789138513407354,0.24672183520610028,0.003835576761872194,0.48789060545343543,0.24672669389235843,0.003836120757688624
land_pad__6700.jpg,land_pad,6700,clean,phase23,1,142,0,142,1,False,0.006946916226297617,,0.4110343892033111,0.00039466897200000195,0.554658,0.290843,0.290843,0.4893003727804412,0.24430190916989236,0.0037869163890721595,0.48930050078771015,0.244306638009273,0.003787386578248819
land_pad__6725.jpg,land_pad,6725,clean,phase23,1,144,0,144,1,False,0.007956919260323048,,0.4245954939795176,0.00034126064700000026,0.555608,0.289802,0.289802,0.48788363099678195,0.23973915282385633,0.0036568873314254324,0.48788410423577583,0.23974436466497961,0.0036575453437463355
land_pad__6750.jpg,land_pad,6750,clean,phase23,1,143,0,143,1,False,0.015274039469659328,,0.36854389014083166,0.0002908064160000019,0.555133,0.287721,0.287721,0.48890773957549527,0.23766654342449423,0.0037202606239021578,0.48890898085810336,0.2376721815443509,0.0037211160302484934
land_pad__6775.jpg,land_pad,6775,clean,phase23,1,146,0,146,1,False,0.00861449260264635,,0.36772290989210055,0.0003115876680000002,0.555608,0.28564,0.28564,0.48884628832838245,0.2373246972648215,0.0035884364363837386,0.48884595473368164,0.23732831854968897,0.00358884326291619
land_pad__6800.jpg,land_pad,6800,clean,phase23,1,152,0,152,1,False,0.008063474670052528,,0.309434883737241,0.00033234706800000036,0.554183,0.282518,0.282518,0.4872719269275549,0.2374631976935947,0.0035580674459726727,0.4872726794551361,0.2374679597490871,0.0035586995872228643
land_pad__6825.jpg,land_pad,6825,clean,phase23,1,158,0,158,1,False,0.006959480233490467,,0.39637396552985,0.00034126064700000026,0.553707,0.282518,0.282518,0.4870248302293898,0.23823483437544285,0.0035728075110808633,0.48702600944786734,0.23823948683665727,0.003573458956289975
land_pad__6850.jpg,land_pad,6850,clean,phase23,1,148,0,148,1,False,0.007531285751610994,,0.35465589063676,0.00033234706800000036,0.552281,0.283559,0.283559,0.4867342808819281,0.23855015403086394,0.003460471332539192,0.48673462999266165,0.2385545745870852,0.0034610777388667463
land_pad__7450.jpg,land_pad,7450,clean,phase23,1,139,1,138,0,True,0.3535648584365845,0.3535648584365845,0.7055694030876275,0.0003481796370000006,0.719582,0.080125,0.080125,0.4865315639160079,0.2726134689139426,0.003642657508343403,0.48653158331104834,0.2726178385765088,0.0036430862883924126
land_pad__7475.jpg,land_pad,7475,clean,phase23,1,132,0,132,1,False,0.36237195134162903,,0.4381377241538187,0.0002819146890000002,0.722909,0.234651,0.234651,0.47916338405601977,0.2881050863722756,0.0034159457540576914,0.4791632909598242,0.2881084549842698,0.003416349416310371
land_pad__7500.jpg,land_pad,7500,clean,phase23,1,125,1,124,0,True,0.17993174493312836,0.17993174493312836,0.5211591123699221,0.00025717388399999964,0.72576,0.352758,0.27424000000000004,0.46456333268243566,0.2970070152141237,0.0032221698257971737,0.4645643179505062,0.2970103393402274,0.0032226491304786792
land_pad__7525.jpg,land_pad,7525,clean,phase23,1,131,0,131,1,False,0.12466052174568176,,0.42378511448210404,0.00024925884000000215,0.726236,0.41103,0.273764,0.4542895546146117,0.30173263547600465,0.0029045867925347386,0.4542900511276548,0.3017343834022183,0.002905006127106626
land_pad__7550.jpg,land_pad,7550,clean,phase23,1,161,0,161,1,False,0.6230695843696594,,0.3528301371113252,0.0002631124680000017,0.717681,0.345994,0.282319,0.43376021042222757,0.30197184784511194,0.002610929192025447,0.43376046643676547,0.30197485036534855,0.0026114364900786903
land_pad__7575.jpg,land_pad,7575,clean,phase23,1,204,0,204,1,False,0.18141582608222961,,0.43128291290578774,0.0002828888009999988,0.681084,0.227888,0.227888,0.413421604818597,0.3003896279508527,0.00242568492773498,0.4134226056026998,0.3003925001470447,0.0024262942355313616
land_pad__7600.jpg,land_pad,7600,clean,phase23,1,221,0,221,1,False,0.5115982890129089,,0.3356303858839902,0.00025717388399999893,0.684886,0.235172,0.235172,0.4150731158125208,0.3018541432296127,0.0023730603914509656,0.41507354638242544,0.30185638340160215,0.0023734709503863776
land_pad__7625.jpg,land_pad,7625,clean,phase23,1,206,0,206,1,False,0.27920910716056824,,0.33764432604913797,0.00028288880099999953,0.673479,0.301769,0.301769,0.4252266601437267,0.3044434077586137,0.002011470713991252,0.42522578736689276,0.3044450416327314,0.002011917884044982
land_pad__7650.jpg,land_pad,7650,clean,phase23,1,188,0,188,1,False,0.22132423520088196,,0.31331855216598437,0.0002700251639999987,0.629753,0.380333,0.370247,0.4448112563851386,0.30444310518966616,0.0018694810633598418,0.4448115589477738,0.3044437356947204,0.001869954341497821
land_pad__7675.jpg,land_pad,7675,clean,phase23,1,179,0,179,1,False,0.15780086815357208,,0.2597788235175081,0.0003046600440000029,0.574144,0.416233,0.416233,0.4698048773562358,0.29730758572521154,0.0017693072364031474,0.4698051450077978,0.2973091627486302,0.0017696350649464513
land_pad__7700.jpg,land_pad,7700,clean,phase23,1,165,0,165,1,False,0.36846381425857544,,0.42109767533054754,0.0002492657639999986,0.53327,0.424037,0.424037,0.4828914599989312,0.2905264148482795,0.0017869824779460138,0.48289132423364595,0.29052918309401204,0.0017874401873213856
land_pad__7725.jpg,land_pad,7725,clean,phase23,1,187,0,187,1,False,0.40852344036102295,,0.44147514941858457,0.0002443102469999988,0.490019,0.426119,0.426119,0.4978070609275033,0.28136842551510177,0.001790713337142215,0.4978069949843648,0.2813711093553861,0.0017912093015654649
land_pad__7750.jpg,land_pad,7750,clean,phase23,1,198,0,198,1,False,0.2383115589618683,,0.45093655968667873,0.0002700251639999987,0.463403,0.44589,0.44589,0.5123704013679556,0.2638644091964657,0.0017017164033486056,0.5123699164919371,0.26386916057282317,0.0017021773423053599
land_pad__7775.jpg,land_pad,7775,clean,phase23,1,170,1,169,0,True,0.45535093545913696,0.03584791719913483,0.5668206137537163,0.00027696609600000045,0.457224,0.478668,0.457224,0.5226582602353639,0.24351420218098974,0.0015870822742989309,0.5226585046128777,0.24351857969728644,0.0015873952736568104
land_pad__7800.jpg,land_pad,7800,clean,phase23,1,153,0,153,1,False,0.3672676086425781,,0.25405495332291317,0.00023740248399999945,0.447719,0.527575,0.447719,0.5251414810037601,0.229453728720989,0.0018562749403345424,0.525139797514223,0.2294575798270164,0.0018567303668285528
land_pad__7825.jpg,land_pad,7825,clean,phase23,1,139,0,139,1,False,0.5454438924789429,,0.2953994239872845,0.0002700251639999987,0.444392,0.580125,0.419875,0.5121087739052602,0.23969508863917677,0.0018588677308651294,0.512108894154513,0.23969829599777046,0.001859432205408692
land_pad__7850.jpg,land_pad,7850,clean,phase23,1,154,0,154,1,False,0.42373666167259216,,0.48962862211686947,0.00025717388399999964,0.45865,0.633715,0.36628499999999997,0.5008531063834275,0.2584200005024963,0.0019570682787361494,0.5008528930379795,0.25842306980143603,0.0019574405014846042
land_pad__7875.jpg,land_pad,7875,clean,phase23,1,141,0,141,1,False,0.45677366852760315,,0.4393289784999738,0.0002700251639999987,0.47576,0.672737,0.32726299999999997,0.49551127383291715,0.2656381535984084,0.0022228739723108085,0.4955121466097507,0.2656405594958826,0.0022234216864014957
land_pad__7900.jpg,land_pad,7900,clean,phase23,1,157,0,157,1,False,0.19649451971054077,,0.4969223636787885,0.00030466004400000037,0.440114,0.682622,0.31737800000000005,0.4911805823368744,0.26380655478674625,0.0022781415864036097,0.49118063664298867,0.2638110286522358,0.002278808021390842
land_pad__7925.jpg,land_pad,7925,clean,phase23,1,170,0,170,1,False,0.5091708898544312,,0.47230544247865947,0.0002700251639999987,0.404468,0.689386,0.31061399999999995,0.48995563035317696,0.26790942076962465,0.0021698887260118154,0.48995565750623365,0.26791222515342483,0.002170256021896328
land_pad__7950.jpg,land_pad,7950,clean,phase23,1,194,0,194,1,False,0.07844690978527069,,0.41927722737813805,0.00025717388399999964,0.416825,0.721124,0.278876,0.4838746915897596,0.27740113886036005,0.002040328408934428,0.483873973973252,0.2774037901680569,0.0020407145691457265
land_pad__7975.jpg,land_pad,7975,clean,phase23,1,177,0,177,1,False,0.31852179765701294,,0.4640044648364455,0.00030466004400000037,0.418251,0.726327,0.27367300000000006,0.4759731946572402,0.2872238373302816,0.0018703305429166295,0.47597402864399235,0.28722687858670615,0.0018708293468849438
land_pad__8000.jpg,land_pad,8000,clean,phase23,1,171,0,171,1,False,0.062263373285532,,0.39380209915445774,0.0002443102469999988,0.398764,0.662331,0.337669,0.46062243883638143,0.29795859389938134,0.0016955465912011814,0.46062214791077,0.2979622168251753,0.0016959881900801966
land_pad__8025.jpg,land_pad,8025,clean,phase23,1,165,1,164,0,True,0.2626185119152069,0.2626185119152069,0.6625555610814567,0.0002631124679999995,0.369772,0.537461,0.369772,0.44550213876872374,0.30723000591040134,0.0015079060017755119,0.4455028563852315,0.3072325766956925,0.0015083059722064331
land_pad__8050.jpg,land_pad,8050,clean,phase23,1,143,1,142,0,True,0.43567991256713867,0.43567991256713867,0.5551723966224881,0.0002631124679999995,0.339354,0.476067,0.339354,0.4388706484995647,0.3088049151288869,0.0017347069175321958,0.43887024508271716,0.3088083197222408,0.0017353440298248802
land_pad__8075.jpg,land_pad,8075,clean,phase23,1,138,1,137,0,True,0.3329131007194519,0.3329131007194519,0.5462078350080369,0.00025717388399999964,0.322719,0.460978,0.322719,0.4381850997521856,0.3103153696724622,0.0018721003704141024,0.438186344913802,0.3103178821466129,0.001872571630282376
land_pad__8100.jpg,land_pad,8100,clean,phase23,1,137,0,137,1,False,0.6054872274398804,,0.4686140002606167,0.0002492588400000001,0.289924,0.452653,0.289924,0.44369908656340273,0.3103816834882855,0.002559058330514434,0.44369915638554935,0.3103843705668558,0.0025595476281355307
land_pad__8125.jpg,land_pad,8125,clean,phase23,1,138,0,138,1,False,0.21831397712230682,,0.40830878215514854,0.00025717388399999964,0.283745,0.432882,0.283745,0.4531202431238183,0.3095239841443993,0.0027562655962948437,0.4531208327330569,0.3095266092572965,0.002756664397172449
land_pad__8150.jpg,land_pad,8150,clean,phase23,1,132,0,132,1,False,0.16309653222560883,,0.4769649012176144,0.0002443102469999988,0.283745,0.407388,0.283745,0.4585387326333896,0.30742278063149536,0.0028672508071238495,0.45853961704724794,0.307425917830033,0.0028681121212136575
land_pad__8175.jpg,land_pad,8175,clean,phase23,1,134,1,133,0,True,0.3311508893966675,0.3311508893966675,0.561243019469527,0.0002017898300000008,0.274715,0.406348,0.274715,0.46424661554599395,0.3026719350888285,0.003163020082166676,0.46424720515523304,0.3026742638911737,0.0031637632143236925
land_pad__8200.jpg,land_pad,8200,clean,phase23,1,140,0,140,1,False,0.31105682253837585,,0.4589357775154741,0.0002057316929999995,0.261882,0.416233,0.261882,0.47054657086757823,0.2959434700049368,0.0034689043518192648,0.470545973500323,0.2959465533486496,0.0034696707198066867
land_pad__8225.jpg,land_pad,8225,clean,phase23,1,142,0,142,1,False,0.17825739085674286,,0.421358374388417,0.0002017898300000008,0.26711,0.420916,0.26711,0.4664884611532463,0.2934793277724874,0.0033446029431709132,0.4664893145350391,0.29348194665338173,0.003345333433396658
land_pad__8250.jpg,land_pad,8250,clean,phase23,1,138,1,137,0,True,0.3368357717990875,0.3368357717990875,0.6708609351394329,0.00023144660999999938,0.289449,0.420395,0.289449,0.4626081380194543,0.29405479272699003,0.003121569507313791,0.4626087547817502,0.2940583484491373,0.0031223964929869307
land_pad__8275.jpg,land_pad,8275,clean,phase23,1,160,0,160,1,False,0.4453596770763397,,0.49672947268223483,0.00023740248400000175,0.274715,0.407908,0.274715,0.4387206860444847,0.29787839916145264,0.0027802414033624425,0.43872023220053114,0.2978816934701192,0.0027810948050498224
land_pad__8300.jpg,land_pad,8300,clean,phase23,1,135,1,134,0,True,0.3322845697402954,0.3322845697402954,0.5846666657518971,0.00031850036399999946,0.257605,0.383455,0.257605,0.4279214846857146,0.3032182249398526,0.00199472416571549,0.4279209571406062,0.3032216159296497,0.001995230775627177
land_pad__8325.jpg,land_pad,8325,clean,phase23,1,141,1,140,0,True,0.2576395571231842,0.2576395571231842,0.5588778369629137,0.0003481796370000014,0.245247,0.37565,0.245247,0.4213311700880681,0.3077958441463573,0.0014699310004807741,0.4213322406943177,0.3077971275599617,0.0014702983556034114
land_pad__8350.jpg,land_pad,8350,clean,phase23,1,141,1,140,0,True,0.5887951254844666,0.5887951254844666,0.6217290009368521,0.00042040240000000036,0.209601,0.35744,0.209601,0.3960709099757461,0.3098161316423985,0.0007324380623046443,0.3960715461330828,0.3098196231964562,0.0007327230049058491
land_pad__8375.jpg,land_pad,8375,clean,phase23,1,142,1,141,0,True,0.6146515607833862,0.6146515607833862,0.5895878151978998,0.0007616514600000007,0.18251,0.33871,0.18251,0.4065866256608955,0.31335911774855785,0.0003917821041854732,0.4065875139537623,0.3133598219238976,0.0003920211518801643
land_pad__8400.jpg,land_pad,8400,clean,phase23,1,126,1,125,0,True,0.4471520483493805,0.4471520483493805,0.5892393525177111,0.0009149615280000012,0.201046,0.333507,0.201046,0.4382953877119071,0.3168844443757065,0.0005150165208974054,0.4382957290646245,0.3168859079086583,0.0005151960699631585
land_pad__8425.jpg,land_pad,8425,clean,phase23,1,153,1,152,0,True,0.7548843026161194,0.7548843026161194,0.6456152053946522,0.0007399019399999979,0.311787,0.426639,0.311787,0.4998045212632875,0.29899292083779244,0.00038029124191196577,0.49980465314956474,0.2989936900272636,0.0003805064348862489
land_pad__8450.jpg,land_pad,8450,clean,phase23,1,126,1,125,0,True,0.343315064907074,0.343315064907074,0.7111526188556984,0.0006923806200000022,0.492395,0.32102,0.32102,0.5585919836572731,0.21129423023253194,0.000431298793671156,0.5585918440129796,0.21129642658763365,0.0004314950693649006
land_pad__8475.jpg,land_pad,8475,clean,phase23,1,111,1,110,0,True,0.5325654149055481,0.5325654149055481,0.6797911636968328,0.0008308858799999962,0.655894,0.187825,0.187825,0.555263426158774,0.15836818858711305,0.0006434633351562772,0.5552635658030675,0.15837397624199956,0.0006437093794058651
land_pad__8500.jpg,land_pad,8500,clean,phase23,1,112,1,111,0,True,0.779063880443573,0.779063880443573,0.5701008401952156,0.000750753556999999,0.721008,0.220083,0.220083,0.5388039955025228,0.15468232126298767,0.0008040427712719047,0.5388048760373729,0.15468677273689732,0.0008042360555180264
land_pad__8525.jpg,land_pad,8525,clean,phase23,1,127,1,126,0,True,0.6457972526550293,0.6457972526550293,0.5480883453976274,0.0007962504599999989,0.687738,0.332466,0.31226200000000004,0.5299263616850816,0.16501166267879694,0.0007098630408161595,0.5299255199403131,0.1650150670752843,0.0007101439159081782
land_pad__8550.jpg,land_pad,8550,clean,phase23,1,136,0,136,1,False,0.5044335126876831,,0.48611992463775366,0.0007913174359999958,0.652567,0.344433,0.344433,0.5307306080818514,0.1659116417768139,0.0007280322292899787,0.5307301969069876,0.16591597669943145,0.0007282102851851842
land_pad__8575.jpg,land_pad,8575,clean,phase23,1,138,1,137,0,True,0.4608152508735657,0.4608152508735657,0.6187439273940156,0.0008308858800000042,0.690114,0.342872,0.309886,0.5316148435056831,0.15976474163751486,0.0007186662303900217,0.5316130979520154,0.1597699977966462,0.0007189339731909044
land_pad__8600.jpg,land_pad,8600,clean,phase23,1,138,1,137,0,True,0.687328577041626,0.687328577041626,0.7324631921712172,0.0008744167000000014,0.672053,0.262227,0.262227,0.5292045868805892,0.14959267949681634,0.0007571007415588763,0.5292039313282122,0.14959880247598492,0.0007573604437955679
land_pad__8625.jpg,land_pad,8625,clean,phase23,1,140,1,139,0,True,0.7264202833175659,0.7264202833175659,0.6220356144206544,0.0009001203000000018,0.64924,0.220083,0.220083,0.5231861040273956,0.147870663775131,0.000753305768996373,0.5231858790449229,0.14787849275970788,0.0007535532154979208
land_pad__8650.jpg,land_pad,8650,clean,phase23,1,129,1,128,0,True,0.6894722580909729,0.6894722580909729,0.5820746827420122,0.0007359340120000038,0.635932,0.201353,0.201353,0.5268243382625442,0.150187109234366,0.0007586443265732999,0.526823764169338,0.15019179912557062,0.0007589334680380667
land_pad__8675.jpg,land_pad,8675,clean,phase23,1,141,1,140,0,True,0.6998411417007446,0.6998411417007446,0.6116934595924621,0.0008783846279999966,0.60076,0.273153,0.273153,0.5243229016718758,0.16041894117046673,0.0006904014969269551,0.5243230956222833,0.16042324807292052,0.0006906721698663312
land_pad__8700.jpg,land_pad,8700,clean,phase23,1,129,1,128,0,True,0.6563090682029724,0.6563090682029724,0.7566137990591164,0.0009515769300000026,0.543726,0.32206,0.32206,0.5245757121490457,0.17046316317879565,0.0006726244783937114,0.5245755337146709,0.170467164946265,0.0006728838851895813
land_pad2__2050.jpg,land_pad2,2050,clean,phase23,1,137,1,136,0,True,0.8594003915786743,0.8594003915786743,0.920679205147699,0.24079716533099993,0.704848,0.665453,0.29515199999999997,0.48780909585517884,0.23891656731350816,0.00618646631322919,0.48781725340931814,0.23891129114412807,0.006187289184006201
land_pad2__2075.jpg,land_pad2,2075,clean,phase23,1,110,1,109,0,True,0.8913066387176514,0.8913066387176514,0.934998051093483,0.18180394185599996,0.16302300000000003,0.712279,0.16302300000000003,0.5497918330276289,0.21175473588101412,0.006950434760986197,0.5497938268378175,0.21175942984047727,0.006951637452113912
land_pad2__2100.jpg,land_pad2,2100,clean,phase23,1,117,1,116,0,True,0.8674007058143616,0.8674007058143616,0.8574013495615602,0.21312163179000002,0.238118,0.715921,0.238118,0.4980180673338404,0.20993603732935723,0.006352613707600164,0.49802184160877044,0.20993564831578448,0.006353675062740341
land_pad2__2125.jpg,land_pad2,2125,clean,phase23,1,127,1,126,0,True,0.8416544795036316,0.8416544795036316,0.8824777503913692,0.211238529438,0.361217,0.7263267499999999,0.2736732500000001,0.5167506316770821,0.2167323472067036,0.005783557996890067,0.516756031256427,0.2167319409103555,0.005784401132326424
land_pad2__2150.jpg,land_pad2,2150,clean,phase23,1,143,1,142,0,True,0.9049241542816162,0.9049241542816162,0.8022217620564462,0.22493207709999993,0.33602699999999996,0.484912,0.33602699999999996,0.4958058534698467,0.2264833562593162,0.005358433856756408,0.4958141079991899,0.22647688289851733,0.005359151649078022
land_pad2__2175.jpg,land_pad2,2175,clean,phase23,1,138,1,137,0,True,0.8687467575073242,0.8687467575073242,0.8218607213540222,0.202008662232,0.3179660000000001,0.27835600000000005,0.27835600000000005,0.5161069490646664,0.22887310395448526,0.006312998194197755,0.5161149553374881,0.2288658406975473,0.006313986910498753
land_pad2__2200.jpg,land_pad2,2200,clean,phase23,1,162,1,161,0,True,0.9086611270904541,0.9086611270904541,0.8737566101915316,0.24893279037200003,0.47813700000000003,0.3298650000000001,0.3298650000000001,0.5026663991702647,0.24064824156328027,0.005614592791648032,0.5026744597492002,0.24063956976407824,0.005615751850005514
land_pad2__2225.jpg,land_pad2,2225,clean,phase23,1,160,1,159,0,True,0.9312193393707275,0.9312193393707275,0.8204684890714137,0.28852421463800004,0.623099,0.3371489999999999,0.3371489999999999,0.47974423837342955,0.25153584781242344,0.004364905357324534,0.479750382722339,0.2515302075753391,0.004365459985948825
land_pad2__2250.jpg,land_pad2,2250,clean,phase23,1,161,1,160,0,True,0.9294565320014954,0.9294565320014954,0.7819146043477904,0.28441178891999996,0.60789,0.385016,0.385016,0.48121807139904127,0.25164267456615996,0.004138084841699004,0.4812255384897298,0.25163456692828107,0.004138496556377332
land_pad2__2275.jpg,land_pad2,2275,clean,phase23,1,161,1,160,0,True,0.9026051163673401,0.9026051163673401,0.8180909049862448,0.25798921491200005,0.688213,0.4120710000000001,0.31178700000000004,0.4942079154574827,0.26152582163073473,0.0040780165731971185,0.49421070058533434,0.26152614760301496,0.004078496898300768
land_pad2__2300.jpg,land_pad2,2300,clean,phase23,1,125,1,124,0,True,0.8712676763534546,0.8712676763534546,0.9580902373365036,0.25757993747200003,0.803232,0.33871,0.19676800000000005,0.48870363392465704,0.2582006967764469,0.004932559740802263,0.488704747199996,0.2582025556253076,0.004933376728263961
land_pad2__2325.jpg,land_pad2,2325,clean,phase23,1,153,1,152,0,True,0.8607722520828247,0.8607722520828247,0.8144364567518406,0.27903436764600004,0.361217,0.390739,0.361217,0.47221110369186153,0.238485767278236,0.0036089500043226803,0.47221329145245805,0.23848708184629927,0.0036092877020540625
land_pad2__2350.jpg,land_pad2,2350,clean,phase23,1,160,1,159,0,True,0.9032391905784607,0.9032391905784607,0.8197439584664882,0.2938119927119999,0.429658,0.45265299999999997,0.429658,0.4681879011718717,0.23448779351269572,0.0032122642279666753,0.46818918124456105,0.2344883355170888,0.003212611822868424
land_pad2__2375.jpg,land_pad2,2375,clean,phase23,1,172,1,171,0,True,0.9049484729766846,0.9049484729766846,0.7710378430785111,0.27436936383999994,0.480989,0.4994799999999999,0.480989,0.47869144065043834,0.2321968551726955,0.002866948463354331,0.478692491861647,0.23219740347837822,0.002867185782793241
land_pad2__2400.jpg,land_pad2,2400,clean,phase23,1,169,1,168,0,True,0.9268581867218018,0.9268581867218018,0.7609149725853488,0.371244923442,0.476236,0.572841,0.42715899999999996,0.4828364789374123,0.2277492789690044,0.0031315003500819913,0.48283919424311744,0.2277440379820674,0.003131678024614555
land_pad2__2425.jpg,land_pad2,2425,clean,phase23,1,206,1,205,0,True,0.8687232732772827,0.8687232732772827,0.8603950638430992,0.348776078376,0.484316,0.635276,0.36472400000000005,0.46845761248755124,0.21601485687008973,0.0020680633471677535,0.46845809736357,0.2160154236392223,0.0020682159556874094
land_pad2__2450.jpg,land_pad2,2450,clean,phase23,1,186,1,185,0,True,0.9265058636665344,0.9265058636665344,0.8029111775121746,0.5006960249760001,0.512833,0.62435,0.37565000000000004,0.46744485000767694,0.20790074911153725,0.0013539698003832464,0.46744435349463337,0.2078987949453474,0.00135382883932922
land_pad2__2475.jpg,land_pad2,2475,clean,phase23,1,161,1,160,0,True,0.9357522130012512,0.9357522130012512,0.8875169623528512,0.786116673615,0.554183,0.528096,0.445817,0.4773776205900237,0.18547290422817592,0.0012235378639782314,0.47737240720306995,0.18546523529900313,0.001223382916753904
land_pad2__2500.jpg,land_pad2,2500,clean,phase23,1,126,1,125,0,True,0.8963510394096375,0.8963510394096375,0.8839227561068169,0.738113872776,0.539449,0.510406,0.46055100000000004,0.5237393204117364,0.1970226762223471,0.0012623375624498576,0.5237364227926483,0.19701738681608286,0.0012622370689780197
land_pad2__2525.jpg,land_pad2,2525,clean,phase23,1,103,1,102,0,True,0.7502306699752808,0.7502306699752808,0.8240804783902698,0.8909045402879998,0.52424,0.501561,0.47575999999999996,0.5121421682864238,0.22380743053805952,0.0012298566795515865,0.5121382466091843,0.22380256652899563,0.0012297420302335362
land_pad__6500.jpg,land_pad,6500,blur,phase23,1,136,0,136,1,False,0.01940976083278656,,0.3808843855231551,0.00043225391300000216,0.670627,0.287721,0.287721,0.48355316836222,0.26178951086334484,0.004572898163985291,0.4835890259135587,0.2503488087449466,0.00016522823756268343
land_pad__6525.jpg,land_pad,6525,blur,phase23,1,134,0,134,1,False,0.008367996662855148,,0.37049748998085713,0.00047478071399999824,0.654943,0.292404,0.292404,0.4868440878446392,0.25917797385224367,0.004581368878270051,0.4868692742445571,0.24765062934947182,0.00016345856747819435
land_pad__6550.jpg,land_pad,6550,blur,phase23,1,124,0,124,1,False,0.009789818897843361,,0.33324586291917097,0.0005341330559999971,0.641635,0.297086,0.297086,0.4919546384132125,0.25573783464918604,0.00461422948357095,0.49197748965022464,0.24406935464808027,0.00016139933154923366
land_pad__6575.jpg,land_pad,6575,blur,phase23,1,134,0,134,1,False,0.01333375833928585,,0.41495153129545664,0.00043225391300000216,0.634506,0.302289,0.302289,0.4876673452603522,0.2519039179842841,0.004545558014798434,0.4876855184135354,0.24032386126174915,0.00015707279909629726
land_pad__6600.jpg,land_pad,6600,blur,phase23,1,127,1,126,0,True,0.0099817318841815,0.007314716931432486,0.5921437233488495,0.0006172327699999982,0.610266,0.306972,0.306972,0.4912540080821463,0.25056730126439536,0.004342761835610742,0.49128403936324383,0.23957536722504677,0.00014842326349485903
land_pad__6625.jpg,land_pad,6625,blur,phase23,1,143,0,143,1,False,0.013167823664844036,,0.4124999362619321,0.00045699006600000185,0.568916,0.297607,0.297607,0.4909464919530364,0.25091537963115074,0.0039660334689541835,0.49099088720131334,0.24071929550353294,0.00014304361515128498
land_pad__6650.jpg,land_pad,6650,blur,phase23,1,180,0,180,1,False,0.012390132062137127,,0.32819655057147534,0.0003531283199999987,0.550856,0.289802,0.289802,0.48822115125393184,0.2495890729495641,0.0037996203491501186,0.4882693285351552,0.2396532874309216,0.00014505006048780186
land_pad__6675.jpg,land_pad,6675,blur,phase23,1,188,0,188,1,False,0.01049745362251997,,0.3075883915076147,0.0004035798399999996,0.551806,0.292404,0.292404,0.48789138513407354,0.24672183520610028,0.003835576761872194,0.4879417191438285,0.23676207281017095,0.00014230894463986428
land_pad__6700.jpg,land_pad,6700,blur,phase23,1,181,0,181,1,False,0.010903839021921158,,0.006480402659240761,0.00039466897200000195,0.554658,0.290843,0.290843,0.4893003727804412,0.24430190916989236,0.0037869163890721595,0.4893704315466388,0.23441810225154594,0.00013865518488061405
land_pad__6725.jpg,land_pad,6725,blur,phase23,1,177,0,177,1,False,0.010905376635491848,,0.008623203588177307,0.00034126064700000026,0.555608,0.289802,0.289802,0.48788363099678195,0.23973915282385633,0.0036568873314254324,0.48796182016406187,0.2300579588385698,0.00013287166007623126
land_pad__6750.jpg,land_pad,6750,blur,phase23,1,164,0,164,1,False,0.011038913391530514,,0.008832716060640183,0.0002908064160000019,0.555133,0.287721,0.287721,0.48890773957549527,0.23766654342449423,0.0037202606239021578,0.489000420717224,0.22803185708604018,0.00012897240819807174
land_pad__6775.jpg,land_pad,6775,blur,phase23,1,168,0,168,1,False,0.010646441951394081,,0.010071314060613271,0.0003115876680000002,0.555608,0.28564,0.28564,0.48884628832838245,0.2373246972648215,0.0035884364363837386,0.48892689023873176,0.2279141655456085,0.0001271430209171449
land_pad__6800.jpg,land_pad,6800,blur,phase23,1,171,0,171,1,False,0.014020200818777084,,0.2819302890911361,0.00033234706800000036,0.554183,0.282518,0.282518,0.4872719269275549,0.2374631976935947,0.0035580674459726727,0.4873369856522472,0.22815398320573482,0.00012611886139377663
land_pad__6825.jpg,land_pad,6825,blur,phase23,1,178,0,178,1,False,0.010286742821335793,,0.4010466275935015,0.00034126064700000026,0.553707,0.282518,0.282518,0.4870248302293898,0.23823483437544285,0.0035728075110808633,0.4870940705248679,0.22897875988808492,0.00012551628073039558
land_pad__6850.jpg,land_pad,6850,blur,phase23,1,185,0,185,1,False,0.010347477160394192,,0.347677609192728,0.00033234706800000036,0.552281,0.283559,0.283559,0.4867342808819281,0.23855015403086394,0.003460471332539192,0.486803672458724,0.22946370717809247,0.00012419970316902146
land_pad__7450.jpg,land_pad,7450,blur,phase23,1,181,1,180,0,True,0.32349759340286255,0.32349759340286255,0.7159290880676364,0.0003481796370000006,0.719582,0.080125,0.080125,0.4865315639160079,0.2726134689139426,0.003642657508343403,0.48656249512699606,0.2637954087505831,0.00015161800386386128
land_pad__7475.jpg,land_pad,7475,blur,phase23,1,143,1,142,0,True,0.4598217308521271,0.4598217308521271,0.5261611888282272,0.0002819146890000002,0.722909,0.234651,0.234651,0.47916338405601977,0.2881050863722756,0.0034159457540576914,0.47919070778942846,0.28036787473566976,0.0001502158202181877
land_pad__7500.jpg,land_pad,7500,blur,phase23,1,125,1,124,0,True,0.1524684876203537,0.1524684876203537,0.5321330888359367,0.00025717388399999964,0.72576,0.352758,0.27424000000000004,0.46456333268243566,0.2970070152141237,0.0032221698257971737,0.4646235465259487,0.2902626143851179,0.00013864272317463608
land_pad__7525.jpg,land_pad,7525,blur,phase23,1,130,0,130,1,False,0.1266028881072998,,0.47276489630993457,0.00024925884000000215,0.726236,0.41103,0.273764,0.4542895546146117,0.30173263547600465,0.0029045867925347386,0.4543694117553962,0.29557898823939555,0.0001324455187999162
land_pad__7550.jpg,land_pad,7550,blur,phase23,1,131,0,131,1,False,0.4393242299556732,,0.4086348104309556,0.0002631124680000017,0.717681,0.345994,0.282319,0.43376021042222757,0.30197184784511194,0.002610929192025447,0.4338412506604982,0.29612495595224503,0.00012474723263879178
land_pad__7575.jpg,land_pad,7575,blur,phase23,1,177,0,177,1,False,0.17065128684043884,,0.4704695202600742,0.0002828888009999988,0.681084,0.227888,0.227888,0.413421604818597,0.3003896279508527,0.00242568492773498,0.4134864191657758,0.29493671967410334,0.00010831814083186631
land_pad__7600.jpg,land_pad,7600,blur,phase23,1,191,0,191,1,False,0.3964252173900604,,0.3831519591968829,0.00025717388399999893,0.684886,0.235172,0.235172,0.4150731158125208,0.3018541432296127,0.0023730603914509656,0.41514088208490213,0.2964991508027012,0.00010697742263975554
land_pad__7625.jpg,land_pad,7625,blur,phase23,1,168,0,168,1,False,0.19299256801605225,,0.4121875960654087,0.00028288880099999953,0.673479,0.301769,0.301769,0.4252266601437267,0.3044434077586137,0.002011470713991252,0.4252799266836426,0.299490706112575,0.00010353001127691626
land_pad__7650.jpg,land_pad,7650,blur,phase23,1,186,0,186,1,False,0.1838899850845337,,0.31508513069077637,0.0002700251639999987,0.629753,0.380333,0.370247,0.4448112563851386,0.30444310518966616,0.0018694810633598418,0.44486285883055826,0.29997281437535017,8.797549028068431e-05
land_pad__7675.jpg,land_pad,7675,blur,phase23,1,166,0,166,1,False,0.16422200202941895,,0.30441631135027536,0.0003046600440000029,0.574144,0.416233,0.416233,0.4698048773562358,0.29730758572521154,0.0017693072364031474,0.46985555659771594,0.29297269101379264,7.937032193128756e-05
land_pad__7700.jpg,land_pad,7700,blur,phase23,1,146,0,146,1,False,0.2652428448200226,,0.4765658508012109,0.0002492657639999986,0.53327,0.424037,0.424037,0.4828914599989312,0.2905264148482795,0.0017869824779460138,0.4829143306309836,0.28602945147572106,8.028408642958397e-05
land_pad__7725.jpg,land_pad,7725,blur,phase23,1,167,0,167,1,False,0.31373199820518494,,0.4868145909298199,0.0002443102469999988,0.490019,0.426119,0.426119,0.4978070609275033,0.28136842551510177,0.001790713337142215,0.4978309672547318,0.2766906215719531,8.087670724260393e-05
land_pad__7750.jpg,land_pad,7750,blur,phase23,1,180,0,180,1,False,0.11305439472198486,,0.4439972116832984,0.0002700251639999987,0.463403,0.44589,0.44589,0.5123704013679556,0.2638644091964657,0.0017017164033486056,0.5124115847974843,0.2590165563571697,8.218369234445346e-05
land_pad__7775.jpg,land_pad,7775,blur,phase23,1,139,1,138,0,True,0.4402436316013336,0.03818608075380325,0.6337970889075359,0.00027696609600000045,0.457224,0.478668,0.457224,0.5226582602353639,0.24351420218098974,0.0015870822742989309,0.5227007043425417,0.23857296759568394,7.800254722608369e-05
land_pad__7800.jpg,land_pad,7800,blur,phase23,1,141,0,141,1,False,0.31277695298194885,,0.2775129402102201,0.00023740248399999945,0.447719,0.527575,0.447719,0.5251414810037601,0.229453728720989,0.0018562749403345424,0.5251890492807036,0.22353442111480384,8.419938857113143e-05
land_pad__7825.jpg,land_pad,7825,blur,phase23,1,146,0,146,1,False,0.493886798620224,,0.3059494079949605,0.0002700251639999987,0.444392,0.580125,0.419875,0.5121087739052602,0.23969508863917677,0.0018588677308651294,0.5121490108568006,0.23386302482494514,8.360969714561873e-05
land_pad__7850.jpg,land_pad,7850,blur,phase23,1,172,0,172,1,False,0.3063214421272278,,0.47163379373730524,0.00025717388399999964,0.45865,0.633715,0.36628499999999997,0.5008531063834275,0.2584200005024963,0.0019570682787361494,0.500919976604926,0.2529415371820678,8.229793134437066e-05
land_pad__7875.jpg,land_pad,7875,blur,phase23,1,155,0,155,1,False,0.22935472428798676,,0.43148901265865014,0.0002700251639999987,0.47576,0.672737,0.32726299999999997,0.49551127383291715,0.2656381535984084,0.0022228739723108085,0.4955804598222808,0.2599800052195813,8.24790168654524e-05
land_pad__7900.jpg,land_pad,7900,blur,phase23,1,160,0,160,1,False,0.14751122891902924,,0.43541380978670124,0.00030466004400000037,0.440114,0.682622,0.31737800000000005,0.4911805823368744,0.26380655478674625,0.0022781415864036097,0.49125903139770033,0.25785840963489437,8.803735532184878e-05
land_pad__7925.jpg,land_pad,7925,blur,phase23,1,164,0,164,1,False,0.39384663105010986,,0.46800551085546477,0.0002700251639999987,0.404468,0.689386,0.31061399999999995,0.48995563035317696,0.26790942076962465,0.0021698887260118154,0.4900150412420026,0.26208641115169806,9.13360151538369e-05
land_pad__7950.jpg,land_pad,7950,blur,phase23,1,180,1,179,0,True,0.09422121942043304,0.09422121942043304,0.5192343223289794,0.00025717388399999964,0.416825,0.721124,0.278876,0.4838746915897596,0.27740113886036005,0.002040328408934428,0.4839357782101059,0.27202791768693063,8.993893039655244e-05
land_pad__7975.jpg,land_pad,7975,blur,phase23,1,188,0,188,1,False,0.17700450122356415,,0.4592669569036045,0.00030466004400000037,0.418251,0.726327,0.27367300000000006,0.4759731946572402,0.2872238373302816,0.0018703305429166295,0.4760451657744562,0.2822627969379719,9.012879577634933e-05
land_pad__8000.jpg,land_pad,8000,blur,phase23,1,146,1,145,0,True,0.03299257904291153,0.03299257904291153,0.5130699110073647,0.0002443102469999988,0.398764,0.662331,0.337669,0.46062243883638143,0.29795859389938134,0.0016955465912011814,0.46068299015360337,0.29351638918238215,8.67749806545983e-05
land_pad__8025.jpg,land_pad,8025,blur,phase23,1,152,1,151,0,True,0.1994073987007141,0.1994073987007141,0.7074946245969896,0.0002631124679999995,0.369772,0.537461,0.369772,0.44550213876872374,0.30723000591040134,0.0015079060017755119,0.44555793054294546,0.30328936221440633,8.340085390447935e-05
land_pad__8050.jpg,land_pad,8050,blur,phase23,1,139,1,138,0,True,0.30052992701530457,0.30052992701530457,0.5668932966366421,0.0002631124679999995,0.339354,0.476067,0.339354,0.4388706484995647,0.3088049151288869,0.0017347069175321958,0.43891503986883385,0.3042932467197028,0.00010084089477297256
land_pad__8075.jpg,land_pad,8075,blur,phase23,1,123,1,122,0,True,0.2727387249469757,0.2727387249469757,0.5944532575999986,0.00025717388399999964,0.322719,0.460978,0.322719,0.4381850997521856,0.3103153696724622,0.0018721003704141024,0.43823655479529583,0.3054969442363378,0.0001124672537149156
land_pad__8100.jpg,land_pad,8100,blur,phase23,1,135,0,135,1,False,0.3400503993034363,,0.4903466434022884,0.0002492588400000001,0.289924,0.452653,0.289924,0.44369908656340273,0.3103816834882855,0.002559058330514434,0.4437684509871415,0.30468439110013773,0.00012739293929458248
land_pad__8125.jpg,land_pad,8125,blur,phase23,1,119,0,119,1,False,0.16241662204265594,,0.45568898062530144,0.00025717388399999964,0.283745,0.432882,0.283745,0.4531202431238183,0.3095239841443993,0.0027562655962948437,0.4532014695544799,0.30357720260329507,0.0001312508026156511
land_pad__8150.jpg,land_pad,8150,blur,phase23,1,129,1,128,0,True,0.06284605711698532,0.06284605711698532,0.5245361585311383,0.0002443102469999988,0.283745,0.407388,0.283745,0.4585387326333896,0.30742278063149536,0.0028672508071238495,0.4586218520200285,0.3013810561801863,0.00012965287083764997
land_pad__8175.jpg,land_pad,8175,blur,phase23,1,128,1,127,0,True,0.14489758014678955,0.14489758014678955,0.6355628954354637,0.0002017898300000008,0.274715,0.406348,0.274715,0.46424661554599395,0.3026719350888285,0.003163020082166676,0.46432764414724015,0.29634834021160833,0.00012334434159428493
land_pad__8200.jpg,land_pad,8200,blur,phase23,1,125,1,124,0,True,0.21046672761440277,0.21046672761440277,0.5269105588820395,0.0002057316929999995,0.261882,0.416233,0.261882,0.47054657086757823,0.2959434700049368,0.0034689043518192648,0.47062794857955775,0.2893710204428562,0.00011737945950268388
land_pad__8225.jpg,land_pad,8225,blur,phase23,1,136,1,135,0,True,0.08712814748287201,0.08712814748287201,0.514349066632839,0.0002017898300000008,0.26711,0.420916,0.26711,0.4664884611532463,0.2934793277724874,0.0033446029431709132,0.4665457579826306,0.2869686052353441,0.00011724069336193594
land_pad__8250.jpg,land_pad,8250,blur,phase23,1,124,1,123,0,True,0.3310597538948059,0.3310597538948059,0.6950618586198438,0.00023144660999999938,0.289449,0.420395,0.289449,0.4626081380194543,0.29405479272699003,0.003121569507313791,0.46265671871752534,0.2875968390596661,0.0001210914267848352
land_pad__8275.jpg,land_pad,8275,blur,phase23,1,129,1,128,0,True,0.22745944559574127,0.22745944559574127,0.5794231774532825,0.00023740248400000175,0.274715,0.407908,0.274715,0.4387206860444847,0.29787839916145264,0.0027802414033624425,0.43877583390335345,0.29190699118000013,0.00012053630136680936
land_pad__8300.jpg,land_pad,8300,blur,phase23,1,123,1,122,0,True,0.2201426476240158,0.2201426476240158,0.6322582728357126,0.00031850036399999946,0.257605,0.383455,0.257605,0.4279214846857146,0.3032182249398526,0.00199472416571549,0.4279631879023355,0.29830033165421155,0.0001111623369078652
land_pad__8325.jpg,land_pad,8325,blur,phase23,1,136,1,135,0,True,0.19801343977451324,0.19801343977451324,0.5896651426649655,0.0003481796370000014,0.245247,0.37565,0.245247,0.4213311700880681,0.3077958441463573,0.0014699310004807741,0.421387272182942,0.30380909997295963,9.551010866028777e-05
land_pad__8350.jpg,land_pad,8350,blur,phase23,1,128,1,127,0,True,0.40786221623420715,0.40786221623420715,0.7600749986284664,0.00042040240000000036,0.209601,0.35744,0.209601,0.3960709099757461,0.3098161316423985,0.0007324380623046443,0.3961346110475858,0.3074561590519976,5.849588447583803e-05
land_pad__8375.jpg,land_pad,8375,blur,phase23,1,139,1,138,0,True,0.5345209240913391,0.5345209240913391,0.7612408710342028,0.0007616514600000007,0.18251,0.33871,0.18251,0.4065866256608955,0.31335911774855785,0.0003917821041854732,0.40665408937064107,0.31164778777177843,4.979883873665305e-05
land_pad__8400.jpg,land_pad,8400,blur,phase23,1,123,1,122,0,True,0.3677166998386383,0.3677166998386383,0.6362342100221466,0.0009149615280000012,0.201046,0.333507,0.201046,0.4382953877119071,0.3168844443757065,0.0005150165208974054,0.4383394765185407,0.3150759300887596,4.8655648728679216e-05
land_pad__8425.jpg,land_pad,8425,blur,phase23,1,138,1,137,0,True,0.6697152853012085,0.6697152853012085,0.6989725834775214,0.0007399019399999979,0.311787,0.426639,0.311787,0.4998045212632875,0.29899292083779244,0.00038029124191196577,0.499869304578401,0.29731785364474467,4.687827814072675e-05
land_pad__8450.jpg,land_pad,8450,blur,phase23,1,135,1,134,0,True,0.3432691693305969,0.3432691693305969,0.7112114938724099,0.0006923806200000022,0.492395,0.32102,0.32102,0.5585919836572731,0.21129423023253194,0.000431298793671156,0.5586377365584028,0.20861615453965562,5.8444852431164905e-05
land_pad__8475.jpg,land_pad,8475,blur,phase23,1,102,1,101,0,True,0.46620264649391174,0.46620264649391174,0.6804072627196566,0.0008308858799999962,0.655894,0.187825,0.187825,0.555263426158774,0.15836818858711305,0.0006434633351562772,0.5552013077222596,0.15307705357908116,8.26945113951731e-05
land_pad__8500.jpg,land_pad,8500,blur,phase23,1,110,1,109,0,True,0.7014510631561279,0.7014510631561279,0.6188005120849714,0.000750753556999999,0.721008,0.220083,0.220083,0.5388039955025228,0.15468232126298767,0.0008040427712719047,0.5388410089982903,0.14834416262715558,9.171675874816013e-05
land_pad__8525.jpg,land_pad,8525,blur,phase23,1,111,1,110,0,True,0.5476815104484558,0.5476815104484558,0.6330680622316628,0.0007962504599999989,0.687738,0.332466,0.31226200000000004,0.5299263616850816,0.16501166267879694,0.0007098630408161595,0.5299540034971586,0.15965368314794254,8.705364665725127e-05
land_pad__8550.jpg,land_pad,8550,blur,phase23,1,133,1,132,0,True,0.39758169651031494,0.39758169651031494,0.5725650435692831,0.0007913174359999958,0.652567,0.344433,0.344433,0.5307306080818514,0.1659116417768139,0.0007280322292899787,0.5307831259731947,0.16070229900436134,8.541220246516307e-05
land_pad__8575.jpg,land_pad,8575,blur,phase23,1,130,1,129,0,True,0.44044390320777893,0.44044390320777893,0.6940150423739302,0.0008308858800000042,0.690114,0.342872,0.309886,0.5316148435056831,0.15976474163751486,0.0007186662303900217,0.5316753443957992,0.1540600086048695,9.257013794419573e-05
land_pad__8600.jpg,land_pad,8600,blur,phase23,1,142,1,141,0,True,0.697373628616333,0.697373628616333,0.8375690190425797,0.0008744167000000014,0.672053,0.262227,0.262227,0.5292045868805892,0.14959267949681634,0.0007571007415588763,0.5292754059323844,0.1433576554870092,9.239083314138938e-05
land_pad__8625.jpg,land_pad,8625,blur,phase23,1,143,1,142,0,True,0.7383893728256226,0.7383893728256226,0.7221862090503592,0.0009001203000000018,0.64924,0.220083,0.220083,0.5231861040273956,0.147870663775131,0.000753305768996373,0.5232546305853741,0.14146106474384743,9.265345016489616e-05
land_pad__8650.jpg,land_pad,8650,blur,phase23,1,151,1,150,0,True,0.738356351852417,0.738356351852417,0.6392344780372611,0.0007359340120000038,0.635932,0.201353,0.201353,0.5268243382625442,0.150187109234366,0.0007586443265732999,0.5268721237639444,0.1438070873141342,9.341340247896965e-05
land_pad__8675.jpg,land_pad,8675,blur,phase23,1,155,1,154,0,True,0.6938867568969727,0.6938867568969727,0.6755093377594854,0.0008783846279999966,0.60076,0.273153,0.273153,0.5243229016718758,0.16041894117046673,0.0006904014969269551,0.5243784878586656,0.1549000736678646,8.802324134261067e-05
land_pad__8700.jpg,land_pad,8700,blur,phase23,1,127,1,126,0,True,0.7400270700454712,0.7400270700454712,0.796767168245133,0.0009515769300000026,0.543726,0.32206,0.32206,0.5245757121490457,0.17046316317879565,0.0006726244783937114,0.524628932140864,0.1657766520078778,7.84307387497663e-05
land_pad2__2050.jpg,land_pad2,2050,blur,phase23,1,132,1,131,0,True,0.8507987856864929,0.8507987856864929,0.930500231616115,0.24079716533099993,0.704848,0.665453,0.29515199999999997,0.48780909585517884,0.23891656731350816,0.00618646631322919,0.48782607427385155,0.22135434825893405,0.00016457101040522493
land_pad2__2075.jpg,land_pad2,2075,blur,phase23,1,114,1,113,0,True,0.8976817727088928,0.8976817727088928,0.9396862798120074,0.18180394185599996,0.16302300000000003,0.712279,0.16302300000000003,0.5497918330276289,0.21175473588101412,0.006950434760986197,0.5497897267262032,0.18793196870253656,0.00020012070988871934
land_pad2__2100.jpg,land_pad2,2100,blur,phase23,1,122,1,121,0,True,0.8701774477958679,0.8701774477958679,0.8655293202571899,0.21312163179000002,0.238118,0.715921,0.238118,0.4980180673338404,0.20993603732935723,0.006352613707600164,0.49805336242899756,0.1882096477564665,0.00018654841910724688
land_pad2__2125.jpg,land_pad2,2125,blur,phase23,1,131,1,130,0,True,0.8435890078544617,0.8435890078544617,0.8811781599398381,0.211238529438,0.361217,0.7263267499999999,0.2736732500000001,0.5167506316770821,0.2167323472067036,0.005783557996890067,0.5167406936582016,0.1969953968748841,0.0001915277678953647
land_pad2__2150.jpg,land_pad2,2150,blur,phase23,1,142,1,141,0,True,0.8977592587471008,0.8977592587471008,0.8168519834777528,0.22493207709999993,0.33602699999999996,0.484912,0.33602699999999996,0.4958058534698467,0.2264833562593162,0.005358433856756408,0.4958056129713413,0.20928943982449938,0.00016249564784290584
land_pad2__2175.jpg,land_pad2,2175,blur,phase23,1,121,1,120,0,True,0.8579450845718384,0.8579450845718384,0.8245016157449032,0.202008662232,0.3179660000000001,0.27835600000000005,0.27835600000000005,0.5161069490646664,0.22887310395448526,0.006312998194197755,0.5161303045727376,0.209049308628329,0.00017367466502139062
land_pad2__2200.jpg,land_pad2,2200,blur,phase23,1,144,1,143,0,True,0.8876491785049438,0.8876491785049438,0.8809236017309081,0.24893279037200003,0.47813700000000003,0.3298650000000001,0.3298650000000001,0.5026663991702647,0.24064824156328027,0.005614592791648032,0.5026802317133275,0.22357879831440539,0.00016687455766202172
land_pad2__2225.jpg,land_pad2,2225,blur,phase23,1,143,1,142,0,True,0.9246044754981995,0.9246044754981995,0.8302264150549588,0.28852421463800004,0.623099,0.3371489999999999,0.3371489999999999,0.47974423837342955,0.25153584781242344,0.004364905357324534,0.47976245807470985,0.23747824871246004,0.0001760775569676427
land_pad2__2250.jpg,land_pad2,2250,blur,phase23,1,152,1,151,0,True,0.9249868988990784,0.9249868988990784,0.8075424083488171,0.28441178891999996,0.60789,0.385016,0.385016,0.48121807139904127,0.25164267456615996,0.004138084841699004,0.4812435642406032,0.23842405091955832,0.00016901383273539613
land_pad2__2275.jpg,land_pad2,2275,blur,phase23,1,146,1,145,0,True,0.8847997784614563,0.8847997784614563,0.8291527636460019,0.25798921491200005,0.688213,0.4120710000000001,0.31178700000000004,0.4942079154574827,0.26152582163073473,0.0040780165731971185,0.49424285368389015,0.24889333165622096,0.00016953077442388996
land_pad2__2300.jpg,land_pad2,2300,blur,phase23,1,111,1,110,0,True,0.8730825185775757,0.8730825185775757,0.9447310322090352,0.25757993747200003,0.803232,0.33871,0.19676800000000005,0.48870363392465704,0.2582006967764469,0.004932559740802263,0.4887282695054176,0.2432705400335784,0.00018011661257036156
land_pad2__2325.jpg,land_pad2,2325,blur,phase23,1,139,1,138,0,True,0.8412870168685913,0.8412870168685913,0.8157508083539098,0.27903436764600004,0.361217,0.390739,0.361217,0.47221110369186153,0.238485767278236,0.0036089500043226803,0.47221243419165687,0.22522977823527954,0.00017301744944203838
land_pad2__2350.jpg,land_pad2,2350,blur,phase23,1,163,1,162,0,True,0.8833785057067871,0.8833785057067871,0.8234853825507726,0.2938119927119999,0.429658,0.45265299999999997,0.429658,0.4681879011718717,0.23448779351269572,0.0032122642279666753,0.46817727656854846,0.22198551943632844,0.0001741244085472175
land_pad2__2375.jpg,land_pad2,2375,blur,phase23,1,145,1,144,0,True,0.8973076343536377,0.8973076343536377,0.7760367659253158,0.27436936383999994,0.480989,0.4994799999999999,0.480989,0.47869144065043834,0.2321968551726955,0.002866948463354331,0.47868507907707203,0.2199921844373782,0.0001797732040965509
land_pad2__2400.jpg,land_pad2,2400,blur,phase23,1,176,1,175,0,True,0.9195947647094727,0.9195947647094727,0.753728965289515,0.371244923442,0.476236,0.572841,0.42715899999999996,0.4828364789374123,0.2277492789690044,0.0031315003500819913,0.482843701650588,0.21591508712981017,0.00017105947616339993
land_pad2__2425.jpg,land_pad2,2425,blur,phase23,1,186,1,185,0,True,0.8641249537467957,0.8641249537467957,0.8702540127133122,0.348776078376,0.484316,0.635276,0.36472400000000005,0.46845761248755124,0.21601485687008973,0.0020680633471677535,0.4684518715554895,0.20596020282422353,0.00015213321268817346
land_pad2__2450.jpg,land_pad2,2450,blur,phase23,1,167,1,166,0,True,0.9243706464767456,0.9243706464767456,0.8005343843272337,0.5006960249760001,0.512833,0.62435,0.37565000000000004,0.46744485000767694,0.20790074911153725,0.0013539698003832464,0.46746059878076573,0.1993235475295513,0.0001662279617165628
land_pad2__2475.jpg,land_pad2,2475,blur,phase23,1,156,1,155,0,True,0.9299264550209045,0.9299264550209045,0.88615907943366,0.786116673615,0.554183,0.528096,0.445817,0.4773776205900237,0.18547290422817592,0.0012235378639782314,0.4773702427165221,0.17541799153819426,0.00019446126030505547
land_pad2__2500.jpg,land_pad2,2500,blur,phase23,1,130,1,129,0,True,0.9104344248771667,0.9104344248771667,0.8933782592256984,0.738113872776,0.539449,0.510406,0.46055100000000004,0.5237393204117364,0.1970226762223471,0.0012623375624498576,0.5237486610633619,0.18558792908861899,0.00023617651497425968
land_pad2__2525.jpg,land_pad2,2525,blur,phase23,1,96,1,95,0,True,0.7497382164001465,0.7497382164001465,0.824781983377999,0.8909045402879998,0.52424,0.501561,0.47575999999999996,0.5121421682864238,0.22380743053805952,0.0012298566795515865,0.5121501241321398,0.21394591397029747,0.00024673039967808795
land_pad__6500.jpg,land_pad,6500,low_light,phase23,1,152,0,152,1,False,0.016264691948890686,,0.4051860753355618,0.00043225391300000216,0.670627,0.287721,0.287721,0.48355316836222,0.26178951086334484,0.004572898163985291,0.20124123993891962,0.10986417701622128,0.000784289602893488
land_pad__6525.jpg,land_pad,6525,low_light,phase23,1,160,0,160,1,False,0.006934673525393009,,0.43282719625336225,0.00047478071399999824,0.654943,0.292404,0.292404,0.4868440878446392,0.25917797385224367,0.004581368878270051,0.20264357508630984,0.1087949637057122,0.0007853086617513601
land_pad__6550.jpg,land_pad,6550,low_light,phase23,1,162,0,162,1,False,0.006562225520610809,,0.3771696373954466,0.0005341330559999971,0.641635,0.297086,0.297086,0.4919546384132125,0.25573783464918604,0.00461422948357095,0.20479858133810724,0.10735185747497754,0.0007936363886743234
land_pad__6575.jpg,land_pad,6575,low_light,phase23,1,151,0,151,1,False,0.008276664651930332,,0.40976665435761606,0.00043225391300000216,0.634506,0.302289,0.302289,0.4876673452603522,0.2519039179842841,0.004545558014798434,0.2029884538219208,0.10573217496319742,0.0007821623673638465
land_pad__6600.jpg,land_pad,6600,low_light,phase23,1,152,1,151,0,True,0.010414106771349907,0.010414106771349907,0.6328045641621932,0.0006172327699999982,0.610266,0.306972,0.306972,0.4912540080821463,0.25056730126439536,0.004342761835610742,0.20448079359541632,0.10515869426095413,0.0007414070905109682
land_pad__6625.jpg,land_pad,6625,low_light,phase23,1,178,0,178,1,False,0.025634009391069412,,0.3263548454941785,0.00045699006600000185,0.568916,0.297607,0.297607,0.4909464919530364,0.25091537963115074,0.0039660334689541835,0.204320074650736,0.10529798145834927,0.0006771706237574629
land_pad__6650.jpg,land_pad,6650,low_light,phase23,1,194,0,194,1,False,0.008876865729689598,,0.22472499347220026,0.0003531283199999987,0.550856,0.289802,0.289802,0.48822115125393184,0.2495890729495641,0.0037996203491501186,0.20317088745422482,0.10474702864450462,0.0006466239596222233
land_pad__6675.jpg,land_pad,6675,low_light,phase23,1,194,0,194,1,False,0.009592254646122456,,0.2966667858855123,0.0004035798399999996,0.551806,0.292404,0.292404,0.48789138513407354,0.24672183520610028,0.003835576761872194,0.20303495149261525,0.1035285813408242,0.0006523288248428378
land_pad__6700.jpg,land_pad,6700,low_light,phase23,1,194,0,194,1,False,0.007067411206662655,,0.34327431880962417,0.00039466897200000195,0.554658,0.290843,0.290843,0.4893003727804412,0.24430190916989236,0.0037869163890721595,0.20363499526334308,0.10251397948824209,0.0006434134523531101
land_pad__6725.jpg,land_pad,6725,low_light,phase23,1,193,0,193,1,False,0.007789649069309235,,0.38560869913822515,0.00034126064700000026,0.555608,0.289802,0.289802,0.48788363099678195,0.23973915282385633,0.0036568873314254324,0.20303604149390542,0.10059436711401534,0.0006210674614576545
land_pad__6750.jpg,land_pad,6750,low_light,phase23,1,187,0,187,1,False,0.008867581374943256,,0.33472435462984607,0.0002908064160000019,0.555133,0.287721,0.287721,0.48890773957549527,0.23766654342449423,0.0037202606239021578,0.20345385721976122,0.099706510821624,0.0006278214299061126
land_pad__6775.jpg,land_pad,6775,low_light,phase23,1,191,0,191,1,False,0.00867217592895031,,0.31716235125315384,0.0003115876680000002,0.555608,0.28564,0.28564,0.48884628832838245,0.2373246972648215,0.0035884364363837386,0.20343368249837296,0.09956317600780686,0.000606473890581142
land_pad__6800.jpg,land_pad,6800,low_light,phase23,1,182,0,182,1,False,0.008625408634543419,,0.3006249734693033,0.00033234706800000036,0.554183,0.282518,0.282518,0.4872719269275549,0.2374631976935947,0.0035580674459726727,0.20277603933562527,0.099628309600382,0.0006012464044293354
land_pad__6825.jpg,land_pad,6825,low_light,phase23,1,193,0,193,1,False,0.008290543220937252,,0.39093231293758,0.00034126064700000026,0.553707,0.282518,0.282518,0.4870248302293898,0.23823483437544285,0.0035728075110808633,0.20267509978554518,0.09995449292456828,0.0006027759489184599
land_pad__6850.jpg,land_pad,6850,low_light,phase23,1,182,0,182,1,False,0.008760000579059124,,0.34779974809757647,0.00033234706800000036,0.552281,0.283559,0.283559,0.4867342808819281,0.23855015403086394,0.003460471332539192,0.2025318169824993,0.10007759220574808,0.0005839617845994527
land_pad__7450.jpg,land_pad,7450,low_light,phase23,1,176,1,175,0,True,0.35407209396362305,0.35407209396362305,0.6600915547322705,0.0003481796370000006,0.719582,0.080125,0.080125,0.4865315639160079,0.2726134689139426,0.003642657508343403,0.20248481504074542,0.11441955249625835,0.0006254472261209966
land_pad__7475.jpg,land_pad,7475,low_light,phase23,1,150,0,150,1,False,0.37372201681137085,,0.4459527647104955,0.0002819146890000002,0.722909,0.234651,0.234651,0.47916338405601977,0.2881050863722756,0.0034159457540576914,0.19936570458730724,0.12092934521640336,0.000589236846089148
land_pad__7500.jpg,land_pad,7500,low_light,phase23,1,135,0,135,1,False,0.12609149515628815,,0.47258522246998896,0.00025717388399999964,0.72576,0.352758,0.27424000000000004,0.46456333268243566,0.2970070152141237,0.0032221698257971737,0.19325366781555126,0.12459700440623303,0.0005513994704584211
land_pad__7525.jpg,land_pad,7525,low_light,phase23,1,118,0,118,1,False,0.19034108519554138,,0.4171731565377825,0.00024925884000000215,0.726236,0.41103,0.273764,0.4542895546146117,0.30173263547600465,0.0029045867925347386,0.18893985388396936,0.1265852984070414,0.0004995761757131092
land_pad__7550.jpg,land_pad,7550,low_light,phase23,1,127,0,127,1,False,0.5463734269142151,,0.3592026337031874,0.0002631124680000017,0.717681,0.345994,0.282319,0.43376021042222757,0.30197184784511194,0.002610929192025447,0.18034169484572143,0.1266723176263569,0.0004430266460655432
land_pad__7575.jpg,land_pad,7575,low_light,phase23,1,179,0,179,1,False,0.21969369053840637,,0.4150753522931891,0.0002828888009999988,0.681084,0.227888,0.227888,0.413421604818597,0.3003896279508527,0.00242568492773498,0.1718148358562789,0.12600746332696502,0.00040539227679550446
land_pad__7600.jpg,land_pad,7600,low_light,phase23,1,208,0,208,1,False,0.4440038800239563,,0.312894738918298,0.00025717388399999893,0.684886,0.235172,0.235172,0.4150731158125208,0.3018541432296127,0.0023730603914509656,0.1725147097807562,0.1266448664302695,0.0003968448214581435
land_pad__7625.jpg,land_pad,7625,low_light,phase23,1,201,0,201,1,False,0.3295328617095947,,0.3680542052847452,0.00028288880099999953,0.673479,0.301769,0.301769,0.4252266601437267,0.3044434077586137,0.002011470713991252,0.17677312371793927,0.12774659032582517,0.0003346329029130516
land_pad__7650.jpg,land_pad,7650,low_light,phase23,1,199,0,199,1,False,0.18112780153751373,,0.30433661663243244,0.0002700251639999987,0.629753,0.380333,0.370247,0.4448112563851386,0.30444310518966616,0.0018694810633598418,0.185018044758013,0.12772254059431826,0.00030212072505586833
land_pad__7675.jpg,land_pad,7675,low_light,phase23,1,179,0,179,1,False,0.11570345610380173,,0.2528423175456917,0.0003046600440000029,0.574144,0.416233,0.416233,0.4698048773562358,0.29730758572521154,0.0017693072364031474,0.1955069254647808,0.1247771609755982,0.000288842331502257
land_pad__7700.jpg,land_pad,7700,low_light,phase23,1,154,0,154,1,False,0.38025742769241333,,0.4465310818948848,0.0002492657639999986,0.53327,0.424037,0.424037,0.4828914599989312,0.2905264148482795,0.0017869824779460138,0.20100737453755427,0.1219018295503839,0.00029104188605422047
land_pad__7725.jpg,land_pad,7725,low_light,phase23,1,174,0,174,1,False,0.4504224359989166,,0.3745390973487257,0.0002443102469999988,0.490019,0.426119,0.426119,0.4978070609275033,0.28136842551510177,0.001790713337142215,0.2072884352104396,0.1180486240278508,0.00029235313722167415
land_pad__7750.jpg,land_pad,7750,low_light,phase23,1,187,0,187,1,False,0.2384556382894516,,0.44423121424728845,0.0002700251639999987,0.463403,0.44589,0.44589,0.5123704013679556,0.2638644091964657,0.0017017164033486056,0.2134243084872777,0.11071702552836786,0.00027737847934547076
land_pad__7775.jpg,land_pad,7775,low_light,phase23,1,172,0,172,1,False,0.5626252293586731,,0.4929275918136381,0.00027696609600000045,0.457224,0.478668,0.457224,0.5226582602353639,0.24351420218098974,0.0015870822742989309,0.21772167930331154,0.10218032189536287,0.0002570296984133729
land_pad__7800.jpg,land_pad,7800,low_light,phase23,1,174,0,174,1,False,0.4470299482345581,,0.23140161409425444,0.00023740248399999945,0.447719,0.527575,0.447719,0.5251414810037601,0.229453728720989,0.0018562749403345424,0.21875404241136845,0.09627105516803632,0.0002967117166749521
land_pad__7825.jpg,land_pad,7825,low_light,phase23,1,150,0,150,1,False,0.5479821562767029,,0.3332669443846825,0.0002700251639999987,0.444392,0.580125,0.419875,0.5121087739052602,0.23969508863917677,0.0018588677308651294,0.21324808902602993,0.10059825630365764,0.0003048015099548841
land_pad__7850.jpg,land_pad,7850,low_light,phase23,1,160,0,160,1,False,0.3466775715351105,,0.4589360372414826,0.00025717388399999964,0.45865,0.633715,0.36628499999999997,0.5008531063834275,0.2584200005024963,0.0019570682787361494,0.2085100900372098,0.10844923331118445,0.00032266879245968004
land_pad__7875.jpg,land_pad,7875,low_light,phase23,1,142,0,142,1,False,0.32151034474372864,,0.4152364529159668,0.0002700251639999987,0.47576,0.672737,0.32726299999999997,0.49551127383291715,0.2656381535984084,0.0022228739723108085,0.20625627768981483,0.11147370893727829,0.0003677462920185857
land_pad__7900.jpg,land_pad,7900,low_light,phase23,1,156,0,156,1,False,0.16671819984912872,,0.49236147118671103,0.00030466004400000037,0.440114,0.682622,0.31737800000000005,0.4911805823368744,0.26380655478674625,0.0022781415864036097,0.20443284517567356,0.1107062426305535,0.00037902510111217924
land_pad__7925.jpg,land_pad,7925,low_light,phase23,1,171,0,171,1,False,0.333613783121109,,0.44828294754999237,0.0002700251639999987,0.404468,0.689386,0.31061399999999995,0.48995563035317696,0.26790942076962465,0.0021698887260118154,0.2039129068022521,0.11243114966460468,0.00036094436149475793
land_pad__7950.jpg,land_pad,7950,low_light,phase23,1,200,0,200,1,False,0.07305656373500824,,0.3923977990068706,0.00025717388399999964,0.416825,0.721124,0.278876,0.4838746915897596,0.27740113886036005,0.002040328408934428,0.20138445679882683,0.11640007396642786,0.00033299806577328844
land_pad__7975.jpg,land_pad,7975,low_light,phase23,1,191,0,191,1,False,0.3079836666584015,,0.4656413189049175,0.00030466004400000037,0.418251,0.726327,0.27367300000000006,0.4759731946572402,0.2872238373302816,0.0018703305429166295,0.19808905318298609,0.12056388325851321,0.000306455521892709
land_pad__8000.jpg,land_pad,8000,low_light,phase23,1,190,0,190,1,False,0.09549154341220856,,0.4006487042063304,0.0002443102469999988,0.398764,0.662331,0.337669,0.46062243883638143,0.29795859389938134,0.0016955465912011814,0.19165036125590798,0.12506317577189943,0.0002776007611601086
land_pad__8025.jpg,land_pad,8025,low_light,phase23,1,181,1,180,0,True,0.2258421778678894,0.2258421778678894,0.5402160360907992,0.0002631124679999995,0.369772,0.537461,0.369772,0.44550213876872374,0.30723000591040134,0.0015079060017755119,0.1853064373769433,0.12893101452671368,0.0002465541073966463
land_pad__8050.jpg,land_pad,8050,low_light,phase23,1,151,1,150,0,True,0.35334688425064087,0.35334688425064087,0.553684383547198,0.0002631124679999995,0.339354,0.476067,0.339354,0.4388706484995647,0.3088049151288869,0.0017347069175321958,0.18251475788045718,0.12959086832117145,0.00028842862055064643
land_pad__8075.jpg,land_pad,8075,low_light,phase23,1,145,1,144,0,True,0.33032888174057007,0.33032888174057007,0.5122278110378671,0.00025717388399999964,0.322719,0.460978,0.322719,0.4381850997521856,0.3103153696724622,0.0018721003704141024,0.18219525561616384,0.13022296005404838,0.00031668067911067184
land_pad__8100.jpg,land_pad,8100,low_light,phase23,1,148,0,148,1,False,0.3859871029853821,,0.4306286717579433,0.0002492588400000001,0.289924,0.452653,0.289924,0.44369908656340273,0.3103816834882855,0.002559058330514434,0.18451865349076205,0.1302123712324966,0.0004315841694533739
land_pad__8125.jpg,land_pad,8125,low_light,phase23,1,138,0,138,1,False,0.22145137190818787,,0.3961353043292316,0.00025717388399999964,0.283745,0.432882,0.283745,0.4531202431238183,0.3095239841443993,0.0027562655962948437,0.1884513548716037,0.12985561483646335,0.00047269312790525935
land_pad__8150.jpg,land_pad,8150,low_light,phase23,1,140,0,140,1,False,0.1669655740261078,,0.4545779618240394,0.0002443102469999988,0.283745,0.407388,0.283745,0.4585387326333896,0.30742278063149536,0.0028672508071238495,0.1907151595439932,0.1289815427657803,0.0004927536241054832
land_pad__8175.jpg,land_pad,8175,low_light,phase23,1,158,1,157,0,True,0.330438494682312,0.330438494682312,0.5039805543282416,0.0002017898300000008,0.274715,0.406348,0.274715,0.46424661554599395,0.3026719350888285,0.003163020082166676,0.19309466727148156,0.12696910833735853,0.0005455646862525204
land_pad__8200.jpg,land_pad,8200,low_light,phase23,1,135,0,135,1,False,0.2776639461517334,,0.4317416717958993,0.0002057316929999995,0.261882,0.416233,0.261882,0.47054657086757823,0.2959434700049368,0.0034689043518192648,0.1957159303029125,0.12413358479028494,0.0005993447526095675
land_pad__8225.jpg,land_pad,8225,low_light,phase23,1,125,0,125,1,False,0.16933919489383698,,0.43888585258891105,0.0002017898300000008,0.26711,0.420916,0.26711,0.4664884611532463,0.2934793277724874,0.0033446029431709132,0.19401126526030898,0.12311111761399551,0.0005789825922245048
land_pad__8250.jpg,land_pad,8250,low_light,phase23,1,144,1,143,0,True,0.3565976023674011,0.3565976023674011,0.6697176833880641,0.00023144660999999938,0.289449,0.420395,0.289449,0.4626081380194543,0.29405479272699003,0.003121569507313791,0.19243834685051311,0.12334364592650605,0.0005326939522537323
land_pad__8275.jpg,land_pad,8275,low_light,phase23,1,145,0,145,1,False,0.424085408449173,,0.4583408632581494,0.00023740248400000175,0.274715,0.407908,0.274715,0.4387206860444847,0.29787839916145264,0.0027802414033624425,0.18243964864564824,0.12499051127125752,0.0004770809087111996
land_pad__8300.jpg,land_pad,8300,low_light,phase23,1,139,1,138,0,True,0.2918790578842163,0.2918790578842163,0.5053173406622433,0.00031850036399999946,0.257605,0.383455,0.257605,0.4279214846857146,0.3032182249398526,0.00199472416571549,0.1779336337392405,0.12725978937341575,0.0003390042807053527
land_pad__8325.jpg,land_pad,8325,low_light,phase23,1,137,0,137,1,False,0.2560732960700989,,0.46020915001416957,0.0003481796370000014,0.245247,0.37565,0.245247,0.4213311700880681,0.3077958441463573,0.0014699310004807741,0.17516213672215888,0.12917369074408963,0.00024678850386004425
land_pad__8350.jpg,land_pad,8350,low_light,phase23,1,149,0,149,1,False,0.4492109417915344,,0.4744908286341203,0.00042040240000000036,0.209601,0.35744,0.209601,0.3960709099757461,0.3098161316423985,0.0007324380623046443,0.1645566646674259,0.12999736637854392,0.00012545787354873578
land_pad__8375.jpg,land_pad,8375,low_light,phase23,1,142,1,141,0,True,0.5057451725006104,0.5057451725006104,0.5889727389473306,0.0007616514600000007,0.18251,0.33871,0.18251,0.4065866256608955,0.31335911774855785,0.0003917821041854732,0.1689762126031613,0.13147112608672296,6.977119611832992e-05
land_pad__8400.jpg,land_pad,8400,low_light,phase23,1,133,1,132,0,True,0.29692506790161133,0.29692506790161133,0.5078858934846289,0.0009149615280000012,0.201046,0.333507,0.201046,0.4382953877119071,0.3168844443757065,0.0005150165208974054,0.18231227365502564,0.13294647070545781,8.376716127123023e-05
land_pad__8425.jpg,land_pad,8425,low_light,phase23,1,139,0,139,1,False,0.7524604797363281,,0.4720798606896622,0.0007399019399999979,0.311787,0.426639,0.311787,0.4998045212632875,0.29899292083779244,0.00038029124191196577,0.20808460939124943,0.125408694432215,6.750940099285206e-05
land_pad__8450.jpg,land_pad,8450,low_light,phase23,1,112,1,111,0,True,0.26619312167167664,0.26619312167167664,0.5167091349994877,0.0006923806200000022,0.492395,0.32102,0.32102,0.5585919836572731,0.21129423023253194,0.000431298793671156,0.2326683666031982,0.08866082785171042,7.606986832434502e-05
land_pad__8475.jpg,land_pad,8475,low_light,phase23,1,112,1,111,0,True,0.49211448431015015,0.49211448431015015,0.588203309696929,0.0008308858799999962,0.655894,0.187825,0.187825,0.555263426158774,0.15836818858711305,0.0006434633351562772,0.2312716986867152,0.06643995227041948,0.00011157576506988262
land_pad__8500.jpg,land_pad,8500,low_light,phase23,1,106,0,106,1,False,0.637200117111206,,0.49652834383999755,0.000750753556999999,0.721008,0.220083,0.220083,0.5388039955025228,0.15468232126298767,0.0008040427712719047,0.22443288706896172,0.06496968920959247,0.00013811736418299712
land_pad__8525.jpg,land_pad,8525,low_light,phase23,1,121,1,120,0,True,0.42460352182388306,0.42460352182388306,0.5078602013670804,0.0007962504599999989,0.687738,0.332466,0.31226200000000004,0.5299263616850816,0.16501166267879694,0.0007098630408161595,0.2206696440381622,0.06925948742841692,0.0001217839991556108
land_pad__8550.jpg,land_pad,8550,low_light,phase23,1,135,0,135,1,False,0.37794774770736694,,0.4696045164920498,0.0007913174359999958,0.652567,0.344433,0.344433,0.5307306080818514,0.1659116417768139,0.0007280322292899787,0.22107216095587442,0.06962224075627998,0.00012102943539901453
land_pad__8575.jpg,land_pad,8575,low_light,phase23,1,143,0,143,1,False,0.3847651481628418,,0.47887807180960357,0.0008308858800000042,0.690114,0.342872,0.309886,0.5316148435056831,0.15976474163751486,0.0007186662303900217,0.22142682255003962,0.06702468258035685,0.00012143881979255933
land_pad__8600.jpg,land_pad,8600,low_light,phase23,1,149,1,148,0,True,0.43390628695487976,0.43390628695487976,0.6620670620893102,0.0008744167000000014,0.672053,0.262227,0.262227,0.5292045868805892,0.14959267949681634,0.0007571007415588763,0.2204403713824466,0.06269599949212894,0.00012610665928732478
land_pad__8625.jpg,land_pad,8625,low_light,phase23,1,153,1,152,0,True,0.6495177149772644,0.6495177149772644,0.5993212349545287,0.0009001203000000018,0.64924,0.220083,0.220083,0.5231861040273956,0.147870663775131,0.000753305768996373,0.21791639387541856,0.06196044970693385,0.00012560816855482706
land_pad__8650.jpg,land_pad,8650,low_light,phase23,1,156,1,155,0,True,0.46171966195106506,0.46171966195106506,0.5575096469157883,0.0007359340120000038,0.635932,0.201353,0.201353,0.5268243382625442,0.150187109234366,0.0007586443265732999,0.2194295212535898,0.06297420631613247,0.00012647360823757721
land_pad__8675.jpg,land_pad,8675,low_light,phase23,1,157,1,156,0,True,0.5436614155769348,0.5436614155769348,0.5976016328284594,0.0008783846279999966,0.60076,0.273153,0.273153,0.5243229016718758,0.16041894117046673,0.0006904014969269551,0.2183835932540324,0.06729561028516572,0.00011612610340271528
land_pad__8700.jpg,land_pad,8700,low_light,phase23,1,146,1,145,0,True,0.5801970958709717,0.5801970958709717,0.7272542054088326,0.0009515769300000026,0.543726,0.32206,0.32206,0.5245757121490457,0.17046316317879565,0.0006726244783937114,0.21858120156621938,0.07144054621077188,0.00011117355087870504
land_pad2__2050.jpg,land_pad2,2050,low_light,phase23,1,143,1,142,0,True,0.8472106456756592,0.8472106456756592,0.904152547402749,0.24079716533099993,0.704848,0.665453,0.29515199999999997,0.48780909585517884,0.23891656731350816,0.00618646631322919,0.2029570765249952,0.1003942311417233,0.001077020725777196
land_pad2__2075.jpg,land_pad2,2075,low_light,phase23,1,104,1,103,0,True,0.8961460590362549,0.8961460590362549,0.954835935927194,0.18180394185599996,0.16302300000000003,0.712279,0.16302300000000003,0.5497918330276289,0.21175473588101412,0.006950434760986197,0.22893699738236772,0.08898865818029111,0.0012096273042780253
land_pad2__2100.jpg,land_pad2,2100,low_light,phase23,1,106,1,105,0,True,0.8647220134735107,0.8647220134735107,0.8624502745665372,0.21312163179000002,0.238118,0.715921,0.238118,0.4980180673338404,0.20993603732935723,0.006352613707600164,0.20720760055960136,0.08818014417624521,0.0011042284795636905
land_pad2__2125.jpg,land_pad2,2125,low_light,phase23,1,127,1,126,0,True,0.845092236995697,0.845092236995697,0.8850417300960429,0.211238529438,0.361217,0.7263267499999999,0.2736732500000001,0.5167506316770821,0.2167323472067036,0.005783557996890067,0.2150545780325718,0.09107467028882672,0.0010025007802965651
land_pad2__2150.jpg,land_pad2,2150,low_light,phase23,1,134,1,133,0,True,0.8972141742706299,0.8972141742706299,0.8064268656981503,0.22493207709999993,0.33602699999999996,0.484912,0.33602699999999996,0.4958058534698467,0.2264833562593162,0.005358433856756408,0.2062801374689457,0.09516493515892929,0.0009304979819013211
land_pad2__2175.jpg,land_pad2,2175,low_light,phase23,1,132,1,131,0,True,0.8618486523628235,0.8618486523628235,0.8158789758546665,0.202008662232,0.3179660000000001,0.27835600000000005,0.27835600000000005,0.5161069490646664,0.22887310395448526,0.006312998194197755,0.21482755908059134,0.09615000431510819,0.0010975097143733474
land_pad2__2200.jpg,land_pad2,2200,low_light,phase23,1,163,1,162,0,True,0.8920471668243408,0.8920471668243408,0.8712484525051454,0.24893279037200003,0.47813700000000003,0.3298650000000001,0.3298650000000001,0.5026663991702647,0.24064824156328027,0.005614592791648032,0.2092013797166508,0.10105998608991729,0.0009742062383191957
land_pad2__2225.jpg,land_pad2,2225,low_light,phase23,1,141,1,140,0,True,0.920835018157959,0.920835018157959,0.8214578546654157,0.28852421463800004,0.623099,0.3371489999999999,0.3371489999999999,0.47974423837342955,0.25153584781242344,0.004364905357324534,0.19961212245904605,0.10557726109971123,0.000756341743627085
land_pad2__2250.jpg,land_pad2,2250,low_light,phase23,1,147,1,146,0,True,0.9301277995109558,0.9301277995109558,0.7791181310320525,0.28441178891999996,0.60789,0.385016,0.385016,0.48121807139904127,0.25164267456615996,0.004138084841699004,0.20018755780207023,0.10570953062983206,0.0007147856009874089
land_pad2__2275.jpg,land_pad2,2275,low_light,phase23,1,147,1,146,0,True,0.9115808606147766,0.9115808606147766,0.8291850723455809,0.25798921491200005,0.688213,0.4120710000000001,0.31178700000000004,0.4942079154574827,0.26152582163073473,0.0040780165731971185,0.20564178461372798,0.10991197611753697,0.0007071459405259175
land_pad2__2300.jpg,land_pad2,2300,low_light,phase23,1,116,1,115,0,True,0.8730846047401428,0.8730846047401428,0.9560036872658649,0.25757993747200003,0.803232,0.33871,0.19676800000000005,0.48870363392465704,0.2582006967764469,0.004932559740802263,0.20332655593029358,0.10856234192610785,0.0008567644490987494
land_pad2__2325.jpg,land_pad2,2325,low_light,phase23,1,141,1,140,0,True,0.8395865559577942,0.8395865559577942,0.8364943032906472,0.27903436764600004,0.361217,0.390739,0.361217,0.47221110369186153,0.238485767278236,0.0036089500043226803,0.19631105549130629,0.10027823080867315,0.0006265573971469043
land_pad2__2350.jpg,land_pad2,2350,low_light,phase23,1,136,1,135,0,True,0.8893559575080872,0.8893559575080872,0.834737941129408,0.2938119927119999,0.429658,0.45265299999999997,0.429658,0.4681879011718717,0.23448779351269572,0.0032122642279666753,0.1946002460997931,0.09852793927108595,0.0005585390295947276
land_pad2__2375.jpg,land_pad2,2375,low_light,phase23,1,138,1,137,0,True,0.9043800830841064,0.9043800830841064,0.7710302639602225,0.27436936383999994,0.480989,0.4994799999999999,0.480989,0.47869144065043834,0.2321968551726955,0.002866948463354331,0.19904181904380433,0.09754194921649277,0.000498737522965353
land_pad2__2400.jpg,land_pad2,2400,low_light,phase23,1,172,1,171,0,True,0.926185667514801,0.926185667514801,0.7540278799340993,0.371244923442,0.476236,0.572841,0.42715899999999996,0.4828364789374123,0.2277492789690044,0.0031315003500819913,0.2008165001835159,0.0955809859319407,0.0005421331888525527
land_pad2__2425.jpg,land_pad2,2425,low_light,phase23,1,172,1,171,0,True,0.8682643175125122,0.8682643175125122,0.8667739958707458,0.348776078376,0.484316,0.635276,0.36472400000000005,0.46845761248755124,0.21601485687008973,0.0020680633471677535,0.19471271406209498,0.09062480324762844,0.0003631943336550384
land_pad2__2450.jpg,land_pad2,2450,low_light,phase23,1,154,1,153,0,True,0.9313629269599915,0.9313629269599915,0.7950146466161908,0.5006960249760001,0.512833,0.62435,0.37565000000000004,0.46744485000767694,0.20790074911153725,0.0013539698003832464,0.1944780844961241,0.0874161064345182,0.00023908096177431375
land_pad2__2475.jpg,land_pad2,2475,low_light,phase23,1,139,1,138,0,True,0.9401236772537231,0.9401236772537231,0.8879643522696609,0.786116673615,0.554183,0.528096,0.445817,0.4773776205900237,0.18547290422817592,0.0012235378639782314,0.1985175516972872,0.07794085748891234,0.0002165426612952884
land_pad2__2500.jpg,land_pad2,2500,low_light,phase23,1,112,1,111,0,True,0.9148904085159302,0.9148904085159302,0.8791721430081633,0.738113872776,0.539449,0.510406,0.46055100000000004,0.5237393204117364,0.1970226762223471,0.0012623375624498576,0.21806735323559323,0.08286704401494827,0.0002253430665970888
land_pad2__2525.jpg,land_pad2,2525,low_light,phase23,1,95,1,94,0,True,0.7532466650009155,0.7532466650009155,0.8278931524355496,0.8909045402879998,0.52424,0.501561,0.47575999999999996,0.5121421682864238,0.22380743053805952,0.0012298566795515865,0.21322989647780635,0.09417444726870534,0.0002185066751744557
land_pad__6500.jpg,land_pad,6500,noise,phase23,1,118,0,118,1,False,0.009596736170351505,,0.38449993558573714,0.00043225391300000216,0.670627,0.287721,0.287721,0.48355316836222,0.26178951086334484,0.004572898163985291,0.4824042333012385,0.26450796990117553,0.009920245691291678
land_pad__6525.jpg,land_pad,6525,noise,phase23,1,130,0,130,1,False,0.021770643070340157,,0.3407456295222444,0.00047478071399999824,0.654943,0.292404,0.292404,0.4868440878446392,0.25917797385224367,0.004581368878270051,0.4858901582813759,0.26202157666034176,0.00995685623202286
land_pad__6550.jpg,land_pad,6550,noise,phase23,1,130,0,130,1,False,0.0109483040869236,,0.22523864939593488,0.0005341330559999971,0.641635,0.297086,0.297086,0.4919546384132125,0.25573783464918604,0.00461422948357095,0.49095807855038043,0.2587218282068946,0.009996124743427644
land_pad__6575.jpg,land_pad,6575,noise,phase23,1,131,0,131,1,False,0.014146639965474606,,0.20981397158543805,0.00043225391300000216,0.634506,0.302289,0.302289,0.4876673452603522,0.2519039179842841,0.004545558014798434,0.4868749841445541,0.255084225884278,0.009943292512277664
land_pad__6600.jpg,land_pad,6600,noise,phase23,1,131,1,130,0,True,0.009133807383477688,0.0047719464637339115,0.614904505401427,0.0006172327699999982,0.610266,0.306972,0.306972,0.4912540080821463,0.25056730126439536,0.004342761835610742,0.49034677013998484,0.253760025998595,0.009740706764437404
land_pad__6625.jpg,land_pad,6625,noise,phase23,1,124,0,124,1,False,0.02818342112004757,,0.32106373722065135,0.00045699006600000185,0.568916,0.297607,0.297607,0.4909464919530364,0.25091537963115074,0.0039660334689541835,0.4900351965683501,0.2541281274861371,0.009384994704131566
land_pad__6650.jpg,land_pad,6650,noise,phase23,1,163,0,163,1,False,0.0133716631680727,,0.18242184725677657,0.0003531283199999987,0.550856,0.289802,0.289802,0.48822115125393184,0.2495890729495641,0.0037996203491501186,0.48744943034049987,0.25287893776900117,0.009200573228687552
land_pad__6675.jpg,land_pad,6675,noise,phase23,1,189,0,189,1,False,0.012949994765222073,,0.01916182786216992,0.0004035798399999996,0.551806,0.292404,0.292404,0.48789138513407354,0.24672183520610028,0.003835576761872194,0.486982669289807,0.2500619084567973,0.009265291918619883
land_pad__6700.jpg,land_pad,6700,noise,phase23,1,165,0,165,1,False,0.011385181918740273,,0.01789674261650209,0.00039466897200000195,0.554658,0.290843,0.290843,0.4893003727804412,0.24430190916989236,0.0037869163890721595,0.48844816244789613,0.24782494811827416,0.009224171221946551
land_pad__6725.jpg,land_pad,6725,noise,phase23,1,192,0,192,1,False,0.016437634825706482,,0.01647114614960095,0.00034126064700000026,0.555608,0.289802,0.289802,0.48788363099678195,0.23973915282385633,0.0036568873314254324,0.48689945680697266,0.24344593453038252,0.009129743502566434
land_pad__6750.jpg,land_pad,6750,noise,phase23,1,170,0,170,1,False,0.011999178677797318,,0.34233793796426193,0.0002908064160000019,0.555133,0.287721,0.287721,0.48890773957549527,0.23766654342449423,0.0037202606239021578,0.48777006139616513,0.24156673309438567,0.009167295019383147
land_pad__6775.jpg,land_pad,6775,noise,phase23,1,196,0,196,1,False,0.0135803809389472,,0.028340863630750467,0.0003115876680000002,0.555608,0.28564,0.28564,0.48884628832838245,0.2373246972648215,0.0035884364363837386,0.487705856053266,0.24125195055776086,0.009049657787754203
land_pad__6800.jpg,land_pad,6800,noise,phase23,1,176,0,176,1,False,0.014154994860291481,,0.16826979595196295,0.00033234706800000036,0.554183,0.282518,0.282518,0.4872719269275549,0.2374631976935947,0.0035580674459726727,0.4860997721237873,0.24139535233708187,0.0090089451594908
land_pad__6825.jpg,land_pad,6825,noise,phase23,1,204,0,204,1,False,0.014958702959120274,,0.28623869916602035,0.00034126064700000026,0.553707,0.282518,0.282518,0.4870248302293898,0.23823483437544285,0.0035728075110808633,0.48586887416365665,0.24208986861767084,0.009026109069877572
land_pad__6850.jpg,land_pad,6850,noise,phase23,1,207,0,207,1,False,0.011780989356338978,,0.018224544072568828,0.00033234706800000036,0.552281,0.283559,0.283559,0.4867342808819281,0.23855015403086394,0.003460471332539192,0.4856065135684214,0.24241844880140587,0.008919987820382561
land_pad__7450.jpg,land_pad,7450,noise,phase23,1,160,1,159,0,True,0.2223658561706543,0.2223658561706543,0.6977120126006223,0.0003481796370000006,0.719582,0.080125,0.080125,0.4865315639160079,0.2726134689139426,0.003642657508343403,0.4860688797028804,0.274386009252218,0.008913679811532493
land_pad__7475.jpg,land_pad,7475,noise,phase23,1,148,0,148,1,False,0.11152835935354233,,0.4028743184779432,0.0002819146890000002,0.722909,0.234651,0.234651,0.47916338405601977,0.2881050863722756,0.0034159457540576914,0.47869590926782707,0.28940909335425885,0.008639964046987813
land_pad__7500.jpg,land_pad,7500,noise,phase23,1,110,1,109,0,True,0.05889735370874405,0.05889735370874405,0.5042378278855649,0.00025717388399999964,0.72576,0.352758,0.27424000000000004,0.46456333268243566,0.2970070152141237,0.0032221698257971737,0.46425282971705045,0.2978849250440806,0.008392595839244002
land_pad__7525.jpg,land_pad,7525,noise,phase23,1,107,0,107,1,False,0.03566715866327286,,0.44449500280317206,0.00024925884000000215,0.726236,0.41103,0.273764,0.4542895546146117,0.30173263547600465,0.0029045867925347386,0.45398405944874815,0.3024433194010749,0.008026296683128457
land_pad__7550.jpg,land_pad,7550,noise,phase23,1,128,0,128,1,False,0.37198406457901,,0.398734210402925,0.0002631124680000017,0.717681,0.345994,0.282319,0.43376021042222757,0.30197184784511194,0.002610929192025447,0.43346449035690193,0.302781954705886,0.007727428398639316
land_pad__7575.jpg,land_pad,7575,noise,phase23,1,109,0,109,1,False,0.1254856437444687,,0.45526505607599,0.0002828888009999988,0.681084,0.227888,0.227888,0.413421604818597,0.3003896279508527,0.00242568492773498,0.41274338351761347,0.30139482809804663,0.007556157888119109
land_pad__7600.jpg,land_pad,7600,noise,phase23,1,130,0,130,1,False,0.22062700986862183,,0.345561686809091,0.00025717388399999893,0.684886,0.235172,0.235172,0.4150731158125208,0.3018541432296127,0.0023730603914509656,0.4142948665283722,0.3027600629734742,0.0074983756750952296
land_pad__7625.jpg,land_pad,7625,noise,phase23,1,120,0,120,1,False,0.027809375897049904,,0.3987814590387174,0.00028288880099999953,0.673479,0.301769,0.301769,0.4252266601437267,0.3044434077586137,0.002011470713991252,0.42423333149468334,0.3054459077129194,0.00713252519122718
land_pad__7650.jpg,land_pad,7650,noise,phase23,1,115,0,115,1,False,0.12399964779615402,,0.3656700198160067,0.0002700251639999987,0.629753,0.380333,0.370247,0.4448112563851386,0.30444310518966616,0.0018694810633598418,0.4441190124696925,0.3055877174158487,0.007031441644450654
land_pad__7675.jpg,land_pad,7675,noise,phase23,1,116,0,116,1,False,0.029255734756588936,,0.2840112693612337,0.0003046600440000029,0.574144,0.416233,0.416233,0.4698048773562358,0.29730758572521154,0.0017693072364031474,0.46909662477415437,0.2989278835078456,0.007006231395520952
land_pad__7700.jpg,land_pad,7700,noise,phase23,1,133,0,133,1,False,0.09698735922574997,,0.4269154516219996,0.0002492657639999986,0.53327,0.424037,0.424037,0.4828914599989312,0.2905264148482795,0.0017869824779460138,0.48223634594949727,0.2922278484398135,0.007023733490906226
land_pad__7725.jpg,land_pad,7725,noise,phase23,1,132,0,132,1,False,0.07704712450504303,,0.39383348293299025,0.0002443102469999988,0.490019,0.426119,0.426119,0.4978070609275033,0.28136842551510177,0.001790713337142215,0.49717812630407404,0.2835044750759611,0.007116086173007243
land_pad__7750.jpg,land_pad,7750,noise,phase23,1,151,0,151,1,False,0.10811714828014374,,0.42831443790590557,0.0002700251639999987,0.463403,0.44589,0.44589,0.5123704013679556,0.2638644091964657,0.0017017164033486056,0.5116963771537903,0.26660687446726933,0.007106494571627259
land_pad__7775.jpg,land_pad,7775,noise,phase23,1,107,1,106,0,True,0.10908659547567368,0.0035656688269227743,0.519660822031044,0.00027696609600000045,0.457224,0.478668,0.457224,0.5226582602353639,0.24351420218098974,0.0015870822742989309,0.5214963692871615,0.24727045164135106,0.0070495763438173705
land_pad__7800.jpg,land_pad,7800,noise,phase23,1,124,0,124,1,False,0.07921575009822845,,0.2865512395075703,0.00023740248399999945,0.447719,0.527575,0.447719,0.5251414810037601,0.229453728720989,0.0018562749403345424,0.52392334831639,0.23356670222580167,0.007334610312028375
land_pad__7825.jpg,land_pad,7825,noise,phase23,1,103,0,103,1,False,0.032467443495988846,,0.3229583896359448,0.0002700251639999987,0.444392,0.580125,0.419875,0.5121087739052602,0.23969508863917677,0.0018588677308651294,0.5112813659508265,0.24280302340741208,0.007290051276524951
land_pad__7850.jpg,land_pad,7850,noise,phase23,1,125,1,124,0,True,0.18039758503437042,0.18039758503437042,0.5105887329263483,0.00025717388399999964,0.45865,0.633715,0.36628499999999997,0.5008531063834275,0.2584200005024963,0.0019570682787361494,0.5003960040630282,0.26080613969780325,0.007342513877460126
land_pad__7875.jpg,land_pad,7875,noise,phase23,1,129,0,129,1,False,0.1263393759727478,,0.463536363772225,0.0002700251639999987,0.47576,0.672737,0.32726299999999997,0.49551127383291715,0.2656381535984084,0.0022228739723108085,0.49509945893266927,0.26790980964745037,0.007570524055352561
land_pad__7900.jpg,land_pad,7900,noise,phase23,1,143,1,142,0,True,0.1198105439543724,0.1198105439543724,0.5250507089946663,0.00030466004400000037,0.440114,0.682622,0.31737800000000005,0.4911805823368744,0.26380655478674625,0.0022781415864036097,0.49070937982184976,0.2662742853133047,0.007626634401125565
land_pad__7925.jpg,land_pad,7925,noise,phase23,1,127,0,127,1,False,0.2755928039550781,,0.49908077149996655,0.0002700251639999987,0.404468,0.689386,0.31061399999999995,0.48995563035317696,0.26790942076962465,0.0021698887260118154,0.48942507125544,0.2704816256033507,0.007537176901717826
land_pad__7950.jpg,land_pad,7950,noise,phase23,1,135,0,135,1,False,0.072786845266819,,0.4927616633477582,0.00025717388399999964,0.416825,0.721124,0.278876,0.4838746915897596,0.27740113886036005,0.002040328408934428,0.48346071608197205,0.2796793721299595,0.007374856540343368
land_pad__7975.jpg,land_pad,7975,noise,phase23,1,119,0,119,1,False,0.2143745869398117,,0.4632534228595313,0.00030466004400000037,0.418251,0.726327,0.27367300000000006,0.4759731946572402,0.2872238373302816,0.0018703305429166295,0.4754727482997725,0.2893054560096383,0.007172212430347367
land_pad__8000.jpg,land_pad,8000,noise,phase23,1,116,0,116,1,False,0.04261098429560661,,0.47192987494640276,0.0002443102469999988,0.398764,0.662331,0.337669,0.46062243883638143,0.29795859389938134,0.0016955465912011814,0.46025377014378627,0.29943158841555967,0.006911810421294792
land_pad__8025.jpg,land_pad,8025,noise,phase23,1,115,1,114,0,True,0.1501465141773224,0.1501465141773224,0.6200323272635788,0.0002631124679999995,0.369772,0.537461,0.369772,0.44550213876872374,0.30723000591040134,0.0015079060017755119,0.4452020897303025,0.30801654343574547,0.006625000756760086
land_pad__8050.jpg,land_pad,8050,noise,phase23,1,100,0,100,1,False,0.2761821746826172,,0.4843878028364582,0.0002631124679999995,0.339354,0.476067,0.339354,0.4388706484995647,0.3088049151288869,0.0017347069175321958,0.43872324618986347,0.3094273156099521,0.006814732464406359
land_pad__8075.jpg,land_pad,8075,noise,phase23,1,111,1,110,0,True,0.18710583448410034,0.18710583448410034,0.5905461903774304,0.00025717388399999964,0.322719,0.460978,0.322719,0.4381850997521856,0.3103153696724622,0.0018721003704141024,0.43805014130062997,0.3107573008000845,0.006938090765264474
land_pad__8100.jpg,land_pad,8100,noise,phase23,1,109,0,109,1,False,0.24645575881004333,,0.48984411366445735,0.0002492588400000001,0.289924,0.452653,0.289924,0.44369908656340273,0.3103816834882855,0.002559058330514434,0.44348519805401004,0.31059080743640977,0.007589031706416434
land_pad__8125.jpg,land_pad,8125,noise,phase23,1,100,0,100,1,False,0.20971138775348663,,0.44413316535355674,0.00025717388399999964,0.283745,0.432882,0.283745,0.4531202431238183,0.3095239841443993,0.0027562655962948437,0.452884414944329,0.30993453468933846,0.007821641038406543
land_pad__8150.jpg,land_pad,8150,noise,phase23,1,99,0,99,1,False,0.09860170632600784,,0.4892991798691202,0.0002443102469999988,0.283745,0.407388,0.283745,0.4585387326333896,0.30742278063149536,0.0028672508071238495,0.4582011852231823,0.3077869492324944,0.007947978280531936
land_pad__8175.jpg,land_pad,8175,noise,phase23,1,99,1,98,0,True,0.12279819697141647,0.12279819697141647,0.5841854214123747,0.0002017898300000008,0.274715,0.406348,0.274715,0.46424661554599395,0.3026719350888285,0.003163020082166676,0.46395372715661826,0.3032605542947584,0.008267912826314242
land_pad__8200.jpg,land_pad,8200,noise,phase23,1,95,1,94,0,True,0.06354367733001709,0.06354367733001709,0.5374448582397714,0.0002057316929999995,0.261882,0.416233,0.261882,0.47054657086757823,0.2959434700049368,0.0034689043518192648,0.47032542861294496,0.29679680048533164,0.008600182730564784
land_pad__8225.jpg,land_pad,8225,noise,phase23,1,86,0,86,1,False,0.09039992839097977,,0.46528684159546846,0.0002017898300000008,0.26711,0.420916,0.26711,0.4664884611532463,0.2934793277724874,0.0033446029431709132,0.46620637968057627,0.2944217831406269,0.008494583913446773
land_pad__8250.jpg,land_pad,8250,noise,phase23,1,99,1,98,0,True,0.30238091945648193,0.30238091945648193,0.7185833692853776,0.00023144660999999938,0.289449,0.420395,0.289449,0.4626081380194543,0.29405479272699003,0.003121569507313791,0.4624305182362646,0.29506251826942,0.008270041623232274
land_pad__8275.jpg,land_pad,8275,noise,phase23,1,97,0,97,1,False,0.24517670273780823,,0.48743700832238646,0.00023740248400000175,0.274715,0.407908,0.274715,0.4387206860444847,0.29787839916145264,0.0027802414033624425,0.4386857827291506,0.29881778687467303,0.007909084017918608
land_pad__8300.jpg,land_pad,8300,noise,phase23,1,107,1,106,0,True,0.2286054641008377,0.2286054641008377,0.7224616451341728,0.00031850036399999946,0.257605,0.383455,0.257605,0.4279214846857146,0.3032182249398526,0.00199472416571549,0.42795775341191755,0.3042468068765583,0.007124483734463255
land_pad__8325.jpg,land_pad,8325,noise,phase23,1,79,1,78,0,True,0.19649623334407806,0.19649623334407806,0.5990804476126852,0.0003481796370000014,0.245247,0.37565,0.245247,0.4213311700880681,0.3077958441463573,0.0014699310004807741,0.4211521926520258,0.3088699974930072,0.0066031057853711
land_pad__8350.jpg,land_pad,8350,noise,phase23,1,103,1,102,0,True,0.45217764377593994,0.45217764377593994,0.6441596793253266,0.00042040240000000036,0.209601,0.35744,0.209601,0.3960709099757461,0.3098161316423985,0.0007324380623046443,0.39620433234007435,0.3109263934043074,0.00584249509149779
land_pad__8375.jpg,land_pad,8375,noise,phase23,1,107,1,106,0,True,0.5485969185829163,0.5485969185829163,0.6032389341540266,0.0007616514600000007,0.18251,0.33871,0.18251,0.4065866256608955,0.31335911774855785,0.0003917821041854732,0.4064909382878507,0.31443094396025406,0.005523600185366091
land_pad__8400.jpg,land_pad,8400,noise,phase23,1,94,1,93,0,True,0.45260128378868103,0.45260128378868103,0.5517783135806522,0.0009149615280000012,0.201046,0.333507,0.201046,0.4382953877119071,0.3168844443757065,0.0005150165208974054,0.4377707169485426,0.3179369822764012,0.005688917944946031
land_pad__8425.jpg,land_pad,8425,noise,phase23,1,117,1,116,0,True,0.7374991178512573,0.7374991178512573,0.5336958873095359,0.0007399019399999979,0.311787,0.426639,0.311787,0.4998045212632875,0.29899292083779244,0.00038029124191196577,0.49898494502630836,0.3013186268554736,0.005734908045582233
land_pad__8450.jpg,land_pad,8450,noise,phase23,1,92,1,91,0,True,0.32995253801345825,0.32995253801345825,0.6016949717990011,0.0006923806200000022,0.492395,0.32102,0.32102,0.5585919836572731,0.21129423023253194,0.000431298793671156,0.5571541672223345,0.21667254404921213,0.006015152411830153
land_pad__8475.jpg,land_pad,8475,noise,phase23,1,92,1,91,0,True,0.32404443621635437,0.32404443621635437,0.6547393731947534,0.0008308858799999962,0.655894,0.187825,0.187825,0.555263426158774,0.15836818858711305,0.0006434633351562772,0.5532830644909154,0.16696399380493782,0.0063384337194779825
land_pad__8500.jpg,land_pad,8500,noise,phase23,1,91,1,90,0,True,0.5837289690971375,0.5837289690971375,0.529744843001704,0.000750753556999999,0.721008,0.220083,0.220083,0.5388039955025228,0.15468232126298767,0.0008040427712719047,0.536889561457182,0.16348443525054115,0.006497812424973895
land_pad__8525.jpg,land_pad,8525,noise,phase23,1,93,1,92,0,True,0.5946351885795593,0.5946351885795593,0.5686800041442355,0.0007962504599999989,0.687738,0.332466,0.31226200000000004,0.5299263616850816,0.16501166267879694,0.0007098630408161595,0.5279979903634577,0.1730621426574832,0.006373420496323504
land_pad__8550.jpg,land_pad,8550,noise,phase23,1,95,1,94,0,True,0.5932705998420715,0.5932705998420715,0.5200297403363304,0.0007913174359999958,0.652567,0.344433,0.344433,0.5307306080818514,0.1659116417768139,0.0007280322292899787,0.5288409531405733,0.17391764938751117,0.006412896181367301
land_pad__8575.jpg,land_pad,8575,noise,phase23,1,100,1,99,0,True,0.6549051403999329,0.6549051403999329,0.6160606273862066,0.0008308858800000042,0.690114,0.342872,0.309886,0.5316148435056831,0.15976474163751486,0.0007186662303900217,0.5296641097020743,0.1682062085086251,0.006427845430034381
land_pad__8600.jpg,land_pad,8600,noise,phase23,1,108,1,107,0,True,0.651854932308197,0.651854932308197,0.699231523837772,0.0008744167000000014,0.672053,0.262227,0.262227,0.5292045868805892,0.14959267949681634,0.0007571007415588763,0.5273046603257296,0.15857330045695245,0.00644908823765898
land_pad__8625.jpg,land_pad,8625,noise,phase23,1,114,1,113,0,True,0.6076030135154724,0.6076030135154724,0.5971101285792905,0.0009001203000000018,0.64924,0.220083,0.220083,0.5231861040273956,0.147870663775131,0.000753305768996373,0.5213546264503516,0.1569757242800877,0.006454956812651523
land_pad__8650.jpg,land_pad,8650,noise,phase23,1,104,1,103,0,True,0.7110667824745178,0.7110667824745178,0.5559173431023446,0.0007359340120000038,0.635932,0.201353,0.201353,0.5268243382625442,0.150187109234366,0.0007586443265732999,0.5250161192183675,0.1591677579963557,0.00646202867820178
land_pad__8675.jpg,land_pad,8675,noise,phase23,1,117,1,116,0,True,0.7449535727500916,0.7449535727500916,0.5985720807659822,0.0008783846279999966,0.60076,0.273153,0.273153,0.5243229016718758,0.16041894117046673,0.0006904014969269551,0.5225278441023524,0.16855656715677458,0.006355737925116815
land_pad__8700.jpg,land_pad,8700,noise,phase23,1,102,1,101,0,True,0.6853252053260803,0.6853252053260803,0.7776031922307677,0.0009515769300000026,0.543726,0.32206,0.32206,0.5245757121490457,0.17046316317879565,0.0006726244783937114,0.5228945034687255,0.17807725263511812,0.006338005117991985
land_pad2__2050.jpg,land_pad2,2050,noise,phase23,1,137,1,136,0,True,0.8397170305252075,0.8397170305252075,0.9310063742069218,0.24079716533099993,0.704848,0.665453,0.29515199999999997,0.48780909585517884,0.23891656731350816,0.00618646631322919,0.4864199532145069,0.24306103753783173,0.011691042148652327
land_pad2__2075.jpg,land_pad2,2075,noise,phase23,1,112,1,111,0,True,0.8801633715629578,0.8801633715629578,0.9326344859859659,0.18180394185599996,0.16302300000000003,0.712279,0.16302300000000003,0.5497918330276289,0.21175473588101412,0.006950434760986197,0.5481234018001547,0.21716263578495587,0.012492005938234935
land_pad2__2100.jpg,land_pad2,2100,noise,phase23,1,126,1,125,0,True,0.8526959419250488,0.8526959419250488,0.8648776743664033,0.21312163179000002,0.238118,0.715921,0.238118,0.4980180673338404,0.20993603732935723,0.006352613707600164,0.49668566682438703,0.21519150823972424,0.011878486575528
land_pad2__2125.jpg,land_pad2,2125,noise,phase23,1,139,1,138,0,True,0.8201356530189514,0.8201356530189514,0.8950211890404833,0.211238529438,0.361217,0.7263267499999999,0.2736732500000001,0.5167506316770821,0.2167323472067036,0.005783557996890067,0.5152644129784473,0.22194694697355838,0.011283792223810795
land_pad2__2150.jpg,land_pad2,2150,noise,phase23,1,145,1,144,0,True,0.880954921245575,0.880954921245575,0.8158359195197235,0.22493207709999993,0.33602699999999996,0.484912,0.33602699999999996,0.4958058534698467,0.2264833562593162,0.005358433856756408,0.49432620969002633,0.23137298272795723,0.010855453239633668
land_pad2__2175.jpg,land_pad2,2175,noise,phase23,1,138,1,137,0,True,0.7715753316879272,0.7715753316879272,0.8726064645618493,0.202008662232,0.3179660000000001,0.27835600000000005,0.27835600000000005,0.5161069490646664,0.22887310395448526,0.006312998194197755,0.5147018908535549,0.2336284793754678,0.011851238078936868
land_pad2__2200.jpg,land_pad2,2200,noise,phase23,1,168,1,167,0,True,0.872707724571228,0.872707724571228,0.8930776413058219,0.24893279037200003,0.47813700000000003,0.3298650000000001,0.3298650000000001,0.5026663991702647,0.24064824156328027,0.005614592791648032,0.5012374385109324,0.24492359212557469,0.01108903986550011
land_pad2__2225.jpg,land_pad2,2225,noise,phase23,1,173,1,172,0,True,0.8921751379966736,0.8921751379966736,0.8504775333008179,0.28852421463800004,0.623099,0.3371489999999999,0.3371489999999999,0.47974423837342955,0.25153584781242344,0.004364905357324534,0.4783964420806285,0.2553223582159717,0.009795913711462965
land_pad2__2250.jpg,land_pad2,2250,noise,phase23,1,175,1,174,0,True,0.8828166723251343,0.8828166723251343,0.8268103571715814,0.28441178891999996,0.60789,0.385016,0.385016,0.48121807139904127,0.25164267456615996,0.004138084841699004,0.4798161513055229,0.255356760126693,0.009561863032838687
land_pad2__2275.jpg,land_pad2,2275,noise,phase23,1,145,1,144,0,True,0.8560643792152405,0.8560643792152405,0.8511412060885627,0.25798921491200005,0.688213,0.4120710000000001,0.31178700000000004,0.4942079154574827,0.26152582163073473,0.0040780165731971185,0.49244376970390674,0.26424566940017297,0.009430979232204272
land_pad2__2300.jpg,land_pad2,2300,noise,phase23,1,135,1,134,0,True,0.8589324951171875,0.8589324951171875,0.9520619700543881,0.25757993747200003,0.803232,0.33871,0.19676800000000005,0.48870363392465704,0.2582006967764469,0.004932559740802263,0.48729679524880454,0.2609433451349545,0.010330542477632492
land_pad2__2325.jpg,land_pad2,2325,noise,phase23,1,146,1,145,0,True,0.8213223814964294,0.8213223814964294,0.8311312088736428,0.27903436764600004,0.361217,0.390739,0.361217,0.47221110369186153,0.238485767278236,0.0036089500043226803,0.4707335313023931,0.24255130854205592,0.009038387288270375
land_pad2__2350.jpg,land_pad2,2350,noise,phase23,1,153,1,152,0,True,0.8738981485366821,0.8738981485366821,0.8399070870958953,0.2938119927119999,0.429658,0.45265299999999997,0.429658,0.4681879011718717,0.23448779351269572,0.0032122642279666753,0.46674199312593195,0.2385800433485374,0.008629939465173448
land_pad2__2375.jpg,land_pad2,2375,noise,phase23,1,168,1,167,0,True,0.8934181928634644,0.8934181928634644,0.7803909489724233,0.27436936383999994,0.480989,0.4994799999999999,0.480989,0.47869144065043834,0.2321968551726955,0.002866948463354331,0.47709559342346747,0.23609896385498,0.008273658514748313
land_pad2__2400.jpg,land_pad2,2400,noise,phase23,1,174,1,173,0,True,0.9208244681358337,0.9208244681358337,0.7870367020262998,0.371244923442,0.476236,0.572841,0.42715899999999996,0.4828364789374123,0.2277492789690044,0.0031315003500819913,0.48122797062783984,0.23176450713412822,0.008552381987494254
land_pad2__2425.jpg,land_pad2,2425,noise,phase23,1,192,1,191,0,True,0.8721547722816467,0.8721547722816467,0.8741722473083626,0.348776078376,0.484316,0.635276,0.36472400000000005,0.46845761248755124,0.21601485687008973,0.0020680633471677535,0.46691733205232977,0.22052359867614804,0.007524913103236226
land_pad2__2450.jpg,land_pad2,2450,noise,phase23,1,153,1,152,0,True,0.8809621334075928,0.8809621334075928,0.7778355596645923,0.5006960249760001,0.512833,0.62435,0.37565000000000004,0.46744485000767694,0.20790074911153725,0.0013539698003832464,0.4659856330847742,0.21246120580744152,0.006840991637931259
land_pad2__2475.jpg,land_pad2,2475,noise,phase23,1,104,1,103,0,True,0.9206345081329346,0.9206345081329346,0.8736019180654683,0.786116673615,0.554183,0.528096,0.445817,0.4773776205900237,0.18547290422817592,0.0012235378639782314,0.47556513851589005,0.1901351489304862,0.0067123049474253895
land_pad2__2500.jpg,land_pad2,2500,noise,phase23,1,110,1,109,0,True,0.8919222354888916,0.8919222354888916,0.856753313878077,0.738113872776,0.539449,0.510406,0.46055100000000004,0.5237393204117364,0.1970226762223471,0.0012623375624498576,0.5211086352695091,0.20061215838953841,0.006708534940882974
land_pad2__2525.jpg,land_pad2,2525,noise,phase23,1,76,1,75,0,True,0.7181646227836609,0.7181646227836609,0.830497105888336,0.8909045402879998,0.52424,0.501561,0.47575999999999996,0.5121421682864238,0.22380743053805952,0.0012298566795515865,0.5088726221389114,0.22476288831442887,0.006536781115733671
land_pad__6500.jpg,land_pad,6500,occlusion,phase23,1,142,0,142,1,False,0.011145580559968948,,0.48375748064904545,0.00043225391300000216,0.670627,0.287721,0.287721,0.48355316836222,0.26178951086334484,0.004572898163985291,0.4835849141649199,0.26178810235207395,0.00457380847499256
land_pad__6525.jpg,land_pad,6525,occlusion,phase23,1,143,0,143,1,False,0.006712311413139105,,0.44587248402718055,0.00047478071399999824,0.654943,0.292404,0.292404,0.4868440878446392,0.25917797385224367,0.004581368878270051,0.48688468554393727,0.2591746461271429,0.004582675531330416
land_pad__6550.jpg,land_pad,6550,occlusion,phase23,1,136,0,136,1,False,0.006605707574635744,,0.43185552748233635,0.0005341330559999971,0.641635,0.297086,0.297086,0.4919546384132125,0.25573783464918604,0.00461422948357095,0.4919990414195059,0.2557320700938785,0.004615406689568217
land_pad__6575.jpg,land_pad,6575,occlusion,phase23,1,151,1,150,0,True,0.020594142377376556,0.020594142377376556,0.5501033200383898,0.00043225391300000216,0.634506,0.302289,0.302289,0.4876673452603522,0.2519039179842841,0.004545558014798434,0.48769996771889396,0.2518995780939127,0.004546229026872748
land_pad__6600.jpg,land_pad,6600,occlusion,phase23,1,148,1,147,0,True,0.00827053003013134,0.004916331730782986,0.645008195822982,0.0006172327699999982,0.610266,0.306972,0.306972,0.4912540080821463,0.25056730126439536,0.004342761835610742,0.4913005484219304,0.25056201190480926,0.00434321852544681
land_pad__6625.jpg,land_pad,6625,occlusion,phase23,1,141,0,141,1,False,0.027798250317573547,,0.44546501420919615,0.00045699006600000185,0.568916,0.297607,0.297607,0.4909464919530364,0.25091537963115074,0.0039660334689541835,0.49098275292122284,0.2509129925017446,0.003966418538243935
land_pad__6650.jpg,land_pad,6650,occlusion,phase23,1,156,0,156,1,False,0.0081858579069376,,0.45548185396390845,0.0003531283199999987,0.550856,0.289802,0.289802,0.48822115125393184,0.2495890729495641,0.0037996203491501186,0.48824811423958286,0.24958947758930153,0.0038002353330093405
land_pad__6675.jpg,land_pad,6675,occlusion,phase23,1,158,0,158,1,False,0.007146087009459734,,0.41816909007195313,0.0004035798399999996,0.551806,0.292404,0.292404,0.48789138513407354,0.24672183520610028,0.003835576761872194,0.4879171417481898,0.2467224172040515,0.003835940737265655
land_pad__6700.jpg,land_pad,6700,occlusion,phase23,1,142,0,142,1,False,0.006981921847909689,,0.3454669822735264,0.00039466897200000195,0.554658,0.290843,0.290843,0.4893003727804412,0.24430190916989236,0.0037869163890721595,0.4893237476835533,0.24430279636519087,0.00378696390399867
land_pad__6725.jpg,land_pad,6725,occlusion,phase23,1,146,0,146,1,False,0.007950610481202602,,0.35655855216086096,0.00034126064700000026,0.555608,0.289802,0.289802,0.48788363099678195,0.23973915282385633,0.0036568873314254324,0.48790031461083483,0.23974156095538385,0.0036571023045393948
land_pad__6750.jpg,land_pad,6750,occlusion,phase23,1,143,0,143,1,False,0.007446751464158297,,0.36857100788199687,0.0002908064160000019,0.555133,0.287721,0.287721,0.48890773957549527,0.23766654342449423,0.0037202606239021578,0.48892279788513376,0.23767020766307062,0.003720553067740242
land_pad__6775.jpg,land_pad,6775,occlusion,phase23,1,145,0,145,1,False,0.008608569391071796,,0.42377793442672523,0.0003115876680000002,0.555608,0.28564,0.28564,0.48884628832838245,0.2373246972648215,0.0035884364363837386,0.48885920154651397,0.23732663829609343,0.0035884599928939654
land_pad__6800.jpg,land_pad,6800,occlusion,phase23,1,153,0,153,1,False,0.008059367537498474,,0.383807755438552,0.00033234706800000036,0.554183,0.282518,0.282518,0.4872719269275549,0.2374631976935947,0.0035580674459726727,0.4872870395433075,0.23746625380219713,0.003558123119697468
land_pad__6825.jpg,land_pad,6825,occlusion,phase23,1,156,0,156,1,False,0.006954045034945011,,0.4519420935599067,0.00034126064700000026,0.553707,0.282518,0.282518,0.4870248302293898,0.23823483437544285,0.0035728075110808633,0.4870395161542458,0.2382376642540445,0.0035729426469175403
land_pad__6850.jpg,land_pad,6850,occlusion,phase23,1,147,0,147,1,False,0.007543860003352165,,0.41785558940309425,0.00033234706800000036,0.552281,0.283559,0.283559,0.4867342808819281,0.23855015403086394,0.003460471332539192,0.4867495370209822,0.23855271644201445,0.0034605231971308057
land_pad__7450.jpg,land_pad,7450,occlusion,phase23,1,140,1,139,0,True,0.2729242444038391,0.2729242444038391,0.6866694570357393,0.0003481796370000006,0.719582,0.080125,0.080125,0.4865315639160079,0.2726134689139426,0.003642657508343403,0.48655194034581983,0.27261510459997207,0.0036423367876392775
land_pad__7475.jpg,land_pad,7475,occlusion,phase23,1,131,0,131,1,False,0.20869235694408417,,0.4249069653582153,0.0002819146890000002,0.722909,0.234651,0.234651,0.47916338405601977,0.2881050863722756,0.0034159457540576914,0.4791772592681724,0.2881060156139711,0.0034155449840225453
land_pad__7500.jpg,land_pad,7500,occlusion,phase23,1,121,0,121,1,False,0.19266384840011597,,0.4880819838018424,0.00025717388399999964,0.72576,0.352758,0.27424000000000004,0.46456333268243566,0.2970070152141237,0.0032221698257971737,0.46458024515797014,0.29700830992921234,0.003221928884084351
land_pad__7525.jpg,land_pad,7525,occlusion,phase23,1,129,0,129,1,False,0.19181343913078308,,0.4333000640679311,0.00024925884000000215,0.726236,0.41103,0.273764,0.4542895546146117,0.30173263547600465,0.0029045867925347386,0.4543009588985727,0.30173169044095033,0.0029039489678739905
land_pad__7550.jpg,land_pad,7550,occlusion,phase23,1,162,0,162,1,False,0.6038060188293457,,0.35236959527061107,0.0002631124680000017,0.717681,0.345994,0.282319,0.43376021042222757,0.30197184784511194,0.002610929192025447,0.4337623050866285,0.30197173652036713,0.0026100184030102276
land_pad__7575.jpg,land_pad,7575,occlusion,phase23,1,204,0,204,1,False,0.16157931089401245,,0.4334639645960916,0.0002828888009999988,0.681084,0.227888,0.227888,0.413421604818597,0.3003896279508527,0.00242568492773498,0.4134048513823972,0.30039249468463797,0.002425447895305311
land_pad__7600.jpg,land_pad,7600,occlusion,phase23,1,219,0,219,1,False,0.4362962245941162,,0.29657057535945985,0.00025717388399999893,0.684886,0.235172,0.235172,0.4150731158125208,0.3018541432296127,0.0023730603914509656,0.4150566998500298,0.3018559168318458,0.002372658131013942
land_pad__7625.jpg,land_pad,7625,occlusion,phase23,1,206,0,206,1,False,0.2473233938217163,,0.416984152099768,0.00028288880099999953,0.673479,0.301769,0.301769,0.4252266601437267,0.3044434077586137,0.002011470713991252,0.42520881670623645,0.3044449294874199,0.002011081663717073
land_pad__7650.jpg,land_pad,7650,occlusion,phase23,1,188,0,188,1,False,0.14016593992710114,,0.3132789844509725,0.0002700251639999987,0.629753,0.380333,0.370247,0.4448112563851386,0.30444310518966616,0.0018694810633598418,0.4448150966032066,0.304441222161781,0.0018687195056410525
land_pad__7675.jpg,land_pad,7675,occlusion,phase23,1,179,0,179,1,False,0.04919913411140442,,0.2107978763277481,0.0003046600440000029,0.574144,0.416233,0.416233,0.4698048773562358,0.29730758572521154,0.0017693072364031474,0.46981857413401323,0.29730739317384314,0.0017686775062866144
land_pad__7700.jpg,land_pad,7700,occlusion,phase23,1,166,0,166,1,False,0.3241675794124603,,0.4594828953224703,0.0002492657639999986,0.53327,0.424037,0.424037,0.4828914599989312,0.2905264148482795,0.0017869824779460138,0.48290777898621834,0.2905266887943335,0.0017867912099054216
land_pad__7725.jpg,land_pad,7725,occlusion,phase23,1,184,0,184,1,False,0.4689267575740814,,0.4261658063767334,0.0002443102469999988,0.490019,0.426119,0.426119,0.4978070609275033,0.28136842551510177,0.001790713337142215,0.49782225112341894,0.28136847878078386,0.0017907110882407254
land_pad__7750.jpg,land_pad,7750,occlusion,phase23,1,197,0,197,1,False,0.288237065076828,,0.4322662503928713,0.0002700251639999987,0.463403,0.44589,0.44589,0.5123704013679556,0.2638644091964657,0.0017017164033486056,0.5123903278328225,0.26386381110689516,0.0017015333172056806
land_pad__7775.jpg,land_pad,7775,occlusion,phase23,1,168,1,167,0,True,0.45337602496147156,0.020338360220193863,0.5006158842676164,0.00027696609600000045,0.457224,0.478668,0.457224,0.5226582602353639,0.24351420218098974,0.0015870822742989309,0.5226784931418748,0.24351126250634753,0.0015866289444738456
land_pad__7800.jpg,land_pad,7800,occlusion,phase23,1,153,0,153,1,False,0.1506781131029129,,0.25033608732094875,0.00023740248399999945,0.447719,0.527575,0.447719,0.5251414810037601,0.229453728720989,0.0018562749403345424,0.5251589249034109,0.22944898828927057,0.0018559457318216449
land_pad__7825.jpg,land_pad,7825,occlusion,phase23,1,139,0,139,1,False,0.5205767750740051,,0.2573443234091268,0.0002700251639999987,0.444392,0.580125,0.419875,0.5121087739052602,0.23969508863917677,0.0018588677308651294,0.5121272767741359,0.2396912993053908,0.0018590087184656384
land_pad__7850.jpg,land_pad,7850,occlusion,phase23,1,155,0,155,1,False,0.21532860398292542,,0.4700983266075378,0.00025717388399999964,0.45865,0.633715,0.36628499999999997,0.5008531063834275,0.2584200005024963,0.0019570682787361494,0.5008688124874272,0.25841787142281875,0.0019565777161416357
land_pad__7875.jpg,land_pad,7875,occlusion,phase23,1,139,0,139,1,False,0.19981633126735687,,0.4178721758097991,0.0002700251639999987,0.47576,0.672737,0.32726299999999997,0.49551127383291715,0.2656381535984084,0.0022228739723108085,0.4955285780882742,0.265636868127162,0.0022225040082686576
land_pad__7900.jpg,land_pad,7900,occlusion,phase23,1,155,0,155,1,False,0.23163935542106628,,0.438815472815463,0.00030466004400000037,0.440114,0.682622,0.31737800000000005,0.4911805823368744,0.26380655478674625,0.0022781415864036097,0.4911992597611169,0.2638073045872535,0.00227770752077327
land_pad__7925.jpg,land_pad,7925,occlusion,phase23,1,171,0,171,1,False,0.3827899098396301,,0.4363795360288522,0.0002700251639999987,0.404468,0.689386,0.31061399999999995,0.48995563035317696,0.26790942076962465,0.0021698887260118154,0.4899726242878819,0.2679088317158659,0.0021690703762125476
land_pad__7950.jpg,land_pad,7950,occlusion,phase23,1,191,0,191,1,False,0.039261020720005035,,0.3856648718681783,0.00025717388399999964,0.416825,0.721124,0.278876,0.4838746915897596,0.27740113886036005,0.002040328408934428,0.4838875155907038,0.2774011687855377,0.002039946163579941
land_pad__7975.jpg,land_pad,7975,occlusion,phase23,1,176,0,176,1,False,0.16724610328674316,,0.4215694862513513,0.00030466004400000037,0.418251,0.726327,0.27367300000000006,0.4759731946572402,0.2872238373302816,0.0018703305429166295,0.4759875198343381,0.2872247130816964,0.0018698643670482602
land_pad__8000.jpg,land_pad,8000,occlusion,phase23,1,171,0,171,1,False,0.04185960441827774,,0.4313622067234906,0.0002443102469999988,0.398764,0.662331,0.337669,0.46062243883638143,0.29795859389938134,0.0016955465912011814,0.46063035589201545,0.2979601991764541,0.0016949572838022974
land_pad__8025.jpg,land_pad,8025,occlusion,phase23,1,164,1,163,0,True,0.21800497174263,0.21800497174263,0.6329793950240487,0.0002631124679999995,0.369772,0.537461,0.369772,0.44550213876872374,0.30723000591040134,0.0015079060017755119,0.44550651816892517,0.30722997858092493,0.0015071944673157951
land_pad__8050.jpg,land_pad,8050,occlusion,phase23,1,142,1,141,0,True,0.37756821513175964,0.37756821513175964,0.5058836811499209,0.0002631124679999995,0.339354,0.476067,0.339354,0.4388706484995647,0.3088049151288869,0.0017347069175321958,0.4388733133781639,0.308805049102458,0.0017338447053729632
land_pad__8075.jpg,land_pad,8075,occlusion,phase23,1,137,1,136,0,True,0.2742600440979004,0.2742600440979004,0.5443936136700299,0.00025717388399999964,0.322719,0.460978,0.322719,0.4381850997521856,0.3103153696724622,0.0018721003704141024,0.4381903752032699,0.3103143830606016,0.0018711526018275885
land_pad__8100.jpg,land_pad,8100,occlusion,phase23,1,137,0,137,1,False,0.41014519333839417,,0.44503107979076784,0.0002492588400000001,0.289924,0.452653,0.289924,0.44369908656340273,0.3103816834882855,0.002559058330514434,0.4437037956792968,0.3103808721440915,0.002558174997709984
land_pad__8125.jpg,land_pad,8125,occlusion,phase23,1,137,0,137,1,False,0.15613581240177155,,0.39855083168184174,0.00025717388399999964,0.283745,0.432882,0.283745,0.4531202431238183,0.3095239841443993,0.0027562655962948437,0.45313090651722254,0.30952350643418736,0.0027557061707491433
land_pad__8150.jpg,land_pad,8150,occlusion,phase23,1,133,0,133,1,False,0.11563146859407425,,0.48389592342368676,0.0002443102469999988,0.283745,0.407388,0.283745,0.4585387326333896,0.30742278063149536,0.0028672508071238495,0.4585525806924853,0.3074237144959785,0.002867447391890398
land_pad__8175.jpg,land_pad,8175,occlusion,phase23,1,133,1,132,0,True,0.2930176258087158,0.2930176258087158,0.5487161258271358,0.0002017898300000008,0.274715,0.406348,0.274715,0.46424661554599395,0.3026719350888285,0.003163020082166676,0.4642627367038657,0.30267178653407745,0.0031629397110143004
land_pad__8200.jpg,land_pad,8200,occlusion,phase23,1,140,0,140,1,False,0.3025650978088379,,0.4632899240214208,0.0002057316929999995,0.261882,0.416233,0.261882,0.47054657086757823,0.2959434700049368,0.0034689043518192648,0.47056201319902347,0.2959449120549061,0.003469149895211206
land_pad__8225.jpg,land_pad,8225,occlusion,phase23,1,141,0,141,1,False,0.13431766629219055,,0.37473602928050426,0.0002017898300000008,0.26711,0.420916,0.26711,0.4664884611532463,0.2934793277724874,0.0033446029431709132,0.46650569170744854,0.293479496181562,0.003344545747791764
land_pad__8250.jpg,land_pad,8250,occlusion,phase23,1,138,1,137,0,True,0.17589527368545532,0.17589527368545532,0.559220804991449,0.00023144660999999938,0.289449,0.420395,0.289449,0.4626081380194543,0.29405479272699003,0.003121569507313791,0.4626225640507642,0.29405657933722706,0.0031216918163320447
land_pad__8275.jpg,land_pad,8275,occlusion,phase23,1,159,0,159,1,False,0.4164501130580902,,0.47568552332502306,0.00023740248400000175,0.274715,0.407908,0.274715,0.4387206860444847,0.29787839916145264,0.0027802414033624425,0.4387307443126177,0.2978781802608812,0.0027798168688051555
land_pad__8300.jpg,land_pad,8300,occlusion,phase23,1,135,1,134,0,True,0.21598376333713531,0.21598376333713531,0.569322024672065,0.00031850036399999946,0.257605,0.383455,0.257605,0.4279214846857146,0.3032182249398526,0.00199472416571549,0.4279257477156715,0.3032175849506421,0.0019937926545640517
land_pad__8325.jpg,land_pad,8325,occlusion,phase23,1,143,1,142,0,True,0.236536905169487,0.236536905169487,0.5682769534737255,0.0003481796370000014,0.245247,0.37565,0.245247,0.4213311700880681,0.3077958441463573,0.0014699310004807741,0.42132355947407785,0.30779435330199423,0.001468741217436682
land_pad__8350.jpg,land_pad,8350,occlusion,phase23,1,141,1,140,0,True,0.4938419759273529,0.4938419759273529,0.6363091889869364,0.00042040240000000036,0.209601,0.35744,0.209601,0.3960709099757461,0.3098161316423985,0.0007324380623046443,0.39604335350184844,0.30982061489965756,0.0007315921855407021
land_pad__8375.jpg,land_pad,8375,occlusion,phase23,1,137,1,136,0,True,0.12470627576112747,0.12470627576112747,0.7201719528185732,0.0007616514600000007,0.18251,0.33871,0.18251,0.4065866256608955,0.31335911774855785,0.0003917821041854732,0.40654453066445184,0.3133625259112946,0.00039117667101659843
land_pad__8400.jpg,land_pad,8400,occlusion,phase23,1,124,1,123,0,True,0.16734613478183746,0.16734613478183746,0.6279833835416451,0.0009149615280000012,0.201046,0.333507,0.201046,0.4382953877119071,0.3168844443757065,0.0005150165208974054,0.43829195478969457,0.31687777466489114,0.0005137743901369896
land_pad__8425.jpg,land_pad,8425,occlusion,phase23,1,151,0,151,1,False,0.4012456238269806,,0.49454296305374734,0.0007399019399999979,0.311787,0.426639,0.311787,0.4998045212632875,0.29899292083779244,0.00038029124191196577,0.4998545371943741,0.2989803571385529,0.0003810369305669947
land_pad__8450.jpg,land_pad,8450,occlusion,phase23,1,130,1,129,0,True,0.2142619490623474,0.2142619490623474,0.6060336968605533,0.0006923806200000022,0.492395,0.32102,0.32102,0.5585919836572731,0.21129423023253194,0.000431298793671156,0.5586467125832618,0.21126089864778685,0.0004328052639805801
land_pad__8475.jpg,land_pad,8475,occlusion,phase23,1,115,1,114,0,True,0.08935937285423279,0.08935937285423279,0.5509964403550178,0.0008308858799999962,0.655894,0.187825,0.187825,0.555263426158774,0.15836818858711305,0.0006434633351562772,0.5553535510341319,0.15829033726585334,0.0006464770254260742
land_pad__8500.jpg,land_pad,8500,occlusion,phase23,1,114,1,113,0,True,0.24633386731147766,0.24633386731147766,0.6055005995538847,0.000750753556999999,0.721008,0.220083,0.220083,0.5388039955025228,0.15468232126298767,0.0008040427712719047,0.5388779759459602,0.15462039384009185,0.000806399098647687
land_pad__8525.jpg,land_pad,8525,occlusion,phase23,1,128,1,127,0,True,0.14213667809963226,0.14213667809963226,0.6048859131031622,0.0007962504599999989,0.687738,0.332466,0.31226200000000004,0.5299263616850816,0.16501166267879694,0.0007098630408161595,0.5300111024971271,0.16494254601428004,0.0007129419248332167
land_pad__8550.jpg,land_pad,8550,occlusion,phase23,1,138,1,137,0,True,0.045097656548023224,0.015605761669576168,0.6054291425642742,0.0007913174359999958,0.652567,0.344433,0.344433,0.5307306080818514,0.1659116417768139,0.0007280322292899787,0.5308093791003542,0.16584080243617796,0.0007301217767865105
land_pad__8575.jpg,land_pad,8575,occlusion,phase23,1,138,1,137,0,True,0.07033798098564148,0.046226054430007935,0.5870884453467508,0.0008308858800000042,0.690114,0.342872,0.309886,0.5316148435056831,0.15976474163751486,0.0007186662303900217,0.5316976370556372,0.15968680399204666,0.0007206638974636627
land_pad__8600.jpg,land_pad,8600,occlusion,phase23,1,139,1,138,0,True,0.08731230348348618,0.08731230348348618,0.654022809123951,0.0008744167000000014,0.672053,0.262227,0.262227,0.5292045868805892,0.14959267949681634,0.0007571007415588763,0.5292895022480019,0.14950334544446756,0.0007588063176026533
land_pad__8625.jpg,land_pad,8625,occlusion,phase23,1,137,1,136,0,True,0.2295036017894745,0.2295036017894745,0.7861360558341316,0.0009001203000000018,0.64924,0.220083,0.220083,0.5231861040273956,0.147870663775131,0.000753305768996373,0.5232645453302054,0.1477832291819576,0.0007544037288716952
land_pad__8650.jpg,land_pad,8650,occlusion,phase23,1,131,1,130,0,True,0.26079556345939636,0.26079556345939636,0.7279549211241849,0.0007359340120000038,0.635932,0.201353,0.201353,0.5268243382625442,0.150187109234366,0.0007586443265732999,0.5268789159072151,0.15012367476320335,0.0007594406362179875
land_pad__8675.jpg,land_pad,8675,occlusion,phase23,1,143,1,142,0,True,0.06981121003627777,0.06981121003627777,0.6860009346948865,0.0008783846279999966,0.60076,0.273153,0.273153,0.5243229016718758,0.16041894117046673,0.0006904014969269551,0.5243878905744213,0.16034994842910896,0.0006916081513068704
land_pad__8700.jpg,land_pad,8700,occlusion,phase23,1,130,1,129,0,True,0.2264319658279419,0.2264319658279419,0.6816175244488041,0.0009515769300000026,0.543726,0.32206,0.32206,0.5245757121490457,0.17046316317879565,0.0006726244783937114,0.5246603365908468,0.17038166062551494,0.0006744271552862609
land_pad2__2050.jpg,land_pad2,2050,occlusion,phase23,1,181,1,180,0,True,0.15085937082767487,0.00623340904712677,0.7965840023038118,0.24079716533099993,0.704848,0.665453,0.29515199999999997,0.48780909585517884,0.23891656731350816,0.00618646631322919,0.5128770308644143,0.22256056956715484,0.006012902097846759
land_pad2__2075.jpg,land_pad2,2075,occlusion,phase23,1,144,1,143,0,True,0.0795363187789917,0.0795363187789917,0.6432030699342884,0.18180394185599996,0.16302300000000003,0.712279,0.16302300000000003,0.5497918330276289,0.21175473588101412,0.006950434760986197,0.5596012589088207,0.205059605782134,0.006648261598100357
land_pad2__2100.jpg,land_pad2,2100,occlusion,phase23,1,152,1,151,0,True,0.13958851993083954,0.015699641779065132,0.7148271117969855,0.21312163179000002,0.238118,0.715921,0.238118,0.4980180673338404,0.20993603732935723,0.006352613707600164,0.5091833151756961,0.20214439842115434,0.006036236379633544
land_pad2__2125.jpg,land_pad2,2125,occlusion,phase23,1,173,1,172,0,True,0.27537646889686584,0.01079621259123087,0.779476751654608,0.211238529438,0.361217,0.7263267499999999,0.2736732500000001,0.5167506316770821,0.2167323472067036,0.005783557996890067,0.5305598269900301,0.20740163805398068,0.005452844111191555
land_pad2__2150.jpg,land_pad2,2150,occlusion,phase23,1,199,1,198,0,True,0.1195865198969841,0.011556754820048809,0.7571275531606602,0.22493207709999993,0.33602699999999996,0.484912,0.33602699999999996,0.4958058534698467,0.2264833562593162,0.005358433856756408,0.5138789088474204,0.2135910524772192,0.005097284928294339
land_pad2__2175.jpg,land_pad2,2175,occlusion,phase23,1,183,1,182,0,True,0.09962528198957443,0.009944434277713299,0.6173861991256516,0.202008662232,0.3179660000000001,0.27835600000000005,0.27835600000000005,0.5161069490646664,0.22887310395448526,0.006312998194197755,0.5390091678806024,0.2126563119150485,0.006179843866309408
land_pad2__2200.jpg,land_pad2,2200,occlusion,phase23,1,200,1,199,0,True,0.0539088249206543,0.008158205077052116,0.7061052930117755,0.24893279037200003,0.47813700000000003,0.3298650000000001,0.3298650000000001,0.5026663991702647,0.24064824156328027,0.005614592791648032,0.5311414571090698,0.22146729692242045,0.0054319960428188315
land_pad2__2225.jpg,land_pad2,2225,occlusion,phase23,1,204,1,203,0,True,0.21814283728599548,0.009979983791708946,0.6943509536357083,0.28852421463800004,0.623099,0.3371489999999999,0.3371489999999999,0.47974423837342955,0.25153584781242344,0.004364905357324534,0.5074844686453175,0.23190003945124113,0.004166603314003643
land_pad2__2250.jpg,land_pad2,2250,occlusion,phase23,1,218,1,217,0,True,0.09069491922855377,0.006449670065194368,0.6297311310188173,0.28441178891999996,0.60789,0.385016,0.385016,0.48121807139904127,0.25164267456615996,0.004138084841699004,0.5061819675306848,0.23351001536154678,0.0038963698716435492
land_pad2__2275.jpg,land_pad2,2275,occlusion,phase23,1,190,1,189,0,True,0.29097437858581543,0.013074740767478943,0.7699862387866631,0.25798921491200005,0.688213,0.4120710000000001,0.31178700000000004,0.4942079154574827,0.26152582163073473,0.0040780165731971185,0.5185893358463097,0.24530440512272414,0.00390912126021814
land_pad2__2300.jpg,land_pad2,2300,occlusion,phase23,1,170,1,169,0,True,0.2778129577636719,0.020484210923314095,0.6860808110488703,0.25757993747200003,0.803232,0.33871,0.19676800000000005,0.48870363392465704,0.2582006967764469,0.004932559740802263,0.5172246542310318,0.24042504280905516,0.00485746410549282
land_pad2__2325.jpg,land_pad2,2325,occlusion,phase23,1,187,1,186,0,True,0.14492110908031464,0.05318077653646469,0.6778203729093234,0.27903436764600004,0.361217,0.390739,0.361217,0.47221110369186153,0.238485767278236,0.0036089500043226803,0.4848696804542907,0.22515728426369727,0.0033617458241179416
land_pad2__2350.jpg,land_pad2,2350,occlusion,phase23,1,193,1,192,0,True,0.10295531153678894,0.10295531153678894,0.7488952666236717,0.2938119927119999,0.429658,0.45265299999999997,0.429658,0.4681879011718717,0.23448779351269572,0.0032122642279666753,0.478869940968478,0.22169749383540047,0.0029357071803822743
land_pad2__2375.jpg,land_pad2,2375,occlusion,phase23,1,188,1,187,0,True,0.19956380128860474,0.011647519655525684,0.6654227562853965,0.27436936383999994,0.480989,0.4994799999999999,0.480989,0.47869144065043834,0.2321968551726955,0.002866948463354331,0.4860777471155115,0.22120955023479533,0.002589797854809228
land_pad2__2400.jpg,land_pad2,2400,occlusion,phase23,1,213,1,212,0,True,0.39763808250427246,0.010519646108150482,0.7130405548678811,0.371244923442,0.476236,0.572841,0.42715899999999996,0.4828364789374123,0.2277492789690044,0.0031315003500819913,0.49298024041006383,0.21336027076110578,0.0026239437791911453
land_pad2__2425.jpg,land_pad2,2425,occlusion,phase23,1,231,1,230,0,True,0.23756897449493408,0.031387344002723694,0.6800036662865602,0.348776078376,0.484316,0.635276,0.36472400000000005,0.46845761248755124,0.21601485687008973,0.0020680633471677535,0.4762390230857618,0.20241807260835085,0.0017746194104568892
land_pad2__2450.jpg,land_pad2,2450,occlusion,phase23,1,192,1,191,0,True,0.4276863634586334,0.0062508960254490376,0.6086779721525871,0.5006960249760001,0.512833,0.62435,0.37565000000000004,0.46744485000767694,0.20790074911153725,0.0013539698003832464,0.4752468232280904,0.18740376677745071,0.0010265353441036263
land_pad2__2475.jpg,land_pad2,2475,occlusion,phase23,1,180,0,180,1,False,0.21109884977340698,,0.42680035040215625,0.786116673615,0.554183,0.528096,0.445817,0.4773776205900237,0.18547290422817592,0.0012235378639782314,0.483394334615501,0.15222478940784914,0.0007631107905932703
land_pad2__2500.jpg,land_pad2,2500,occlusion,phase23,1,155,1,154,0,True,0.14344321191310883,0.0052135358564555645,0.5002688002058279,0.738113872776,0.539449,0.510406,0.46055100000000004,0.5237393204117364,0.1970226762223471,0.0012623375624498576,0.5295351016490206,0.16603454089816902,0.0009105024991744391
land_pad2__2525.jpg,land_pad2,2525,occlusion,phase23,1,116,0,116,1,False,0.3839666247367859,,0.449442225064439,0.8909045402879998,0.52424,0.501561,0.47575999999999996,0.5121421682864238,0.22380743053805952,0.0012298566795515865,0.5165267353266625,0.19079167471186373,0.0008274519474468262
land_pad__6500.jpg,land_pad,6500,mixed,phase23,1,88,0,88,1,False,0.006032358855009079,,0.013061615135911184,0.00043225391300000216,0.670627,0.287721,0.287721,0.48355316836222,0.26178951086334484,0.004572898163985291,0.2008059104912663,0.10876571373375926,0.0026920333406402555
land_pad__6525.jpg,land_pad,6525,mixed,phase23,1,78,0,78,1,False,0.005809611175209284,,0.01226695345873604,0.00047478071399999824,0.654943,0.292404,0.292404,0.4868440878446392,0.25917797385224367,0.004581368878270051,0.2022628814684497,0.10764349432355953,0.0027014240998116186
land_pad__6550.jpg,land_pad,6550,mixed,phase23,1,77,0,77,1,False,0.006204004865139723,,0.00429954510021363,0.0005341330559999971,0.641635,0.297086,0.297086,0.4919546384132125,0.25573783464918604,0.00461422948357095,0.20430962072377173,0.10622852181932876,0.0027048148307004514
land_pad__6575.jpg,land_pad,6575,mixed,phase23,1,71,0,71,1,False,0.007718698121607304,,0.008618544213320053,0.00043225391300000216,0.634506,0.302289,0.302289,0.4876673452603522,0.2519039179842841,0.004545558014798434,0.20263444778013295,0.10476398164527771,0.002708212055067166
land_pad__6600.jpg,land_pad,6600,mixed,phase23,1,70,0,70,1,False,0.009404456242918968,,0.005689148211027073,0.0006172327699999982,0.610266,0.306972,0.306972,0.4912540080821463,0.25056730126439536,0.004342761835610742,0.20400917990552758,0.10452599669931835,0.002712012717834877
land_pad__6625.jpg,land_pad,6625,mixed,phase23,1,78,0,78,1,False,0.030001604929566383,,0.003159424523824376,0.00045699006600000185,0.568916,0.297607,0.297607,0.4909464919530364,0.25091537963115074,0.0039660334689541835,0.2038835077994829,0.10493509685534633,0.0027070898748511856
land_pad__6650.jpg,land_pad,6650,mixed,phase23,1,79,0,79,1,False,0.01241673156619072,,0.029122036176298424,0.0003531283199999987,0.550856,0.289802,0.289802,0.48822115125393184,0.2495890729495641,0.0037996203491501186,0.20285320832376194,0.10450652077865237,0.0026987553652184533
land_pad__6675.jpg,land_pad,6675,mixed,phase23,1,74,0,74,1,False,0.014819670468568802,,0.006805208549752538,0.0004035798399999996,0.551806,0.292404,0.292404,0.48789138513407354,0.24672183520610028,0.003835576761872194,0.20259044819068717,0.10337103474071634,0.0027063328578414737
land_pad__6700.jpg,land_pad,6700,mixed,phase23,1,71,0,71,1,False,0.013309658505022526,,0.005141496946339368,0.00039466897200000195,0.554658,0.290843,0.290843,0.4893003727804412,0.24430190916989236,0.0037869163890721595,0.20317914586257624,0.10257647427059219,0.0027181078776887034
land_pad__6725.jpg,land_pad,6725,mixed,phase23,1,70,0,70,1,False,0.010604395531117916,,0.0052291536251082085,0.00034126064700000026,0.555608,0.289802,0.289802,0.48788363099678195,0.23973915282385633,0.0036568873314254324,0.20243923281597448,0.1009701804992016,0.0027318314236343543
land_pad__6750.jpg,land_pad,6750,mixed,phase23,1,77,0,77,1,False,0.01309286244213581,,0.003935499063584858,0.0002908064160000019,0.555133,0.287721,0.287721,0.48890773957549527,0.23766654342449423,0.0037202606239021578,0.2027342701758657,0.10038443469185483,0.0027318418974937005
land_pad__6775.jpg,land_pad,6775,mixed,phase23,1,73,0,73,1,False,0.013908348977565765,,0.011658943473208104,0.0003115876680000002,0.555608,0.28564,0.28564,0.48884628832838245,0.2373246972648215,0.0035884364363837386,0.20272963864013466,0.1004296638539447,0.0027388894663823646
land_pad__6800.jpg,land_pad,6800,mixed,phase23,1,70,0,70,1,False,0.011431334540247917,,0.0012452910010228122,0.00033234706800000036,0.554183,0.282518,0.282518,0.4872719269275549,0.2374631976935947,0.0035580674459726727,0.20204459416381496,0.10050389446261628,0.002733428533533858
land_pad__6825.jpg,land_pad,6825,mixed,phase23,1,73,0,73,1,False,0.01239466667175293,,0.006188522180367091,0.00034126064700000026,0.553707,0.282518,0.282518,0.4870248302293898,0.23823483437544285,0.0035728075110808633,0.20194962440727782,0.10078661971154869,0.002737731817501465
land_pad__6850.jpg,land_pad,6850,mixed,phase23,1,78,0,78,1,False,0.006988818291574717,,0.006402902567470019,0.00033234706800000036,0.552281,0.283559,0.283559,0.4867342808819281,0.23855015403086394,0.003460471332539192,0.20186080287865849,0.10101145831703245,0.0027380651240735167
land_pad__7450.jpg,land_pad,7450,mixed,phase23,1,77,1,76,0,True,0.007985343225300312,0.007985343225300312,0.5583571959814914,0.0003481796370000006,0.719582,0.080125,0.080125,0.4865315639160079,0.2726134689139426,0.003642657508343403,0.20272479763796336,0.11325521192588203,0.0026389501851768575
land_pad__7475.jpg,land_pad,7475,mixed,phase23,1,81,1,80,0,True,0.007923362776637077,0.002373968716710806,0.5310402868308688,0.0002819146890000002,0.722909,0.234651,0.234651,0.47916338405601977,0.2881050863722756,0.0034159457540576914,0.19987351718125201,0.11966399547123938,0.0026056323812326592
land_pad__7500.jpg,land_pad,7500,mixed,phase23,1,88,0,88,1,False,0.009629017673432827,,0.4678978429769161,0.00025717388399999964,0.72576,0.352758,0.27424000000000004,0.46456333268243566,0.2970070152141237,0.0032221698257971737,0.19400062126194553,0.12343235260330748,0.002567104896504614
land_pad__7525.jpg,land_pad,7525,mixed,phase23,1,89,0,89,1,False,0.02496049739420414,,0.42299702966095215,0.00024925884000000215,0.726236,0.41103,0.273764,0.4542895546146117,0.30173263547600465,0.0029045867925347386,0.18981419007900216,0.12555079554247137,0.002542552301994733
land_pad__7550.jpg,land_pad,7550,mixed,phase23,1,89,1,88,0,True,0.015674341470003128,0.015674341470003128,0.50447056029661,0.0002631124680000017,0.717681,0.345994,0.282319,0.43376021042222757,0.30197184784511194,0.002610929192025447,0.18128169876972602,0.1260349857577893,0.0025366915566555964
land_pad__7575.jpg,land_pad,7575,mixed,phase23,1,96,0,96,1,False,0.029879366979002953,,0.41281020783698863,0.0002828888009999988,0.681084,0.227888,0.227888,0.413421604818597,0.3003896279508527,0.00242568492773498,0.17259319763166378,0.1259524459661014,0.0025360197954900467
land_pad__7600.jpg,land_pad,7600,mixed,phase23,1,100,0,100,1,False,0.008810333907604218,,0.4014588175741754,0.00025717388399999893,0.684886,0.235172,0.235172,0.4150731158125208,0.3018541432296127,0.0023730603914509656,0.17324963054386874,0.1266026825410154,0.002534411662269704
land_pad__7625.jpg,land_pad,7625,mixed,phase23,1,88,0,88,1,False,0.007697951979935169,,0.2696109525260837,0.00028288880099999953,0.673479,0.301769,0.301769,0.4252266601437267,0.3044434077586137,0.002011470713991252,0.17735935046163698,0.12792436106130078,0.002541809470646075
land_pad__7650.jpg,land_pad,7650,mixed,phase23,1,84,0,84,1,False,0.0075261942110955715,,0.3683169109562297,0.0002700251639999987,0.629753,0.380333,0.370247,0.4448112563851386,0.30444310518966616,0.0018694810633598418,0.1856100007967483,0.1279500472785679,0.0025627868163563983
land_pad__7675.jpg,land_pad,7675,mixed,phase23,1,90,0,90,1,False,0.005959879606962204,,0.21849025952694312,0.0003046600440000029,0.574144,0.416233,0.416233,0.4698048773562358,0.29730758572521154,0.0017693072364031474,0.1958536738823201,0.1252061748694398,0.0025926000662205876
land_pad__7700.jpg,land_pad,7700,mixed,phase23,1,102,0,102,1,False,0.02962096408009529,,0.3527619868614283,0.0002492657639999986,0.53327,0.424037,0.424037,0.4828914599989312,0.2905264148482795,0.0017869824779460138,0.2012258286395395,0.12224923371873674,0.00259450978642798
land_pad__7725.jpg,land_pad,7725,mixed,phase23,1,96,0,96,1,False,0.03292013704776764,,0.37558906167074196,0.0002443102469999988,0.490019,0.426119,0.426119,0.4978070609275033,0.28136842551510177,0.001790713337142215,0.20735956070387854,0.11862662340598916,0.002627310309588818
land_pad__7750.jpg,land_pad,7750,mixed,phase23,1,94,0,94,1,False,0.012513488531112671,,0.34667846922845963,0.0002700251639999987,0.463403,0.44589,0.44589,0.5123704013679556,0.2638644091964657,0.0017017164033486056,0.21324496642446905,0.11174834961579634,0.0026732394966452735
land_pad__7775.jpg,land_pad,7775,mixed,phase23,1,80,0,80,1,False,0.012598026543855667,,0.36409957714238317,0.00027696609600000045,0.457224,0.478668,0.457224,0.5226582602353639,0.24351420218098974,0.0015870822742989309,0.21705534328329953,0.10417889851949057,0.002703849116458998
land_pad__7800.jpg,land_pad,7800,mixed,phase23,1,89,0,89,1,False,0.008939847350120544,,0.2871089032796118,0.00023740248399999945,0.447719,0.527575,0.447719,0.5251414810037601,0.229453728720989,0.0018562749403345424,0.21790708813486673,0.09851664908938224,0.0027435441144199064
land_pad__7825.jpg,land_pad,7825,mixed,phase23,1,88,0,88,1,False,0.009560572914779186,,0.3396276367610069,0.0002700251639999987,0.444392,0.580125,0.419875,0.5121087739052602,0.23969508863917677,0.0018588677308651294,0.21279784479203992,0.10188431376558289,0.002702470335214238
land_pad__7850.jpg,land_pad,7850,mixed,phase23,1,87,0,87,1,False,0.01680530235171318,,0.36193457308039223,0.00025717388399999964,0.45865,0.633715,0.36628499999999997,0.5008531063834275,0.2584200005024963,0.0019570682787361494,0.20850699458870606,0.10898444308980039,0.0026584568556403472
land_pad__7875.jpg,land_pad,7875,mixed,phase23,1,94,0,94,1,False,0.006628796458244324,,0.4364087872232815,0.0002700251639999987,0.47576,0.672737,0.32726299999999997,0.49551127383291715,0.2656381535984084,0.0022228739723108085,0.20637026622331153,0.11174817248630042,0.0026369982595639127
land_pad__7900.jpg,land_pad,7900,mixed,phase23,1,95,0,95,1,False,0.005839368794113398,,0.4786405291715681,0.00030466004400000037,0.440114,0.682622,0.31737800000000005,0.4911805823368744,0.26380655478674625,0.0022781415864036097,0.20447612714861177,0.11106121441784433,0.002646534748520471
land_pad__7925.jpg,land_pad,7925,mixed,phase23,1,105,1,104,0,True,0.011975341476500034,0.011975341476500034,0.5325544275406362,0.0002700251639999987,0.404468,0.689386,0.31061399999999995,0.48995563035317696,0.26790942076962465,0.0021698887260118154,0.20393750359293136,0.1129445132860326,0.0026550262191499434
land_pad__7950.jpg,land_pad,7950,mixed,phase23,1,86,0,86,1,False,0.006994218099862337,,0.3629522724943269,0.00025717388399999964,0.416825,0.721124,0.278876,0.4838746915897596,0.27740113886036005,0.002040328408934428,0.20154086616545225,0.11677273738717057,0.0026258772679089194
land_pad__7975.jpg,land_pad,7975,mixed,phase23,1,71,1,70,0,True,0.04272192716598511,0.04272192716598511,0.5016888682778133,0.00030466004400000037,0.418251,0.726327,0.27367300000000006,0.4759731946572402,0.2872238373302816,0.0018703305429166295,0.1983313243950124,0.12090562568633885,0.002605376645496862
land_pad__8000.jpg,land_pad,8000,mixed,phase23,1,85,0,85,1,False,0.00734732486307621,,0.38449643075334516,0.0002443102469999988,0.398764,0.662331,0.337669,0.46062243883638143,0.29795859389938134,0.0016955465912011814,0.19221388804391154,0.1251554635859913,0.002566598173863761
land_pad__8025.jpg,land_pad,8025,mixed,phase23,1,82,0,82,1,False,0.018761638551950455,,0.49638472727678445,0.0002631124679999995,0.369772,0.537461,0.369772,0.44550213876872374,0.30723000591040134,0.0015079060017755119,0.18617646787292955,0.12883005619646354,0.002523982937145089
land_pad__8050.jpg,land_pad,8050,mixed,phase23,1,70,0,70,1,False,0.007844606414437294,,0.47015243714454796,0.0002631124679999995,0.339354,0.476067,0.339354,0.4388706484995647,0.3088049151288869,0.0017347069175321958,0.18354314500516014,0.12919365981573291,0.0025142420033509305
land_pad__8075.jpg,land_pad,8075,mixed,phase23,1,69,1,68,0,True,0.012872427701950073,0.012872427701950073,0.5051412641608887,0.00025717388399999964,0.322719,0.460978,0.322719,0.4381850997521856,0.3103153696724622,0.0018721003704141024,0.1833268631477391,0.1295461815505099,0.0025105966420139085
land_pad__8100.jpg,land_pad,8100,mixed,phase23,1,79,1,78,0,True,0.02478882297873497,0.02478882297873497,0.5488434947789383,0.0002492588400000001,0.289924,0.452653,0.289924,0.44369908656340273,0.3103816834882855,0.002559058330514434,0.18555008175785473,0.12922191054309695,0.0025222597699808154
land_pad__8125.jpg,land_pad,8125,mixed,phase23,1,65,0,65,1,False,0.012307983823120594,,0.46322041165570166,0.00025717388399999964,0.283745,0.432882,0.283745,0.4531202431238183,0.3095239841443993,0.0027562655962948437,0.18950931555444256,0.12891976005092118,0.00253154373480739
land_pad__8150.jpg,land_pad,8150,mixed,phase23,1,67,0,67,1,False,0.01104725245386362,,0.43373771473877254,0.0002443102469999988,0.283745,0.407388,0.283745,0.4585387326333896,0.30742278063149536,0.0028672508071238495,0.19165226196990154,0.12790244779975077,0.0025426027273308654
land_pad__8175.jpg,land_pad,8175,mixed,phase23,1,66,0,66,1,False,0.00644368352368474,,0.32711336220492765,0.0002017898300000008,0.274715,0.406348,0.274715,0.46424661554599395,0.3026719350888285,0.003163020082166676,0.19398217269918377,0.12590803152892382,0.002553489555209803
land_pad__8200.jpg,land_pad,8200,mixed,phase23,1,87,0,87,1,False,0.007922635413706303,,0.344600085355616,0.0002057316929999995,0.261882,0.416233,0.261882,0.47054657086757823,0.2959434700049368,0.0034689043518192648,0.19656269450801492,0.12312307547713638,0.0025660873780730337
land_pad__8225.jpg,land_pad,8225,mixed,phase23,1,83,0,83,1,False,0.009418214671313763,,0.38934852611716014,0.0002017898300000008,0.26711,0.420916,0.26711,0.4664884611532463,0.2934793277724874,0.0033446029431709132,0.1948028234214202,0.12206922465755485,0.002561113101119658
land_pad__8250.jpg,land_pad,8250,mixed,phase23,1,72,1,71,0,True,0.03527820110321045,0.03527820110321045,0.6555323814499868,0.00023144660999999938,0.289449,0.420395,0.289449,0.4626081380194543,0.29405479272699003,0.003121569507313791,0.19322258144423704,0.12241376901099026,0.002559358443359328
land_pad__8275.jpg,land_pad,8275,mixed,phase23,1,76,0,76,1,False,0.0071279387921094894,,0.3552188396611013,0.00023740248400000175,0.274715,0.407908,0.274715,0.4387206860444847,0.29787839916145264,0.0027802414033624425,0.1833888768510337,0.1240409875227838,0.002527009999638216
land_pad__8300.jpg,land_pad,8300,mixed,phase23,1,66,1,65,0,True,0.00729712750762701,0.00729712750762701,0.5754922614637359,0.00031850036399999946,0.257605,0.383455,0.257605,0.4279214846857146,0.3032182249398526,0.00199472416571549,0.1790201439220635,0.12676033618587487,0.002515086447197972
land_pad__8325.jpg,land_pad,8325,mixed,phase23,1,74,1,73,0,True,0.062389109283685684,0.062389109283685684,0.5217722624170956,0.0003481796370000014,0.245247,0.37565,0.245247,0.4213311700880681,0.3077958441463573,0.0014699310004807741,0.17621348369610199,0.12918707131111695,0.002505756005327232
land_pad__8350.jpg,land_pad,8350,mixed,phase23,1,80,1,79,0,True,0.05593014881014824,0.05593014881014824,0.5536880829646671,0.00042040240000000036,0.209601,0.35744,0.209601,0.3960709099757461,0.3098161316423985,0.0007324380623046443,0.16603638214840105,0.1304544336167925,0.0024460649919416533
land_pad__8375.jpg,land_pad,8375,mixed,phase23,1,79,1,78,0,True,0.08416181802749634,0.08416181802749634,0.611072430912792,0.0007616514600000007,0.18251,0.33871,0.18251,0.4065866256608955,0.31335911774855785,0.0003917821041854732,0.17035001376660003,0.1321785607165015,0.002453661241696049
land_pad__8400.jpg,land_pad,8400,mixed,phase23,1,89,1,88,0,True,0.09997120499610901,0.09997120499610901,0.6230338165964637,0.0009149615280000012,0.201046,0.333507,0.201046,0.4382953877119071,0.3168844443757065,0.0005150165208974054,0.18319908474026897,0.13391063992493882,0.0025145434228166907
land_pad__8425.jpg,land_pad,8425,mixed,phase23,1,79,0,79,1,False,0.18584667146205902,,0.45481425274574333,0.0007399019399999979,0.311787,0.426639,0.311787,0.4998045212632875,0.29899292083779244,0.00038029124191196577,0.20827162413217856,0.12713574507898867,0.0026092612783593324
land_pad__8450.jpg,land_pad,8450,mixed,phase23,1,71,1,70,0,True,0.044019393622875214,0.044019393622875214,0.5412659084691891,0.0006923806200000022,0.492395,0.32102,0.32102,0.5585919836572731,0.21129423023253194,0.000431298793671156,0.2315838579885807,0.09340827502079674,0.0027887182970174882
land_pad__8475.jpg,land_pad,8475,mixed,phase23,1,82,1,81,0,True,0.014532738365232944,0.014532738365232944,0.5653826351652993,0.0008308858799999962,0.655894,0.187825,0.187825,0.555263426158774,0.15836818858711305,0.0006434633351562772,0.2293785410010773,0.07425192303584925,0.00288478370510677
land_pad__8500.jpg,land_pad,8500,mixed,phase23,1,77,1,76,0,True,0.06540535390377045,0.06540535390377045,0.641086843985821,0.000750753556999999,0.721008,0.220083,0.220083,0.5388039955025228,0.15468232126298767,0.0008040427712719047,0.22245151685898404,0.07255463570033466,0.0028819279447579423
land_pad__8525.jpg,land_pad,8525,mixed,phase23,1,75,1,74,0,True,0.03887827321887016,0.03887827321887016,0.5845658599686788,0.0007962504599999989,0.687738,0.332466,0.31226200000000004,0.5299263616850816,0.16501166267879694,0.0007098630408161595,0.21881845334169953,0.0763642710791776,0.002861977949251233
land_pad__8550.jpg,land_pad,8550,mixed,phase23,1,84,1,83,0,True,0.06796737015247345,0.004092609044164419,0.6402400362563528,0.0007913174359999958,0.652567,0.344433,0.344433,0.5307306080818514,0.1659116417768139,0.0007280322292899787,0.21918225000005817,0.07673342162409559,0.002866661880119206
land_pad__8575.jpg,land_pad,8575,mixed,phase23,1,84,1,83,0,True,0.04367460682988167,0.04367460682988167,0.5505302421026007,0.0008308858800000042,0.690114,0.342872,0.309886,0.5316148435056831,0.15976474163751486,0.0007186662303900217,0.219471821837466,0.07451310179363133,0.0028874875130834943
land_pad__8600.jpg,land_pad,8600,mixed,phase23,1,96,1,95,0,True,0.031220784410834312,0.031220784410834312,0.557010339592895,0.0008744167000000014,0.672053,0.262227,0.262227,0.5292045868805892,0.14959267949681634,0.0007571007415588763,0.21841841511019539,0.07079370032571058,0.002885198548321665
land_pad__8625.jpg,land_pad,8625,mixed,phase23,1,99,1,98,0,True,0.07369548827409744,0.07369548827409744,0.8090872789953703,0.0009001203000000018,0.64924,0.220083,0.220083,0.5231861040273956,0.147870663775131,0.000753305768996373,0.2159445660254898,0.07016563535198188,0.0028967627364047
land_pad__8650.jpg,land_pad,8650,mixed,phase23,1,93,1,92,0,True,0.013195610605180264,0.013195610605180264,0.7501561245687328,0.0007359340120000038,0.635932,0.201353,0.201353,0.5268243382625442,0.150187109234366,0.0007586443265732999,0.21752485067176272,0.0709138709592983,0.0028881706474942594
land_pad__8675.jpg,land_pad,8675,mixed,phase23,1,100,1,99,0,True,0.07250303775072098,0.07250303775072098,0.7483384493940695,0.0008783846279999966,0.60076,0.273153,0.273153,0.5243229016718758,0.16041894117046673,0.0006904014969269551,0.21657029658818733,0.07449167538921096,0.002864337858042994
land_pad__8700.jpg,land_pad,8700,mixed,phase23,1,89,1,88,0,True,0.16093765199184418,0.16093765199184418,0.597762322006145,0.0009515769300000026,0.543726,0.32206,0.32206,0.5245757121490457,0.17046316317879565,0.0006726244783937114,0.21681925521026432,0.07824629881059961,0.0028526983461603797
land_pad2__2050.jpg,land_pad2,2050,mixed,phase23,1,132,1,131,0,True,0.009597624652087688,0.00404966389760375,0.7094150218426509,0.24079716533099993,0.704848,0.665453,0.29515199999999997,0.48780909585517884,0.23891656731350816,0.00618646631322919,0.21158726453353804,0.09176395310935809,0.0026022864042585464
land_pad2__2075.jpg,land_pad2,2075,mixed,phase23,1,116,1,115,0,True,0.042599596083164215,0.004262818489223719,0.7660760245174282,0.18180394185599996,0.16302300000000003,0.712279,0.16302300000000003,0.5497918330276289,0.21175473588101412,0.006950434760986197,0.23133585748151678,0.08368932894350842,0.0026925456898686927
land_pad2__2100.jpg,land_pad2,2100,mixed,phase23,1,134,1,133,0,True,0.21694405376911163,0.0051255058497190475,0.6798257285460486,0.21312163179000002,0.238118,0.715921,0.238118,0.4980180673338404,0.20993603732935723,0.006352613707600164,0.21038156406728903,0.08306959139951316,0.0026398658615369567
land_pad2__2125.jpg,land_pad2,2125,mixed,phase23,1,150,1,149,0,True,0.1422559767961502,0.007941467687487602,0.7094405386295577,0.211238529438,0.361217,0.7263267499999999,0.2736732500000001,0.5167506316770821,0.2167323472067036,0.005783557996890067,0.21900284975212747,0.08619318973780409,0.0026651606819176384
land_pad2__2150.jpg,land_pad2,2150,mixed,phase23,1,139,1,138,0,True,0.03958269581198692,0.005763852037489414,0.5802081638089136,0.22493207709999993,0.33602699999999996,0.484912,0.33602699999999996,0.4958058534698467,0.2264833562593162,0.005358433856756408,0.2122173977704858,0.08920317226833618,0.002638526075093474
land_pad2__2175.jpg,land_pad2,2175,mixed,phase23,1,139,1,138,0,True,0.016134755685925484,0.004365137312561274,0.8848213630395859,0.202008662232,0.3179660000000001,0.27835600000000005,0.27835600000000005,0.5161069490646664,0.22887310395448526,0.006312998194197755,0.2222155839462747,0.0871603059390591,0.002664958297463967
land_pad2__2200.jpg,land_pad2,2200,mixed,phase23,1,139,1,138,0,True,0.020909206941723824,0.004040246829390526,0.7880097851715843,0.24893279037200003,0.47813700000000003,0.3298650000000001,0.3298650000000001,0.5026663991702647,0.24064824156328027,0.005614592791648032,0.21882321288469953,0.09145388486987399,0.002606264404154556
land_pad2__2225.jpg,land_pad2,2225,mixed,phase23,1,131,1,130,0,True,0.017897721379995346,0.005829679314047098,0.6250150873202841,0.28852421463800004,0.623099,0.3371489999999999,0.3371489999999999,0.47974423837342955,0.25153584781242344,0.004364905357324534,0.20970287728532738,0.09668504054086514,0.0025461916147178285
land_pad2__2250.jpg,land_pad2,2250,mixed,phase23,1,146,1,145,0,True,0.010789191350340843,0.006204564124345779,0.7381136305611942,0.28441178891999996,0.60789,0.385016,0.385016,0.48121807139904127,0.25164267456615996,0.004138084841699004,0.20921966148206206,0.09797254192087165,0.002557376268496136
land_pad2__2275.jpg,land_pad2,2275,mixed,phase23,1,133,1,132,0,True,0.017397888004779816,0.007232609670609236,0.6411144681410293,0.25798921491200005,0.688213,0.4120710000000001,0.31178700000000004,0.4942079154574827,0.26152582163073473,0.0040780165731971185,0.21407854975987772,0.10277997927738575,0.002570834010480706
land_pad2__2300.jpg,land_pad2,2300,mixed,phase23,1,158,1,157,0,True,0.022436324506998062,0.007158971391618252,0.7464768649783112,0.25757993747200003,0.803232,0.33871,0.19676800000000005,0.48870363392465704,0.2582006967764469,0.004932559740802263,0.21346417693304356,0.0990748476635138,0.0025484944586267357
land_pad2__2325.jpg,land_pad2,2325,mixed,phase23,1,162,1,161,0,True,0.10404815524816513,0.006032078061252832,0.6537428555644051,0.27903436764600004,0.361217,0.390739,0.361217,0.47221110369186153,0.238485767278236,0.0036089500043226803,0.20195380597806364,0.09473527814515212,0.002578633718126371
land_pad2__2350.jpg,land_pad2,2350,mixed,phase23,1,170,1,169,0,True,0.0229104645550251,0.005833862349390984,0.6617528220573127,0.2938119927119999,0.429658,0.45265299999999997,0.429658,0.4681879011718717,0.23448779351269572,0.0032122642279666753,0.19975559921249933,0.09361482551245054,0.0025642021572520523
land_pad2__2375.jpg,land_pad2,2375,mixed,phase23,1,156,1,155,0,True,0.0995459258556366,0.005500867962837219,0.6538909086443719,0.27436936383999994,0.480989,0.4994799999999999,0.480989,0.47869144065043834,0.2321968551726955,0.002866948463354331,0.20245643621711987,0.0937836562031644,0.00258953667677975
land_pad2__2400.jpg,land_pad2,2400,mixed,phase23,1,154,1,153,0,True,0.07155420631170273,0.006347775924950838,0.6364529274969336,0.371244923442,0.476236,0.572841,0.42715899999999996,0.4828364789374123,0.2277492789690044,0.0031315003500819913,0.20561091546687008,0.09091550918104281,0.0025335989421075866
land_pad2__2425.jpg,land_pad2,2425,mixed,phase23,1,167,1,166,0,True,0.03793003782629967,0.014117082580924034,0.6854292957694096,0.348776078376,0.484316,0.635276,0.36472400000000005,0.46845761248755124,0.21601485687008973,0.0020680633471677535,0.19841198061147597,0.08739485683686504,0.0025372043744038442
land_pad2__2450.jpg,land_pad2,2450,mixed,phase23,1,117,1,116,0,True,0.028680074959993362,0.006503517739474773,0.6073528965923398,0.5006960249760001,0.512833,0.62435,0.37565000000000004,0.46744485000767694,0.20790074911153725,0.0013539698003832464,0.19822302248746365,0.08201708378734762,0.002406648960277917
land_pad2__2475.jpg,land_pad2,2475,mixed,phase23,1,112,1,111,0,True,0.03625207766890526,0.004446996375918388,0.5481353276848424,0.786116673615,0.554183,0.528096,0.445817,0.4773776205900237,0.18547290422817592,0.0012235378639782314,0.1994371869494961,0.06824934405092178,0.0021748933646728247
land_pad2__2500.jpg,land_pad2,2500,mixed,phase23,1,131,1,130,0,True,0.09444421529769897,0.005659092683345079,0.6172933187984658,0.738113872776,0.539449,0.510406,0.46055100000000004,0.5237393204117364,0.1970226762223471,0.0012623375624498576,0.21926376735633119,0.07270738165900069,0.0022331458406822753
land_pad2__2525.jpg,land_pad2,2525,mixed,phase23,1,106,1,105,0,True,0.04536833614110947,0.0065237972885370255,0.5209711108811642,0.8909045402879998,0.52424,0.501561,0.47575999999999996,0.5121421682864238,0.22380743053805952,0.0012298566795515865,0.21493148934595507,0.08243668339811222,0.002082820834804487
