frame_id,sequence,condition,model,target_index,class_id,x0,y0,x1,y1,area_ratio,center_x,center_y,edge_distance,detected,matched_prediction_index,matched_confidence,match_iou
land_pad__6500.jpg,land_pad,clean,baseline,0,0,0.6615964999999999,0.2757545,0.6796575,0.2996875,0.00043225391300000216,0.670627,0.287721,0.287721,True,39,0.0051232450641691685,0.501101381299094
land_pad__6525.jpg,land_pad,clean,baseline,0,0,0.6454375000000001,0.27991699999999997,0.6644485,0.304891,0.00047478071399999824,0.654943,0.292404,0.292404,True,32,0.005241316743195057,0.5503117938776768
land_pad__6550.jpg,land_pad,clean,baseline,0,0,0.6321295,0.283038,0.6511404999999999,0.311134,0.0005341330559999971,0.641635,0.297086,0.297086,True,42,0.0029453851748257875,0.6435922148085638
land_pad__6575.jpg,land_pad,clean,baseline,0,0,0.6254755,0.2903225,0.6435365000000001,0.31425549999999997,0.00043225391300000216,0.634506,0.302289,0.302289,True,52,0.0025820755399763584,0.7775958151466004
land_pad__6600.jpg,land_pad,clean,baseline,0,0,0.598859,0.2934445,0.6216729999999999,0.32049950000000005,0.0006172327699999982,0.610266,0.306972,0.306972,True,36,0.005089051555842161,0.6757920690320939
land_pad__6625.jpg,land_pad,clean,baseline,0,0,0.558935,0.2861605,0.578897,0.30905350000000004,0.00045699006600000185,0.568916,0.297607,0.297607,True,167,0.001495605451054871,0.6786451182052216
land_pad__6650.jpg,land_pad,clean,baseline,0,0,0.542776,0.278876,0.558936,0.300728,0.0003531283199999987,0.550856,0.289802,0.289802,True,12,0.007993543520569801,0.5513066322410359
land_pad__6675.jpg,land_pad,clean,baseline,0,0,0.543726,0.27991699999999997,0.559886,0.304891,0.0004035798399999996,0.551806,0.292404,0.292404,True,1,0.016242550686001778,0.5338768625458489
land_pad__6700.jpg,land_pad,clean,baseline,0,0,0.5456274999999999,0.279917,0.5636885,0.301769,0.00039466897200000195,0.554658,0.290843,0.290843,True,2,0.018505394458770752,0.5922708041610744
land_pad__6725.jpg,land_pad,clean,baseline,0,0,0.5484785,0.2778355,0.5627375,0.3017685,0.00034126064700000026,0.555608,0.289802,0.289802,True,5,0.01013073232024908,0.5249902583612953
land_pad__6750.jpg,land_pad,clean,baseline,0,0,0.5484789999999999,0.276795,0.561787,0.298647,0.0002908064160000019,0.555133,0.287721,0.287721,False,,,
land_pad__6775.jpg,land_pad,clean,baseline,0,0,0.5484785,0.274714,0.5627375,0.296566,0.0003115876680000002,0.555608,0.28564,0.28564,True,5,0.012521391734480858,0.5416886579637172
land_pad__6800.jpg,land_pad,clean,baseline,0,0,0.5465785,0.271592,0.5617875,0.293444,0.00033234706800000036,0.554183,0.282518,0.282518,False,,,
land_pad__6825.jpg,land_pad,clean,baseline,0,0,0.5465774999999999,0.2705515,0.5608365,0.2944845,0.00034126064700000026,0.553707,0.282518,0.282518,False,,,
land_pad__6850.jpg,land_pad,clean,baseline,0,0,0.5446765,0.272633,0.5598855,0.294485,0.00033234706800000036,0.552281,0.283559,0.283559,False,,,
land_pad__7450.jpg,land_pad,clean,baseline,0,0,0.7119775,0.0686785,0.7271865000000001,0.0915715,0.0003481796370000006,0.719582,0.080125,0.080125,True,1,0.02644280157983303,0.7278328489650812
land_pad__7475.jpg,land_pad,clean,baseline,0,0,0.7157795,0.2247655,0.7300385,0.2445365,0.0002819146890000002,0.722909,0.234651,0.234651,True,1,0.04749591276049614,0.6215231259682673
land_pad__7500.jpg,land_pad,clean,baseline,0,0,0.7195815,0.342352,0.7319384999999999,0.36316400000000004,0.00025717388399999964,0.72576,0.352758,0.27424000000000004,False,,,
land_pad__7525.jpg,land_pad,clean,baseline,0,0,0.7195819999999999,0.401665,0.73289,0.420395,0.00024925884000000215,0.726236,0.41103,0.273764,False,,,
land_pad__7550.jpg,land_pad,clean,baseline,0,0,0.711027,0.33610850000000003,0.7243350000000001,0.3558795,0.0002631124680000017,0.717681,0.345994,0.282319,True,0,0.08365512639284134,0.6365497860641106
land_pad__7575.jpg,land_pad,clean,baseline,0,0,0.6749055,0.2164415,0.6872625,0.2393345,0.0002828888009999988,0.681084,0.227888,0.227888,True,44,0.0036808201111853123,0.615267377596504
land_pad__7600.jpg,land_pad,clean,baseline,0,0,0.6787075,0.224766,0.6910645,0.245578,0.00025717388399999893,0.684886,0.235172,0.235172,False,,,
land_pad__7625.jpg,land_pad,clean,baseline,0,0,0.6673005000000001,0.2903225,0.6796575,0.31321550000000004,0.00028288880099999953,0.673479,0.301769,0.301769,False,,,
land_pad__7650.jpg,land_pad,clean,baseline,0,0,0.6235745,0.369407,0.6359315,0.39125899999999997,0.0002700251639999987,0.629753,0.380333,0.370247,False,,,
land_pad__7675.jpg,land_pad,clean,baseline,0,0,0.5674899999999999,0.4047865,0.580798,0.42767950000000005,0.0003046600440000029,0.574144,0.416233,0.416233,False,,,
land_pad__7700.jpg,land_pad,clean,baseline,0,0,0.5275665,0.413111,0.5389735,0.434963,0.0002492657639999986,0.53327,0.424037,0.424037,False,,,
land_pad__7725.jpg,land_pad,clean,baseline,0,0,0.4838405,0.41623350000000003,0.49619749999999996,0.4360045,0.0002443102469999988,0.490019,0.426119,0.426119,False,,,
land_pad__7750.jpg,land_pad,clean,baseline,0,0,0.45722450000000003,0.434964,0.4695815,0.456816,0.0002700251639999987,0.463403,0.44589,0.44589,False,,,
land_pad__7775.jpg,land_pad,clean,baseline,0,0,0.45057,0.46826199999999996,0.463878,0.489074,0.00027696609600000045,0.457224,0.478668,0.457224,False,,,
land_pad__7800.jpg,land_pad,clean,baseline,0,0,0.4420155,0.517169,0.45342249999999995,0.537981,0.00023740248399999945,0.447719,0.527575,0.447719,False,,,
land_pad__7825.jpg,land_pad,clean,baseline,0,0,0.43821350000000003,0.569199,0.4505705,0.591051,0.0002700251639999987,0.444392,0.580125,0.419875,False,,,
land_pad__7850.jpg,land_pad,clean,baseline,0,0,0.4524715,0.623309,0.4648285,0.644121,0.00025717388399999964,0.45865,0.633715,0.36628499999999997,False,,,
land_pad__7875.jpg,land_pad,clean,baseline,0,0,0.46958150000000004,0.661811,0.4819385,0.683663,0.0002700251639999987,0.47576,0.672737,0.32726299999999997,False,,,
land_pad__7900.jpg,land_pad,clean,baseline,0,0,0.43346,0.6711754999999999,0.446768,0.6940685,0.00030466004400000037,0.440114,0.682622,0.31737800000000005,False,,,
land_pad__7925.jpg,land_pad,clean,baseline,0,0,0.3982895,0.6784600000000001,0.41064649999999997,0.700312,0.0002700251639999987,0.404468,0.689386,0.31061399999999995,False,,,
land_pad__7950.jpg,land_pad,clean,baseline,0,0,0.4106465,0.710718,0.4230035,0.73153,0.00025717388399999964,0.416825,0.721124,0.278876,False,,,
land_pad__7975.jpg,land_pad,clean,baseline,0,0,0.411597,0.7148804999999999,0.424905,0.7377735,0.00030466004400000037,0.418251,0.726327,0.27367300000000006,False,,,
land_pad__8000.jpg,land_pad,clean,baseline,0,0,0.39258550000000003,0.6524455,0.4049425,0.6722165,0.0002443102469999988,0.398764,0.662331,0.337669,False,,,
land_pad__8025.jpg,land_pad,clean,baseline,0,0,0.363118,0.5275755,0.376426,0.5473465,0.0002631124679999995,0.369772,0.537461,0.369772,False,,,
land_pad__8050.jpg,land_pad,clean,baseline,0,0,0.3327,0.4661815,0.346008,0.4859525,0.0002631124679999995,0.339354,0.476067,0.339354,True,1,0.06328234076499939,0.5098056017097967
land_pad__8075.jpg,land_pad,clean,baseline,0,0,0.3165405,0.450572,0.32889749999999995,0.471384,0.00025717388399999964,0.322719,0.460978,0.322719,False,,,
land_pad__8100.jpg,land_pad,clean,baseline,0,0,0.28327,0.443288,0.296578,0.46201800000000004,0.0002492588400000001,0.289924,0.452653,0.289924,True,0,0.08148570358753204,0.5353778876376698
land_pad__8125.jpg,land_pad,clean,baseline,0,0,0.27756650000000005,0.42247599999999996,0.2899235,0.443288,0.00025717388399999964,0.283745,0.432882,0.283745,False,,,
land_pad__8150.jpg,land_pad,clean,baseline,0,0,0.27756650000000005,0.3975025,0.2899235,0.41727349999999996,0.0002443102469999988,0.283745,0.407388,0.283745,False,,,
land_pad__8175.jpg,land_pad,clean,baseline,0,0,0.26901149999999996,0.397503,0.2804185,0.415193,0.0002017898300000008,0.274715,0.406348,0.274715,False,,,
land_pad__8200.jpg,land_pad,clean,baseline,0,0,0.25570350000000003,0.4079085,0.2680605,0.42455750000000003,0.0002057316929999995,0.261882,0.416233,0.261882,False,,,
land_pad__8225.jpg,land_pad,clean,baseline,0,0,0.2614065,0.412071,0.27281350000000004,0.429761,0.0002017898300000008,0.26711,0.420916,0.26711,False,,,
land_pad__8250.jpg,land_pad,clean,baseline,0,0,0.28327050000000004,0.41103,0.2956275,0.42976000000000003,0.00023144660999999938,0.289449,0.420395,0.289449,True,1,0.042611099779605865,0.5344805103349456
land_pad__8275.jpg,land_pad,clean,baseline,0,0,0.26901149999999996,0.39750199999999997,0.2804185,0.418314,0.00023740248400000175,0.274715,0.407908,0.274715,False,,,
land_pad__8300.jpg,land_pad,clean,baseline,0,0,0.250951,0.3714885,0.26425899999999997,0.3954215,0.00031850036399999946,0.257605,0.383455,0.257605,True,0,0.19704391062259674,0.5938288253511119
land_pad__8325.jpg,land_pad,clean,baseline,0,0,0.23764249999999998,0.36420349999999996,0.2528515,0.3870965,0.0003481796370000014,0.245247,0.37565,0.245247,False,,,
land_pad__8350.jpg,land_pad,clean,baseline,0,0,0.201521,0.3444325,0.217681,0.3704475,0.00042040240000000036,0.209601,0.35744,0.209601,True,0,0.5342467427253723,0.5025158280643476
land_pad__8375.jpg,land_pad,clean,baseline,0,0,0.1720535,0.3205,0.1929665,0.35692,0.0007616514600000007,0.18251,0.33871,0.18251,False,,,
land_pad__8400.jpg,land_pad,clean,baseline,0,0,0.189164,0.314256,0.212928,0.352758,0.0009149615280000012,0.201046,0.333507,0.201046,True,0,0.3123061954975128,0.6522821063558552
land_pad__8425.jpg,land_pad,clean,baseline,0,0,0.3013305,0.408949,0.32224349999999996,0.444329,0.0007399019399999979,0.311787,0.426639,0.311787,True,1,0.21312949061393738,0.6680279844353868
land_pad__8450.jpg,land_pad,clean,baseline,0,0,0.4828895,0.30281,0.5019005000000001,0.33923000000000003,0.0006923806200000022,0.492395,0.32102,0.32102,True,0,0.45151767134666443,0.8149767035172936
land_pad__8475.jpg,land_pad,clean,baseline,0,0,0.644487,0.169615,0.6673009999999999,0.206035,0.0008308858799999962,0.655894,0.187825,0.187825,True,0,0.5715428590774536,0.8555056257982486
land_pad__8500.jpg,land_pad,clean,baseline,0,0,0.7100765,0.2029135,0.7319395,0.2372525,0.000750753556999999,0.721008,0.220083,0.220083,True,0,0.29460713267326355,0.7252078495257696
land_pad__8525.jpg,land_pad,clean,baseline,0,0,0.6768065,0.314256,0.6986694999999999,0.350676,0.0007962504599999989,0.687738,0.332466,0.31226200000000004,True,0,0.5974159240722656,0.8306797802846724
land_pad__8550.jpg,land_pad,clean,baseline,0,0,0.6406850000000001,0.3277835,0.664449,0.3610825,0.0007913174359999958,0.652567,0.344433,0.344433,True,0,0.5558258891105652,0.7029258406911779
land_pad__8575.jpg,land_pad,clean,baseline,0,0,0.678707,0.324662,0.7015210000000001,0.361082,0.0008308858800000042,0.690114,0.342872,0.309886,True,0,0.26251113414764404,0.8039879976298615
land_pad__8600.jpg,land_pad,clean,baseline,0,0,0.6596955,0.24453699999999998,0.6844105,0.27991699999999997,0.0008744167000000014,0.672053,0.262227,0.262227,True,0,0.5504574775695801,0.5544535027177696
land_pad__8625.jpg,land_pad,clean,baseline,0,0,0.6368825,0.201873,0.6615975000000001,0.238293,0.0009001203000000018,0.64924,0.220083,0.220083,True,0,0.545053243637085,0.6556148108381461
land_pad__8650.jpg,land_pad,clean,baseline,0,0,0.624525,0.185224,0.6473390000000001,0.217482,0.0007359340120000038,0.635932,0.201353,0.201353,True,0,0.7151456475257874,0.725581471882181
land_pad__8675.jpg,land_pad,clean,baseline,0,0,0.589353,0.25390199999999996,0.6121669999999999,0.292404,0.0008783846279999966,0.60076,0.273153,0.273153,True,0,0.5659568309783936,0.6996751582520733
land_pad__8700.jpg,land_pad,clean,baseline,0,0,0.5313685,0.302809,0.5560835000000001,0.34131100000000003,0.0009515769300000026,0.543726,0.32206,0.32206,True,5,0.016976283863186836,0.6625018594903986
land_pad2__2050.jpg,land_pad2,clean,baseline,0,0,0.5057035000000001,0.3631635,0.9039925,0.9677425,0.24079716533099993,0.704848,0.665453,0.29515199999999997,True,0,0.8577773571014404,0.8205570543138202
land_pad2__2075.jpg,land_pad2,clean,baseline,0,0,0.0009510000000000074,0.431842,0.325095,0.9927159999999999,0.18180394185599996,0.16302300000000003,0.712279,0.16302300000000003,True,0,0.892204999923706,0.9080382529952349
land_pad2__2100.jpg,land_pad2,clean,baseline,0,0,0.04562749999999999,0.439126,0.4306085,0.992716,0.21312163179000002,0.238118,0.715921,0.238118,True,0,0.9382067918777466,0.8962238335055563
land_pad2__2125.jpg,land_pad2,clean,baseline,0,0,0.168251,0.45265349999999993,0.554183,1.0,0.211238529438,0.361217,0.7263267499999999,0.2736732500000001,True,0,0.905067503452301,0.9647045818845463
land_pad2__2150.jpg,land_pad2,clean,baseline,0,0,0.15589400000000003,0.17273700000000003,0.51616,0.797087,0.22493207709999993,0.33602699999999996,0.484912,0.33602699999999996,True,0,0.9267815947532654,0.9013690819017498
land_pad2__2175.jpg,land_pad2,clean,baseline,0,0,0.13308000000000003,0.005203000000000013,0.5028520000000001,0.551509,0.202008662232,0.3179660000000001,0.27835600000000005,0.27835600000000005,True,0,0.9113497138023376,0.9531563206624986
land_pad2__2200.jpg,land_pad2,clean,baseline,0,0,0.274715,0.023933499999999996,0.681559,0.6357965000000001,0.24893279037200003,0.47813700000000003,0.3298650000000001,0.3298650000000001,True,0,0.9280738234519958,0.9416109217964196
land_pad2__2225.jpg,land_pad2,clean,baseline,0,0,0.40304199999999996,0.009365499999999971,0.843156,0.6649324999999999,0.28852421463800004,0.623099,0.3371489999999999,0.3371489999999999,True,0,0.9256222248077393,0.8911109355530821
land_pad2__2250.jpg,land_pad2,clean,baseline,0,0,0.398289,0.04578600000000005,0.8174910000000001,0.724246,0.28441178891999996,0.60789,0.385016,0.385016,True,0,0.8899507522583008,0.9482709516918739
land_pad2__2275.jpg,land_pad2,clean,baseline,0,0,0.49144499999999997,0.08428750000000002,0.884981,0.7398545000000001,0.25798921491200005,0.688213,0.4120710000000001,0.31178700000000004,True,0,0.8845942616462708,0.8673763480818312
land_pad2__2300.jpg,land_pad2,clean,baseline,0,0,0.6064639999999999,0.011446500000000026,1.0,0.6659735,0.25757993747200003,0.803232,0.33871,0.19676800000000005,True,0,0.8943578600883484,0.9215335152787182
land_pad2__2325.jpg,land_pad2,clean,baseline,0,0,0.155894,0.05098849999999999,0.56654,0.7304895,0.27903436764600004,0.361217,0.390739,0.361217,True,0,0.9434536695480347,0.9256942366740623
land_pad2__2350.jpg,land_pad2,clean,baseline,0,0,0.21768099999999999,0.10613900000000004,0.641635,0.799167,0.2938119927119999,0.429658,0.45265299999999997,0.429658,True,0,0.8737766742706299,0.9164220121863383
land_pad2__2375.jpg,land_pad2,clean,baseline,0,0,0.284221,0.150885,0.6777569999999999,0.8480749999999999,0.27436936383999994,0.480989,0.4994799999999999,0.480989,True,0,0.8758946657180786,0.9313261061463473
land_pad2__2400.jpg,land_pad2,clean,baseline,0,0,0.228137,0.19875150000000003,0.724335,0.9469305000000001,0.371244923442,0.476236,0.572841,0.42715899999999996,True,0,0.9592565894126892,0.8558098374975519
land_pad2__2425.jpg,land_pad2,clean,baseline,0,0,0.24524750000000003,0.27055199999999996,0.7233845,1.0,0.348776078376,0.484316,0.635276,0.36472400000000005,True,0,0.9303207993507385,0.9633558409805294
land_pad2__2450.jpg,land_pad2,clean,baseline,0,0,0.177757,0.250781,0.847909,0.997919,0.5006960249760001,0.512833,0.62435,0.37565000000000004,True,0,0.9631682634353638,0.7939270752585746
land_pad2__2475.jpg,land_pad2,clean,baseline,0,0,0.1330805,0.06139450000000002,0.9752855,0.9947975,0.786116673615,0.554183,0.528096,0.445817,True,0,0.9671371579170227,0.9343896147898616
land_pad2__2500.jpg,land_pad2,clean,baseline,0,0,0.16254799999999997,0.020812000000000053,0.91635,1.0,0.738113872776,0.539449,0.510406,0.46055100000000004,True,0,0.9805793166160583,0.9611639792518532
land_pad2__2525.jpg,land_pad2,clean,baseline,0,0,0.058936000000000044,0.022893000000000052,0.989544,0.980229,0.8909045402879998,0.52424,0.501561,0.47575999999999996,True,0,0.9255502223968506,0.9416289602985273
land_pad__6500.jpg,land_pad,blur,baseline,0,0,0.6615964999999999,0.2757545,0.6796575,0.2996875,0.00043225391300000216,0.670627,0.287721,0.287721,True,46,0.0033681185450404882,0.5014022011606235
land_pad__6525.jpg,land_pad,blur,baseline,0,0,0.6454375000000001,0.27991699999999997,0.6644485,0.304891,0.00047478071399999824,0.654943,0.292404,0.292404,False,,,
land_pad__6550.jpg,land_pad,blur,baseline,0,0,0.6321295,0.283038,0.6511404999999999,0.311134,0.0005341330559999971,0.641635,0.297086,0.297086,False,,,
land_pad__6575.jpg,land_pad,blur,baseline,0,0,0.6254755,0.2903225,0.6435365000000001,0.31425549999999997,0.00043225391300000216,0.634506,0.302289,0.302289,False,,,
land_pad__6600.jpg,land_pad,blur,baseline,0,0,0.598859,0.2934445,0.6216729999999999,0.32049950000000005,0.0006172327699999982,0.610266,0.306972,0.306972,True,59,0.0023954736534506083,0.5483633613103392
land_pad__6625.jpg,land_pad,blur,baseline,0,0,0.558935,0.2861605,0.578897,0.30905350000000004,0.00045699006600000185,0.568916,0.297607,0.297607,True,144,0.001564197475090623,0.7239407615891109
land_pad__6650.jpg,land_pad,blur,baseline,0,0,0.542776,0.278876,0.558936,0.300728,0.0003531283199999987,0.550856,0.289802,0.289802,False,,,
land_pad__6675.jpg,land_pad,blur,baseline,0,0,0.543726,0.27991699999999997,0.559886,0.304891,0.0004035798399999996,0.551806,0.292404,0.292404,False,,,
land_pad__6700.jpg,land_pad,blur,baseline,0,0,0.5456274999999999,0.279917,0.5636885,0.301769,0.00039466897200000195,0.554658,0.290843,0.290843,False,,,
land_pad__6725.jpg,land_pad,blur,baseline,0,0,0.5484785,0.2778355,0.5627375,0.3017685,0.00034126064700000026,0.555608,0.289802,0.289802,False,,,
land_pad__6750.jpg,land_pad,blur,baseline,0,0,0.5484789999999999,0.276795,0.561787,0.298647,0.0002908064160000019,0.555133,0.287721,0.287721,False,,,
land_pad__6775.jpg,land_pad,blur,baseline,0,0,0.5484785,0.274714,0.5627375,0.296566,0.0003115876680000002,0.555608,0.28564,0.28564,False,,,
land_pad__6800.jpg,land_pad,blur,baseline,0,0,0.5465785,0.271592,0.5617875,0.293444,0.00033234706800000036,0.554183,0.282518,0.282518,False,,,
land_pad__6825.jpg,land_pad,blur,baseline,0,0,0.5465774999999999,0.2705515,0.5608365,0.2944845,0.00034126064700000026,0.553707,0.282518,0.282518,False,,,
land_pad__6850.jpg,land_pad,blur,baseline,0,0,0.5446765,0.272633,0.5598855,0.294485,0.00033234706800000036,0.552281,0.283559,0.283559,False,,,
land_pad__7450.jpg,land_pad,blur,baseline,0,0,0.7119775,0.0686785,0.7271865000000001,0.0915715,0.0003481796370000006,0.719582,0.080125,0.080125,True,3,0.017292477190494537,0.6658325620652442
land_pad__7475.jpg,land_pad,blur,baseline,0,0,0.7157795,0.2247655,0.7300385,0.2445365,0.0002819146890000002,0.722909,0.234651,0.234651,True,2,0.03717830032110214,0.6586188938022479
land_pad__7500.jpg,land_pad,blur,baseline,0,0,0.7195815,0.342352,0.7319384999999999,0.36316400000000004,0.00025717388399999964,0.72576,0.352758,0.27424000000000004,False,,,
land_pad__7525.jpg,land_pad,blur,baseline,0,0,0.7195819999999999,0.401665,0.73289,0.420395,0.00024925884000000215,0.726236,0.41103,0.273764,False,,,
land_pad__7550.jpg,land_pad,blur,baseline,0,0,0.711027,0.33610850000000003,0.7243350000000001,0.3558795,0.0002631124680000017,0.717681,0.345994,0.282319,True,0,0.04813558980822563,0.630684568749037
land_pad__7575.jpg,land_pad,blur,baseline,0,0,0.6749055,0.2164415,0.6872625,0.2393345,0.0002828888009999988,0.681084,0.227888,0.227888,True,61,0.0031417144928127527,0.6135137273605478
land_pad__7600.jpg,land_pad,blur,baseline,0,0,0.6787075,0.224766,0.6910645,0.245578,0.00025717388399999893,0.684886,0.235172,0.235172,False,,,
land_pad__7625.jpg,land_pad,blur,baseline,0,0,0.6673005000000001,0.2903225,0.6796575,0.31321550000000004,0.00028288880099999953,0.673479,0.301769,0.301769,False,,,
land_pad__7650.jpg,land_pad,blur,baseline,0,0,0.6235745,0.369407,0.6359315,0.39125899999999997,0.0002700251639999987,0.629753,0.380333,0.370247,False,,,
land_pad__7675.jpg,land_pad,blur,baseline,0,0,0.5674899999999999,0.4047865,0.580798,0.42767950000000005,0.0003046600440000029,0.574144,0.416233,0.416233,False,,,
land_pad__7700.jpg,land_pad,blur,baseline,0,0,0.5275665,0.413111,0.5389735,0.434963,0.0002492657639999986,0.53327,0.424037,0.424037,False,,,
land_pad__7725.jpg,land_pad,blur,baseline,0,0,0.4838405,0.41623350000000003,0.49619749999999996,0.4360045,0.0002443102469999988,0.490019,0.426119,0.426119,False,,,
land_pad__7750.jpg,land_pad,blur,baseline,0,0,0.45722450000000003,0.434964,0.4695815,0.456816,0.0002700251639999987,0.463403,0.44589,0.44589,False,,,
land_pad__7775.jpg,land_pad,blur,baseline,0,0,0.45057,0.46826199999999996,0.463878,0.489074,0.00027696609600000045,0.457224,0.478668,0.457224,False,,,
land_pad__7800.jpg,land_pad,blur,baseline,0,0,0.4420155,0.517169,0.45342249999999995,0.537981,0.00023740248399999945,0.447719,0.527575,0.447719,False,,,
land_pad__7825.jpg,land_pad,blur,baseline,0,0,0.43821350000000003,0.569199,0.4505705,0.591051,0.0002700251639999987,0.444392,0.580125,0.419875,False,,,
land_pad__7850.jpg,land_pad,blur,baseline,0,0,0.4524715,0.623309,0.4648285,0.644121,0.00025717388399999964,0.45865,0.633715,0.36628499999999997,False,,,
land_pad__7875.jpg,land_pad,blur,baseline,0,0,0.46958150000000004,0.661811,0.4819385,0.683663,0.0002700251639999987,0.47576,0.672737,0.32726299999999997,False,,,
land_pad__7900.jpg,land_pad,blur,baseline,0,0,0.43346,0.6711754999999999,0.446768,0.6940685,0.00030466004400000037,0.440114,0.682622,0.31737800000000005,False,,,
land_pad__7925.jpg,land_pad,blur,baseline,0,0,0.3982895,0.6784600000000001,0.41064649999999997,0.700312,0.0002700251639999987,0.404468,0.689386,0.31061399999999995,False,,,
land_pad__7950.jpg,land_pad,blur,baseline,0,0,0.4106465,0.710718,0.4230035,0.73153,0.00025717388399999964,0.416825,0.721124,0.278876,False,,,
land_pad__7975.jpg,land_pad,blur,baseline,0,0,0.411597,0.7148804999999999,0.424905,0.7377735,0.00030466004400000037,0.418251,0.726327,0.27367300000000006,False,,,
land_pad__8000.jpg,land_pad,blur,baseline,0,0,0.39258550000000003,0.6524455,0.4049425,0.6722165,0.0002443102469999988,0.398764,0.662331,0.337669,False,,,
land_pad__8025.jpg,land_pad,blur,baseline,0,0,0.363118,0.5275755,0.376426,0.5473465,0.0002631124679999995,0.369772,0.537461,0.369772,False,,,
land_pad__8050.jpg,land_pad,blur,baseline,0,0,0.3327,0.4661815,0.346008,0.4859525,0.0002631124679999995,0.339354,0.476067,0.339354,True,2,0.04668606445193291,0.5011109887127727
land_pad__8075.jpg,land_pad,blur,baseline,0,0,0.3165405,0.450572,0.32889749999999995,0.471384,0.00025717388399999964,0.322719,0.460978,0.322719,False,,,
land_pad__8100.jpg,land_pad,blur,baseline,0,0,0.28327,0.443288,0.296578,0.46201800000000004,0.0002492588400000001,0.289924,0.452653,0.289924,True,0,0.06477539986371994,0.5525131812873372
land_pad__8125.jpg,land_pad,blur,baseline,0,0,0.27756650000000005,0.42247599999999996,0.2899235,0.443288,0.00025717388399999964,0.283745,0.432882,0.283745,False,,,
land_pad__8150.jpg,land_pad,blur,baseline,0,0,0.27756650000000005,0.3975025,0.2899235,0.41727349999999996,0.0002443102469999988,0.283745,0.407388,0.283745,False,,,
land_pad__8175.jpg,land_pad,blur,baseline,0,0,0.26901149999999996,0.397503,0.2804185,0.415193,0.0002017898300000008,0.274715,0.406348,0.274715,False,,,
land_pad__8200.jpg,land_pad,blur,baseline,0,0,0.25570350000000003,0.4079085,0.2680605,0.42455750000000003,0.0002057316929999995,0.261882,0.416233,0.261882,False,,,
land_pad__8225.jpg,land_pad,blur,baseline,0,0,0.2614065,0.412071,0.27281350000000004,0.429761,0.0002017898300000008,0.26711,0.420916,0.26711,False,,,
land_pad__8250.jpg,land_pad,blur,baseline,0,0,0.28327050000000004,0.41103,0.2956275,0.42976000000000003,0.00023144660999999938,0.289449,0.420395,0.289449,True,1,0.039302583783864975,0.5072710749987303
land_pad__8275.jpg,land_pad,blur,baseline,0,0,0.26901149999999996,0.39750199999999997,0.2804185,0.418314,0.00023740248400000175,0.274715,0.407908,0.274715,False,,,
land_pad__8300.jpg,land_pad,blur,baseline,0,0,0.250951,0.3714885,0.26425899999999997,0.3954215,0.00031850036399999946,0.257605,0.383455,0.257605,True,0,0.1980927288532257,0.6026904127609279
land_pad__8325.jpg,land_pad,blur,baseline,0,0,0.23764249999999998,0.36420349999999996,0.2528515,0.3870965,0.0003481796370000014,0.245247,0.37565,0.245247,False,,,
land_pad__8350.jpg,land_pad,blur,baseline,0,0,0.201521,0.3444325,0.217681,0.3704475,0.00042040240000000036,0.209601,0.35744,0.209601,True,0,0.43958231806755066,0.5345573607730655
land_pad__8375.jpg,land_pad,blur,baseline,0,0,0.1720535,0.3205,0.1929665,0.35692,0.0007616514600000007,0.18251,0.33871,0.18251,False,,,
land_pad__8400.jpg,land_pad,blur,baseline,0,0,0.189164,0.314256,0.212928,0.352758,0.0009149615280000012,0.201046,0.333507,0.201046,True,0,0.3553137183189392,0.6592410458810455
land_pad__8425.jpg,land_pad,blur,baseline,0,0,0.3013305,0.408949,0.32224349999999996,0.444329,0.0007399019399999979,0.311787,0.426639,0.311787,True,0,0.2970013916492462,0.5090112082065432
land_pad__8450.jpg,land_pad,blur,baseline,0,0,0.4828895,0.30281,0.5019005000000001,0.33923000000000003,0.0006923806200000022,0.492395,0.32102,0.32102,True,0,0.43616345524787903,0.8361606946513122
land_pad__8475.jpg,land_pad,blur,baseline,0,0,0.644487,0.169615,0.6673009999999999,0.206035,0.0008308858799999962,0.655894,0.187825,0.187825,True,0,0.5411296486854553,0.8284969125776361
land_pad__8500.jpg,land_pad,blur,baseline,0,0,0.7100765,0.2029135,0.7319395,0.2372525,0.000750753556999999,0.721008,0.220083,0.220083,True,0,0.38261622190475464,0.717622052445078
land_pad__8525.jpg,land_pad,blur,baseline,0,0,0.6768065,0.314256,0.6986694999999999,0.350676,0.0007962504599999989,0.687738,0.332466,0.31226200000000004,True,0,0.5473198294639587,0.8376874879886707
land_pad__8550.jpg,land_pad,blur,baseline,0,0,0.6406850000000001,0.3277835,0.664449,0.3610825,0.0007913174359999958,0.652567,0.344433,0.344433,True,0,0.5210726857185364,0.7714352795584697
land_pad__8575.jpg,land_pad,blur,baseline,0,0,0.678707,0.324662,0.7015210000000001,0.361082,0.0008308858800000042,0.690114,0.342872,0.309886,True,0,0.289755642414093,0.795934478209163
land_pad__8600.jpg,land_pad,blur,baseline,0,0,0.6596955,0.24453699999999998,0.6844105,0.27991699999999997,0.0008744167000000014,0.672053,0.262227,0.262227,True,0,0.4717562794685364,0.5440274499056407
land_pad__8625.jpg,land_pad,blur,baseline,0,0,0.6368825,0.201873,0.6615975000000001,0.238293,0.0009001203000000018,0.64924,0.220083,0.220083,True,0,0.5524429082870483,0.6400397496410336
land_pad__8650.jpg,land_pad,blur,baseline,0,0,0.624525,0.185224,0.6473390000000001,0.217482,0.0007359340120000038,0.635932,0.201353,0.201353,True,0,0.6917415857315063,0.6914930442713003
land_pad__8675.jpg,land_pad,blur,baseline,0,0,0.589353,0.25390199999999996,0.6121669999999999,0.292404,0.0008783846279999966,0.60076,0.273153,0.273153,True,0,0.5695646405220032,0.7119774716394148
land_pad__8700.jpg,land_pad,blur,baseline,0,0,0.5313685,0.302809,0.5560835000000001,0.34131100000000003,0.0009515769300000026,0.543726,0.32206,0.32206,True,5,0.017458338290452957,0.6627986709497246
land_pad2__2050.jpg,land_pad2,blur,baseline,0,0,0.5057035000000001,0.3631635,0.9039925,0.9677425,0.24079716533099993,0.704848,0.665453,0.29515199999999997,True,0,0.8571235537528992,0.8181938368250593
land_pad2__2075.jpg,land_pad2,blur,baseline,0,0,0.0009510000000000074,0.431842,0.325095,0.9927159999999999,0.18180394185599996,0.16302300000000003,0.712279,0.16302300000000003,True,0,0.8901422619819641,0.9056946607037393
land_pad2__2100.jpg,land_pad2,blur,baseline,0,0,0.04562749999999999,0.439126,0.4306085,0.992716,0.21312163179000002,0.238118,0.715921,0.238118,True,0,0.93999844789505,0.8903708050393292
land_pad2__2125.jpg,land_pad2,blur,baseline,0,0,0.168251,0.45265349999999993,0.554183,1.0,0.211238529438,0.361217,0.7263267499999999,0.2736732500000001,True,0,0.9069912433624268,0.949538292331323
land_pad2__2150.jpg,land_pad2,blur,baseline,0,0,0.15589400000000003,0.17273700000000003,0.51616,0.797087,0.22493207709999993,0.33602699999999996,0.484912,0.33602699999999996,True,0,0.9251274466514587,0.9090853229024005
land_pad2__2175.jpg,land_pad2,blur,baseline,0,0,0.13308000000000003,0.005203000000000013,0.5028520000000001,0.551509,0.202008662232,0.3179660000000001,0.27835600000000005,0.27835600000000005,True,0,0.9015814661979675,0.9704896378530786
land_pad2__2200.jpg,land_pad2,blur,baseline,0,0,0.274715,0.023933499999999996,0.681559,0.6357965000000001,0.24893279037200003,0.47813700000000003,0.3298650000000001,0.3298650000000001,True,0,0.927579939365387,0.9393323228884332
land_pad2__2225.jpg,land_pad2,blur,baseline,0,0,0.40304199999999996,0.009365499999999971,0.843156,0.6649324999999999,0.28852421463800004,0.623099,0.3371489999999999,0.3371489999999999,True,0,0.9255614876747131,0.8775243307945886
land_pad2__2250.jpg,land_pad2,blur,baseline,0,0,0.398289,0.04578600000000005,0.8174910000000001,0.724246,0.28441178891999996,0.60789,0.385016,0.385016,True,0,0.8784450888633728,0.9455898131205599
land_pad2__2275.jpg,land_pad2,blur,baseline,0,0,0.49144499999999997,0.08428750000000002,0.884981,0.7398545000000001,0.25798921491200005,0.688213,0.4120710000000001,0.31178700000000004,True,0,0.8862535357475281,0.8721337061158406
land_pad2__2300.jpg,land_pad2,blur,baseline,0,0,0.6064639999999999,0.011446500000000026,1.0,0.6659735,0.25757993747200003,0.803232,0.33871,0.19676800000000005,True,0,0.8955854773521423,0.9056208897251511
land_pad2__2325.jpg,land_pad2,blur,baseline,0,0,0.155894,0.05098849999999999,0.56654,0.7304895,0.27903436764600004,0.361217,0.390739,0.361217,True,0,0.9436610341072083,0.9375667523913161
land_pad2__2350.jpg,land_pad2,blur,baseline,0,0,0.21768099999999999,0.10613900000000004,0.641635,0.799167,0.2938119927119999,0.429658,0.45265299999999997,0.429658,True,0,0.8857616186141968,0.9182854151867935
land_pad2__2375.jpg,land_pad2,blur,baseline,0,0,0.284221,0.150885,0.6777569999999999,0.8480749999999999,0.27436936383999994,0.480989,0.4994799999999999,0.480989,True,0,0.882409393787384,0.941517834924588
land_pad2__2400.jpg,land_pad2,blur,baseline,0,0,0.228137,0.19875150000000003,0.724335,0.9469305000000001,0.371244923442,0.476236,0.572841,0.42715899999999996,True,0,0.9562658667564392,0.8719529983625551
land_pad2__2425.jpg,land_pad2,blur,baseline,0,0,0.24524750000000003,0.27055199999999996,0.7233845,1.0,0.348776078376,0.484316,0.635276,0.36472400000000005,True,0,0.9287274479866028,0.9608738790811958
land_pad2__2450.jpg,land_pad2,blur,baseline,0,0,0.177757,0.250781,0.847909,0.997919,0.5006960249760001,0.512833,0.62435,0.37565000000000004,True,0,0.9589443206787109,0.8023394743838153
land_pad2__2475.jpg,land_pad2,blur,baseline,0,0,0.1330805,0.06139450000000002,0.9752855,0.9947975,0.786116673615,0.554183,0.528096,0.445817,True,0,0.9642938375473022,0.937680885022929
land_pad2__2500.jpg,land_pad2,blur,baseline,0,0,0.16254799999999997,0.020812000000000053,0.91635,1.0,0.738113872776,0.539449,0.510406,0.46055100000000004,True,0,0.9768247008323669,0.9675328726402669
land_pad2__2525.jpg,land_pad2,blur,baseline,0,0,0.058936000000000044,0.022893000000000052,0.989544,0.980229,0.8909045402879998,0.52424,0.501561,0.47575999999999996,True,0,0.9091804623603821,0.9410710339432473
land_pad__6500.jpg,land_pad,low_light,baseline,0,0,0.6615964999999999,0.2757545,0.6796575,0.2996875,0.00043225391300000216,0.670627,0.287721,0.287721,True,266,0.0011396001791581511,0.5549793329959994
land_pad__6525.jpg,land_pad,low_light,baseline,0,0,0.6454375000000001,0.27991699999999997,0.6644485,0.304891,0.00047478071399999824,0.654943,0.292404,0.292404,False,,,
land_pad__6550.jpg,land_pad,low_light,baseline,0,0,0.6321295,0.283038,0.6511404999999999,0.311134,0.0005341330559999971,0.641635,0.297086,0.297086,True,142,0.0016195648349821568,0.5766584390117881
land_pad__6575.jpg,land_pad,low_light,baseline,0,0,0.6254755,0.2903225,0.6435365000000001,0.31425549999999997,0.00043225391300000216,0.634506,0.302289,0.302289,True,56,0.0024489043280482292,0.7357616063776491
land_pad__6600.jpg,land_pad,low_light,baseline,0,0,0.598859,0.2934445,0.6216729999999999,0.32049950000000005,0.0006172327699999982,0.610266,0.306972,0.306972,True,46,0.00392696401104331,0.568916903660804
land_pad__6625.jpg,land_pad,low_light,baseline,0,0,0.558935,0.2861605,0.578897,0.30905350000000004,0.00045699006600000185,0.568916,0.297607,0.297607,False,,,
land_pad__6650.jpg,land_pad,low_light,baseline,0,0,0.542776,0.278876,0.558936,0.300728,0.0003531283199999987,0.550856,0.289802,0.289802,True,6,0.010057770647108555,0.6961032335989605
land_pad__6675.jpg,land_pad,low_light,baseline,0,0,0.543726,0.27991699999999997,0.559886,0.304891,0.0004035798399999996,0.551806,0.292404,0.292404,True,8,0.009068503975868225,0.6517074783927319
land_pad__6700.jpg,land_pad,low_light,baseline,0,0,0.5456274999999999,0.279917,0.5636885,0.301769,0.00039466897200000195,0.554658,0.290843,0.290843,True,1,0.02077537402510643,0.8973809480074789
land_pad__6725.jpg,land_pad,low_light,baseline,0,0,0.5484785,0.2778355,0.5627375,0.3017685,0.00034126064700000026,0.555608,0.289802,0.289802,True,4,0.012424066662788391,0.7603293995593027
land_pad__6750.jpg,land_pad,low_light,baseline,0,0,0.5484789999999999,0.276795,0.561787,0.298647,0.0002908064160000019,0.555133,0.287721,0.287721,True,5,0.011775195598602295,0.6305913623962748
land_pad__6775.jpg,land_pad,low_light,baseline,0,0,0.5484785,0.274714,0.5627375,0.296566,0.0003115876680000002,0.555608,0.28564,0.28564,True,26,0.0067214868031442165,0.6201214706692445
land_pad__6800.jpg,land_pad,low_light,baseline,0,0,0.5465785,0.271592,0.5617875,0.293444,0.00033234706800000036,0.554183,0.282518,0.282518,False,,,
land_pad__6825.jpg,land_pad,low_light,baseline,0,0,0.5465774999999999,0.2705515,0.5608365,0.2944845,0.00034126064700000026,0.553707,0.282518,0.282518,False,,,
land_pad__6850.jpg,land_pad,low_light,baseline,0,0,0.5446765,0.272633,0.5598855,0.294485,0.00033234706800000036,0.552281,0.283559,0.283559,False,,,
land_pad__7450.jpg,land_pad,low_light,baseline,0,0,0.7119775,0.0686785,0.7271865000000001,0.0915715,0.0003481796370000006,0.719582,0.080125,0.080125,True,1,0.0356764942407608,0.6114780048907436
land_pad__7475.jpg,land_pad,low_light,baseline,0,0,0.7157795,0.2247655,0.7300385,0.2445365,0.0002819146890000002,0.722909,0.234651,0.234651,True,2,0.042276009917259216,0.5585568807185578
land_pad__7500.jpg,land_pad,low_light,baseline,0,0,0.7195815,0.342352,0.7319384999999999,0.36316400000000004,0.00025717388399999964,0.72576,0.352758,0.27424000000000004,False,,,
land_pad__7525.jpg,land_pad,low_light,baseline,0,0,0.7195819999999999,0.401665,0.73289,0.420395,0.00024925884000000215,0.726236,0.41103,0.273764,False,,,
land_pad__7550.jpg,land_pad,low_light,baseline,0,0,0.711027,0.33610850000000003,0.7243350000000001,0.3558795,0.0002631124680000017,0.717681,0.345994,0.282319,True,0,0.14772482216358185,0.531310553809387
land_pad__7575.jpg,land_pad,low_light,baseline,0,0,0.6749055,0.2164415,0.6872625,0.2393345,0.0002828888009999988,0.681084,0.227888,0.227888,True,31,0.006402234546840191,0.5353747202740191
land_pad__7600.jpg,land_pad,low_light,baseline,0,0,0.6787075,0.224766,0.6910645,0.245578,0.00025717388399999893,0.684886,0.235172,0.235172,False,,,
land_pad__7625.jpg,land_pad,low_light,baseline,0,0,0.6673005000000001,0.2903225,0.6796575,0.31321550000000004,0.00028288880099999953,0.673479,0.301769,0.301769,False,,,
land_pad__7650.jpg,land_pad,low_light,baseline,0,0,0.6235745,0.369407,0.6359315,0.39125899999999997,0.0002700251639999987,0.629753,0.380333,0.370247,False,,,
land_pad__7675.jpg,land_pad,low_light,baseline,0,0,0.5674899999999999,0.4047865,0.580798,0.42767950000000005,0.0003046600440000029,0.574144,0.416233,0.416233,False,,,
land_pad__7700.jpg,land_pad,low_light,baseline,0,0,0.5275665,0.413111,0.5389735,0.434963,0.0002492657639999986,0.53327,0.424037,0.424037,False,,,
land_pad__7725.jpg,land_pad,low_light,baseline,0,0,0.4838405,0.41623350000000003,0.49619749999999996,0.4360045,0.0002443102469999988,0.490019,0.426119,0.426119,False,,,
land_pad__7750.jpg,land_pad,low_light,baseline,0,0,0.45722450000000003,0.434964,0.4695815,0.456816,0.0002700251639999987,0.463403,0.44589,0.44589,False,,,
land_pad__7775.jpg,land_pad,low_light,baseline,0,0,0.45057,0.46826199999999996,0.463878,0.489074,0.00027696609600000045,0.457224,0.478668,0.457224,False,,,
land_pad__7800.jpg,land_pad,low_light,baseline,0,0,0.4420155,0.517169,0.45342249999999995,0.537981,0.00023740248399999945,0.447719,0.527575,0.447719,False,,,
land_pad__7825.jpg,land_pad,low_light,baseline,0,0,0.43821350000000003,0.569199,0.4505705,0.591051,0.0002700251639999987,0.444392,0.580125,0.419875,False,,,
land_pad__7850.jpg,land_pad,low_light,baseline,0,0,0.4524715,0.623309,0.4648285,0.644121,0.00025717388399999964,0.45865,0.633715,0.36628499999999997,False,,,
land_pad__7875.jpg,land_pad,low_light,baseline,0,0,0.46958150000000004,0.661811,0.4819385,0.683663,0.0002700251639999987,0.47576,0.672737,0.32726299999999997,False,,,
land_pad__7900.jpg,land_pad,low_light,baseline,0,0,0.43346,0.6711754999999999,0.446768,0.6940685,0.00030466004400000037,0.440114,0.682622,0.31737800000000005,False,,,
land_pad__7925.jpg,land_pad,low_light,baseline,0,0,0.3982895,0.6784600000000001,0.41064649999999997,0.700312,0.0002700251639999987,0.404468,0.689386,0.31061399999999995,False,,,
land_pad__7950.jpg,land_pad,low_light,baseline,0,0,0.4106465,0.710718,0.4230035,0.73153,0.00025717388399999964,0.416825,0.721124,0.278876,False,,,
land_pad__7975.jpg,land_pad,low_light,baseline,0,0,0.411597,0.7148804999999999,0.424905,0.7377735,0.00030466004400000037,0.418251,0.726327,0.27367300000000006,False,,,
land_pad__8000.jpg,land_pad,low_light,baseline,0,0,0.39258550000000003,0.6524455,0.4049425,0.6722165,0.0002443102469999988,0.398764,0.662331,0.337669,False,,,
land_pad__8025.jpg,land_pad,low_light,baseline,0,0,0.363118,0.5275755,0.376426,0.5473465,0.0002631124679999995,0.369772,0.537461,0.369772,False,,,
land_pad__8050.jpg,land_pad,low_light,baseline,0,0,0.3327,0.4661815,0.346008,0.4859525,0.0002631124679999995,0.339354,0.476067,0.339354,False,,,
land_pad__8075.jpg,land_pad,low_light,baseline,0,0,0.3165405,0.450572,0.32889749999999995,0.471384,0.00025717388399999964,0.322719,0.460978,0.322719,False,,,
land_pad__8100.jpg,land_pad,low_light,baseline,0,0,0.28327,0.443288,0.296578,0.46201800000000004,0.0002492588400000001,0.289924,0.452653,0.289924,False,,,
land_pad__8125.jpg,land_pad,low_light,baseline,0,0,0.27756650000000005,0.42247599999999996,0.2899235,0.443288,0.00025717388399999964,0.283745,0.432882,0.283745,False,,,
land_pad__8150.jpg,land_pad,low_light,baseline,0,0,0.27756650000000005,0.3975025,0.2899235,0.41727349999999996,0.0002443102469999988,0.283745,0.407388,0.283745,False,,,
land_pad__8175.jpg,land_pad,low_light,baseline,0,0,0.26901149999999996,0.397503,0.2804185,0.415193,0.0002017898300000008,0.274715,0.406348,0.274715,False,,,
land_pad__8200.jpg,land_pad,low_light,baseline,0,0,0.25570350000000003,0.4079085,0.2680605,0.42455750000000003,0.0002057316929999995,0.261882,0.416233,0.261882,False,,,
land_pad__8225.jpg,land_pad,low_light,baseline,0,0,0.2614065,0.412071,0.27281350000000004,0.429761,0.0002017898300000008,0.26711,0.420916,0.26711,False,,,
land_pad__8250.jpg,land_pad,low_light,baseline,0,0,0.28327050000000004,0.41103,0.2956275,0.42976000000000003,0.00023144660999999938,0.289449,0.420395,0.289449,False,,,
land_pad__8275.jpg,land_pad,low_light,baseline,0,0,0.26901149999999996,0.39750199999999997,0.2804185,0.418314,0.00023740248400000175,0.274715,0.407908,0.274715,False,,,
land_pad__8300.jpg,land_pad,low_light,baseline,0,0,0.250951,0.3714885,0.26425899999999997,0.3954215,0.00031850036399999946,0.257605,0.383455,0.257605,True,0,0.18511740863323212,0.5445272646427299
land_pad__8325.jpg,land_pad,low_light,baseline,0,0,0.23764249999999998,0.36420349999999996,0.2528515,0.3870965,0.0003481796370000014,0.245247,0.37565,0.245247,False,,,
land_pad__8350.jpg,land_pad,low_light,baseline,0,0,0.201521,0.3444325,0.217681,0.3704475,0.00042040240000000036,0.209601,0.35744,0.209601,True,0,0.4369734823703766,0.5453124364961575
land_pad__8375.jpg,land_pad,low_light,baseline,0,0,0.1720535,0.3205,0.1929665,0.35692,0.0007616514600000007,0.18251,0.33871,0.18251,False,,,
land_pad__8400.jpg,land_pad,low_light,baseline,0,0,0.189164,0.314256,0.212928,0.352758,0.0009149615280000012,0.201046,0.333507,0.201046,True,0,0.26718226075172424,0.6932251954551351
land_pad__8425.jpg,land_pad,low_light,baseline,0,0,0.3013305,0.408949,0.32224349999999996,0.444329,0.0007399019399999979,0.311787,0.426639,0.311787,True,0,0.37930554151535034,0.5431346711118475
land_pad__8450.jpg,land_pad,low_light,baseline,0,0,0.4828895,0.30281,0.5019005000000001,0.33923000000000003,0.0006923806200000022,0.492395,0.32102,0.32102,True,0,0.3609106242656708,0.8496365014438095
land_pad__8475.jpg,land_pad,low_light,baseline,0,0,0.644487,0.169615,0.6673009999999999,0.206035,0.0008308858799999962,0.655894,0.187825,0.187825,True,0,0.3297879993915558,0.8826840319454037
land_pad__8500.jpg,land_pad,low_light,baseline,0,0,0.7100765,0.2029135,0.7319395,0.2372525,0.000750753556999999,0.721008,0.220083,0.220083,True,0,0.31845977902412415,0.8831562389712747
land_pad__8525.jpg,land_pad,low_light,baseline,0,0,0.6768065,0.314256,0.6986694999999999,0.350676,0.0007962504599999989,0.687738,0.332466,0.31226200000000004,True,0,0.5847973823547363,0.7872072840522636
land_pad__8550.jpg,land_pad,low_light,baseline,0,0,0.6406850000000001,0.3277835,0.664449,0.3610825,0.0007913174359999958,0.652567,0.344433,0.344433,True,0,0.3521072566509247,0.5208454627453917
land_pad__8575.jpg,land_pad,low_light,baseline,0,0,0.678707,0.324662,0.7015210000000001,0.361082,0.0008308858800000042,0.690114,0.342872,0.309886,True,0,0.2993089556694031,0.6531921696724297
land_pad__8600.jpg,land_pad,low_light,baseline,0,0,0.6596955,0.24453699999999998,0.6844105,0.27991699999999997,0.0008744167000000014,0.672053,0.262227,0.262227,True,0,0.2630631625652313,0.5968683605807011
land_pad__8625.jpg,land_pad,low_light,baseline,0,0,0.6368825,0.201873,0.6615975000000001,0.238293,0.0009001203000000018,0.64924,0.220083,0.220083,True,0,0.3859293758869171,0.6795790158105876
land_pad__8650.jpg,land_pad,low_light,baseline,0,0,0.624525,0.185224,0.6473390000000001,0.217482,0.0007359340120000038,0.635932,0.201353,0.201353,True,0,0.6931361556053162,0.7015168433123256
land_pad__8675.jpg,land_pad,low_light,baseline,0,0,0.589353,0.25390199999999996,0.6121669999999999,0.292404,0.0008783846279999966,0.60076,0.273153,0.273153,True,0,0.49864470958709717,0.7285624440228542
land_pad__8700.jpg,land_pad,low_light,baseline,0,0,0.5313685,0.302809,0.5560835000000001,0.34131100000000003,0.0009515769300000026,0.543726,0.32206,0.32206,True,0,0.626795768737793,0.5663641800934838
land_pad2__2050.jpg,land_pad2,low_light,baseline,0,0,0.5057035000000001,0.3631635,0.9039925,0.9677425,0.24079716533099993,0.704848,0.665453,0.29515199999999997,True,0,0.8610954284667969,0.8308397490264928
land_pad2__2075.jpg,land_pad2,low_light,baseline,0,0,0.0009510000000000074,0.431842,0.325095,0.9927159999999999,0.18180394185599996,0.16302300000000003,0.712279,0.16302300000000003,True,0,0.8964086174964905,0.9166964174750463
land_pad2__2100.jpg,land_pad2,low_light,baseline,0,0,0.04562749999999999,0.439126,0.4306085,0.992716,0.21312163179000002,0.238118,0.715921,0.238118,True,0,0.941697359085083,0.8993093232082785
land_pad2__2125.jpg,land_pad2,low_light,baseline,0,0,0.168251,0.45265349999999993,0.554183,1.0,0.211238529438,0.361217,0.7263267499999999,0.2736732500000001,True,0,0.9015370011329651,0.9644747779394159
land_pad2__2150.jpg,land_pad2,low_light,baseline,0,0,0.15589400000000003,0.17273700000000003,0.51616,0.797087,0.22493207709999993,0.33602699999999996,0.484912,0.33602699999999996,True,0,0.9207789897918701,0.9168487206679726
land_pad2__2175.jpg,land_pad2,low_light,baseline,0,0,0.13308000000000003,0.005203000000000013,0.5028520000000001,0.551509,0.202008662232,0.3179660000000001,0.27835600000000005,0.27835600000000005,True,0,0.8686001896858215,0.9562981762641076
land_pad2__2200.jpg,land_pad2,low_light,baseline,0,0,0.274715,0.023933499999999996,0.681559,0.6357965000000001,0.24893279037200003,0.47813700000000003,0.3298650000000001,0.3298650000000001,True,0,0.9089257717132568,0.9193777760277799
land_pad2__2225.jpg,land_pad2,low_light,baseline,0,0,0.40304199999999996,0.009365499999999971,0.843156,0.6649324999999999,0.28852421463800004,0.623099,0.3371489999999999,0.3371489999999999,True,0,0.911765456199646,0.8793871997780847
land_pad2__2250.jpg,land_pad2,low_light,baseline,0,0,0.398289,0.04578600000000005,0.8174910000000001,0.724246,0.28441178891999996,0.60789,0.385016,0.385016,True,0,0.8607984185218811,0.955107763397999
land_pad2__2275.jpg,land_pad2,low_light,baseline,0,0,0.49144499999999997,0.08428750000000002,0.884981,0.7398545000000001,0.25798921491200005,0.688213,0.4120710000000001,0.31178700000000004,True,0,0.8868576288223267,0.8766296980646435
land_pad2__2300.jpg,land_pad2,low_light,baseline,0,0,0.6064639999999999,0.011446500000000026,1.0,0.6659735,0.25757993747200003,0.803232,0.33871,0.19676800000000005,True,0,0.8563692569732666,0.9257619662745906
land_pad2__2325.jpg,land_pad2,low_light,baseline,0,0,0.155894,0.05098849999999999,0.56654,0.7304895,0.27903436764600004,0.361217,0.390739,0.361217,True,0,0.935366153717041,0.9425837776663661
land_pad2__2350.jpg,land_pad2,low_light,baseline,0,0,0.21768099999999999,0.10613900000000004,0.641635,0.799167,0.2938119927119999,0.429658,0.45265299999999997,0.429658,True,0,0.8630655407905579,0.9267841193369377
land_pad2__2375.jpg,land_pad2,low_light,baseline,0,0,0.284221,0.150885,0.6777569999999999,0.8480749999999999,0.27436936383999994,0.480989,0.4994799999999999,0.480989,True,0,0.8838061690330505,0.9474931959981411
land_pad2__2400.jpg,land_pad2,low_light,baseline,0,0,0.228137,0.19875150000000003,0.724335,0.9469305000000001,0.371244923442,0.476236,0.572841,0.42715899999999996,True,0,0.9582369923591614,0.8593724602786675
land_pad2__2425.jpg,land_pad2,low_light,baseline,0,0,0.24524750000000003,0.27055199999999996,0.7233845,1.0,0.348776078376,0.484316,0.635276,0.36472400000000005,True,0,0.9300265312194824,0.956596014186059
land_pad2__2450.jpg,land_pad2,low_light,baseline,0,0,0.177757,0.250781,0.847909,0.997919,0.5006960249760001,0.512833,0.62435,0.37565000000000004,True,0,0.9660404920578003,0.8262545263841017
land_pad2__2475.jpg,land_pad2,low_light,baseline,0,0,0.1330805,0.06139450000000002,0.9752855,0.9947975,0.786116673615,0.554183,0.528096,0.445817,True,0,0.968979001045227,0.9322650318057428
land_pad2__2500.jpg,land_pad2,low_light,baseline,0,0,0.16254799999999997,0.020812000000000053,0.91635,1.0,0.738113872776,0.539449,0.510406,0.46055100000000004,True,0,0.927751362323761,0.9704809741439805
land_pad2__2525.jpg,land_pad2,low_light,baseline,0,0,0.058936000000000044,0.022893000000000052,0.989544,0.980229,0.8909045402879998,0.52424,0.501561,0.47575999999999996,True,0,0.9087563157081604,0.9397285916623996
land_pad__6500.jpg,land_pad,noise,baseline,0,0,0.6615964999999999,0.2757545,0.6796575,0.2996875,0.00043225391300000216,0.670627,0.287721,0.287721,False,,,
land_pad__6525.jpg,land_pad,noise,baseline,0,0,0.6454375000000001,0.27991699999999997,0.6644485,0.304891,0.00047478071399999824,0.654943,0.292404,0.292404,False,,,
land_pad__6550.jpg,land_pad,noise,baseline,0,0,0.6321295,0.283038,0.6511404999999999,0.311134,0.0005341330559999971,0.641635,0.297086,0.297086,False,,,
land_pad__6575.jpg,land_pad,noise,baseline,0,0,0.6254755,0.2903225,0.6435365000000001,0.31425549999999997,0.00043225391300000216,0.634506,0.302289,0.302289,False,,,
land_pad__6600.jpg,land_pad,noise,baseline,0,0,0.598859,0.2934445,0.6216729999999999,0.32049950000000005,0.0006172327699999982,0.610266,0.306972,0.306972,False,,,
land_pad__6625.jpg,land_pad,noise,baseline,0,0,0.558935,0.2861605,0.578897,0.30905350000000004,0.00045699006600000185,0.568916,0.297607,0.297607,False,,,
land_pad__6650.jpg,land_pad,noise,baseline,0,0,0.542776,0.278876,0.558936,0.300728,0.0003531283199999987,0.550856,0.289802,0.289802,False,,,
land_pad__6675.jpg,land_pad,noise,baseline,0,0,0.543726,0.27991699999999997,0.559886,0.304891,0.0004035798399999996,0.551806,0.292404,0.292404,False,,,
land_pad__6700.jpg,land_pad,noise,baseline,0,0,0.5456274999999999,0.279917,0.5636885,0.301769,0.00039466897200000195,0.554658,0.290843,0.290843,False,,,
land_pad__6725.jpg,land_pad,noise,baseline,0,0,0.5484785,0.2778355,0.5627375,0.3017685,0.00034126064700000026,0.555608,0.289802,0.289802,False,,,
land_pad__6750.jpg,land_pad,noise,baseline,0,0,0.5484789999999999,0.276795,0.561787,0.298647,0.0002908064160000019,0.555133,0.287721,0.287721,False,,,
land_pad__6775.jpg,land_pad,noise,baseline,0,0,0.5484785,0.274714,0.5627375,0.296566,0.0003115876680000002,0.555608,0.28564,0.28564,False,,,
land_pad__6800.jpg,land_pad,noise,baseline,0,0,0.5465785,0.271592,0.5617875,0.293444,0.00033234706800000036,0.554183,0.282518,0.282518,False,,,
land_pad__6825.jpg,land_pad,noise,baseline,0,0,0.5465774999999999,0.2705515,0.5608365,0.2944845,0.00034126064700000026,0.553707,0.282518,0.282518,False,,,
land_pad__6850.jpg,land_pad,noise,baseline,0,0,0.5446765,0.272633,0.5598855,0.294485,0.00033234706800000036,0.552281,0.283559,0.283559,False,,,
land_pad__7450.jpg,land_pad,noise,baseline,0,0,0.7119775,0.0686785,0.7271865000000001,0.0915715,0.0003481796370000006,0.719582,0.080125,0.080125,True,106,0.0018645073287189007,0.6817346518138823
land_pad__7475.jpg,land_pad,noise,baseline,0,0,0.7157795,0.2247655,0.7300385,0.2445365,0.0002819146890000002,0.722909,0.234651,0.234651,True,0,0.03913717344403267,0.5095390497946319
land_pad__7500.jpg,land_pad,noise,baseline,0,0,0.7195815,0.342352,0.7319384999999999,0.36316400000000004,0.00025717388399999964,0.72576,0.352758,0.27424000000000004,False,,,
land_pad__7525.jpg,land_pad,noise,baseline,0,0,0.7195819999999999,0.401665,0.73289,0.420395,0.00024925884000000215,0.726236,0.41103,0.273764,False,,,
land_pad__7550.jpg,land_pad,noise,baseline,0,0,0.711027,0.33610850000000003,0.7243350000000001,0.3558795,0.0002631124680000017,0.717681,0.345994,0.282319,True,53,0.002332342555746436,0.6516295107493065
land_pad__7575.jpg,land_pad,noise,baseline,0,0,0.6749055,0.2164415,0.6872625,0.2393345,0.0002828888009999988,0.681084,0.227888,0.227888,True,80,0.002115859417244792,0.5780457114877737
land_pad__7600.jpg,land_pad,noise,baseline,0,0,0.6787075,0.224766,0.6910645,0.245578,0.00025717388399999893,0.684886,0.235172,0.235172,False,,,
land_pad__7625.jpg,land_pad,noise,baseline,0,0,0.6673005000000001,0.2903225,0.6796575,0.31321550000000004,0.00028288880099999953,0.673479,0.301769,0.301769,False,,,
land_pad__7650.jpg,land_pad,noise,baseline,0,0,0.6235745,0.369407,0.6359315,0.39125899999999997,0.0002700251639999987,0.629753,0.380333,0.370247,False,,,
land_pad__7675.jpg,land_pad,noise,baseline,0,0,0.5674899999999999,0.4047865,0.580798,0.42767950000000005,0.0003046600440000029,0.574144,0.416233,0.416233,False,,,
land_pad__7700.jpg,land_pad,noise,baseline,0,0,0.5275665,0.413111,0.5389735,0.434963,0.0002492657639999986,0.53327,0.424037,0.424037,False,,,
land_pad__7725.jpg,land_pad,noise,baseline,0,0,0.4838405,0.41623350000000003,0.49619749999999996,0.4360045,0.0002443102469999988,0.490019,0.426119,0.426119,False,,,
land_pad__7750.jpg,land_pad,noise,baseline,0,0,0.45722450000000003,0.434964,0.4695815,0.456816,0.0002700251639999987,0.463403,0.44589,0.44589,False,,,
land_pad__7775.jpg,land_pad,noise,baseline,0,0,0.45057,0.46826199999999996,0.463878,0.489074,0.00027696609600000045,0.457224,0.478668,0.457224,True,1,0.010974006727337837,0.5276377326542814
land_pad__7800.jpg,land_pad,noise,baseline,0,0,0.4420155,0.517169,0.45342249999999995,0.537981,0.00023740248399999945,0.447719,0.527575,0.447719,False,,,
land_pad__7825.jpg,land_pad,noise,baseline,0,0,0.43821350000000003,0.569199,0.4505705,0.591051,0.0002700251639999987,0.444392,0.580125,0.419875,False,,,
land_pad__7850.jpg,land_pad,noise,baseline,0,0,0.4524715,0.623309,0.4648285,0.644121,0.00025717388399999964,0.45865,0.633715,0.36628499999999997,False,,,
land_pad__7875.jpg,land_pad,noise,baseline,0,0,0.46958150000000004,0.661811,0.4819385,0.683663,0.0002700251639999987,0.47576,0.672737,0.32726299999999997,False,,,
land_pad__7900.jpg,land_pad,noise,baseline,0,0,0.43346,0.6711754999999999,0.446768,0.6940685,0.00030466004400000037,0.440114,0.682622,0.31737800000000005,False,,,
land_pad__7925.jpg,land_pad,noise,baseline,0,0,0.3982895,0.6784600000000001,0.41064649999999997,0.700312,0.0002700251639999987,0.404468,0.689386,0.31061399999999995,False,,,
land_pad__7950.jpg,land_pad,noise,baseline,0,0,0.4106465,0.710718,0.4230035,0.73153,0.00025717388399999964,0.416825,0.721124,0.278876,False,,,
land_pad__7975.jpg,land_pad,noise,baseline,0,0,0.411597,0.7148804999999999,0.424905,0.7377735,0.00030466004400000037,0.418251,0.726327,0.27367300000000006,False,,,
land_pad__8000.jpg,land_pad,noise,baseline,0,0,0.39258550000000003,0.6524455,0.4049425,0.6722165,0.0002443102469999988,0.398764,0.662331,0.337669,False,,,
land_pad__8025.jpg,land_pad,noise,baseline,0,0,0.363118,0.5275755,0.376426,0.5473465,0.0002631124679999995,0.369772,0.537461,0.369772,False,,,
land_pad__8050.jpg,land_pad,noise,baseline,0,0,0.3327,0.4661815,0.346008,0.4859525,0.0002631124679999995,0.339354,0.476067,0.339354,False,,,
land_pad__8075.jpg,land_pad,noise,baseline,0,0,0.3165405,0.450572,0.32889749999999995,0.471384,0.00025717388399999964,0.322719,0.460978,0.322719,False,,,
land_pad__8100.jpg,land_pad,noise,baseline,0,0,0.28327,0.443288,0.296578,0.46201800000000004,0.0002492588400000001,0.289924,0.452653,0.289924,True,0,0.02083105966448784,0.5315127525648872
land_pad__8125.jpg,land_pad,noise,baseline,0,0,0.27756650000000005,0.42247599999999996,0.2899235,0.443288,0.00025717388399999964,0.283745,0.432882,0.283745,True,0,0.02036607638001442,0.5325184554331162
land_pad__8150.jpg,land_pad,noise,baseline,0,0,0.27756650000000005,0.3975025,0.2899235,0.41727349999999996,0.0002443102469999988,0.283745,0.407388,0.283745,True,0,0.016088571399450302,0.6571388193909204
land_pad__8175.jpg,land_pad,noise,baseline,0,0,0.26901149999999996,0.397503,0.2804185,0.415193,0.0002017898300000008,0.274715,0.406348,0.274715,True,218,0.001193754025734961,0.5005995039434693
land_pad__8200.jpg,land_pad,noise,baseline,0,0,0.25570350000000003,0.4079085,0.2680605,0.42455750000000003,0.0002057316929999995,0.261882,0.416233,0.261882,False,,,
land_pad__8225.jpg,land_pad,noise,baseline,0,0,0.2614065,0.412071,0.27281350000000004,0.429761,0.0002017898300000008,0.26711,0.420916,0.26711,False,,,
land_pad__8250.jpg,land_pad,noise,baseline,0,0,0.28327050000000004,0.41103,0.2956275,0.42976000000000003,0.00023144660999999938,0.289449,0.420395,0.289449,False,,,
land_pad__8275.jpg,land_pad,noise,baseline,0,0,0.26901149999999996,0.39750199999999997,0.2804185,0.418314,0.00023740248400000175,0.274715,0.407908,0.274715,True,46,0.002567776245996356,0.5577752371164348
land_pad__8300.jpg,land_pad,noise,baseline,0,0,0.250951,0.3714885,0.26425899999999997,0.3954215,0.00031850036399999946,0.257605,0.383455,0.257605,True,0,0.0550805889070034,0.7133247489754366
land_pad__8325.jpg,land_pad,noise,baseline,0,0,0.23764249999999998,0.36420349999999996,0.2528515,0.3870965,0.0003481796370000014,0.245247,0.37565,0.245247,False,,,
land_pad__8350.jpg,land_pad,noise,baseline,0,0,0.201521,0.3444325,0.217681,0.3704475,0.00042040240000000036,0.209601,0.35744,0.209601,True,0,0.21153989434242249,0.5880585853090016
land_pad__8375.jpg,land_pad,noise,baseline,0,0,0.1720535,0.3205,0.1929665,0.35692,0.0007616514600000007,0.18251,0.33871,0.18251,True,0,0.2837853729724884,0.5119350919431445
land_pad__8400.jpg,land_pad,noise,baseline,0,0,0.189164,0.314256,0.212928,0.352758,0.0009149615280000012,0.201046,0.333507,0.201046,True,0,0.2818969488143921,0.6842750487477146
land_pad__8425.jpg,land_pad,noise,baseline,0,0,0.3013305,0.408949,0.32224349999999996,0.444329,0.0007399019399999979,0.311787,0.426639,0.311787,False,,,
land_pad__8450.jpg,land_pad,noise,baseline,0,0,0.4828895,0.30281,0.5019005000000001,0.33923000000000003,0.0006923806200000022,0.492395,0.32102,0.32102,True,0,0.17676733434200287,0.8553985482811381
land_pad__8475.jpg,land_pad,noise,baseline,0,0,0.644487,0.169615,0.6673009999999999,0.206035,0.0008308858799999962,0.655894,0.187825,0.187825,True,0,0.4572318494319916,0.7274216847892241
land_pad__8500.jpg,land_pad,noise,baseline,0,0,0.7100765,0.2029135,0.7319395,0.2372525,0.000750753556999999,0.721008,0.220083,0.220083,True,0,0.11070486158132553,0.7312371993081247
land_pad__8525.jpg,land_pad,noise,baseline,0,0,0.6768065,0.314256,0.6986694999999999,0.350676,0.0007962504599999989,0.687738,0.332466,0.31226200000000004,True,0,0.3602811098098755,0.735356787438533
land_pad__8550.jpg,land_pad,noise,baseline,0,0,0.6406850000000001,0.3277835,0.664449,0.3610825,0.0007913174359999958,0.652567,0.344433,0.344433,True,0,0.46346724033355713,0.6342395359053813
land_pad__8575.jpg,land_pad,noise,baseline,0,0,0.678707,0.324662,0.7015210000000001,0.361082,0.0008308858800000042,0.690114,0.342872,0.309886,True,0,0.29406407475471497,0.6764697394327585
land_pad__8600.jpg,land_pad,noise,baseline,0,0,0.6596955,0.24453699999999998,0.6844105,0.27991699999999997,0.0008744167000000014,0.672053,0.262227,0.262227,True,0,0.4357638657093048,0.5672016309243216
land_pad__8625.jpg,land_pad,noise,baseline,0,0,0.6368825,0.201873,0.6615975000000001,0.238293,0.0009001203000000018,0.64924,0.220083,0.220083,True,0,0.29786649346351624,0.6085835245833353
land_pad__8650.jpg,land_pad,noise,baseline,0,0,0.624525,0.185224,0.6473390000000001,0.217482,0.0007359340120000038,0.635932,0.201353,0.201353,True,0,0.45717504620552063,0.7399433049974877
land_pad__8675.jpg,land_pad,noise,baseline,0,0,0.589353,0.25390199999999996,0.6121669999999999,0.292404,0.0008783846279999966,0.60076,0.273153,0.273153,True,0,0.5293179154396057,0.6740777041583491
land_pad__8700.jpg,land_pad,noise,baseline,0,0,0.5313685,0.302809,0.5560835000000001,0.34131100000000003,0.0009515769300000026,0.543726,0.32206,0.32206,True,0,0.468243271112442,0.5200011860939276
land_pad2__2050.jpg,land_pad2,noise,baseline,0,0,0.5057035000000001,0.3631635,0.9039925,0.9677425,0.24079716533099993,0.704848,0.665453,0.29515199999999997,True,0,0.8827486038208008,0.8134054177207581
land_pad2__2075.jpg,land_pad2,noise,baseline,0,0,0.0009510000000000074,0.431842,0.325095,0.9927159999999999,0.18180394185599996,0.16302300000000003,0.712279,0.16302300000000003,True,0,0.8973475694656372,0.9001616052580733
land_pad2__2100.jpg,land_pad2,noise,baseline,0,0,0.04562749999999999,0.439126,0.4306085,0.992716,0.21312163179000002,0.238118,0.715921,0.238118,True,0,0.9328877925872803,0.8879640689363361
land_pad2__2125.jpg,land_pad2,noise,baseline,0,0,0.168251,0.45265349999999993,0.554183,1.0,0.211238529438,0.361217,0.7263267499999999,0.2736732500000001,True,0,0.9155684113502502,0.9276842344111105
land_pad2__2150.jpg,land_pad2,noise,baseline,0,0,0.15589400000000003,0.17273700000000003,0.51616,0.797087,0.22493207709999993,0.33602699999999996,0.484912,0.33602699999999996,True,0,0.9073740839958191,0.921508666951237
land_pad2__2175.jpg,land_pad2,noise,baseline,0,0,0.13308000000000003,0.005203000000000013,0.5028520000000001,0.551509,0.202008662232,0.3179660000000001,0.27835600000000005,0.27835600000000005,True,0,0.8262653946876526,0.9182467141394881
land_pad2__2200.jpg,land_pad2,noise,baseline,0,0,0.274715,0.023933499999999996,0.681559,0.6357965000000001,0.24893279037200003,0.47813700000000003,0.3298650000000001,0.3298650000000001,True,0,0.8962365388870239,0.8920206194588688
land_pad2__2225.jpg,land_pad2,noise,baseline,0,0,0.40304199999999996,0.009365499999999971,0.843156,0.6649324999999999,0.28852421463800004,0.623099,0.3371489999999999,0.3371489999999999,True,0,0.9151783585548401,0.866899654659595
land_pad2__2250.jpg,land_pad2,noise,baseline,0,0,0.398289,0.04578600000000005,0.8174910000000001,0.724246,0.28441178891999996,0.60789,0.385016,0.385016,True,0,0.8425279259681702,0.8941537604480873
land_pad2__2275.jpg,land_pad2,noise,baseline,0,0,0.49144499999999997,0.08428750000000002,0.884981,0.7398545000000001,0.25798921491200005,0.688213,0.4120710000000001,0.31178700000000004,True,0,0.9129928946495056,0.9100608213036109
land_pad2__2300.jpg,land_pad2,noise,baseline,0,0,0.6064639999999999,0.011446500000000026,1.0,0.6659735,0.25757993747200003,0.803232,0.33871,0.19676800000000005,True,0,0.8706302642822266,0.8880842202567664
land_pad2__2325.jpg,land_pad2,noise,baseline,0,0,0.155894,0.05098849999999999,0.56654,0.7304895,0.27903436764600004,0.361217,0.390739,0.361217,True,0,0.9136743545532227,0.933279615409705
land_pad2__2350.jpg,land_pad2,noise,baseline,0,0,0.21768099999999999,0.10613900000000004,0.641635,0.799167,0.2938119927119999,0.429658,0.45265299999999997,0.429658,True,0,0.8637134432792664,0.9079224198144397
land_pad2__2375.jpg,land_pad2,noise,baseline,0,0,0.284221,0.150885,0.6777569999999999,0.8480749999999999,0.27436936383999994,0.480989,0.4994799999999999,0.480989,True,0,0.8688847422599792,0.9322282621013714
land_pad2__2400.jpg,land_pad2,noise,baseline,0,0,0.228137,0.19875150000000003,0.724335,0.9469305000000001,0.371244923442,0.476236,0.572841,0.42715899999999996,True,0,0.9588955640792847,0.8778732663167125
land_pad2__2425.jpg,land_pad2,noise,baseline,0,0,0.24524750000000003,0.27055199999999996,0.7233845,1.0,0.348776078376,0.484316,0.635276,0.36472400000000005,True,0,0.9187542796134949,0.9326556616709296
land_pad2__2450.jpg,land_pad2,noise,baseline,0,0,0.177757,0.250781,0.847909,0.997919,0.5006960249760001,0.512833,0.62435,0.37565000000000004,True,0,0.96758633852005,0.8294588845335477
land_pad2__2475.jpg,land_pad2,noise,baseline,0,0,0.1330805,0.06139450000000002,0.9752855,0.9947975,0.786116673615,0.554183,0.528096,0.445817,True,0,0.966303825378418,0.8973035983677229
land_pad2__2500.jpg,land_pad2,noise,baseline,0,0,0.16254799999999997,0.020812000000000053,0.91635,1.0,0.738113872776,0.539449,0.510406,0.46055100000000004,True,0,0.9108967781066895,0.9690424159059323
land_pad2__2525.jpg,land_pad2,noise,baseline,0,0,0.058936000000000044,0.022893000000000052,0.989544,0.980229,0.8909045402879998,0.52424,0.501561,0.47575999999999996,True,0,0.9223066568374634,0.9431562409444003
land_pad__6500.jpg,land_pad,occlusion,baseline,0,0,0.6615964999999999,0.2757545,0.6796575,0.2996875,0.00043225391300000216,0.670627,0.287721,0.287721,True,46,0.003606031881645322,0.6383584607789481
land_pad__6525.jpg,land_pad,occlusion,baseline,0,0,0.6454375000000001,0.27991699999999997,0.6644485,0.304891,0.00047478071399999824,0.654943,0.292404,0.292404,True,26,0.006106811109930277,0.5468499591066618
land_pad__6550.jpg,land_pad,occlusion,baseline,0,0,0.6321295,0.283038,0.6511404999999999,0.311134,0.0005341330559999971,0.641635,0.297086,0.297086,True,63,0.0022064142394810915,0.5434836515248868
land_pad__6575.jpg,land_pad,occlusion,baseline,0,0,0.6254755,0.2903225,0.6435365000000001,0.31425549999999997,0.00043225391300000216,0.634506,0.302289,0.302289,True,39,0.003927122335880995,0.5094439323676625
land_pad__6600.jpg,land_pad,occlusion,baseline,0,0,0.598859,0.2934445,0.6216729999999999,0.32049950000000005,0.0006172327699999982,0.610266,0.306972,0.306972,False,,,
land_pad__6625.jpg,land_pad,occlusion,baseline,0,0,0.558935,0.2861605,0.578897,0.30905350000000004,0.00045699006600000185,0.568916,0.297607,0.297607,True,47,0.0025239079259335995,0.7322217139571047
land_pad__6650.jpg,land_pad,occlusion,baseline,0,0,0.542776,0.278876,0.558936,0.300728,0.0003531283199999987,0.550856,0.289802,0.289802,False,,,
land_pad__6675.jpg,land_pad,occlusion,baseline,0,0,0.543726,0.27991699999999997,0.559886,0.304891,0.0004035798399999996,0.551806,0.292404,0.292404,True,37,0.004740387666970491,0.5843872673938252
land_pad__6700.jpg,land_pad,occlusion,baseline,0,0,0.5456274999999999,0.279917,0.5636885,0.301769,0.00039466897200000195,0.554658,0.290843,0.290843,True,5,0.00996139645576477,0.5191905737759664
land_pad__6725.jpg,land_pad,occlusion,baseline,0,0,0.5484785,0.2778355,0.5627375,0.3017685,0.00034126064700000026,0.555608,0.289802,0.289802,True,17,0.0076233637519180775,0.552077942860576
land_pad__6750.jpg,land_pad,occlusion,baseline,0,0,0.5484789999999999,0.276795,0.561787,0.298647,0.0002908064160000019,0.555133,0.287721,0.287721,True,39,0.005153004080057144,0.590011812823822
land_pad__6775.jpg,land_pad,occlusion,baseline,0,0,0.5484785,0.274714,0.5627375,0.296566,0.0003115876680000002,0.555608,0.28564,0.28564,True,25,0.007029872387647629,0.6333278899446886
land_pad__6800.jpg,land_pad,occlusion,baseline,0,0,0.5465785,0.271592,0.5617875,0.293444,0.00033234706800000036,0.554183,0.282518,0.282518,False,,,
land_pad__6825.jpg,land_pad,occlusion,baseline,0,0,0.5465774999999999,0.2705515,0.5608365,0.2944845,0.00034126064700000026,0.553707,0.282518,0.282518,False,,,
land_pad__6850.jpg,land_pad,occlusion,baseline,0,0,0.5446765,0.272633,0.5598855,0.294485,0.00033234706800000036,0.552281,0.283559,0.283559,False,,,
land_pad__7450.jpg,land_pad,occlusion,baseline,0,0,0.7119775,0.0686785,0.7271865000000001,0.0915715,0.0003481796370000006,0.719582,0.080125,0.080125,True,0,0.0311527531594038,0.7273222148646185
land_pad__7475.jpg,land_pad,occlusion,baseline,0,0,0.7157795,0.2247655,0.7300385,0.2445365,0.0002819146890000002,0.722909,0.234651,0.234651,True,2,0.03200703486800194,0.6059340294403662
land_pad__7500.jpg,land_pad,occlusion,baseline,0,0,0.7195815,0.342352,0.7319384999999999,0.36316400000000004,0.00025717388399999964,0.72576,0.352758,0.27424000000000004,False,,,
land_pad__7525.jpg,land_pad,occlusion,baseline,0,0,0.7195819999999999,0.401665,0.73289,0.420395,0.00024925884000000215,0.726236,0.41103,0.273764,False,,,
land_pad__7550.jpg,land_pad,occlusion,baseline,0,0,0.711027,0.33610850000000003,0.7243350000000001,0.3558795,0.0002631124680000017,0.717681,0.345994,0.282319,True,0,0.05959390476346016,0.6383779234873267
land_pad__7575.jpg,land_pad,occlusion,baseline,0,0,0.6749055,0.2164415,0.6872625,0.2393345,0.0002828888009999988,0.681084,0.227888,0.227888,True,55,0.0029731886461377144,0.6193924759839808
land_pad__7600.jpg,land_pad,occlusion,baseline,0,0,0.6787075,0.224766,0.6910645,0.245578,0.00025717388399999893,0.684886,0.235172,0.235172,False,,,
land_pad__7625.jpg,land_pad,occlusion,baseline,0,0,0.6673005000000001,0.2903225,0.6796575,0.31321550000000004,0.00028288880099999953,0.673479,0.301769,0.301769,False,,,
land_pad__7650.jpg,land_pad,occlusion,baseline,0,0,0.6235745,0.369407,0.6359315,0.39125899999999997,0.0002700251639999987,0.629753,0.380333,0.370247,False,,,
land_pad__7675.jpg,land_pad,occlusion,baseline,0,0,0.5674899999999999,0.4047865,0.580798,0.42767950000000005,0.0003046600440000029,0.574144,0.416233,0.416233,False,,,
land_pad__7700.jpg,land_pad,occlusion,baseline,0,0,0.5275665,0.413111,0.5389735,0.434963,0.0002492657639999986,0.53327,0.424037,0.424037,False,,,
land_pad__7725.jpg,land_pad,occlusion,baseline,0,0,0.4838405,0.41623350000000003,0.49619749999999996,0.4360045,0.0002443102469999988,0.490019,0.426119,0.426119,False,,,
land_pad__7750.jpg,land_pad,occlusion,baseline,0,0,0.45722450000000003,0.434964,0.4695815,0.456816,0.0002700251639999987,0.463403,0.44589,0.44589,False,,,
land_pad__7775.jpg,land_pad,occlusion,baseline,0,0,0.45057,0.46826199999999996,0.463878,0.489074,0.00027696609600000045,0.457224,0.478668,0.457224,False,,,
land_pad__7800.jpg,land_pad,occlusion,baseline,0,0,0.4420155,0.517169,0.45342249999999995,0.537981,0.00023740248399999945,0.447719,0.527575,0.447719,False,,,
land_pad__7825.jpg,land_pad,occlusion,baseline,0,0,0.43821350000000003,0.569199,0.4505705,0.591051,0.0002700251639999987,0.444392,0.580125,0.419875,False,,,
land_pad__7850.jpg,land_pad,occlusion,baseline,0,0,0.4524715,0.623309,0.4648285,0.644121,0.00025717388399999964,0.45865,0.633715,0.36628499999999997,False,,,
land_pad__7875.jpg,land_pad,occlusion,baseline,0,0,0.46958150000000004,0.661811,0.4819385,0.683663,0.0002700251639999987,0.47576,0.672737,0.32726299999999997,False,,,
land_pad__7900.jpg,land_pad,occlusion,baseline,0,0,0.43346,0.6711754999999999,0.446768,0.6940685,0.00030466004400000037,0.440114,0.682622,0.31737800000000005,False,,,
land_pad__7925.jpg,land_pad,occlusion,baseline,0,0,0.3982895,0.6784600000000001,0.41064649999999997,0.700312,0.0002700251639999987,0.404468,0.689386,0.31061399999999995,False,,,
land_pad__7950.jpg,land_pad,occlusion,baseline,0,0,0.4106465,0.710718,0.4230035,0.73153,0.00025717388399999964,0.416825,0.721124,0.278876,False,,,
land_pad__7975.jpg,land_pad,occlusion,baseline,0,0,0.411597,0.7148804999999999,0.424905,0.7377735,0.00030466004400000037,0.418251,0.726327,0.27367300000000006,False,,,
land_pad__8000.jpg,land_pad,occlusion,baseline,0,0,0.39258550000000003,0.6524455,0.4049425,0.6722165,0.0002443102469999988,0.398764,0.662331,0.337669,False,,,
land_pad__8025.jpg,land_pad,occlusion,baseline,0,0,0.363118,0.5275755,0.376426,0.5473465,0.0002631124679999995,0.369772,0.537461,0.369772,False,,,
land_pad__8050.jpg,land_pad,occlusion,baseline,0,0,0.3327,0.4661815,0.346008,0.4859525,0.0002631124679999995,0.339354,0.476067,0.339354,True,1,0.06669481098651886,0.5135701122451054
land_pad__8075.jpg,land_pad,occlusion,baseline,0,0,0.3165405,0.450572,0.32889749999999995,0.471384,0.00025717388399999964,0.322719,0.460978,0.322719,False,,,
land_pad__8100.jpg,land_pad,occlusion,baseline,0,0,0.28327,0.443288,0.296578,0.46201800000000004,0.0002492588400000001,0.289924,0.452653,0.289924,True,0,0.08563830703496933,0.5149236755623783
land_pad__8125.jpg,land_pad,occlusion,baseline,0,0,0.27756650000000005,0.42247599999999996,0.2899235,0.443288,0.00025717388399999964,0.283745,0.432882,0.283745,False,,,
land_pad__8150.jpg,land_pad,occlusion,baseline,0,0,0.27756650000000005,0.3975025,0.2899235,0.41727349999999996,0.0002443102469999988,0.283745,0.407388,0.283745,False,,,
land_pad__8175.jpg,land_pad,occlusion,baseline,0,0,0.26901149999999996,0.397503,0.2804185,0.415193,0.0002017898300000008,0.274715,0.406348,0.274715,False,,,
land_pad__8200.jpg,land_pad,occlusion,baseline,0,0,0.25570350000000003,0.4079085,0.2680605,0.42455750000000003,0.0002057316929999995,0.261882,0.416233,0.261882,False,,,
land_pad__8225.jpg,land_pad,occlusion,baseline,0,0,0.2614065,0.412071,0.27281350000000004,0.429761,0.0002017898300000008,0.26711,0.420916,0.26711,False,,,
land_pad__8250.jpg,land_pad,occlusion,baseline,0,0,0.28327050000000004,0.41103,0.2956275,0.42976000000000003,0.00023144660999999938,0.289449,0.420395,0.289449,True,1,0.04719710350036621,0.5211928141231074
land_pad__8275.jpg,land_pad,occlusion,baseline,0,0,0.26901149999999996,0.39750199999999997,0.2804185,0.418314,0.00023740248400000175,0.274715,0.407908,0.274715,False,,,
land_pad__8300.jpg,land_pad,occlusion,baseline,0,0,0.250951,0.3714885,0.26425899999999997,0.3954215,0.00031850036399999946,0.257605,0.383455,0.257605,True,0,0.19818583130836487,0.6135006211275887
land_pad__8325.jpg,land_pad,occlusion,baseline,0,0,0.23764249999999998,0.36420349999999996,0.2528515,0.3870965,0.0003481796370000014,0.245247,0.37565,0.245247,False,,,
land_pad__8350.jpg,land_pad,occlusion,baseline,0,0,0.201521,0.3444325,0.217681,0.3704475,0.00042040240000000036,0.209601,0.35744,0.209601,True,0,0.5088857412338257,0.5053495642651343
land_pad__8375.jpg,land_pad,occlusion,baseline,0,0,0.1720535,0.3205,0.1929665,0.35692,0.0007616514600000007,0.18251,0.33871,0.18251,True,0,0.5318118333816528,0.5001693184790268
land_pad__8400.jpg,land_pad,occlusion,baseline,0,0,0.189164,0.314256,0.212928,0.352758,0.0009149615280000012,0.201046,0.333507,0.201046,True,0,0.28093549609184265,0.6424299539522779
land_pad__8425.jpg,land_pad,occlusion,baseline,0,0,0.3013305,0.408949,0.32224349999999996,0.444329,0.0007399019399999979,0.311787,0.426639,0.311787,True,1,0.09601567685604095,0.6760912802800728
land_pad__8450.jpg,land_pad,occlusion,baseline,0,0,0.4828895,0.30281,0.5019005000000001,0.33923000000000003,0.0006923806200000022,0.492395,0.32102,0.32102,True,0,0.35509538650512695,0.7221263748768207
land_pad__8475.jpg,land_pad,occlusion,baseline,0,0,0.644487,0.169615,0.6673009999999999,0.206035,0.0008308858799999962,0.655894,0.187825,0.187825,True,0,0.3522583544254303,0.6778211840173657
land_pad__8500.jpg,land_pad,occlusion,baseline,0,0,0.7100765,0.2029135,0.7319395,0.2372525,0.000750753556999999,0.721008,0.220083,0.220083,True,0,0.4247454106807709,0.7594173759261952
land_pad__8525.jpg,land_pad,occlusion,baseline,0,0,0.6768065,0.314256,0.6986694999999999,0.350676,0.0007962504599999989,0.687738,0.332466,0.31226200000000004,True,0,0.653099775314331,0.7500246898914473
land_pad__8550.jpg,land_pad,occlusion,baseline,0,0,0.6406850000000001,0.3277835,0.664449,0.3610825,0.0007913174359999958,0.652567,0.344433,0.344433,True,0,0.3504023849964142,0.7272055350692317
land_pad__8575.jpg,land_pad,occlusion,baseline,0,0,0.678707,0.324662,0.7015210000000001,0.361082,0.0008308858800000042,0.690114,0.342872,0.309886,True,0,0.22774045169353485,0.6661703088377687
land_pad__8600.jpg,land_pad,occlusion,baseline,0,0,0.6596955,0.24453699999999998,0.6844105,0.27991699999999997,0.0008744167000000014,0.672053,0.262227,0.262227,True,0,0.4624748229980469,0.5506694415100831
land_pad__8625.jpg,land_pad,occlusion,baseline,0,0,0.6368825,0.201873,0.6615975000000001,0.238293,0.0009001203000000018,0.64924,0.220083,0.220083,True,0,0.4455520510673523,0.6111019687695328
land_pad__8650.jpg,land_pad,occlusion,baseline,0,0,0.624525,0.185224,0.6473390000000001,0.217482,0.0007359340120000038,0.635932,0.201353,0.201353,True,0,0.6851161122322083,0.5937068930895596
land_pad__8675.jpg,land_pad,occlusion,baseline,0,0,0.589353,0.25390199999999996,0.6121669999999999,0.292404,0.0008783846279999966,0.60076,0.273153,0.273153,True,0,0.5389931797981262,0.6971753490703083
land_pad__8700.jpg,land_pad,occlusion,baseline,0,0,0.5313685,0.302809,0.5560835000000001,0.34131100000000003,0.0009515769300000026,0.543726,0.32206,0.32206,True,4,0.026562808081507683,0.5391922055168396
land_pad2__2050.jpg,land_pad2,occlusion,baseline,0,0,0.5057035000000001,0.3631635,0.9039925,0.9677425,0.24079716533099993,0.704848,0.665453,0.29515199999999997,True,0,0.5659262537956238,0.845492966683349
land_pad2__2075.jpg,land_pad2,occlusion,baseline,0,0,0.0009510000000000074,0.431842,0.325095,0.9927159999999999,0.18180394185599996,0.16302300000000003,0.712279,0.16302300000000003,True,0,0.6035495400428772,0.8915335028421264
land_pad2__2100.jpg,land_pad2,occlusion,baseline,0,0,0.04562749999999999,0.439126,0.4306085,0.992716,0.21312163179000002,0.238118,0.715921,0.238118,True,0,0.7245398163795471,0.9275565727760896
land_pad2__2125.jpg,land_pad2,occlusion,baseline,0,0,0.168251,0.45265349999999993,0.554183,1.0,0.211238529438,0.361217,0.7263267499999999,0.2736732500000001,True,0,0.6507395505905151,0.9800265413308265
land_pad2__2150.jpg,land_pad2,occlusion,baseline,0,0,0.15589400000000003,0.17273700000000003,0.51616,0.797087,0.22493207709999993,0.33602699999999996,0.484912,0.33602699999999996,True,0,0.5206764936447144,0.824055279692656
land_pad2__2175.jpg,land_pad2,occlusion,baseline,0,0,0.13308000000000003,0.005203000000000013,0.5028520000000001,0.551509,0.202008662232,0.3179660000000001,0.27835600000000005,0.27835600000000005,True,0,0.5773653984069824,0.8628671778054712
land_pad2__2200.jpg,land_pad2,occlusion,baseline,0,0,0.274715,0.023933499999999996,0.681559,0.6357965000000001,0.24893279037200003,0.47813700000000003,0.3298650000000001,0.3298650000000001,True,0,0.660096287727356,0.946823462946564
land_pad2__2225.jpg,land_pad2,occlusion,baseline,0,0,0.40304199999999996,0.009365499999999971,0.843156,0.6649324999999999,0.28852421463800004,0.623099,0.3371489999999999,0.3371489999999999,True,0,0.5851832032203674,0.9323857677177552
land_pad2__2250.jpg,land_pad2,occlusion,baseline,0,0,0.398289,0.04578600000000005,0.8174910000000001,0.724246,0.28441178891999996,0.60789,0.385016,0.385016,True,0,0.5035642981529236,0.9722637155037617
land_pad2__2275.jpg,land_pad2,occlusion,baseline,0,0,0.49144499999999997,0.08428750000000002,0.884981,0.7398545000000001,0.25798921491200005,0.688213,0.4120710000000001,0.31178700000000004,True,0,0.5972226858139038,0.8719290270419403
land_pad2__2300.jpg,land_pad2,occlusion,baseline,0,0,0.6064639999999999,0.011446500000000026,1.0,0.6659735,0.25757993747200003,0.803232,0.33871,0.19676800000000005,True,0,0.3986183702945709,0.9394804950070134
land_pad2__2325.jpg,land_pad2,occlusion,baseline,0,0,0.155894,0.05098849999999999,0.56654,0.7304895,0.27903436764600004,0.361217,0.390739,0.361217,True,0,0.12946371734142303,0.9690558221169885
land_pad2__2350.jpg,land_pad2,occlusion,baseline,0,0,0.21768099999999999,0.10613900000000004,0.641635,0.799167,0.2938119927119999,0.429658,0.45265299999999997,0.429658,True,0,0.37340301275253296,0.9442014197236989
land_pad2__2375.jpg,land_pad2,occlusion,baseline,0,0,0.284221,0.150885,0.6777569999999999,0.8480749999999999,0.27436936383999994,0.480989,0.4994799999999999,0.480989,True,0,0.07294416427612305,0.6648093242284158
land_pad2__2400.jpg,land_pad2,occlusion,baseline,0,0,0.228137,0.19875150000000003,0.724335,0.9469305000000001,0.371244923442,0.476236,0.572841,0.42715899999999996,True,1,0.05156562849879265,0.822546579924303
land_pad2__2425.jpg,land_pad2,occlusion,baseline,0,0,0.24524750000000003,0.27055199999999996,0.7233845,1.0,0.348776078376,0.484316,0.635276,0.36472400000000005,True,0,0.16764773428440094,0.9718973378584431
land_pad2__2450.jpg,land_pad2,occlusion,baseline,0,0,0.177757,0.250781,0.847909,0.997919,0.5006960249760001,0.512833,0.62435,0.37565000000000004,True,4,0.016300911083817482,0.5428257259964285
land_pad2__2475.jpg,land_pad2,occlusion,baseline,0,0,0.1330805,0.06139450000000002,0.9752855,0.9947975,0.786116673615,0.554183,0.528096,0.445817,True,8,0.013643641956150532,0.6114110264176592
land_pad2__2500.jpg,land_pad2,occlusion,baseline,0,0,0.16254799999999997,0.020812000000000053,0.91635,1.0,0.738113872776,0.539449,0.510406,0.46055100000000004,True,0,0.024145837873220444,0.5927624833411864
land_pad2__2525.jpg,land_pad2,occlusion,baseline,0,0,0.058936000000000044,0.022893000000000052,0.989544,0.980229,0.8909045402879998,0.52424,0.501561,0.47575999999999996,True,11,0.012582685798406601,0.5598564500304191
land_pad__6500.jpg,land_pad,mixed,baseline,0,0,0.6615964999999999,0.2757545,0.6796575,0.2996875,0.00043225391300000216,0.670627,0.287721,0.287721,False,,,
land_pad__6525.jpg,land_pad,mixed,baseline,0,0,0.6454375000000001,0.27991699999999997,0.6644485,0.304891,0.00047478071399999824,0.654943,0.292404,0.292404,False,,,
land_pad__6550.jpg,land_pad,mixed,baseline,0,0,0.6321295,0.283038,0.6511404999999999,0.311134,0.0005341330559999971,0.641635,0.297086,0.297086,False,,,
land_pad__6575.jpg,land_pad,mixed,baseline,0,0,0.6254755,0.2903225,0.6435365000000001,0.31425549999999997,0.00043225391300000216,0.634506,0.302289,0.302289,False,,,
land_pad__6600.jpg,land_pad,mixed,baseline,0,0,0.598859,0.2934445,0.6216729999999999,0.32049950000000005,0.0006172327699999982,0.610266,0.306972,0.306972,False,,,
land_pad__6625.jpg,land_pad,mixed,baseline,0,0,0.558935,0.2861605,0.578897,0.30905350000000004,0.00045699006600000185,0.568916,0.297607,0.297607,False,,,
land_pad__6650.jpg,land_pad,mixed,baseline,0,0,0.542776,0.278876,0.558936,0.300728,0.0003531283199999987,0.550856,0.289802,0.289802,False,,,
land_pad__6675.jpg,land_pad,mixed,baseline,0,0,0.543726,0.27991699999999997,0.559886,0.304891,0.0004035798399999996,0.551806,0.292404,0.292404,False,,,
land_pad__6700.jpg,land_pad,mixed,baseline,0,0,0.5456274999999999,0.279917,0.5636885,0.301769,0.00039466897200000195,0.554658,0.290843,0.290843,False,,,
land_pad__6725.jpg,land_pad,mixed,baseline,0,0,0.5484785,0.2778355,0.5627375,0.3017685,0.00034126064700000026,0.555608,0.289802,0.289802,False,,,
land_pad__6750.jpg,land_pad,mixed,baseline,0,0,0.5484789999999999,0.276795,0.561787,0.298647,0.0002908064160000019,0.555133,0.287721,0.287721,False,,,
land_pad__6775.jpg,land_pad,mixed,baseline,0,0,0.5484785,0.274714,0.5627375,0.296566,0.0003115876680000002,0.555608,0.28564,0.28564,False,,,
land_pad__6800.jpg,land_pad,mixed,baseline,0,0,0.5465785,0.271592,0.5617875,0.293444,0.00033234706800000036,0.554183,0.282518,0.282518,False,,,
land_pad__6825.jpg,land_pad,mixed,baseline,0,0,0.5465774999999999,0.2705515,0.5608365,0.2944845,0.00034126064700000026,0.553707,0.282518,0.282518,False,,,
land_pad__6850.jpg,land_pad,mixed,baseline,0,0,0.5446765,0.272633,0.5598855,0.294485,0.00033234706800000036,0.552281,0.283559,0.283559,False,,,
land_pad__7450.jpg,land_pad,mixed,baseline,0,0,0.7119775,0.0686785,0.7271865000000001,0.0915715,0.0003481796370000006,0.719582,0.080125,0.080125,True,182,0.0011796234175562859,0.5698581197680936
land_pad__7475.jpg,land_pad,mixed,baseline,0,0,0.7157795,0.2247655,0.7300385,0.2445365,0.0002819146890000002,0.722909,0.234651,0.234651,False,,,
land_pad__7500.jpg,land_pad,mixed,baseline,0,0,0.7195815,0.342352,0.7319384999999999,0.36316400000000004,0.00025717388399999964,0.72576,0.352758,0.27424000000000004,False,,,
land_pad__7525.jpg,land_pad,mixed,baseline,0,0,0.7195819999999999,0.401665,0.73289,0.420395,0.00024925884000000215,0.726236,0.41103,0.273764,True,25,0.005849849432706833,0.5001404646710538
land_pad__7550.jpg,land_pad,mixed,baseline,0,0,0.711027,0.33610850000000003,0.7243350000000001,0.3558795,0.0002631124680000017,0.717681,0.345994,0.282319,False,,,
land_pad__7575.jpg,land_pad,mixed,baseline,0,0,0.6749055,0.2164415,0.6872625,0.2393345,0.0002828888009999988,0.681084,0.227888,0.227888,False,,,
land_pad__7600.jpg,land_pad,mixed,baseline,0,0,0.6787075,0.224766,0.6910645,0.245578,0.00025717388399999893,0.684886,0.235172,0.235172,False,,,
land_pad__7625.jpg,land_pad,mixed,baseline,0,0,0.6673005000000001,0.2903225,0.6796575,0.31321550000000004,0.00028288880099999953,0.673479,0.301769,0.301769,False,,,
land_pad__7650.jpg,land_pad,mixed,baseline,0,0,0.6235745,0.369407,0.6359315,0.39125899999999997,0.0002700251639999987,0.629753,0.380333,0.370247,False,,,
land_pad__7675.jpg,land_pad,mixed,baseline,0,0,0.5674899999999999,0.4047865,0.580798,0.42767950000000005,0.0003046600440000029,0.574144,0.416233,0.416233,False,,,
land_pad__7700.jpg,land_pad,mixed,baseline,0,0,0.5275665,0.413111,0.5389735,0.434963,0.0002492657639999986,0.53327,0.424037,0.424037,False,,,
land_pad__7725.jpg,land_pad,mixed,baseline,0,0,0.4838405,0.41623350000000003,0.49619749999999996,0.4360045,0.0002443102469999988,0.490019,0.426119,0.426119,False,,,
land_pad__7750.jpg,land_pad,mixed,baseline,0,0,0.45722450000000003,0.434964,0.4695815,0.456816,0.0002700251639999987,0.463403,0.44589,0.44589,False,,,
land_pad__7775.jpg,land_pad,mixed,baseline,0,0,0.45057,0.46826199999999996,0.463878,0.489074,0.00027696609600000045,0.457224,0.478668,0.457224,False,,,
land_pad__7800.jpg,land_pad,mixed,baseline,0,0,0.4420155,0.517169,0.45342249999999995,0.537981,0.00023740248399999945,0.447719,0.527575,0.447719,False,,,
land_pad__7825.jpg,land_pad,mixed,baseline,0,0,0.43821350000000003,0.569199,0.4505705,0.591051,0.0002700251639999987,0.444392,0.580125,0.419875,False,,,
land_pad__7850.jpg,land_pad,mixed,baseline,0,0,0.4524715,0.623309,0.4648285,0.644121,0.00025717388399999964,0.45865,0.633715,0.36628499999999997,False,,,
land_pad__7875.jpg,land_pad,mixed,baseline,0,0,0.46958150000000004,0.661811,0.4819385,0.683663,0.0002700251639999987,0.47576,0.672737,0.32726299999999997,False,,,
land_pad__7900.jpg,land_pad,mixed,baseline,0,0,0.43346,0.6711754999999999,0.446768,0.6940685,0.00030466004400000037,0.440114,0.682622,0.31737800000000005,False,,,
land_pad__7925.jpg,land_pad,mixed,baseline,0,0,0.3982895,0.6784600000000001,0.41064649999999997,0.700312,0.0002700251639999987,0.404468,0.689386,0.31061399999999995,False,,,
land_pad__7950.jpg,land_pad,mixed,baseline,0,0,0.4106465,0.710718,0.4230035,0.73153,0.00025717388399999964,0.416825,0.721124,0.278876,False,,,
land_pad__7975.jpg,land_pad,mixed,baseline,0,0,0.411597,0.7148804999999999,0.424905,0.7377735,0.00030466004400000037,0.418251,0.726327,0.27367300000000006,False,,,
land_pad__8000.jpg,land_pad,mixed,baseline,0,0,0.39258550000000003,0.6524455,0.4049425,0.6722165,0.0002443102469999988,0.398764,0.662331,0.337669,False,,,
land_pad__8025.jpg,land_pad,mixed,baseline,0,0,0.363118,0.5275755,0.376426,0.5473465,0.0002631124679999995,0.369772,0.537461,0.369772,True,1,0.009615221992135048,0.539519049816573
land_pad__8050.jpg,land_pad,mixed,baseline,0,0,0.3327,0.4661815,0.346008,0.4859525,0.0002631124679999995,0.339354,0.476067,0.339354,False,,,
land_pad__8075.jpg,land_pad,mixed,baseline,0,0,0.3165405,0.450572,0.32889749999999995,0.471384,0.00025717388399999964,0.322719,0.460978,0.322719,False,,,
land_pad__8100.jpg,land_pad,mixed,baseline,0,0,0.28327,0.443288,0.296578,0.46201800000000004,0.0002492588400000001,0.289924,0.452653,0.289924,True,52,0.002217401284724474,0.5027713870509372
land_pad__8125.jpg,land_pad,mixed,baseline,0,0,0.27756650000000005,0.42247599999999996,0.2899235,0.443288,0.00025717388399999964,0.283745,0.432882,0.283745,True,1,0.01097931805998087,0.5809272741000104
land_pad__8150.jpg,land_pad,mixed,baseline,0,0,0.27756650000000005,0.3975025,0.2899235,0.41727349999999996,0.0002443102469999988,0.283745,0.407388,0.283745,True,27,0.0048103369772434235,0.7827368388639953
land_pad__8175.jpg,land_pad,mixed,baseline,0,0,0.26901149999999996,0.397503,0.2804185,0.415193,0.0002017898300000008,0.274715,0.406348,0.274715,False,,,
land_pad__8200.jpg,land_pad,mixed,baseline,0,0,0.25570350000000003,0.4079085,0.2680605,0.42455750000000003,0.0002057316929999995,0.261882,0.416233,0.261882,True,2,0.010556962341070175,0.5506755706458747
land_pad__8225.jpg,land_pad,mixed,baseline,0,0,0.2614065,0.412071,0.27281350000000004,0.429761,0.0002017898300000008,0.26711,0.420916,0.26711,False,,,
land_pad__8250.jpg,land_pad,mixed,baseline,0,0,0.28327050000000004,0.41103,0.2956275,0.42976000000000003,0.00023144660999999938,0.289449,0.420395,0.289449,False,,,
land_pad__8275.jpg,land_pad,mixed,baseline,0,0,0.26901149999999996,0.39750199999999997,0.2804185,0.418314,0.00023740248400000175,0.274715,0.407908,0.274715,False,,,
land_pad__8300.jpg,land_pad,mixed,baseline,0,0,0.250951,0.3714885,0.26425899999999997,0.3954215,0.00031850036399999946,0.257605,0.383455,0.257605,True,0,0.02165333740413189,0.8355622482085424
land_pad__8325.jpg,land_pad,mixed,baseline,0,0,0.23764249999999998,0.36420349999999996,0.2528515,0.3870965,0.0003481796370000014,0.245247,0.37565,0.245247,False,,,
land_pad__8350.jpg,land_pad,mixed,baseline,0,0,0.201521,0.3444325,0.217681,0.3704475,0.00042040240000000036,0.209601,0.35744,0.209601,True,0,0.0461883507668972,0.59468265353426
land_pad__8375.jpg,land_pad,mixed,baseline,0,0,0.1720535,0.3205,0.1929665,0.35692,0.0007616514600000007,0.18251,0.33871,0.18251,True,1,0.02075626328587532,0.5175087228025117
land_pad__8400.jpg,land_pad,mixed,baseline,0,0,0.189164,0.314256,0.212928,0.352758,0.0009149615280000012,0.201046,0.333507,0.201046,True,0,0.09407225251197815,0.6707092816526307
land_pad__8425.jpg,land_pad,mixed,baseline,0,0,0.3013305,0.408949,0.32224349999999996,0.444329,0.0007399019399999979,0.311787,0.426639,0.311787,True,0,0.11003880202770233,0.5156777727891525
land_pad__8450.jpg,land_pad,mixed,baseline,0,0,0.4828895,0.30281,0.5019005000000001,0.33923000000000003,0.0006923806200000022,0.492395,0.32102,0.32102,True,0,0.08813591301441193,0.8112689642015564
land_pad__8475.jpg,land_pad,mixed,baseline,0,0,0.644487,0.169615,0.6673009999999999,0.206035,0.0008308858799999962,0.655894,0.187825,0.187825,True,0,0.11663508415222168,0.7480502260435415
land_pad__8500.jpg,land_pad,mixed,baseline,0,0,0.7100765,0.2029135,0.7319395,0.2372525,0.000750753556999999,0.721008,0.220083,0.220083,True,0,0.17099589109420776,0.7826242147169769
land_pad__8525.jpg,land_pad,mixed,baseline,0,0,0.6768065,0.314256,0.6986694999999999,0.350676,0.0007962504599999989,0.687738,0.332466,0.31226200000000004,True,0,0.24146580696105957,0.6306177334054409
land_pad__8550.jpg,land_pad,mixed,baseline,0,0,0.6406850000000001,0.3277835,0.664449,0.3610825,0.0007913174359999958,0.652567,0.344433,0.344433,True,0,0.24124737083911896,0.8279982754794769
land_pad__8575.jpg,land_pad,mixed,baseline,0,0,0.678707,0.324662,0.7015210000000001,0.361082,0.0008308858800000042,0.690114,0.342872,0.309886,True,0,0.1281922459602356,0.7522147325814784
land_pad__8600.jpg,land_pad,mixed,baseline,0,0,0.6596955,0.24453699999999998,0.6844105,0.27991699999999997,0.0008744167000000014,0.672053,0.262227,0.262227,True,0,0.11862433701753616,0.655204174842753
land_pad__8625.jpg,land_pad,mixed,baseline,0,0,0.6368825,0.201873,0.6615975000000001,0.238293,0.0009001203000000018,0.64924,0.220083,0.220083,True,0,0.13502037525177002,0.57198853211422
land_pad__8650.jpg,land_pad,mixed,baseline,0,0,0.624525,0.185224,0.6473390000000001,0.217482,0.0007359340120000038,0.635932,0.201353,0.201353,True,0,0.2857038676738739,0.6550037925644578
land_pad__8675.jpg,land_pad,mixed,baseline,0,0,0.589353,0.25390199999999996,0.6121669999999999,0.292404,0.0008783846279999966,0.60076,0.273153,0.273153,True,0,0.1817963421344757,0.6811168999766801
land_pad__8700.jpg,land_pad,mixed,baseline,0,0,0.5313685,0.302809,0.5560835000000001,0.34131100000000003,0.0009515769300000026,0.543726,0.32206,0.32206,True,1,0.09573931992053986,0.58953499915801
land_pad2__2050.jpg,land_pad2,mixed,baseline,0,0,0.5057035000000001,0.3631635,0.9039925,0.9677425,0.24079716533099993,0.704848,0.665453,0.29515199999999997,True,4,0.012245455756783485,0.5787965267954158
land_pad2__2075.jpg,land_pad2,mixed,baseline,0,0,0.0009510000000000074,0.431842,0.325095,0.9927159999999999,0.18180394185599996,0.16302300000000003,0.712279,0.16302300000000003,True,0,0.021334901452064514,0.5487094545258586
land_pad2__2100.jpg,land_pad2,mixed,baseline,0,0,0.04562749999999999,0.439126,0.4306085,0.992716,0.21312163179000002,0.238118,0.715921,0.238118,True,2,0.01184278167784214,0.6161275101498288
land_pad2__2125.jpg,land_pad2,mixed,baseline,0,0,0.168251,0.45265349999999993,0.554183,1.0,0.211238529438,0.361217,0.7263267499999999,0.2736732500000001,True,0,0.0124736363068223,0.5142879585619131
land_pad2__2150.jpg,land_pad2,mixed,baseline,0,0,0.15589400000000003,0.17273700000000003,0.51616,0.797087,0.22493207709999993,0.33602699999999996,0.484912,0.33602699999999996,True,145,0.0019539170898497105,0.6192130800901597
land_pad2__2175.jpg,land_pad2,mixed,baseline,0,0,0.13308000000000003,0.005203000000000013,0.5028520000000001,0.551509,0.202008662232,0.3179660000000001,0.27835600000000005,0.27835600000000005,True,13,0.007712116464972496,0.5123416964808483
land_pad2__2200.jpg,land_pad2,mixed,baseline,0,0,0.274715,0.023933499999999996,0.681559,0.6357965000000001,0.24893279037200003,0.47813700000000003,0.3298650000000001,0.3298650000000001,True,35,0.00538874976336956,0.6087335891482195
land_pad2__2225.jpg,land_pad2,mixed,baseline,0,0,0.40304199999999996,0.009365499999999971,0.843156,0.6649324999999999,0.28852421463800004,0.623099,0.3371489999999999,0.3371489999999999,True,13,0.0075524901039898396,0.6613377378949723
land_pad2__2250.jpg,land_pad2,mixed,baseline,0,0,0.398289,0.04578600000000005,0.8174910000000001,0.724246,0.28441178891999996,0.60789,0.385016,0.385016,True,11,0.008534673601388931,0.5519174463640895
land_pad2__2275.jpg,land_pad2,mixed,baseline,0,0,0.49144499999999997,0.08428750000000002,0.884981,0.7398545000000001,0.25798921491200005,0.688213,0.4120710000000001,0.31178700000000004,True,9,0.009053941816091537,0.6723233601862395
land_pad2__2300.jpg,land_pad2,mixed,baseline,0,0,0.6064639999999999,0.011446500000000026,1.0,0.6659735,0.25757993747200003,0.803232,0.33871,0.19676800000000005,True,6,0.011196550913155079,0.6158035278581996
land_pad2__2325.jpg,land_pad2,mixed,baseline,0,0,0.155894,0.05098849999999999,0.56654,0.7304895,0.27903436764600004,0.361217,0.390739,0.361217,True,16,0.008522387593984604,0.6010176388779128
land_pad2__2350.jpg,land_pad2,mixed,baseline,0,0,0.21768099999999999,0.10613900000000004,0.641635,0.799167,0.2938119927119999,0.429658,0.45265299999999997,0.429658,True,68,0.0026178453117609024,0.578892717848769
land_pad2__2375.jpg,land_pad2,mixed,baseline,0,0,0.284221,0.150885,0.6777569999999999,0.8480749999999999,0.27436936383999994,0.480989,0.4994799999999999,0.480989,True,143,0.0017026682617142797,0.5311902391963792
land_pad2__2400.jpg,land_pad2,mixed,baseline,0,0,0.228137,0.19875150000000003,0.724335,0.9469305000000001,0.371244923442,0.476236,0.572841,0.42715899999999996,True,0,0.030586298555135727,0.5265179874323829
land_pad2__2425.jpg,land_pad2,mixed,baseline,0,0,0.24524750000000003,0.27055199999999996,0.7233845,1.0,0.348776078376,0.484316,0.635276,0.36472400000000005,True,4,0.016631683334708214,0.5679644736862601
land_pad2__2450.jpg,land_pad2,mixed,baseline,0,0,0.177757,0.250781,0.847909,0.997919,0.5006960249760001,0.512833,0.62435,0.37565000000000004,True,0,0.06539809703826904,0.5918913733343519
land_pad2__2475.jpg,land_pad2,mixed,baseline,0,0,0.1330805,0.06139450000000002,0.9752855,0.9947975,0.786116673615,0.554183,0.528096,0.445817,True,0,0.13797971606254578,0.7716715520563693
land_pad2__2500.jpg,land_pad2,mixed,baseline,0,0,0.16254799999999997,0.020812000000000053,0.91635,1.0,0.738113872776,0.539449,0.510406,0.46055100000000004,True,0,0.22668325901031494,0.685046510580583
land_pad2__2525.jpg,land_pad2,mixed,baseline,0,0,0.058936000000000044,0.022893000000000052,0.989544,0.980229,0.8909045402879998,0.52424,0.501561,0.47575999999999996,True,0,0.08663284033536911,0.7386810952693185
land_pad__6500.jpg,land_pad,clean,phase23,0,0,0.6615964999999999,0.2757545,0.6796575,0.2996875,0.00043225391300000216,0.670627,0.287721,0.287721,False,,,
land_pad__6525.jpg,land_pad,clean,phase23,0,0,0.6454375000000001,0.27991699999999997,0.6644485,0.304891,0.00047478071399999824,0.654943,0.292404,0.292404,False,,,
land_pad__6550.jpg,land_pad,clean,phase23,0,0,0.6321295,0.283038,0.6511404999999999,0.311134,0.0005341330559999971,0.641635,0.297086,0.297086,False,,,
land_pad__6575.jpg,land_pad,clean,phase23,0,0,0.6254755,0.2903225,0.6435365000000001,0.31425549999999997,0.00043225391300000216,0.634506,0.302289,0.302289,True,0,0.038673993200063705,0.5131377711987526
land_pad__6600.jpg,land_pad,clean,phase23,0,0,0.598859,0.2934445,0.6216729999999999,0.32049950000000005,0.0006172327699999982,0.610266,0.306972,0.306972,True,0,0.010846970602869987,0.6063927583809771
land_pad__6625.jpg,land_pad,clean,phase23,0,0,0.558935,0.2861605,0.578897,0.30905350000000004,0.00045699006600000185,0.568916,0.297607,0.297607,False,,,
land_pad__6650.jpg,land_pad,clean,phase23,0,0,0.542776,0.278876,0.558936,0.300728,0.0003531283199999987,0.550856,0.289802,0.289802,False,,,
land_pad__6675.jpg,land_pad,clean,phase23,0,0,0.543726,0.27991699999999997,0.559886,0.304891,0.0004035798399999996,0.551806,0.292404,0.292404,False,,,
land_pad__6700.jpg,land_pad,clean,phase23,0,0,0.5456274999999999,0.279917,0.5636885,0.301769,0.00039466897200000195,0.554658,0.290843,0.290843,False,,,
land_pad__6725.jpg,land_pad,clean,phase23,0,0,0.5484785,0.2778355,0.5627375,0.3017685,0.00034126064700000026,0.555608,0.289802,0.289802,False,,,
land_pad__6750.jpg,land_pad,clean,phase23,0,0,0.5484789999999999,0.276795,0.561787,0.298647,0.0002908064160000019,0.555133,0.287721,0.287721,False,,,
land_pad__6775.jpg,land_pad,clean,phase23,0,0,0.5484785,0.274714,0.5627375,0.296566,0.0003115876680000002,0.555608,0.28564,0.28564,False,,,
land_pad__6800.jpg,land_pad,clean,phase23,0,0,0.5465785,0.271592,0.5617875,0.293444,0.00033234706800000036,0.554183,0.282518,0.282518,False,,,
land_pad__6825.jpg,land_pad,clean,phase23,0,0,0.5465774999999999,0.2705515,0.5608365,0.2944845,0.00034126064700000026,0.553707,0.282518,0.282518,False,,,
land_pad__6850.jpg,land_pad,clean,phase23,0,0,0.5446765,0.272633,0.5598855,0.294485,0.00033234706800000036,0.552281,0.283559,0.283559,False,,,
land_pad__7450.jpg,land_pad,clean,phase23,0,0,0.7119775,0.0686785,0.7271865000000001,0.0915715,0.0003481796370000006,0.719582,0.080125,0.080125,True,0,0.3535648584365845,0.7055694030876275
land_pad__7475.jpg,land_pad,clean,phase23,0,0,0.7157795,0.2247655,0.7300385,0.2445365,0.0002819146890000002,0.722909,0.234651,0.234651,False,,,
land_pad__7500.jpg,land_pad,clean,phase23,0,0,0.7195815,0.342352,0.7319384999999999,0.36316400000000004,0.00025717388399999964,0.72576,0.352758,0.27424000000000004,True,0,0.17993174493312836,0.5211591123699221
land_pad__7525.jpg,land_pad,clean,phase23,0,0,0.7195819999999999,0.401665,0.73289,0.420395,0.00024925884000000215,0.726236,0.41103,0.273764,False,,,
land_pad__7550.jpg,land_pad,clean,phase23,0,0,0.711027,0.33610850000000003,0.7243350000000001,0.3558795,0.0002631124680000017,0.717681,0.345994,0.282319,False,,,
land_pad__7575.jpg,land_pad,clean,phase23,0,0,0.6749055,0.2164415,0.6872625,0.2393345,0.0002828888009999988,0.681084,0.227888,0.227888,False,,,
land_pad__7600.jpg,land_pad,clean,phase23,0,0,0.6787075,0.224766,0.6910645,0.245578,0.00025717388399999893,0.684886,0.235172,0.235172,False,,,
land_pad__7625.jpg,land_pad,clean,phase23,0,0,0.6673005000000001,0.2903225,0.6796575,0.31321550000000004,0.00028288880099999953,0.673479,0.301769,0.301769,False,,,
land_pad__7650.jpg,land_pad,clean,phase23,0,0,0.6235745,0.369407,0.6359315,0.39125899999999997,0.0002700251639999987,0.629753,0.380333,0.370247,False,,,
land_pad__7675.jpg,land_pad,clean,phase23,0,0,0.5674899999999999,0.4047865,0.580798,0.42767950000000005,0.0003046600440000029,0.574144,0.416233,0.416233,False,,,
land_pad__7700.jpg,land_pad,clean,phase23,0,0,0.5275665,0.413111,0.5389735,0.434963,0.0002492657639999986,0.53327,0.424037,0.424037,False,,,
land_pad__7725.jpg,land_pad,clean,phase23,0,0,0.4838405,0.41623350000000003,0.49619749999999996,0.4360045,0.0002443102469999988,0.490019,0.426119,0.426119,False,,,
land_pad__7750.jpg,land_pad,clean,phase23,0,0,0.45722450000000003,0.434964,0.4695815,0.456816,0.0002700251639999987,0.463403,0.44589,0.44589,False,,,
land_pad__7775.jpg,land_pad,clean,phase23,0,0,0.45057,0.46826199999999996,0.463878,0.489074,0.00027696609600000045,0.457224,0.478668,0.457224,True,2,0.03584791719913483,0.5668206137537163
land_pad__7800.jpg,land_pad,clean,phase23,0,0,0.4420155,0.517169,0.45342249999999995,0.537981,0.00023740248399999945,0.447719,0.527575,0.447719,False,,,
land_pad__7825.jpg,land_pad,clean,phase23,0,0,0.43821350000000003,0.569199,0.4505705,0.591051,0.0002700251639999987,0.444392,0.580125,0.419875,False,,,
land_pad__7850.jpg,land_pad,clean,phase23,0,0,0.4524715,0.623309,0.4648285,0.644121,0.00025717388399999964,0.45865,0.633715,0.36628499999999997,False,,,
land_pad__7875.jpg,land_pad,clean,phase23,0,0,0.46958150000000004,0.661811,0.4819385,0.683663,0.0002700251639999987,0.47576,0.672737,0.32726299999999997,False,,,
land_pad__7900.jpg,land_pad,clean,phase23,0,0,0.43346,0.6711754999999999,0.446768,0.6940685,0.00030466004400000037,0.440114,0.682622,0.31737800000000005,False,,,
land_pad__7925.jpg,land_pad,clean,phase23,0,0,0.3982895,0.6784600000000001,0.41064649999999997,0.700312,0.0002700251639999987,0.404468,0.689386,0.31061399999999995,False,,,
land_pad__7950.jpg,land_pad,clean,phase23,0,0,0.4106465,0.710718,0.4230035,0.73153,0.00025717388399999964,0.416825,0.721124,0.278876,False,,,
land_pad__7975.jpg,land_pad,clean,phase23,0,0,0.411597,0.7148804999999999,0.424905,0.7377735,0.00030466004400000037,0.418251,0.726327,0.27367300000000006,False,,,
land_pad__8000.jpg,land_pad,clean,phase23,0,0,0.39258550000000003,0.6524455,0.4049425,0.6722165,0.0002443102469999988,0.398764,0.662331,0.337669,False,,,
land_pad__8025.jpg,land_pad,clean,phase23,0,0,0.363118,0.5275755,0.376426,0.5473465,0.0002631124679999995,0.369772,0.537461,0.369772,True,0,0.2626185119152069,0.6625555610814567
land_pad__8050.jpg,land_pad,clean,phase23,0,0,0.3327,0.4661815,0.346008,0.4859525,0.0002631124679999995,0.339354,0.476067,0.339354,True,0,0.43567991256713867,0.5551723966224881
land_pad__8075.jpg,land_pad,clean,phase23,0,0,0.3165405,0.450572,0.32889749999999995,0.471384,0.00025717388399999964,0.322719,0.460978,0.322719,True,0,0.3329131007194519,0.5462078350080369
land_pad__8100.jpg,land_pad,clean,phase23,0,0,0.28327,0.443288,0.296578,0.46201800000000004,0.0002492588400000001,0.289924,0.452653,0.289924,False,,,
land_pad__8125.jpg,land_pad,clean,phase23,0,0,0.27756650000000005,0.42247599999999996,0.2899235,0.443288,0.00025717388399999964,0.283745,0.432882,0.283745,False,,,
land_pad__8150.jpg,land_pad,clean,phase23,0,0,0.27756650000000005,0.3975025,0.2899235,0.41727349999999996,0.0002443102469999988,0.283745,0.407388,0.283745,False,,,
land_pad__8175.jpg,land_pad,clean,phase23,0,0,0.26901149999999996,0.397503,0.2804185,0.415193,0.0002017898300000008,0.274715,0.406348,0.274715,True,0,0.3311508893966675,0.561243019469527
land_pad__8200.jpg,land_pad,clean,phase23,0,0,0.25570350000000003,0.4079085,0.2680605,0.42455750000000003,0.0002057316929999995,0.261882,0.416233,0.261882,False,,,
land_pad__8225.jpg,land_pad,clean,phase23,0,0,0.2614065,0.412071,0.27281350000000004,0.429761,0.0002017898300000008,0.26711,0.420916,0.26711,False,,,
land_pad__8250.jpg,land_pad,clean,phase23,0,0,0.28327050000000004,0.41103,0.2956275,0.42976000000000003,0.00023144660999999938,0.289449,0.420395,0.289449,True,0,0.3368357717990875,0.6708609351394329
land_pad__8275.jpg,land_pad,clean,phase23,0,0,0.26901149999999996,0.39750199999999997,0.2804185,0.418314,0.00023740248400000175,0.274715,0.407908,0.274715,False,,,
land_pad__8300.jpg,land_pad,clean,phase23,0,0,0.250951,0.3714885,0.26425899999999997,0.3954215,0.00031850036399999946,0.257605,0.383455,0.257605,True,0,0.3322845697402954,0.5846666657518971
land_pad__8325.jpg,land_pad,clean,phase23,0,0,0.23764249999999998,0.36420349999999996,0.2528515,0.3870965,0.0003481796370000014,0.245247,0.37565,0.245247,True,0,0.2576395571231842,0.5588778369629137
land_pad__8350.jpg,land_pad,clean,phase23,0,0,0.201521,0.3444325,0.217681,0.3704475,0.00042040240000000036,0.209601,0.35744,0.209601,True,0,0.5887951254844666,0.6217290009368521
land_pad__8375.jpg,land_pad,clean,phase23,0,0,0.1720535,0.3205,0.1929665,0.35692,0.0007616514600000007,0.18251,0.33871,0.18251,True,0,0.6146515607833862,0.5895878151978998
land_pad__8400.jpg,land_pad,clean,phase23,0,0,0.189164,0.314256,0.212928,0.352758,0.0009149615280000012,0.201046,0.333507,0.201046,True,0,0.4471520483493805,0.5892393525177111
land_pad__8425.jpg,land_pad,clean,phase23,0,0,0.3013305,0.408949,0.32224349999999996,0.444329,0.0007399019399999979,0.311787,0.426639,0.311787,True,0,0.7548843026161194,0.6456152053946522
land_pad__8450.jpg,land_pad,clean,phase23,0,0,0.4828895,0.30281,0.5019005000000001,0.33923000000000003,0.0006923806200000022,0.492395,0.32102,0.32102,True,0,0.343315064907074,0.7111526188556984
land_pad__8475.jpg,land_pad,clean,phase23,0,0,0.644487,0.169615,0.6673009999999999,0.206035,0.0008308858799999962,0.655894,0.187825,0.187825,True,0,0.5325654149055481,0.6797911636968328
land_pad__8500.jpg,land_pad,clean,phase23,0,0,0.7100765,0.2029135,0.7319395,0.2372525,0.000750753556999999,0.721008,0.220083,0.220083,True,0,0.779063880443573,0.5701008401952156
land_pad__8525.jpg,land_pad,clean,phase23,0,0,0.6768065,0.314256,0.6986694999999999,0.350676,0.0007962504599999989,0.687738,0.332466,0.31226200000000004,True,0,0.6457972526550293,0.5480883453976274
land_pad__8550.jpg,land_pad,clean,phase23,0,0,0.6406850000000001,0.3277835,0.664449,0.3610825,0.0007913174359999958,0.652567,0.344433,0.344433,False,,,
land_pad__8575.jpg,land_pad,clean,phase23,0,0,0.678707,0.324662,0.7015210000000001,0.361082,0.0008308858800000042,0.690114,0.342872,0.309886,True,0,0.4608152508735657,0.6187439273940156
land_pad__8600.jpg,land_pad,clean,phase23,0,0,0.6596955,0.24453699999999998,0.6844105,0.27991699999999997,0.0008744167000000014,0.672053,0.262227,0.262227,True,0,0.687328577041626,0.7324631921712172
land_pad__8625.jpg,land_pad,clean,phase23,0,0,0.6368825,0.201873,0.6615975000000001,0.238293,0.0009001203000000018,0.64924,0.220083,0.220083,True,0,0.7264202833175659,0.6220356144206544
land_pad__8650.jpg,land_pad,clean,phase23,0,0,0.624525,0.185224,0.6473390000000001,0.217482,0.0007359340120000038,0.635932,0.201353,0.201353,True,0,0.6894722580909729,0.5820746827420122
land_pad__8675.jpg,land_pad,clean,phase23,0,0,0.589353,0.25390199999999996,0.6121669999999999,0.292404,0.0008783846279999966,0.60076,0.273153,0.273153,True,0,0.6998411417007446,0.6116934595924621
land_pad__8700.jpg,land_pad,clean,phase23,0,0,0.5313685,0.302809,0.5560835000000001,0.34131100000000003,0.0009515769300000026,0.543726,0.32206,0.32206,True,0,0.6563090682029724,0.7566137990591164
land_pad2__2050.jpg,land_pad2,clean,phase23,0,0,0.5057035000000001,0.3631635,0.9039925,0.9677425,0.24079716533099993,0.704848,0.665453,0.29515199999999997,True,0,0.8594003915786743,0.920679205147699
land_pad2__2075.jpg,land_pad2,clean,phase23,0,0,0.0009510000000000074,0.431842,0.325095,0.9927159999999999,0.18180394185599996,0.16302300000000003,0.712279,0.16302300000000003,True,0,0.8913066387176514,0.934998051093483
land_pad2__2100.jpg,land_pad2,clean,phase23,0,0,0.04562749999999999,0.439126,0.4306085,0.992716,0.21312163179000002,0.238118,0.715921,0.238118,True,0,0.8674007058143616,0.8574013495615602
land_pad2__2125.jpg,land_pad2,clean,phase23,0,0,0.168251,0.45265349999999993,0.554183,1.0,0.211238529438,0.361217,0.7263267499999999,0.2736732500000001,True,0,0.8416544795036316,0.8824777503913692
land_pad2__2150.jpg,land_pad2,clean,phase23,0,0,0.15589400000000003,0.17273700000000003,0.51616,0.797087,0.22493207709999993,0.33602699999999996,0.484912,0.33602699999999996,True,0,0.9049241542816162,0.8022217620564462
land_pad2__2175.jpg,land_pad2,clean,phase23,0,0,0.13308000000000003,0.005203000000000013,0.5028520000000001,0.551509,0.202008662232,0.3179660000000001,0.27835600000000005,0.27835600000000005,True,0,0.8687467575073242,0.8218607213540222
land_pad2__2200.jpg,land_pad2,clean,phase23,0,0,0.274715,0.023933499999999996,0.681559,0.6357965000000001,0.24893279037200003,0.47813700000000003,0.3298650000000001,0.3298650000000001,True,0,0.9086611270904541,0.8737566101915316
land_pad2__2225.jpg,land_pad2,clean,phase23,0,0,0.40304199999999996,0.009365499999999971,0.843156,0.6649324999999999,0.28852421463800004,0.623099,0.3371489999999999,0.3371489999999999,True,0,0.9312193393707275,0.8204684890714137
land_pad2__2250.jpg,land_pad2,clean,phase23,0,0,0.398289,0.04578600000000005,0.8174910000000001,0.724246,0.28441178891999996,0.60789,0.385016,0.385016,True,0,0.9294565320014954,0.7819146043477904
land_pad2__2275.jpg,land_pad2,clean,phase23,0,0,0.49144499999999997,0.08428750000000002,0.884981,0.7398545000000001,0.25798921491200005,0.688213,0.4120710000000001,0.31178700000000004,True,0,0.9026051163673401,0.8180909049862448
land_pad2__2300.jpg,land_pad2,clean,phase23,0,0,0.6064639999999999,0.011446500000000026,1.0,0.6659735,0.25757993747200003,0.803232,0.33871,0.19676800000000005,True,0,0.8712676763534546,0.9580902373365036
land_pad2__2325.jpg,land_pad2,clean,phase23,0,0,0.155894,0.05098849999999999,0.56654,0.7304895,0.27903436764600004,0.361217,0.390739,0.361217,True,0,0.8607722520828247,0.8144364567518406
land_pad2__2350.jpg,land_pad2,clean,phase23,0,0,0.21768099999999999,0.10613900000000004,0.641635,0.799167,0.2938119927119999,0.429658,0.45265299999999997,0.429658,True,0,0.9032391905784607,0.8197439584664882
land_pad2__2375.jpg,land_pad2,clean,phase23,0,0,0.284221,0.150885,0.6777569999999999,0.8480749999999999,0.27436936383999994,0.480989,0.4994799999999999,0.480989,True,0,0.9049484729766846,0.7710378430785111
land_pad2__2400.jpg,land_pad2,clean,phase23,0,0,0.228137,0.19875150000000003,0.724335,0.9469305000000001,0.371244923442,0.476236,0.572841,0.42715899999999996,True,0,0.9268581867218018,0.7609149725853488
land_pad2__2425.jpg,land_pad2,clean,phase23,0,0,0.24524750000000003,0.27055199999999996,0.7233845,1.0,0.348776078376,0.484316,0.635276,0.36472400000000005,True,0,0.8687232732772827,0.8603950638430992
land_pad2__2450.jpg,land_pad2,clean,phase23,0,0,0.177757,0.250781,0.847909,0.997919,0.5006960249760001,0.512833,0.62435,0.37565000000000004,True,0,0.9265058636665344,0.8029111775121746
land_pad2__2475.jpg,land_pad2,clean,phase23,0,0,0.1330805,0.06139450000000002,0.9752855,0.9947975,0.786116673615,0.554183,0.528096,0.445817,True,0,0.9357522130012512,0.8875169623528512
land_pad2__2500.jpg,land_pad2,clean,phase23,0,0,0.16254799999999997,0.020812000000000053,0.91635,1.0,0.738113872776,0.539449,0.510406,0.46055100000000004,True,0,0.8963510394096375,0.8839227561068169
land_pad2__2525.jpg,land_pad2,clean,phase23,0,0,0.058936000000000044,0.022893000000000052,0.989544,0.980229,0.8909045402879998,0.52424,0.501561,0.47575999999999996,True,0,0.7502306699752808,0.7865241235661203
land_pad__6500.jpg,land_pad,blur,phase23,0,0,0.6615964999999999,0.2757545,0.6796575,0.2996875,0.00043225391300000216,0.670627,0.287721,0.287721,False,,,
land_pad__6525.jpg,land_pad,blur,phase23,0,0,0.6454375000000001,0.27991699999999997,0.6644485,0.304891,0.00047478071399999824,0.654943,0.292404,0.292404,False,,,
land_pad__6550.jpg,land_pad,blur,phase23,0,0,0.6321295,0.283038,0.6511404999999999,0.311134,0.0005341330559999971,0.641635,0.297086,0.297086,False,,,
land_pad__6575.jpg,land_pad,blur,phase23,0,0,0.6254755,0.2903225,0.6435365000000001,0.31425549999999997,0.00043225391300000216,0.634506,0.302289,0.302289,False,,,
land_pad__6600.jpg,land_pad,blur,phase23,0,0,0.598859,0.2934445,0.6216729999999999,0.32049950000000005,0.0006172327699999982,0.610266,0.306972,0.306972,True,2,0.007314716931432486,0.5921437233488495
land_pad__6625.jpg,land_pad,blur,phase23,0,0,0.558935,0.2861605,0.578897,0.30905350000000004,0.00045699006600000185,0.568916,0.297607,0.297607,False,,,
land_pad__6650.jpg,land_pad,blur,phase23,0,0,0.542776,0.278876,0.558936,0.300728,0.0003531283199999987,0.550856,0.289802,0.289802,False,,,
land_pad__6675.jpg,land_pad,blur,phase23,0,0,0.543726,0.27991699999999997,0.559886,0.304891,0.0004035798399999996,0.551806,0.292404,0.292404,False,,,
land_pad__6700.jpg,land_pad,blur,phase23,0,0,0.5456274999999999,0.279917,0.5636885,0.301769,0.00039466897200000195,0.554658,0.290843,0.290843,False,,,
land_pad__6725.jpg,land_pad,blur,phase23,0,0,0.5484785,0.2778355,0.5627375,0.3017685,0.00034126064700000026,0.555608,0.289802,0.289802,False,,,
land_pad__6750.jpg,land_pad,blur,phase23,0,0,0.5484789999999999,0.276795,0.561787,0.298647,0.0002908064160000019,0.555133,0.287721,0.287721,False,,,
land_pad__6775.jpg,land_pad,blur,phase23,0,0,0.5484785,0.274714,0.5627375,0.296566,0.0003115876680000002,0.555608,0.28564,0.28564,False,,,
land_pad__6800.jpg,land_pad,blur,phase23,0,0,0.5465785,0.271592,0.5617875,0.293444,0.00033234706800000036,0.554183,0.282518,0.282518,False,,,
land_pad__6825.jpg,land_pad,blur,phase23,0,0,0.5465774999999999,0.2705515,0.5608365,0.2944845,0.00034126064700000026,0.553707,0.282518,0.282518,False,,,
land_pad__6850.jpg,land_pad,blur,phase23,0,0,0.5446765,0.272633,0.5598855,0.294485,0.00033234706800000036,0.552281,0.283559,0.283559,False,,,
land_pad__7450.jpg,land_pad,blur,phase23,0,0,0.7119775,0.0686785,0.7271865000000001,0.0915715,0.0003481796370000006,0.719582,0.080125,0.080125,True,0,0.32349759340286255,0.6830241116942019
land_pad__7475.jpg,land_pad,blur,phase23,0,0,0.7157795,0.2247655,0.7300385,0.2445365,0.0002819146890000002,0.722909,0.234651,0.234651,True,0,0.4598217308521271,0.5261611888282272
land_pad__7500.jpg,land_pad,blur,phase23,0,0,0.7195815,0.342352,0.7319384999999999,0.36316400000000004,0.00025717388399999964,0.72576,0.352758,0.27424000000000004,True,0,0.1524684876203537,0.5321330888359367
land_pad__7525.jpg,land_pad,blur,phase23,0,0,0.7195819999999999,0.401665,0.73289,0.420395,0.00024925884000000215,0.726236,0.41103,0.273764,False,,,
land_pad__7550.jpg,land_pad,blur,phase23,0,0,0.711027,0.33610850000000003,0.7243350000000001,0.3558795,0.0002631124680000017,0.717681,0.345994,0.282319,False,,,
land_pad__7575.jpg,land_pad,blur,phase23,0,0,0.6749055,0.2164415,0.6872625,0.2393345,0.0002828888009999988,0.681084,0.227888,0.227888,False,,,
land_pad__7600.jpg,land_pad,blur,phase23,0,0,0.6787075,0.224766,0.6910645,0.245578,0.00025717388399999893,0.684886,0.235172,0.235172,False,,,
land_pad__7625.jpg,land_pad,blur,phase23,0,0,0.6673005000000001,0.2903225,0.6796575,0.31321550000000004,0.00028288880099999953,0.673479,0.301769,0.301769,False,,,
land_pad__7650.jpg,land_pad,blur,phase23,0,0,0.6235745,0.369407,0.6359315,0.39125899999999997,0.0002700251639999987,0.629753,0.380333,0.370247,False,,,
land_pad__7675.jpg,land_pad,blur,phase23,0,0,0.5674899999999999,0.4047865,0.580798,0.42767950000000005,0.0003046600440000029,0.574144,0.416233,0.416233,False,,,
land_pad__7700.jpg,land_pad,blur,phase23,0,0,0.5275665,0.413111,0.5389735,0.434963,0.0002492657639999986,0.53327,0.424037,0.424037,False,,,
land_pad__7725.jpg,land_pad,blur,phase23,0,0,0.4838405,0.41623350000000003,0.49619749999999996,0.4360045,0.0002443102469999988,0.490019,0.426119,0.426119,False,,,
land_pad__7750.jpg,land_pad,blur,phase23,0,0,0.45722450000000003,0.434964,0.4695815,0.456816,0.0002700251639999987,0.463403,0.44589,0.44589,False,,,
land_pad__7775.jpg,land_pad,blur,phase23,0,0,0.45057,0.46826199999999996,0.463878,0.489074,0.00027696609600000045,0.457224,0.478668,0.457224,True,2,0.03818608075380325,0.6337970889075359
land_pad__7800.jpg,land_pad,blur,phase23,0,0,0.4420155,0.517169,0.45342249999999995,0.537981,0.00023740248399999945,0.447719,0.527575,0.447719,False,,,
land_pad__7825.jpg,land_pad,blur,phase23,0,0,0.43821350000000003,0.569199,0.4505705,0.591051,0.0002700251639999987,0.444392,0.580125,0.419875,False,,,
land_pad__7850.jpg,land_pad,blur,phase23,0,0,0.4524715,0.623309,0.4648285,0.644121,0.00025717388399999964,0.45865,0.633715,0.36628499999999997,False,,,
land_pad__7875.jpg,land_pad,blur,phase23,0,0,0.46958150000000004,0.661811,0.4819385,0.683663,0.0002700251639999987,0.47576,0.672737,0.32726299999999997,False,,,
land_pad__7900.jpg,land_pad,blur,phase23,0,0,0.43346,0.6711754999999999,0.446768,0.6940685,0.00030466004400000037,0.440114,0.682622,0.31737800000000005,False,,,
land_pad__7925.jpg,land_pad,blur,phase23,0,0,0.3982895,0.6784600000000001,0.41064649999999997,0.700312,0.0002700251639999987,0.404468,0.689386,0.31061399999999995,False,,,
land_pad__7950.jpg,land_pad,blur,phase23,0,0,0.4106465,0.710718,0.4230035,0.73153,0.00025717388399999964,0.416825,0.721124,0.278876,True,0,0.09422121942043304,0.5192343223289794
land_pad__7975.jpg,land_pad,blur,phase23,0,0,0.411597,0.7148804999999999,0.424905,0.7377735,0.00030466004400000037,0.418251,0.726327,0.27367300000000006,False,,,
land_pad__8000.jpg,land_pad,blur,phase23,0,0,0.39258550000000003,0.6524455,0.4049425,0.6722165,0.0002443102469999988,0.398764,0.662331,0.337669,True,0,0.03299257904291153,0.5130699110073647
land_pad__8025.jpg,land_pad,blur,phase23,0,0,0.363118,0.5275755,0.376426,0.5473465,0.0002631124679999995,0.369772,0.537461,0.369772,True,0,0.1994073987007141,0.7074946245969896
land_pad__8050.jpg,land_pad,blur,phase23,0,0,0.3327,0.4661815,0.346008,0.4859525,0.0002631124679999995,0.339354,0.476067,0.339354,True,0,0.30052992701530457,0.5668932966366421
land_pad__8075.jpg,land_pad,blur,phase23,0,0,0.3165405,0.450572,0.32889749999999995,0.471384,0.00025717388399999964,0.322719,0.460978,0.322719,True,0,0.2727387249469757,0.5944532575999986
land_pad__8100.jpg,land_pad,blur,phase23,0,0,0.28327,0.443288,0.296578,0.46201800000000004,0.0002492588400000001,0.289924,0.452653,0.289924,False,,,
land_pad__8125.jpg,land_pad,blur,phase23,0,0,0.27756650000000005,0.42247599999999996,0.2899235,0.443288,0.00025717388399999964,0.283745,0.432882,0.283745,False,,,
land_pad__8150.jpg,land_pad,blur,phase23,0,0,0.27756650000000005,0.3975025,0.2899235,0.41727349999999996,0.0002443102469999988,0.283745,0.407388,0.283745,True,0,0.06284605711698532,0.5245361585311383
land_pad__8175.jpg,land_pad,blur,phase23,0,0,0.26901149999999996,0.397503,0.2804185,0.415193,0.0002017898300000008,0.274715,0.406348,0.274715,True,0,0.14489758014678955,0.6355628954354637
land_pad__8200.jpg,land_pad,blur,phase23,0,0,0.25570350000000003,0.4079085,0.2680605,0.42455750000000003,0.0002057316929999995,0.261882,0.416233,0.261882,True,0,0.21046672761440277,0.5269105588820395
land_pad__8225.jpg,land_pad,blur,phase23,0,0,0.2614065,0.412071,0.27281350000000004,0.429761,0.0002017898300000008,0.26711,0.420916,0.26711,True,0,0.08712814748287201,0.514349066632839
land_pad__8250.jpg,land_pad,blur,phase23,0,0,0.28327050000000004,0.41103,0.2956275,0.42976000000000003,0.00023144660999999938,0.289449,0.420395,0.289449,True,0,0.3310597538948059,0.6950618586198438
land_pad__8275.jpg,land_pad,blur,phase23,0,0,0.26901149999999996,0.39750199999999997,0.2804185,0.418314,0.00023740248400000175,0.274715,0.407908,0.274715,True,0,0.22745944559574127,0.5794231774532825
land_pad__8300.jpg,land_pad,blur,phase23,0,0,0.250951,0.3714885,0.26425899999999997,0.3954215,0.00031850036399999946,0.257605,0.383455,0.257605,True,0,0.2201426476240158,0.6322582728357126
land_pad__8325.jpg,land_pad,blur,phase23,0,0,0.23764249999999998,0.36420349999999996,0.2528515,0.3870965,0.0003481796370000014,0.245247,0.37565,0.245247,True,0,0.19801343977451324,0.5896651426649655
land_pad__8350.jpg,land_pad,blur,phase23,0,0,0.201521,0.3444325,0.217681,0.3704475,0.00042040240000000036,0.209601,0.35744,0.209601,True,0,0.40786221623420715,0.7600749986284664
land_pad__8375.jpg,land_pad,blur,phase23,0,0,0.1720535,0.3205,0.1929665,0.35692,0.0007616514600000007,0.18251,0.33871,0.18251,True,0,0.5345209240913391,0.7612408710342028
land_pad__8400.jpg,land_pad,blur,phase23,0,0,0.189164,0.314256,0.212928,0.352758,0.0009149615280000012,0.201046,0.333507,0.201046,True,0,0.3677166998386383,0.6362342100221466
land_pad__8425.jpg,land_pad,blur,phase23,0,0,0.3013305,0.408949,0.32224349999999996,0.444329,0.0007399019399999979,0.311787,0.426639,0.311787,True,0,0.6697152853012085,0.6989725834775214
land_pad__8450.jpg,land_pad,blur,phase23,0,0,0.4828895,0.30281,0.5019005000000001,0.33923000000000003,0.0006923806200000022,0.492395,0.32102,0.32102,True,0,0.3432691693305969,0.7112114938724099
land_pad__8475.jpg,land_pad,blur,phase23,0,0,0.644487,0.169615,0.6673009999999999,0.206035,0.0008308858799999962,0.655894,0.187825,0.187825,True,0,0.46620264649391174,0.6804072627196566
land_pad__8500.jpg,land_pad,blur,phase23,0,0,0.7100765,0.2029135,0.7319395,0.2372525,0.000750753556999999,0.721008,0.220083,0.220083,True,0,0.7014510631561279,0.6188005120849714
land_pad__8525.jpg,land_pad,blur,phase23,0,0,0.6768065,0.314256,0.6986694999999999,0.350676,0.0007962504599999989,0.687738,0.332466,0.31226200000000004,True,0,0.5476815104484558,0.6330680622316628
land_pad__8550.jpg,land_pad,blur,phase23,0,0,0.6406850000000001,0.3277835,0.664449,0.3610825,0.0007913174359999958,0.652567,0.344433,0.344433,True,0,0.39758169651031494,0.5725650435692831
land_pad__8575.jpg,land_pad,blur,phase23,0,0,0.678707,0.324662,0.7015210000000001,0.361082,0.0008308858800000042,0.690114,0.342872,0.309886,True,0,0.44044390320777893,0.6940150423739302
land_pad__8600.jpg,land_pad,blur,phase23,0,0,0.6596955,0.24453699999999998,0.6844105,0.27991699999999997,0.0008744167000000014,0.672053,0.262227,0.262227,True,0,0.697373628616333,0.8375690190425797
land_pad__8625.jpg,land_pad,blur,phase23,0,0,0.6368825,0.201873,0.6615975000000001,0.238293,0.0009001203000000018,0.64924,0.220083,0.220083,True,0,0.7383893728256226,0.7221862090503592
land_pad__8650.jpg,land_pad,blur,phase23,0,0,0.624525,0.185224,0.6473390000000001,0.217482,0.0007359340120000038,0.635932,0.201353,0.201353,True,0,0.738356351852417,0.6392344780372611
land_pad__8675.jpg,land_pad,blur,phase23,0,0,0.589353,0.25390199999999996,0.6121669999999999,0.292404,0.0008783846279999966,0.60076,0.273153,0.273153,True,0,0.6938867568969727,0.6755093377594854
land_pad__8700.jpg,land_pad,blur,phase23,0,0,0.5313685,0.302809,0.5560835000000001,0.34131100000000003,0.0009515769300000026,0.543726,0.32206,0.32206,True,0,0.7400270700454712,0.796767168245133
land_pad2__2050.jpg,land_pad2,blur,phase23,0,0,0.5057035000000001,0.3631635,0.9039925,0.9677425,0.24079716533099993,0.704848,0.665453,0.29515199999999997,True,0,0.8507987856864929,0.930500231616115
land_pad2__2075.jpg,land_pad2,blur,phase23,0,0,0.0009510000000000074,0.431842,0.325095,0.9927159999999999,0.18180394185599996,0.16302300000000003,0.712279,0.16302300000000003,True,0,0.8976817727088928,0.9396862798120074
land_pad2__2100.jpg,land_pad2,blur,phase23,0,0,0.04562749999999999,0.439126,0.4306085,0.992716,0.21312163179000002,0.238118,0.715921,0.238118,True,0,0.8701774477958679,0.8655293202571899
land_pad2__2125.jpg,land_pad2,blur,phase23,0,0,0.168251,0.45265349999999993,0.554183,1.0,0.211238529438,0.361217,0.7263267499999999,0.2736732500000001,True,0,0.8435890078544617,0.8811781599398381
land_pad2__2150.jpg,land_pad2,blur,phase23,0,0,0.15589400000000003,0.17273700000000003,0.51616,0.797087,0.22493207709999993,0.33602699999999996,0.484912,0.33602699999999996,True,0,0.8977592587471008,0.8168519834777528
land_pad2__2175.jpg,land_pad2,blur,phase23,0,0,0.13308000000000003,0.005203000000000013,0.5028520000000001,0.551509,0.202008662232,0.3179660000000001,0.27835600000000005,0.27835600000000005,True,0,0.8579450845718384,0.8245016157449032
land_pad2__2200.jpg,land_pad2,blur,phase23,0,0,0.274715,0.023933499999999996,0.681559,0.6357965000000001,0.24893279037200003,0.47813700000000003,0.3298650000000001,0.3298650000000001,True,0,0.8876491785049438,0.8809236017309081
land_pad2__2225.jpg,land_pad2,blur,phase23,0,0,0.40304199999999996,0.009365499999999971,0.843156,0.6649324999999999,0.28852421463800004,0.623099,0.3371489999999999,0.3371489999999999,True,0,0.9246044754981995,0.8302264150549588
land_pad2__2250.jpg,land_pad2,blur,phase23,0,0,0.398289,0.04578600000000005,0.8174910000000001,0.724246,0.28441178891999996,0.60789,0.385016,0.385016,True,0,0.9249868988990784,0.8075424083488171
land_pad2__2275.jpg,land_pad2,blur,phase23,0,0,0.49144499999999997,0.08428750000000002,0.884981,0.7398545000000001,0.25798921491200005,0.688213,0.4120710000000001,0.31178700000000004,True,0,0.8847997784614563,0.8291527636460019
land_pad2__2300.jpg,land_pad2,blur,phase23,0,0,0.6064639999999999,0.011446500000000026,1.0,0.6659735,0.25757993747200003,0.803232,0.33871,0.19676800000000005,True,0,0.8730825185775757,0.9447310322090352
land_pad2__2325.jpg,land_pad2,blur,phase23,0,0,0.155894,0.05098849999999999,0.56654,0.7304895,0.27903436764600004,0.361217,0.390739,0.361217,True,0,0.8412870168685913,0.8157508083539098
land_pad2__2350.jpg,land_pad2,blur,phase23,0,0,0.21768099999999999,0.10613900000000004,0.641635,0.799167,0.2938119927119999,0.429658,0.45265299999999997,0.429658,True,0,0.8833785057067871,0.8234853825507726
land_pad2__2375.jpg,land_pad2,blur,phase23,0,0,0.284221,0.150885,0.6777569999999999,0.8480749999999999,0.27436936383999994,0.480989,0.4994799999999999,0.480989,True,0,0.8973076343536377,0.7760367659253158
land_pad2__2400.jpg,land_pad2,blur,phase23,0,0,0.228137,0.19875150000000003,0.724335,0.9469305000000001,0.371244923442,0.476236,0.572841,0.42715899999999996,True,0,0.9195947647094727,0.753728965289515
land_pad2__2425.jpg,land_pad2,blur,phase23,0,0,0.24524750000000003,0.27055199999999996,0.7233845,1.0,0.348776078376,0.484316,0.635276,0.36472400000000005,True,0,0.8641249537467957,0.8702540127133122
land_pad2__2450.jpg,land_pad2,blur,phase23,0,0,0.177757,0.250781,0.847909,0.997919,0.5006960249760001,0.512833,0.62435,0.37565000000000004,True,0,0.9243706464767456,0.8005343843272337
land_pad2__2475.jpg,land_pad2,blur,phase23,0,0,0.1330805,0.06139450000000002,0.9752855,0.9947975,0.786116673615,0.554183,0.528096,0.445817,True,0,0.9299264550209045,0.88615907943366
land_pad2__2500.jpg,land_pad2,blur,phase23,0,0,0.16254799999999997,0.020812000000000053,0.91635,1.0,0.738113872776,0.539449,0.510406,0.46055100000000004,True,0,0.9104344248771667,0.8933782592256984
land_pad2__2525.jpg,land_pad2,blur,phase23,0,0,0.058936000000000044,0.022893000000000052,0.989544,0.980229,0.8909045402879998,0.52424,0.501561,0.47575999999999996,True,0,0.7497382164001465,0.786748122465537
land_pad__6500.jpg,land_pad,low_light,phase23,0,0,0.6615964999999999,0.2757545,0.6796575,0.2996875,0.00043225391300000216,0.670627,0.287721,0.287721,False,,,
land_pad__6525.jpg,land_pad,low_light,phase23,0,0,0.6454375000000001,0.27991699999999997,0.6644485,0.304891,0.00047478071399999824,0.654943,0.292404,0.292404,False,,,
land_pad__6550.jpg,land_pad,low_light,phase23,0,0,0.6321295,0.283038,0.6511404999999999,0.311134,0.0005341330559999971,0.641635,0.297086,0.297086,False,,,
land_pad__6575.jpg,land_pad,low_light,phase23,0,0,0.6254755,0.2903225,0.6435365000000001,0.31425549999999997,0.00043225391300000216,0.634506,0.302289,0.302289,False,,,
land_pad__6600.jpg,land_pad,low_light,phase23,0,0,0.598859,0.2934445,0.6216729999999999,0.32049950000000005,0.0006172327699999982,0.610266,0.306972,0.306972,True,0,0.010414106771349907,0.6328045641621932
land_pad__6625.jpg,land_pad,low_light,phase23,0,0,0.558935,0.2861605,0.578897,0.30905350000000004,0.00045699006600000185,0.568916,0.297607,0.297607,False,,,
land_pad__6650.jpg,land_pad,low_light,phase23,0,0,0.542776,0.278876,0.558936,0.300728,0.0003531283199999987,0.550856,0.289802,0.289802,False,,,
land_pad__6675.jpg,land_pad,low_light,phase23,0,0,0.543726,0.27991699999999997,0.559886,0.304891,0.0004035798399999996,0.551806,0.292404,0.292404,False,,,
land_pad__6700.jpg,land_pad,low_light,phase23,0,0,0.5456274999999999,0.279917,0.5636885,0.301769,0.00039466897200000195,0.554658,0.290843,0.290843,False,,,
land_pad__6725.jpg,land_pad,low_light,phase23,0,0,0.5484785,0.2778355,0.5627375,0.3017685,0.00034126064700000026,0.555608,0.289802,0.289802,False,,,
land_pad__6750.jpg,land_pad,low_light,phase23,0,0,0.5484789999999999,0.276795,0.561787,0.298647,0.0002908064160000019,0.555133,0.287721,0.287721,False,,,
land_pad__6775.jpg,land_pad,low_light,phase23,0,0,0.5484785,0.274714,0.5627375,0.296566,0.0003115876680000002,0.555608,0.28564,0.28564,False,,,
land_pad__6800.jpg,land_pad,low_light,phase23,0,0,0.5465785,0.271592,0.5617875,0.293444,0.00033234706800000036,0.554183,0.282518,0.282518,False,,,
land_pad__6825.jpg,land_pad,low_light,phase23,0,0,0.5465774999999999,0.2705515,0.5608365,0.2944845,0.00034126064700000026,0.553707,0.282518,0.282518,False,,,
land_pad__6850.jpg,land_pad,low_light,phase23,0,0,0.5446765,0.272633,0.5598855,0.294485,0.00033234706800000036,0.552281,0.283559,0.283559,False,,,
land_pad__7450.jpg,land_pad,low_light,phase23,0,0,0.7119775,0.0686785,0.7271865000000001,0.0915715,0.0003481796370000006,0.719582,0.080125,0.080125,True,0,0.35407209396362305,0.6600915547322705
land_pad__7475.jpg,land_pad,low_light,phase23,0,0,0.7157795,0.2247655,0.7300385,0.2445365,0.0002819146890000002,0.722909,0.234651,0.234651,False,,,
land_pad__7500.jpg,land_pad,low_light,phase23,0,0,0.7195815,0.342352,0.7319384999999999,0.36316400000000004,0.00025717388399999964,0.72576,0.352758,0.27424000000000004,False,,,
land_pad__7525.jpg,land_pad,low_light,phase23,0,0,0.7195819999999999,0.401665,0.73289,0.420395,0.00024925884000000215,0.726236,0.41103,0.273764,False,,,
land_pad__7550.jpg,land_pad,low_light,phase23,0,0,0.711027,0.33610850000000003,0.7243350000000001,0.3558795,0.0002631124680000017,0.717681,0.345994,0.282319,False,,,
land_pad__7575.jpg,land_pad,low_light,phase23,0,0,0.6749055,0.2164415,0.6872625,0.2393345,0.0002828888009999988,0.681084,0.227888,0.227888,False,,,
land_pad__7600.jpg,land_pad,low_light,phase23,0,0,0.6787075,0.224766,0.6910645,0.245578,0.00025717388399999893,0.684886,0.235172,0.235172,False,,,
land_pad__7625.jpg,land_pad,low_light,phase23,0,0,0.6673005000000001,0.2903225,0.6796575,0.31321550000000004,0.00028288880099999953,0.673479,0.301769,0.301769,False,,,
land_pad__7650.jpg,land_pad,low_light,phase23,0,0,0.6235745,0.369407,0.6359315,0.39125899999999997,0.0002700251639999987,0.629753,0.380333,0.370247,False,,,
land_pad__7675.jpg,land_pad,low_light,phase23,0,0,0.5674899999999999,0.4047865,0.580798,0.42767950000000005,0.0003046600440000029,0.574144,0.416233,0.416233,False,,,
land_pad__7700.jpg,land_pad,low_light,phase23,0,0,0.5275665,0.413111,0.5389735,0.434963,0.0002492657639999986,0.53327,0.424037,0.424037,False,,,
land_pad__7725.jpg,land_pad,low_light,phase23,0,0,0.4838405,0.41623350000000003,0.49619749999999996,0.4360045,0.0002443102469999988,0.490019,0.426119,0.426119,False,,,
land_pad__7750.jpg,land_pad,low_light,phase23,0,0,0.45722450000000003,0.434964,0.4695815,0.456816,0.0002700251639999987,0.463403,0.44589,0.44589,False,,,
land_pad__7775.jpg,land_pad,low_light,phase23,0,0,0.45057,0.46826199999999996,0.463878,0.489074,0.00027696609600000045,0.457224,0.478668,0.457224,False,,,
land_pad__7800.jpg,land_pad,low_light,phase23,0,0,0.4420155,0.517169,0.45342249999999995,0.537981,0.00023740248399999945,0.447719,0.527575,0.447719,False,,,
land_pad__7825.jpg,land_pad,low_light,phase23,0,0,0.43821350000000003,0.569199,0.4505705,0.591051,0.0002700251639999987,0.444392,0.580125,0.419875,False,,,
land_pad__7850.jpg,land_pad,low_light,phase23,0,0,0.4524715,0.623309,0.4648285,0.644121,0.00025717388399999964,0.45865,0.633715,0.36628499999999997,False,,,
land_pad__7875.jpg,land_pad,low_light,phase23,0,0,0.46958150000000004,0.661811,0.4819385,0.683663,0.0002700251639999987,0.47576,0.672737,0.32726299999999997,False,,,
land_pad__7900.jpg,land_pad,low_light,phase23,0,0,0.43346,0.6711754999999999,0.446768,0.6940685,0.00030466004400000037,0.440114,0.682622,0.31737800000000005,False,,,
land_pad__7925.jpg,land_pad,low_light,phase23,0,0,0.3982895,0.6784600000000001,0.41064649999999997,0.700312,0.0002700251639999987,0.404468,0.689386,0.31061399999999995,False,,,
land_pad__7950.jpg,land_pad,low_light,phase23,0,0,0.4106465,0.710718,0.4230035,0.73153,0.00025717388399999964,0.416825,0.721124,0.278876,False,,,
land_pad__7975.jpg,land_pad,low_light,phase23,0,0,0.411597,0.7148804999999999,0.424905,0.7377735,0.00030466004400000037,0.418251,0.726327,0.27367300000000006,False,,,
land_pad__8000.jpg,land_pad,low_light,phase23,0,0,0.39258550000000003,0.6524455,0.4049425,0.6722165,0.0002443102469999988,0.398764,0.662331,0.337669,False,,,
land_pad__8025.jpg,land_pad,low_light,phase23,0,0,0.363118,0.5275755,0.376426,0.5473465,0.0002631124679999995,0.369772,0.537461,0.369772,True,0,0.2258421778678894,0.5402160360907992
land_pad__8050.jpg,land_pad,low_light,phase23,0,0,0.3327,0.4661815,0.346008,0.4859525,0.0002631124679999995,0.339354,0.476067,0.339354,True,0,0.35334688425064087,0.553684383547198
land_pad__8075.jpg,land_pad,low_light,phase23,0,0,0.3165405,0.450572,0.32889749999999995,0.471384,0.00025717388399999964,0.322719,0.460978,0.322719,True,0,0.33032888174057007,0.5122278110378671
land_pad__8100.jpg,land_pad,low_light,phase23,0,0,0.28327,0.443288,0.296578,0.46201800000000004,0.0002492588400000001,0.289924,0.452653,0.289924,False,,,
land_pad__8125.jpg,land_pad,low_light,phase23,0,0,0.27756650000000005,0.42247599999999996,0.2899235,0.443288,0.00025717388399999964,0.283745,0.432882,0.283745,False,,,
land_pad__8150.jpg,land_pad,low_light,phase23,0,0,0.27756650000000005,0.3975025,0.2899235,0.41727349999999996,0.0002443102469999988,0.283745,0.407388,0.283745,False,,,
land_pad__8175.jpg,land_pad,low_light,phase23,0,0,0.26901149999999996,0.397503,0.2804185,0.415193,0.0002017898300000008,0.274715,0.406348,0.274715,True,0,0.330438494682312,0.5039805543282416
land_pad__8200.jpg,land_pad,low_light,phase23,0,0,0.25570350000000003,0.4079085,0.2680605,0.42455750000000003,0.0002057316929999995,0.261882,0.416233,0.261882,False,,,
land_pad__8225.jpg,land_pad,low_light,phase23,0,0,0.2614065,0.412071,0.27281350000000004,0.429761,0.0002017898300000008,0.26711,0.420916,0.26711,False,,,
land_pad__8250.jpg,land_pad,low_light,phase23,0,0,0.28327050000000004,0.41103,0.2956275,0.42976000000000003,0.00023144660999999938,0.289449,0.420395,0.289449,True,0,0.3565976023674011,0.6697176833880641
land_pad__8275.jpg,land_pad,low_light,phase23,0,0,0.26901149999999996,0.39750199999999997,0.2804185,0.418314,0.00023740248400000175,0.274715,0.407908,0.274715,False,,,
land_pad__8300.jpg,land_pad,low_light,phase23,0,0,0.250951,0.3714885,0.26425899999999997,0.3954215,0.00031850036399999946,0.257605,0.383455,0.257605,True,0,0.2918790578842163,0.5053173406622433
land_pad__8325.jpg,land_pad,low_light,phase23,0,0,0.23764249999999998,0.36420349999999996,0.2528515,0.3870965,0.0003481796370000014,0.245247,0.37565,0.245247,False,,,
land_pad__8350.jpg,land_pad,low_light,phase23,0,0,0.201521,0.3444325,0.217681,0.3704475,0.00042040240000000036,0.209601,0.35744,0.209601,False,,,
land_pad__8375.jpg,land_pad,low_light,phase23,0,0,0.1720535,0.3205,0.1929665,0.35692,0.0007616514600000007,0.18251,0.33871,0.18251,True,0,0.5057451725006104,0.5889727389473306
land_pad__8400.jpg,land_pad,low_light,phase23,0,0,0.189164,0.314256,0.212928,0.352758,0.0009149615280000012,0.201046,0.333507,0.201046,True,0,0.29692506790161133,0.5078858934846289
land_pad__8425.jpg,land_pad,low_light,phase23,0,0,0.3013305,0.408949,0.32224349999999996,0.444329,0.0007399019399999979,0.311787,0.426639,0.311787,False,,,
land_pad__8450.jpg,land_pad,low_light,phase23,0,0,0.4828895,0.30281,0.5019005000000001,0.33923000000000003,0.0006923806200000022,0.492395,0.32102,0.32102,True,0,0.26619312167167664,0.5167091349994877
land_pad__8475.jpg,land_pad,low_light,phase23,0,0,0.644487,0.169615,0.6673009999999999,0.206035,0.0008308858799999962,0.655894,0.187825,0.187825,True,0,0.49211448431015015,0.588203309696929
land_pad__8500.jpg,land_pad,low_light,phase23,0,0,0.7100765,0.2029135,0.7319395,0.2372525,0.000750753556999999,0.721008,0.220083,0.220083,False,,,
land_pad__8525.jpg,land_pad,low_light,phase23,0,0,0.6768065,0.314256,0.6986694999999999,0.350676,0.0007962504599999989,0.687738,0.332466,0.31226200000000004,True,0,0.42460352182388306,0.5078602013670804
land_pad__8550.jpg,land_pad,low_light,phase23,0,0,0.6406850000000001,0.3277835,0.664449,0.3610825,0.0007913174359999958,0.652567,0.344433,0.344433,False,,,
land_pad__8575.jpg,land_pad,low_light,phase23,0,0,0.678707,0.324662,0.7015210000000001,0.361082,0.0008308858800000042,0.690114,0.342872,0.309886,False,,,
land_pad__8600.jpg,land_pad,low_light,phase23,0,0,0.6596955,0.24453699999999998,0.6844105,0.27991699999999997,0.0008744167000000014,0.672053,0.262227,0.262227,True,0,0.43390628695487976,0.6620670620893102
land_pad__8625.jpg,land_pad,low_light,phase23,0,0,0.6368825,0.201873,0.6615975000000001,0.238293,0.0009001203000000018,0.64924,0.220083,0.220083,True,0,0.6495177149772644,0.5993212349545287
land_pad__8650.jpg,land_pad,low_light,phase23,0,0,0.624525,0.185224,0.6473390000000001,0.217482,0.0007359340120000038,0.635932,0.201353,0.201353,True,0,0.46171966195106506,0.5575096469157883
land_pad__8675.jpg,land_pad,low_light,phase23,0,0,0.589353,0.25390199999999996,0.6121669999999999,0.292404,0.0008783846279999966,0.60076,0.273153,0.273153,True,0,0.5436614155769348,0.5976016328284594
land_pad__8700.jpg,land_pad,low_light,phase23,0,0,0.5313685,0.302809,0.5560835000000001,0.34131100000000003,0.0009515769300000026,0.543726,0.32206,0.32206,True,0,0.5801970958709717,0.7272542054088326
land_pad2__2050.jpg,land_pad2,low_light,phase23,0,0,0.5057035000000001,0.3631635,0.9039925,0.9677425,0.24079716533099993,0.704848,0.665453,0.29515199999999997,True,0,0.8472106456756592,0.904152547402749
land_pad2__2075.jpg,land_pad2,low_light,phase23,0,0,0.0009510000000000074,0.431842,0.325095,0.9927159999999999,0.18180394185599996,0.16302300000000003,0.712279,0.16302300000000003,True,0,0.8961460590362549,0.954835935927194
land_pad2__2100.jpg,land_pad2,low_light,phase23,0,0,0.04562749999999999,0.439126,0.4306085,0.992716,0.21312163179000002,0.238118,0.715921,0.238118,True,0,0.8647220134735107,0.8624502745665372
land_pad2__2125.jpg,land_pad2,low_light,phase23,0,0,0.168251,0.45265349999999993,0.554183,1.0,0.211238529438,0.361217,0.7263267499999999,0.2736732500000001,True,0,0.845092236995697,0.8850417300960429
land_pad2__2150.jpg,land_pad2,low_light,phase23,0,0,0.15589400000000003,0.17273700000000003,0.51616,0.797087,0.22493207709999993,0.33602699999999996,0.484912,0.33602699999999996,True,0,0.8972141742706299,0.8064268656981503
land_pad2__2175.jpg,land_pad2,low_light,phase23,0,0,0.13308000000000003,0.005203000000000013,0.5028520000000001,0.551509,0.202008662232,0.3179660000000001,0.27835600000000005,0.27835600000000005,True,0,0.8618486523628235,0.8158789758546665
land_pad2__2200.jpg,land_pad2,low_light,phase23,0,0,0.274715,0.023933499999999996,0.681559,0.6357965000000001,0.24893279037200003,0.47813700000000003,0.3298650000000001,0.3298650000000001,True,0,0.8920471668243408,0.8712484525051454
land_pad2__2225.jpg,land_pad2,low_light,phase23,0,0,0.40304199999999996,0.009365499999999971,0.843156,0.6649324999999999,0.28852421463800004,0.623099,0.3371489999999999,0.3371489999999999,True,0,0.920835018157959,0.8214578546654157
land_pad2__2250.jpg,land_pad2,low_light,phase23,0,0,0.398289,0.04578600000000005,0.8174910000000001,0.724246,0.28441178891999996,0.60789,0.385016,0.385016,True,0,0.9301277995109558,0.7791181310320525
land_pad2__2275.jpg,land_pad2,low_light,phase23,0,0,0.49144499999999997,0.08428750000000002,0.884981,0.7398545000000001,0.25798921491200005,0.688213,0.4120710000000001,0.31178700000000004,True,0,0.9115808606147766,0.8291850723455809
land_pad2__2300.jpg,land_pad2,low_light,phase23,0,0,0.6064639999999999,0.011446500000000026,1.0,0.6659735,0.25757993747200003,0.803232,0.33871,0.19676800000000005,True,0,0.8730846047401428,0.9560036872658649
land_pad2__2325.jpg,land_pad2,low_light,phase23,0,0,0.155894,0.05098849999999999,0.56654,0.7304895,0.27903436764600004,0.361217,0.390739,0.361217,True,0,0.8395865559577942,0.8364943032906472
land_pad2__2350.jpg,land_pad2,low_light,phase23,0,0,0.21768099999999999,0.10613900000000004,0.641635,0.799167,0.2938119927119999,0.429658,0.45265299999999997,0.429658,True,0,0.8893559575080872,0.834737941129408
land_pad2__2375.jpg,land_pad2,low_light,phase23,0,0,0.284221,0.150885,0.6777569999999999,0.8480749999999999,0.27436936383999994,0.480989,0.4994799999999999,0.480989,True,0,0.9043800830841064,0.7710302639602225
land_pad2__2400.jpg,land_pad2,low_light,phase23,0,0,0.228137,0.19875150000000003,0.724335,0.9469305000000001,0.371244923442,0.476236,0.572841,0.42715899999999996,True,0,0.926185667514801,0.7540278799340993
land_pad2__2425.jpg,land_pad2,low_light,phase23,0,0,0.24524750000000003,0.27055199999999996,0.7233845,1.0,0.348776078376,0.484316,0.635276,0.36472400000000005,True,0,0.8682643175125122,0.8667739958707458
land_pad2__2450.jpg,land_pad2,low_light,phase23,0,0,0.177757,0.250781,0.847909,0.997919,0.5006960249760001,0.512833,0.62435,0.37565000000000004,True,0,0.9313629269599915,0.7950146466161908
land_pad2__2475.jpg,land_pad2,low_light,phase23,0,0,0.1330805,0.06139450000000002,0.9752855,0.9947975,0.786116673615,0.554183,0.528096,0.445817,True,0,0.9401236772537231,0.8879643522696609
land_pad2__2500.jpg,land_pad2,low_light,phase23,0,0,0.16254799999999997,0.020812000000000053,0.91635,1.0,0.738113872776,0.539449,0.510406,0.46055100000000004,True,0,0.9148904085159302,0.8791721430081633
land_pad2__2525.jpg,land_pad2,low_light,phase23,0,0,0.058936000000000044,0.022893000000000052,0.989544,0.980229,0.8909045402879998,0.52424,0.501561,0.47575999999999996,True,0,0.7532466650009155,0.7866653076613384
land_pad__6500.jpg,land_pad,noise,phase23,0,0,0.6615964999999999,0.2757545,0.6796575,0.2996875,0.00043225391300000216,0.670627,0.287721,0.287721,False,,,
land_pad__6525.jpg,land_pad,noise,phase23,0,0,0.6454375000000001,0.27991699999999997,0.6644485,0.304891,0.00047478071399999824,0.654943,0.292404,0.292404,False,,,
land_pad__6550.jpg,land_pad,noise,phase23,0,0,0.6321295,0.283038,0.6511404999999999,0.311134,0.0005341330559999971,0.641635,0.297086,0.297086,False,,,
land_pad__6575.jpg,land_pad,noise,phase23,0,0,0.6254755,0.2903225,0.6435365000000001,0.31425549999999997,0.00043225391300000216,0.634506,0.302289,0.302289,False,,,
land_pad__6600.jpg,land_pad,noise,phase23,0,0,0.598859,0.2934445,0.6216729999999999,0.32049950000000005,0.0006172327699999982,0.610266,0.306972,0.306972,True,7,0.0047719464637339115,0.614904505401427
land_pad__6625.jpg,land_pad,noise,phase23,0,0,0.558935,0.2861605,0.578897,0.30905350000000004,0.00045699006600000185,0.568916,0.297607,0.297607,False,,,
land_pad__6650.jpg,land_pad,noise,phase23,0,0,0.542776,0.278876,0.558936,0.300728,0.0003531283199999987,0.550856,0.289802,0.289802,False,,,
land_pad__6675.jpg,land_pad,noise,phase23,0,0,0.543726,0.27991699999999997,0.559886,0.304891,0.0004035798399999996,0.551806,0.292404,0.292404,False,,,
land_pad__6700.jpg,land_pad,noise,phase23,0,0,0.5456274999999999,0.279917,0.5636885,0.301769,0.00039466897200000195,0.554658,0.290843,0.290843,False,,,
land_pad__6725.jpg,land_pad,noise,phase23,0,0,0.5484785,0.2778355,0.5627375,0.3017685,0.00034126064700000026,0.555608,0.289802,0.289802,False,,,
land_pad__6750.jpg,land_pad,noise,phase23,0,0,0.5484789999999999,0.276795,0.561787,0.298647,0.0002908064160000019,0.555133,0.287721,0.287721,False,,,
land_pad__6775.jpg,land_pad,noise,phase23,0,0,0.5484785,0.274714,0.5627375,0.296566,0.0003115876680000002,0.555608,0.28564,0.28564,False,,,
land_pad__6800.jpg,land_pad,noise,phase23,0,0,0.5465785,0.271592,0.5617875,0.293444,0.00033234706800000036,0.554183,0.282518,0.282518,False,,,
land_pad__6825.jpg,land_pad,noise,phase23,0,0,0.5465774999999999,0.2705515,0.5608365,0.2944845,0.00034126064700000026,0.553707,0.282518,0.282518,False,,,
land_pad__6850.jpg,land_pad,noise,phase23,0,0,0.5446765,0.272633,0.5598855,0.294485,0.00033234706800000036,0.552281,0.283559,0.283559,False,,,
land_pad__7450.jpg,land_pad,noise,phase23,0,0,0.7119775,0.0686785,0.7271865000000001,0.0915715,0.0003481796370000006,0.719582,0.080125,0.080125,True,0,0.2223658561706543,0.6977120126006223
land_pad__7475.jpg,land_pad,noise,phase23,0,0,0.7157795,0.2247655,0.7300385,0.2445365,0.0002819146890000002,0.722909,0.234651,0.234651,False,,,
land_pad__7500.jpg,land_pad,noise,phase23,0,0,0.7195815,0.342352,0.7319384999999999,0.36316400000000004,0.00025717388399999964,0.72576,0.352758,0.27424000000000004,True,0,0.05889735370874405,0.5042378278855649
land_pad__7525.jpg,land_pad,noise,phase23,0,0,0.7195819999999999,0.401665,0.73289,0.420395,0.00024925884000000215,0.726236,0.41103,0.273764,False,,,
land_pad__7550.jpg,land_pad,noise,phase23,0,0,0.711027,0.33610850000000003,0.7243350000000001,0.3558795,0.0002631124680000017,0.717681,0.345994,0.282319,False,,,
land_pad__7575.jpg,land_pad,noise,phase23,0,0,0.6749055,0.2164415,0.6872625,0.2393345,0.0002828888009999988,0.681084,0.227888,0.227888,False,,,
land_pad__7600.jpg,land_pad,noise,phase23,0,0,0.6787075,0.224766,0.6910645,0.245578,0.00025717388399999893,0.684886,0.235172,0.235172,False,,,
land_pad__7625.jpg,land_pad,noise,phase23,0,0,0.6673005000000001,0.2903225,0.6796575,0.31321550000000004,0.00028288880099999953,0.673479,0.301769,0.301769,False,,,
land_pad__7650.jpg,land_pad,noise,phase23,0,0,0.6235745,0.369407,0.6359315,0.39125899999999997,0.0002700251639999987,0.629753,0.380333,0.370247,False,,,
land_pad__7675.jpg,land_pad,noise,phase23,0,0,0.5674899999999999,0.4047865,0.580798,0.42767950000000005,0.0003046600440000029,0.574144,0.416233,0.416233,False,,,
land_pad__7700.jpg,land_pad,noise,phase23,0,0,0.5275665,0.413111,0.5389735,0.434963,0.0002492657639999986,0.53327,0.424037,0.424037,False,,,
land_pad__7725.jpg,land_pad,noise,phase23,0,0,0.4838405,0.41623350000000003,0.49619749999999996,0.4360045,0.0002443102469999988,0.490019,0.426119,0.426119,False,,,
land_pad__7750.jpg,land_pad,noise,phase23,0,0,0.45722450000000003,0.434964,0.4695815,0.456816,0.0002700251639999987,0.463403,0.44589,0.44589,False,,,
land_pad__7775.jpg,land_pad,noise,phase23,0,0,0.45057,0.46826199999999996,0.463878,0.489074,0.00027696609600000045,0.457224,0.478668,0.457224,True,26,0.0035656688269227743,0.519660822031044
land_pad__7800.jpg,land_pad,noise,phase23,0,0,0.4420155,0.517169,0.45342249999999995,0.537981,0.00023740248399999945,0.447719,0.527575,0.447719,False,,,
land_pad__7825.jpg,land_pad,noise,phase23,0,0,0.43821350000000003,0.569199,0.4505705,0.591051,0.0002700251639999987,0.444392,0.580125,0.419875,False,,,
land_pad__7850.jpg,land_pad,noise,phase23,0,0,0.4524715,0.623309,0.4648285,0.644121,0.00025717388399999964,0.45865,0.633715,0.36628499999999997,True,0,0.18039758503437042,0.5105887329263483
land_pad__7875.jpg,land_pad,noise,phase23,0,0,0.46958150000000004,0.661811,0.4819385,0.683663,0.0002700251639999987,0.47576,0.672737,0.32726299999999997,False,,,
land_pad__7900.jpg,land_pad,noise,phase23,0,0,0.43346,0.6711754999999999,0.446768,0.6940685,0.00030466004400000037,0.440114,0.682622,0.31737800000000005,True,0,0.1198105439543724,0.5250507089946663
land_pad__7925.jpg,land_pad,noise,phase23,0,0,0.3982895,0.6784600000000001,0.41064649999999997,0.700312,0.0002700251639999987,0.404468,0.689386,0.31061399999999995,False,,,
land_pad__7950.jpg,land_pad,noise,phase23,0,0,0.4106465,0.710718,0.4230035,0.73153,0.00025717388399999964,0.416825,0.721124,0.278876,False,,,
land_pad__7975.jpg,land_pad,noise,phase23,0,0,0.411597,0.7148804999999999,0.424905,0.7377735,0.00030466004400000037,0.418251,0.726327,0.27367300000000006,False,,,
land_pad__8000.jpg,land_pad,noise,phase23,0,0,0.39258550000000003,0.6524455,0.4049425,0.6722165,0.0002443102469999988,0.398764,0.662331,0.337669,False,,,
land_pad__8025.jpg,land_pad,noise,phase23,0,0,0.363118,0.5275755,0.376426,0.5473465,0.0002631124679999995,0.369772,0.537461,0.369772,True,0,0.1501465141773224,0.6200323272635788
land_pad__8050.jpg,land_pad,noise,phase23,0,0,0.3327,0.4661815,0.346008,0.4859525,0.0002631124679999995,0.339354,0.476067,0.339354,False,,,
land_pad__8075.jpg,land_pad,noise,phase23,0,0,0.3165405,0.450572,0.32889749999999995,0.471384,0.00025717388399999964,0.322719,0.460978,0.322719,True,0,0.18710583448410034,0.5905461903774304
land_pad__8100.jpg,land_pad,noise,phase23,0,0,0.28327,0.443288,0.296578,0.46201800000000004,0.0002492588400000001,0.289924,0.452653,0.289924,False,,,
land_pad__8125.jpg,land_pad,noise,phase23,0,0,0.27756650000000005,0.42247599999999996,0.2899235,0.443288,0.00025717388399999964,0.283745,0.432882,0.283745,False,,,
land_pad__8150.jpg,land_pad,noise,phase23,0,0,0.27756650000000005,0.3975025,0.2899235,0.41727349999999996,0.0002443102469999988,0.283745,0.407388,0.283745,False,,,
land_pad__8175.jpg,land_pad,noise,phase23,0,0,0.26901149999999996,0.397503,0.2804185,0.415193,0.0002017898300000008,0.274715,0.406348,0.274715,True,0,0.12279819697141647,0.5841854214123747
land_pad__8200.jpg,land_pad,noise,phase23,0,0,0.25570350000000003,0.4079085,0.2680605,0.42455750000000003,0.0002057316929999995,0.261882,0.416233,0.261882,True,0,0.06354367733001709,0.5374448582397714
land_pad__8225.jpg,land_pad,noise,phase23,0,0,0.2614065,0.412071,0.27281350000000004,0.429761,0.0002017898300000008,0.26711,0.420916,0.26711,False,,,
land_pad__8250.jpg,land_pad,noise,phase23,0,0,0.28327050000000004,0.41103,0.2956275,0.42976000000000003,0.00023144660999999938,0.289449,0.420395,0.289449,True,0,0.30238091945648193,0.7185833692853776
land_pad__8275.jpg,land_pad,noise,phase23,0,0,0.26901149999999996,0.39750199999999997,0.2804185,0.418314,0.00023740248400000175,0.274715,0.407908,0.274715,False,,,
land_pad__8300.jpg,land_pad,noise,phase23,0,0,0.250951,0.3714885,0.26425899999999997,0.3954215,0.00031850036399999946,0.257605,0.383455,0.257605,True,0,0.2286054641008377,0.7224616451341728
land_pad__8325.jpg,land_pad,noise,phase23,0,0,0.23764249999999998,0.36420349999999996,0.2528515,0.3870965,0.0003481796370000014,0.245247,0.37565,0.245247,True,0,0.19649623334407806,0.5990804476126852
land_pad__8350.jpg,land_pad,noise,phase23,0,0,0.201521,0.3444325,0.217681,0.3704475,0.00042040240000000036,0.209601,0.35744,0.209601,True,0,0.45217764377593994,0.6441596793253266
land_pad__8375.jpg,land_pad,noise,phase23,0,0,0.1720535,0.3205,0.1929665,0.35692,0.0007616514600000007,0.18251,0.33871,0.18251,True,0,0.5485969185829163,0.6032389341540266
land_pad__8400.jpg,land_pad,noise,phase23,0,0,0.189164,0.314256,0.212928,0.352758,0.0009149615280000012,0.201046,0.333507,0.201046,True,0,0.45260128378868103,0.5517783135806522
land_pad__8425.jpg,land_pad,noise,phase23,0,0,0.3013305,0.408949,0.32224349999999996,0.444329,0.0007399019399999979,0.311787,0.426639,0.311787,True,0,0.7374991178512573,0.5336958873095359
land_pad__8450.jpg,land_pad,noise,phase23,0,0,0.4828895,0.30281,0.5019005000000001,0.33923000000000003,0.0006923806200000022,0.492395,0.32102,0.32102,True,0,0.32995253801345825,0.6016949717990011
land_pad__8475.jpg,land_pad,noise,phase23,0,0,0.644487,0.169615,0.6673009999999999,0.206035,0.0008308858799999962,0.655894,0.187825,0.187825,True,0,0.32404443621635437,0.6547393731947534
land_pad__8500.jpg,land_pad,noise,phase23,0,0,0.7100765,0.2029135,0.7319395,0.2372525,0.000750753556999999,0.721008,0.220083,0.220083,True,0,0.5837289690971375,0.529744843001704
land_pad__8525.jpg,land_pad,noise,phase23,0,0,0.6768065,0.314256,0.6986694999999999,0.350676,0.0007962504599999989,0.687738,0.332466,0.31226200000000004,True,0,0.5946351885795593,0.5686800041442355
land_pad__8550.jpg,land_pad,noise,phase23,0,0,0.6406850000000001,0.3277835,0.664449,0.3610825,0.0007913174359999958,0.652567,0.344433,0.344433,True,0,0.5932705998420715,0.5200297403363304
land_pad__8575.jpg,land_pad,noise,phase23,0,0,0.678707,0.324662,0.7015210000000001,0.361082,0.0008308858800000042,0.690114,0.342872,0.309886,True,0,0.6549051403999329,0.6160606273862066
land_pad__8600.jpg,land_pad,noise,phase23,0,0,0.6596955,0.24453699999999998,0.6844105,0.27991699999999997,0.0008744167000000014,0.672053,0.262227,0.262227,True,0,0.651854932308197,0.699231523837772
land_pad__8625.jpg,land_pad,noise,phase23,0,0,0.6368825,0.201873,0.6615975000000001,0.238293,0.0009001203000000018,0.64924,0.220083,0.220083,True,0,0.6076030135154724,0.5971101285792905
land_pad__8650.jpg,land_pad,noise,phase23,0,0,0.624525,0.185224,0.6473390000000001,0.217482,0.0007359340120000038,0.635932,0.201353,0.201353,True,0,0.7110667824745178,0.5559173431023446
land_pad__8675.jpg,land_pad,noise,phase23,0,0,0.589353,0.25390199999999996,0.6121669999999999,0.292404,0.0008783846279999966,0.60076,0.273153,0.273153,True,0,0.7449535727500916,0.5985720807659822
land_pad__8700.jpg,land_pad,noise,phase23,0,0,0.5313685,0.302809,0.5560835000000001,0.34131100000000003,0.0009515769300000026,0.543726,0.32206,0.32206,True,0,0.6853252053260803,0.7776031922307677
land_pad2__2050.jpg,land_pad2,noise,phase23,0,0,0.5057035000000001,0.3631635,0.9039925,0.9677425,0.24079716533099993,0.704848,0.665453,0.29515199999999997,True,0,0.8397170305252075,0.9310063742069218
land_pad2__2075.jpg,land_pad2,noise,phase23,0,0,0.0009510000000000074,0.431842,0.325095,0.9927159999999999,0.18180394185599996,0.16302300000000003,0.712279,0.16302300000000003,True,0,0.8801633715629578,0.9326344859859659
land_pad2__2100.jpg,land_pad2,noise,phase23,0,0,0.04562749999999999,0.439126,0.4306085,0.992716,0.21312163179000002,0.238118,0.715921,0.238118,True,0,0.8526959419250488,0.8648776743664033
land_pad2__2125.jpg,land_pad2,noise,phase23,0,0,0.168251,0.45265349999999993,0.554183,1.0,0.211238529438,0.361217,0.7263267499999999,0.2736732500000001,True,0,0.8201356530189514,0.8950211890404833
land_pad2__2150.jpg,land_pad2,noise,phase23,0,0,0.15589400000000003,0.17273700000000003,0.51616,0.797087,0.22493207709999993,0.33602699999999996,0.484912,0.33602699999999996,True,0,0.880954921245575,0.8158359195197235
land_pad2__2175.jpg,land_pad2,noise,phase23,0,0,0.13308000000000003,0.005203000000000013,0.5028520000000001,0.551509,0.202008662232,0.3179660000000001,0.27835600000000005,0.27835600000000005,True,0,0.7715753316879272,0.8726064645618493
land_pad2__2200.jpg,land_pad2,noise,phase23,0,0,0.274715,0.023933499999999996,0.681559,0.6357965000000001,0.24893279037200003,0.47813700000000003,0.3298650000000001,0.3298650000000001,True,0,0.872707724571228,0.8930776413058219
land_pad2__2225.jpg,land_pad2,noise,phase23,0,0,0.40304199999999996,0.009365499999999971,0.843156,0.6649324999999999,0.28852421463800004,0.623099,0.3371489999999999,0.3371489999999999,True,0,0.8921751379966736,0.8504775333008179
land_pad2__2250.jpg,land_pad2,noise,phase23,0,0,0.398289,0.04578600000000005,0.8174910000000001,0.724246,0.28441178891999996,0.60789,0.385016,0.385016,True,0,0.8828166723251343,0.8268103571715814
land_pad2__2275.jpg,land_pad2,noise,phase23,0,0,0.49144499999999997,0.08428750000000002,0.884981,0.7398545000000001,0.25798921491200005,0.688213,0.4120710000000001,0.31178700000000004,True,0,0.8560643792152405,0.8511412060885627
land_pad2__2300.jpg,land_pad2,noise,phase23,0,0,0.6064639999999999,0.011446500000000026,1.0,0.6659735,0.25757993747200003,0.803232,0.33871,0.19676800000000005,True,0,0.8589324951171875,0.9520619700543881
land_pad2__2325.jpg,land_pad2,noise,phase23,0,0,0.155894,0.05098849999999999,0.56654,0.7304895,0.27903436764600004,0.361217,0.390739,0.361217,True,0,0.8213223814964294,0.8311312088736428
land_pad2__2350.jpg,land_pad2,noise,phase23,0,0,0.21768099999999999,0.10613900000000004,0.641635,0.799167,0.2938119927119999,0.429658,0.45265299999999997,0.429658,True,0,0.8738981485366821,0.8399070870958953
land_pad2__2375.jpg,land_pad2,noise,phase23,0,0,0.284221,0.150885,0.6777569999999999,0.8480749999999999,0.27436936383999994,0.480989,0.4994799999999999,0.480989,True,0,0.8934181928634644,0.7803909489724233
land_pad2__2400.jpg,land_pad2,noise,phase23,0,0,0.228137,0.19875150000000003,0.724335,0.9469305000000001,0.371244923442,0.476236,0.572841,0.42715899999999996,True,0,0.9208244681358337,0.7737683338787611
land_pad2__2425.jpg,land_pad2,noise,phase23,0,0,0.24524750000000003,0.27055199999999996,0.7233845,1.0,0.348776078376,0.484316,0.635276,0.36472400000000005,True,0,0.8721547722816467,0.8741722473083626
land_pad2__2450.jpg,land_pad2,noise,phase23,0,0,0.177757,0.250781,0.847909,0.997919,0.5006960249760001,0.512833,0.62435,0.37565000000000004,True,0,0.8809621334075928,0.7778355596645923
land_pad2__2475.jpg,land_pad2,noise,phase23,0,0,0.1330805,0.06139450000000002,0.9752855,0.9947975,0.786116673615,0.554183,0.528096,0.445817,True,0,0.9206345081329346,0.8736019180654683
land_pad2__2500.jpg,land_pad2,noise,phase23,0,0,0.16254799999999997,0.020812000000000053,0.91635,1.0,0.738113872776,0.539449,0.510406,0.46055100000000004,True,0,0.8919222354888916,0.856753313878077
land_pad2__2525.jpg,land_pad2,noise,phase23,0,0,0.058936000000000044,0.022893000000000052,0.989544,0.980229,0.8909045402879998,0.52424,0.501561,0.47575999999999996,True,0,0.7181646227836609,0.787329387247382
land_pad__6500.jpg,land_pad,occlusion,phase23,0,0,0.6615964999999999,0.2757545,0.6796575,0.2996875,0.00043225391300000216,0.670627,0.287721,0.287721,False,,,
land_pad__6525.jpg,land_pad,occlusion,phase23,0,0,0.6454375000000001,0.27991699999999997,0.6644485,0.304891,0.00047478071399999824,0.654943,0.292404,0.292404,False,,,
land_pad__6550.jpg,land_pad,occlusion,phase23,0,0,0.6321295,0.283038,0.6511404999999999,0.311134,0.0005341330559999971,0.641635,0.297086,0.297086,False,,,
land_pad__6575.jpg,land_pad,occlusion,phase23,0,0,0.6254755,0.2903225,0.6435365000000001,0.31425549999999997,0.00043225391300000216,0.634506,0.302289,0.302289,True,0,0.020594142377376556,0.5501033200383898
land_pad__6600.jpg,land_pad,occlusion,phase23,0,0,0.598859,0.2934445,0.6216729999999999,0.32049950000000005,0.0006172327699999982,0.610266,0.306972,0.306972,True,5,0.004916331730782986,0.645008195822982
land_pad__6625.jpg,land_pad,occlusion,phase23,0,0,0.558935,0.2861605,0.578897,0.30905350000000004,0.00045699006600000185,0.568916,0.297607,0.297607,False,,,
land_pad__6650.jpg,land_pad,occlusion,phase23,0,0,0.542776,0.278876,0.558936,0.300728,0.0003531283199999987,0.550856,0.289802,0.289802,False,,,
land_pad__6675.jpg,land_pad,occlusion,phase23,0,0,0.543726,0.27991699999999997,0.559886,0.304891,0.0004035798399999996,0.551806,0.292404,0.292404,False,,,
land_pad__6700.jpg,land_pad,occlusion,phase23,0,0,0.5456274999999999,0.279917,0.5636885,0.301769,0.00039466897200000195,0.554658,0.290843,0.290843,False,,,
land_pad__6725.jpg,land_pad,occlusion,phase23,0,0,0.5484785,0.2778355,0.5627375,0.3017685,0.00034126064700000026,0.555608,0.289802,0.289802,False,,,
land_pad__6750.jpg,land_pad,occlusion,phase23,0,0,0.5484789999999999,0.276795,0.561787,0.298647,0.0002908064160000019,0.555133,0.287721,0.287721,False,,,
land_pad__6775.jpg,land_pad,occlusion,phase23,0,0,0.5484785,0.274714,0.5627375,0.296566,0.0003115876680000002,0.555608,0.28564,0.28564,False,,,
land_pad__6800.jpg,land_pad,occlusion,phase23,0,0,0.5465785,0.271592,0.5617875,0.293444,0.00033234706800000036,0.554183,0.282518,0.282518,False,,,
land_pad__6825.jpg,land_pad,occlusion,phase23,0,0,0.5465774999999999,0.2705515,0.5608365,0.2944845,0.00034126064700000026,0.553707,0.282518,0.282518,False,,,
land_pad__6850.jpg,land_pad,occlusion,phase23,0,0,0.5446765,0.272633,0.5598855,0.294485,0.00033234706800000036,0.552281,0.283559,0.283559,False,,,
land_pad__7450.jpg,land_pad,occlusion,phase23,0,0,0.7119775,0.0686785,0.7271865000000001,0.0915715,0.0003481796370000006,0.719582,0.080125,0.080125,True,0,0.2729242444038391,0.6866694570357393
land_pad__7475.jpg,land_pad,occlusion,phase23,0,0,0.7157795,0.2247655,0.7300385,0.2445365,0.0002819146890000002,0.722909,0.234651,0.234651,False,,,
land_pad__7500.jpg,land_pad,occlusion,phase23,0,0,0.7195815,0.342352,0.7319384999999999,0.36316400000000004,0.00025717388399999964,0.72576,0.352758,0.27424000000000004,False,,,
land_pad__7525.jpg,land_pad,occlusion,phase23,0,0,0.7195819999999999,0.401665,0.73289,0.420395,0.00024925884000000215,0.726236,0.41103,0.273764,False,,,
land_pad__7550.jpg,land_pad,occlusion,phase23,0,0,0.711027,0.33610850000000003,0.7243350000000001,0.3558795,0.0002631124680000017,0.717681,0.345994,0.282319,False,,,
land_pad__7575.jpg,land_pad,occlusion,phase23,0,0,0.6749055,0.2164415,0.6872625,0.2393345,0.0002828888009999988,0.681084,0.227888,0.227888,False,,,
land_pad__7600.jpg,land_pad,occlusion,phase23,0,0,0.6787075,0.224766,0.6910645,0.245578,0.00025717388399999893,0.684886,0.235172,0.235172,False,,,
land_pad__7625.jpg,land_pad,occlusion,phase23,0,0,0.6673005000000001,0.2903225,0.6796575,0.31321550000000004,0.00028288880099999953,0.673479,0.301769,0.301769,False,,,
land_pad__7650.jpg,land_pad,occlusion,phase23,0,0,0.6235745,0.369407,0.6359315,0.39125899999999997,0.0002700251639999987,0.629753,0.380333,0.370247,False,,,
land_pad__7675.jpg,land_pad,occlusion,phase23,0,0,0.5674899999999999,0.4047865,0.580798,0.42767950000000005,0.0003046600440000029,0.574144,0.416233,0.416233,False,,,
land_pad__7700.jpg,land_pad,occlusion,phase23,0,0,0.5275665,0.413111,0.5389735,0.434963,0.0002492657639999986,0.53327,0.424037,0.424037,False,,,
land_pad__7725.jpg,land_pad,occlusion,phase23,0,0,0.4838405,0.41623350000000003,0.49619749999999996,0.4360045,0.0002443102469999988,0.490019,0.426119,0.426119,False,,,
land_pad__7750.jpg,land_pad,occlusion,phase23,0,0,0.45722450000000003,0.434964,0.4695815,0.456816,0.0002700251639999987,0.463403,0.44589,0.44589,False,,,
land_pad__7775.jpg,land_pad,occlusion,phase23,0,0,0.45057,0.46826199999999996,0.463878,0.489074,0.00027696609600000045,0.457224,0.478668,0.457224,True,2,0.020338360220193863,0.5006158842676164
land_pad__7800.jpg,land_pad,occlusion,phase23,0,0,0.4420155,0.517169,0.45342249999999995,0.537981,0.00023740248399999945,0.447719,0.527575,0.447719,False,,,
land_pad__7825.jpg,land_pad,occlusion,phase23,0,0,0.43821350000000003,0.569199,0.4505705,0.591051,0.0002700251639999987,0.444392,0.580125,0.419875,False,,,
land_pad__7850.jpg,land_pad,occlusion,phase23,0,0,0.4524715,0.623309,0.4648285,0.644121,0.00025717388399999964,0.45865,0.633715,0.36628499999999997,False,,,
land_pad__7875.jpg,land_pad,occlusion,phase23,0,0,0.46958150000000004,0.661811,0.4819385,0.683663,0.0002700251639999987,0.47576,0.672737,0.32726299999999997,False,,,
land_pad__7900.jpg,land_pad,occlusion,phase23,0,0,0.43346,0.6711754999999999,0.446768,0.6940685,0.00030466004400000037,0.440114,0.682622,0.31737800000000005,False,,,
land_pad__7925.jpg,land_pad,occlusion,phase23,0,0,0.3982895,0.6784600000000001,0.41064649999999997,0.700312,0.0002700251639999987,0.404468,0.689386,0.31061399999999995,False,,,
land_pad__7950.jpg,land_pad,occlusion,phase23,0,0,0.4106465,0.710718,0.4230035,0.73153,0.00025717388399999964,0.416825,0.721124,0.278876,False,,,
land_pad__7975.jpg,land_pad,occlusion,phase23,0,0,0.411597,0.7148804999999999,0.424905,0.7377735,0.00030466004400000037,0.418251,0.726327,0.27367300000000006,False,,,
land_pad__8000.jpg,land_pad,occlusion,phase23,0,0,0.39258550000000003,0.6524455,0.4049425,0.6722165,0.0002443102469999988,0.398764,0.662331,0.337669,False,,,
land_pad__8025.jpg,land_pad,occlusion,phase23,0,0,0.363118,0.5275755,0.376426,0.5473465,0.0002631124679999995,0.369772,0.537461,0.369772,True,0,0.21800497174263,0.6329793950240487
land_pad__8050.jpg,land_pad,occlusion,phase23,0,0,0.3327,0.4661815,0.346008,0.4859525,0.0002631124679999995,0.339354,0.476067,0.339354,True,0,0.37756821513175964,0.5058836811499209
land_pad__8075.jpg,land_pad,occlusion,phase23,0,0,0.3165405,0.450572,0.32889749999999995,0.471384,0.00025717388399999964,0.322719,0.460978,0.322719,True,0,0.2742600440979004,0.5443936136700299
land_pad__8100.jpg,land_pad,occlusion,phase23,0,0,0.28327,0.443288,0.296578,0.46201800000000004,0.0002492588400000001,0.289924,0.452653,0.289924,False,,,
land_pad__8125.jpg,land_pad,occlusion,phase23,0,0,0.27756650000000005,0.42247599999999996,0.2899235,0.443288,0.00025717388399999964,0.283745,0.432882,0.283745,False,,,
land_pad__8150.jpg,land_pad,occlusion,phase23,0,0,0.27756650000000005,0.3975025,0.2899235,0.41727349999999996,0.0002443102469999988,0.283745,0.407388,0.283745,False,,,
land_pad__8175.jpg,land_pad,occlusion,phase23,0,0,0.26901149999999996,0.397503,0.2804185,0.415193,0.0002017898300000008,0.274715,0.406348,0.274715,True,0,0.2930176258087158,0.5487161258271358
land_pad__8200.jpg,land_pad,occlusion,phase23,0,0,0.25570350000000003,0.4079085,0.2680605,0.42455750000000003,0.0002057316929999995,0.261882,0.416233,0.261882,False,,,
land_pad__8225.jpg,land_pad,occlusion,phase23,0,0,0.2614065,0.412071,0.27281350000000004,0.429761,0.0002017898300000008,0.26711,0.420916,0.26711,False,,,
land_pad__8250.jpg,land_pad,occlusion,phase23,0,0,0.28327050000000004,0.41103,0.2956275,0.42976000000000003,0.00023144660999999938,0.289449,0.420395,0.289449,True,0,0.17589527368545532,0.559220804991449
land_pad__8275.jpg,land_pad,occlusion,phase23,0,0,0.26901149999999996,0.39750199999999997,0.2804185,0.418314,0.00023740248400000175,0.274715,0.407908,0.274715,False,,,
land_pad__8300.jpg,land_pad,occlusion,phase23,0,0,0.250951,0.3714885,0.26425899999999997,0.3954215,0.00031850036399999946,0.257605,0.383455,0.257605,True,0,0.21598376333713531,0.569322024672065
land_pad__8325.jpg,land_pad,occlusion,phase23,0,0,0.23764249999999998,0.36420349999999996,0.2528515,0.3870965,0.0003481796370000014,0.245247,0.37565,0.245247,True,0,0.236536905169487,0.5682769534737255
land_pad__8350.jpg,land_pad,occlusion,phase23,0,0,0.201521,0.3444325,0.217681,0.3704475,0.00042040240000000036,0.209601,0.35744,0.209601,True,0,0.4938419759273529,0.6363091889869364
land_pad__8375.jpg,land_pad,occlusion,phase23,0,0,0.1720535,0.3205,0.1929665,0.35692,0.0007616514600000007,0.18251,0.33871,0.18251,True,0,0.12470627576112747,0.7201719528185732
land_pad__8400.jpg,land_pad,occlusion,phase23,0,0,0.189164,0.314256,0.212928,0.352758,0.0009149615280000012,0.201046,0.333507,0.201046,True,0,0.16734613478183746,0.6279833835416451
land_pad__8425.jpg,land_pad,occlusion,phase23,0,0,0.3013305,0.408949,0.32224349999999996,0.444329,0.0007399019399999979,0.311787,0.426639,0.311787,False,,,
land_pad__8450.jpg,land_pad,occlusion,phase23,0,0,0.4828895,0.30281,0.5019005000000001,0.33923000000000003,0.0006923806200000022,0.492395,0.32102,0.32102,True,0,0.2142619490623474,0.5139057950425898
land_pad__8475.jpg,land_pad,occlusion,phase23,0,0,0.644487,0.169615,0.6673009999999999,0.206035,0.0008308858799999962,0.655894,0.187825,0.187825,True,0,0.08935937285423279,0.5320790930096889
land_pad__8500.jpg,land_pad,occlusion,phase23,0,0,0.7100765,0.2029135,0.7319395,0.2372525,0.000750753556999999,0.721008,0.220083,0.220083,True,0,0.24633386731147766,0.6055005995538847
land_pad__8525.jpg,land_pad,occlusion,phase23,0,0,0.6768065,0.314256,0.6986694999999999,0.350676,0.0007962504599999989,0.687738,0.332466,0.31226200000000004,True,0,0.14213667809963226,0.5084083778969645
land_pad__8550.jpg,land_pad,occlusion,phase23,0,0,0.6406850000000001,0.3277835,0.664449,0.3610825,0.0007913174359999958,0.652567,0.344433,0.344433,True,1,0.015605761669576168,0.6054291425642742
land_pad__8575.jpg,land_pad,occlusion,phase23,0,0,0.678707,0.324662,0.7015210000000001,0.361082,0.0008308858800000042,0.690114,0.342872,0.309886,True,1,0.046226054430007935,0.5592152520427218
land_pad__8600.jpg,land_pad,occlusion,phase23,0,0,0.6596955,0.24453699999999998,0.6844105,0.27991699999999997,0.0008744167000000014,0.672053,0.262227,0.262227,True,0,0.08731230348348618,0.5285584394730892
land_pad__8625.jpg,land_pad,occlusion,phase23,0,0,0.6368825,0.201873,0.6615975000000001,0.238293,0.0009001203000000018,0.64924,0.220083,0.220083,True,0,0.2295036017894745,0.7861360558341316
land_pad__8650.jpg,land_pad,occlusion,phase23,0,0,0.624525,0.185224,0.6473390000000001,0.217482,0.0007359340120000038,0.635932,0.201353,0.201353,True,0,0.26079556345939636,0.7279549211241849
land_pad__8675.jpg,land_pad,occlusion,phase23,0,0,0.589353,0.25390199999999996,0.6121669999999999,0.292404,0.0008783846279999966,0.60076,0.273153,0.273153,True,0,0.06981121003627777,0.6860009346948865
land_pad__8700.jpg,land_pad,occlusion,phase23,0,0,0.5313685,0.302809,0.5560835000000001,0.34131100000000003,0.0009515769300000026,0.543726,0.32206,0.32206,True,0,0.2264319658279419,0.6816175244488041
land_pad2__2050.jpg,land_pad2,occlusion,phase23,0,0,0.5057035000000001,0.3631635,0.9039925,0.9677425,0.24079716533099993,0.704848,0.665453,0.29515199999999997,True,15,0.00623340904712677,0.6997858755381571
land_pad2__2075.jpg,land_pad2,occlusion,phase23,0,0,0.0009510000000000074,0.431842,0.325095,0.9927159999999999,0.18180394185599996,0.16302300000000003,0.712279,0.16302300000000003,True,0,0.0795363187789917,0.6432030699342884
land_pad2__2100.jpg,land_pad2,occlusion,phase23,0,0,0.04562749999999999,0.439126,0.4306085,0.992716,0.21312163179000002,0.238118,0.715921,0.238118,True,9,0.015699641779065132,0.5172229620771217
land_pad2__2125.jpg,land_pad2,occlusion,phase23,0,0,0.168251,0.45265349999999993,0.554183,1.0,0.211238529438,0.361217,0.7263267499999999,0.2736732500000001,True,12,0.01079621259123087,0.5257898844714463
land_pad2__2150.jpg,land_pad2,occlusion,phase23,0,0,0.15589400000000003,0.17273700000000003,0.51616,0.797087,0.22493207709999993,0.33602699999999996,0.484912,0.33602699999999996,True,11,0.011556754820048809,0.5157425954171587
land_pad2__2175.jpg,land_pad2,occlusion,phase23,0,0,0.13308000000000003,0.005203000000000013,0.5028520000000001,0.551509,0.202008662232,0.3179660000000001,0.27835600000000005,0.27835600000000005,True,11,0.009944434277713299,0.6173861991256516
land_pad2__2200.jpg,land_pad2,occlusion,phase23,0,0,0.274715,0.023933499999999996,0.681559,0.6357965000000001,0.24893279037200003,0.47813700000000003,0.3298650000000001,0.3298650000000001,True,11,0.008158205077052116,0.570750741919497
land_pad2__2225.jpg,land_pad2,occlusion,phase23,0,0,0.40304199999999996,0.009365499999999971,0.843156,0.6649324999999999,0.28852421463800004,0.623099,0.3371489999999999,0.3371489999999999,True,10,0.009979983791708946,0.5502172787224252
land_pad2__2250.jpg,land_pad2,occlusion,phase23,0,0,0.398289,0.04578600000000005,0.8174910000000001,0.724246,0.28441178891999996,0.60789,0.385016,0.385016,True,23,0.006449670065194368,0.6068651028957749
land_pad2__2275.jpg,land_pad2,occlusion,phase23,0,0,0.49144499999999997,0.08428750000000002,0.884981,0.7398545000000001,0.25798921491200005,0.688213,0.4120710000000001,0.31178700000000004,True,9,0.013074740767478943,0.5021620132788216
land_pad2__2300.jpg,land_pad2,occlusion,phase23,0,0,0.6064639999999999,0.011446500000000026,1.0,0.6659735,0.25757993747200003,0.803232,0.33871,0.19676800000000005,True,8,0.020484210923314095,0.5134984537181664
land_pad2__2325.jpg,land_pad2,occlusion,phase23,0,0,0.155894,0.05098849999999999,0.56654,0.7304895,0.27903436764600004,0.361217,0.390739,0.361217,True,4,0.05318077653646469,0.5014151632532895
land_pad2__2350.jpg,land_pad2,occlusion,phase23,0,0,0.21768099999999999,0.10613900000000004,0.641635,0.799167,0.2938119927119999,0.429658,0.45265299999999997,0.429658,True,0,0.10295531153678894,0.5750727706542699
land_pad2__2375.jpg,land_pad2,occlusion,phase23,0,0,0.284221,0.150885,0.6777569999999999,0.8480749999999999,0.27436936383999994,0.480989,0.4994799999999999,0.480989,True,19,0.011647519655525684,0.544922232871706
land_pad2__2400.jpg,land_pad2,occlusion,phase23,0,0,0.228137,0.19875150000000003,0.724335,0.9469305000000001,0.371244923442,0.476236,0.572841,0.42715899999999996,True,16,0.010519646108150482,0.7130405548678811
land_pad2__2425.jpg,land_pad2,occlusion,phase23,0,0,0.24524750000000003,0.27055199999999996,0.7233845,1.0,0.348776078376,0.484316,0.635276,0.36472400000000005,True,7,0.031387344002723694,0.6362665020577558
land_pad2__2450.jpg,land_pad2,occlusion,phase23,0,0,0.177757,0.250781,0.847909,0.997919,0.5006960249760001,0.512833,0.62435,0.37565000000000004,True,23,0.0062508960254490376,0.5873948235030617
land_pad2__2475.jpg,land_pad2,occlusion,phase23,0,0,0.1330805,0.06139450000000002,0.9752855,0.9947975,0.786116673615,0.554183,0.528096,0.445817,False,,,
land_pad2__2500.jpg,land_pad2,occlusion,phase23,0,0,0.16254799999999997,0.020812000000000053,0.91635,1.0,0.738113872776,0.539449,0.510406,0.46055100000000004,True,40,0.0052135358564555645,0.5002688002058279
land_pad2__2525.jpg,land_pad2,occlusion,phase23,0,0,0.058936000000000044,0.022893000000000052,0.989544,0.980229,0.8909045402879998,0.52424,0.501561,0.47575999999999996,False,,,
land_pad__6500.jpg,land_pad,mixed,phase23,0,0,0.6615964999999999,0.2757545,0.6796575,0.2996875,0.00043225391300000216,0.670627,0.287721,0.287721,False,,,
land_pad__6525.jpg,land_pad,mixed,phase23,0,0,0.6454375000000001,0.27991699999999997,0.6644485,0.304891,0.00047478071399999824,0.654943,0.292404,0.292404,False,,,
land_pad__6550.jpg,land_pad,mixed,phase23,0,0,0.6321295,0.283038,0.6511404999999999,0.311134,0.0005341330559999971,0.641635,0.297086,0.297086,False,,,
land_pad__6575.jpg,land_pad,mixed,phase23,0,0,0.6254755,0.2903225,0.6435365000000001,0.31425549999999997,0.00043225391300000216,0.634506,0.302289,0.302289,False,,,
land_pad__6600.jpg,land_pad,mixed,phase23,0,0,0.598859,0.2934445,0.6216729999999999,0.32049950000000005,0.0006172327699999982,0.610266,0.306972,0.306972,False,,,
land_pad__6625.jpg,land_pad,mixed,phase23,0,0,0.558935,0.2861605,0.578897,0.30905350000000004,0.00045699006600000185,0.568916,0.297607,0.297607,False,,,
land_pad__6650.jpg,land_pad,mixed,phase23,0,0,0.542776,0.278876,0.558936,0.300728,0.0003531283199999987,0.550856,0.289802,0.289802,False,,,
land_pad__6675.jpg,land_pad,mixed,phase23,0,0,0.543726,0.27991699999999997,0.559886,0.304891,0.0004035798399999996,0.551806,0.292404,0.292404,False,,,
land_pad__6700.jpg,land_pad,mixed,phase23,0,0,0.5456274999999999,0.279917,0.5636885,0.301769,0.00039466897200000195,0.554658,0.290843,0.290843,False,,,
land_pad__6725.jpg,land_pad,mixed,phase23,0,0,0.5484785,0.2778355,0.5627375,0.3017685,0.00034126064700000026,0.555608,0.289802,0.289802,False,,,
land_pad__6750.jpg,land_pad,mixed,phase23,0,0,0.5484789999999999,0.276795,0.561787,0.298647,0.0002908064160000019,0.555133,0.287721,0.287721,False,,,
land_pad__6775.jpg,land_pad,mixed,phase23,0,0,0.5484785,0.274714,0.5627375,0.296566,0.0003115876680000002,0.555608,0.28564,0.28564,False,,,
land_pad__6800.jpg,land_pad,mixed,phase23,0,0,0.5465785,0.271592,0.5617875,0.293444,0.00033234706800000036,0.554183,0.282518,0.282518,False,,,
land_pad__6825.jpg,land_pad,mixed,phase23,0,0,0.5465774999999999,0.2705515,0.5608365,0.2944845,0.00034126064700000026,0.553707,0.282518,0.282518,False,,,
land_pad__6850.jpg,land_pad,mixed,phase23,0,0,0.5446765,0.272633,0.5598855,0.294485,0.00033234706800000036,0.552281,0.283559,0.283559,False,,,
land_pad__7450.jpg,land_pad,mixed,phase23,0,0,0.7119775,0.0686785,0.7271865000000001,0.0915715,0.0003481796370000006,0.719582,0.080125,0.080125,True,0,0.007985343225300312,0.5583571959814914
land_pad__7475.jpg,land_pad,mixed,phase23,0,0,0.7157795,0.2247655,0.7300385,0.2445365,0.0002819146890000002,0.722909,0.234651,0.234651,True,44,0.002373968716710806,0.5310402868308688
land_pad__7500.jpg,land_pad,mixed,phase23,0,0,0.7195815,0.342352,0.7319384999999999,0.36316400000000004,0.00025717388399999964,0.72576,0.352758,0.27424000000000004,False,,,
land_pad__7525.jpg,land_pad,mixed,phase23,0,0,0.7195819999999999,0.401665,0.73289,0.420395,0.00024925884000000215,0.726236,0.41103,0.273764,False,,,
land_pad__7550.jpg,land_pad,mixed,phase23,0,0,0.711027,0.33610850000000003,0.7243350000000001,0.3558795,0.0002631124680000017,0.717681,0.345994,0.282319,True,0,0.015674341470003128,0.50447056029661
land_pad__7575.jpg,land_pad,mixed,phase23,0,0,0.6749055,0.2164415,0.6872625,0.2393345,0.0002828888009999988,0.681084,0.227888,0.227888,False,,,
land_pad__7600.jpg,land_pad,mixed,phase23,0,0,0.6787075,0.224766,0.6910645,0.245578,0.00025717388399999893,0.684886,0.235172,0.235172,False,,,
land_pad__7625.jpg,land_pad,mixed,phase23,0,0,0.6673005000000001,0.2903225,0.6796575,0.31321550000000004,0.00028288880099999953,0.673479,0.301769,0.301769,False,,,
land_pad__7650.jpg,land_pad,mixed,phase23,0,0,0.6235745,0.369407,0.6359315,0.39125899999999997,0.0002700251639999987,0.629753,0.380333,0.370247,False,,,
land_pad__7675.jpg,land_pad,mixed,phase23,0,0,0.5674899999999999,0.4047865,0.580798,0.42767950000000005,0.0003046600440000029,0.574144,0.416233,0.416233,False,,,
land_pad__7700.jpg,land_pad,mixed,phase23,0,0,0.5275665,0.413111,0.5389735,0.434963,0.0002492657639999986,0.53327,0.424037,0.424037,False,,,
land_pad__7725.jpg,land_pad,mixed,phase23,0,0,0.4838405,0.41623350000000003,0.49619749999999996,0.4360045,0.0002443102469999988,0.490019,0.426119,0.426119,False,,,
land_pad__7750.jpg,land_pad,mixed,phase23,0,0,0.45722450000000003,0.434964,0.4695815,0.456816,0.0002700251639999987,0.463403,0.44589,0.44589,False,,,
land_pad__7775.jpg,land_pad,mixed,phase23,0,0,0.45057,0.46826199999999996,0.463878,0.489074,0.00027696609600000045,0.457224,0.478668,0.457224,False,,,
land_pad__7800.jpg,land_pad,mixed,phase23,0,0,0.4420155,0.517169,0.45342249999999995,0.537981,0.00023740248399999945,0.447719,0.527575,0.447719,False,,,
land_pad__7825.jpg,land_pad,mixed,phase23,0,0,0.43821350000000003,0.569199,0.4505705,0.591051,0.0002700251639999987,0.444392,0.580125,0.419875,False,,,
land_pad__7850.jpg,land_pad,mixed,phase23,0,0,0.4524715,0.623309,0.4648285,0.644121,0.00025717388399999964,0.45865,0.633715,0.36628499999999997,False,,,
land_pad__7875.jpg,land_pad,mixed,phase23,0,0,0.46958150000000004,0.661811,0.4819385,0.683663,0.0002700251639999987,0.47576,0.672737,0.32726299999999997,False,,,
land_pad__7900.jpg,land_pad,mixed,phase23,0,0,0.43346,0.6711754999999999,0.446768,0.6940685,0.00030466004400000037,0.440114,0.682622,0.31737800000000005,False,,,
land_pad__7925.jpg,land_pad,mixed,phase23,0,0,0.3982895,0.6784600000000001,0.41064649999999997,0.700312,0.0002700251639999987,0.404468,0.689386,0.31061399999999995,True,0,0.011975341476500034,0.5325544275406362
land_pad__7950.jpg,land_pad,mixed,phase23,0,0,0.4106465,0.710718,0.4230035,0.73153,0.00025717388399999964,0.416825,0.721124,0.278876,False,,,
land_pad__7975.jpg,land_pad,mixed,phase23,0,0,0.411597,0.7148804999999999,0.424905,0.7377735,0.00030466004400000037,0.418251,0.726327,0.27367300000000006,True,0,0.04272192716598511,0.5016888682778133
land_pad__8000.jpg,land_pad,mixed,phase23,0,0,0.39258550000000003,0.6524455,0.4049425,0.6722165,0.0002443102469999988,0.398764,0.662331,0.337669,False,,,
land_pad__8025.jpg,land_pad,mixed,phase23,0,0,0.363118,0.5275755,0.376426,0.5473465,0.0002631124679999995,0.369772,0.537461,0.369772,False,,,
land_pad__8050.jpg,land_pad,mixed,phase23,0,0,0.3327,0.4661815,0.346008,0.4859525,0.0002631124679999995,0.339354,0.476067,0.339354,False,,,
land_pad__8075.jpg,land_pad,mixed,phase23,0,0,0.3165405,0.450572,0.32889749999999995,0.471384,0.00025717388399999964,0.322719,0.460978,0.322719,True,0,0.012872427701950073,0.5051412641608887
land_pad__8100.jpg,land_pad,mixed,phase23,0,0,0.28327,0.443288,0.296578,0.46201800000000004,0.0002492588400000001,0.289924,0.452653,0.289924,True,0,0.02478882297873497,0.5488434947789383
land_pad__8125.jpg,land_pad,mixed,phase23,0,0,0.27756650000000005,0.42247599999999996,0.2899235,0.443288,0.00025717388399999964,0.283745,0.432882,0.283745,False,,,
land_pad__8150.jpg,land_pad,mixed,phase23,0,0,0.27756650000000005,0.3975025,0.2899235,0.41727349999999996,0.0002443102469999988,0.283745,0.407388,0.283745,False,,,
land_pad__8175.jpg,land_pad,mixed,phase23,0,0,0.26901149999999996,0.397503,0.2804185,0.415193,0.0002017898300000008,0.274715,0.406348,0.274715,False,,,
land_pad__8200.jpg,land_pad,mixed,phase23,0,0,0.25570350000000003,0.4079085,0.2680605,0.42455750000000003,0.0002057316929999995,0.261882,0.416233,0.261882,False,,,
land_pad__8225.jpg,land_pad,mixed,phase23,0,0,0.2614065,0.412071,0.27281350000000004,0.429761,0.0002017898300000008,0.26711,0.420916,0.26711,False,,,
land_pad__8250.jpg,land_pad,mixed,phase23,0,0,0.28327050000000004,0.41103,0.2956275,0.42976000000000003,0.00023144660999999938,0.289449,0.420395,0.289449,True,0,0.03527820110321045,0.6555323814499868
land_pad__8275.jpg,land_pad,mixed,phase23,0,0,0.26901149999999996,0.39750199999999997,0.2804185,0.418314,0.00023740248400000175,0.274715,0.407908,0.274715,False,,,
land_pad__8300.jpg,land_pad,mixed,phase23,0,0,0.250951,0.3714885,0.26425899999999997,0.3954215,0.00031850036399999946,0.257605,0.383455,0.257605,True,0,0.00729712750762701,0.5754922614637359
land_pad__8325.jpg,land_pad,mixed,phase23,0,0,0.23764249999999998,0.36420349999999996,0.2528515,0.3870965,0.0003481796370000014,0.245247,0.37565,0.245247,True,0,0.062389109283685684,0.5217722624170956
land_pad__8350.jpg,land_pad,mixed,phase23,0,0,0.201521,0.3444325,0.217681,0.3704475,0.00042040240000000036,0.209601,0.35744,0.209601,True,0,0.05593014881014824,0.5536880829646671
land_pad__8375.jpg,land_pad,mixed,phase23,0,0,0.1720535,0.3205,0.1929665,0.35692,0.0007616514600000007,0.18251,0.33871,0.18251,True,0,0.08416181802749634,0.611072430912792
land_pad__8400.jpg,land_pad,mixed,phase23,0,0,0.189164,0.314256,0.212928,0.352758,0.0009149615280000012,0.201046,0.333507,0.201046,True,0,0.09997120499610901,0.6230338165964637
land_pad__8425.jpg,land_pad,mixed,phase23,0,0,0.3013305,0.408949,0.32224349999999996,0.444329,0.0007399019399999979,0.311787,0.426639,0.311787,False,,,
land_pad__8450.jpg,land_pad,mixed,phase23,0,0,0.4828895,0.30281,0.5019005000000001,0.33923000000000003,0.0006923806200000022,0.492395,0.32102,0.32102,True,0,0.044019393622875214,0.5412659084691891
land_pad__8475.jpg,land_pad,mixed,phase23,0,0,0.644487,0.169615,0.6673009999999999,0.206035,0.0008308858799999962,0.655894,0.187825,0.187825,True,0,0.014532738365232944,0.5653826351652993
land_pad__8500.jpg,land_pad,mixed,phase23,0,0,0.7100765,0.2029135,0.7319395,0.2372525,0.000750753556999999,0.721008,0.220083,0.220083,True,0,0.06540535390377045,0.641086843985821
land_pad__8525.jpg,land_pad,mixed,phase23,0,0,0.6768065,0.314256,0.6986694999999999,0.350676,0.0007962504599999989,0.687738,0.332466,0.31226200000000004,True,0,0.03887827321887016,0.5845658599686788
land_pad__8550.jpg,land_pad,mixed,phase23,0,0,0.6406850000000001,0.3277835,0.664449,0.3610825,0.0007913174359999958,0.652567,0.344433,0.344433,True,21,0.004092609044164419,0.50678695533688
land_pad__8575.jpg,land_pad,mixed,phase23,0,0,0.678707,0.324662,0.7015210000000001,0.361082,0.0008308858800000042,0.690114,0.342872,0.309886,True,0,0.04367460682988167,0.5409783582532406
land_pad__8600.jpg,land_pad,mixed,phase23,0,0,0.6596955,0.24453699999999998,0.6844105,0.27991699999999997,0.0008744167000000014,0.672053,0.262227,0.262227,True,0,0.031220784410834312,0.557010339592895
land_pad__8625.jpg,land_pad,mixed,phase23,0,0,0.6368825,0.201873,0.6615975000000001,0.238293,0.0009001203000000018,0.64924,0.220083,0.220083,True,0,0.07369548827409744,0.8090872789953703
land_pad__8650.jpg,land_pad,mixed,phase23,0,0,0.624525,0.185224,0.6473390000000001,0.217482,0.0007359340120000038,0.635932,0.201353,0.201353,True,0,0.013195610605180264,0.7501561245687328
land_pad__8675.jpg,land_pad,mixed,phase23,0,0,0.589353,0.25390199999999996,0.6121669999999999,0.292404,0.0008783846279999966,0.60076,0.273153,0.273153,True,0,0.07250303775072098,0.7483384493940695
land_pad__8700.jpg,land_pad,mixed,phase23,0,0,0.5313685,0.302809,0.5560835000000001,0.34131100000000003,0.0009515769300000026,0.543726,0.32206,0.32206,True,0,0.16093765199184418,0.597762322006145
land_pad2__2050.jpg,land_pad2,mixed,phase23,0,0,0.5057035000000001,0.3631635,0.9039925,0.9677425,0.24079716533099993,0.704848,0.665453,0.29515199999999997,True,32,0.00404966389760375,0.5757638031821992
land_pad2__2075.jpg,land_pad2,mixed,phase23,0,0,0.0009510000000000074,0.431842,0.325095,0.9927159999999999,0.18180394185599996,0.16302300000000003,0.712279,0.16302300000000003,True,24,0.004262818489223719,0.6854986036829006
land_pad2__2100.jpg,land_pad2,mixed,phase23,0,0,0.04562749999999999,0.439126,0.4306085,0.992716,0.21312163179000002,0.238118,0.715921,0.238118,True,13,0.0051255058497190475,0.6798257285460486
land_pad2__2125.jpg,land_pad2,mixed,phase23,0,0,0.168251,0.45265349999999993,0.554183,1.0,0.211238529438,0.361217,0.7263267499999999,0.2736732500000001,True,7,0.007941467687487602,0.634695507118482
land_pad2__2150.jpg,land_pad2,mixed,phase23,0,0,0.15589400000000003,0.17273700000000003,0.51616,0.797087,0.22493207709999993,0.33602699999999996,0.484912,0.33602699999999996,True,10,0.005763852037489414,0.5367865134555075
land_pad2__2175.jpg,land_pad2,mixed,phase23,0,0,0.13308000000000003,0.005203000000000013,0.5028520000000001,0.551509,0.202008662232,0.3179660000000001,0.27835600000000005,0.27835600000000005,True,22,0.004365137312561274,0.5594127901239284
land_pad2__2200.jpg,land_pad2,mixed,phase23,0,0,0.274715,0.023933499999999996,0.681559,0.6357965000000001,0.24893279037200003,0.47813700000000003,0.3298650000000001,0.3298650000000001,True,19,0.004040246829390526,0.7880097851715843
land_pad2__2225.jpg,land_pad2,mixed,phase23,0,0,0.40304199999999996,0.009365499999999971,0.843156,0.6649324999999999,0.28852421463800004,0.623099,0.3371489999999999,0.3371489999999999,True,6,0.005829679314047098,0.6172399547304073
land_pad2__2250.jpg,land_pad2,mixed,phase23,0,0,0.398289,0.04578600000000005,0.8174910000000001,0.724246,0.28441178891999996,0.60789,0.385016,0.385016,True,8,0.006204564124345779,0.6375508938462217
land_pad2__2275.jpg,land_pad2,mixed,phase23,0,0,0.49144499999999997,0.08428750000000002,0.884981,0.7398545000000001,0.25798921491200005,0.688213,0.4120710000000001,0.31178700000000004,True,4,0.007232609670609236,0.5332748736098722
land_pad2__2300.jpg,land_pad2,mixed,phase23,0,0,0.6064639999999999,0.011446500000000026,1.0,0.6659735,0.25757993747200003,0.803232,0.33871,0.19676800000000005,True,2,0.007158971391618252,0.5308245062771857
land_pad2__2325.jpg,land_pad2,mixed,phase23,0,0,0.155894,0.05098849999999999,0.56654,0.7304895,0.27903436764600004,0.361217,0.390739,0.361217,True,10,0.006032078061252832,0.6537428555644051
land_pad2__2350.jpg,land_pad2,mixed,phase23,0,0,0.21768099999999999,0.10613900000000004,0.641635,0.799167,0.2938119927119999,0.429658,0.45265299999999997,0.429658,True,8,0.005833862349390984,0.6270107924627283
land_pad2__2375.jpg,land_pad2,mixed,phase23,0,0,0.284221,0.150885,0.6777569999999999,0.8480749999999999,0.27436936383999994,0.480989,0.4994799999999999,0.480989,True,19,0.005500867962837219,0.5510643217857997
land_pad2__2400.jpg,land_pad2,mixed,phase23,0,0,0.228137,0.19875150000000003,0.724335,0.9469305000000001,0.371244923442,0.476236,0.572841,0.42715899999999996,True,15,0.006347775924950838,0.6364529274969336
land_pad2__2425.jpg,land_pad2,mixed,phase23,0,0,0.24524750000000003,0.27055199999999996,0.7233845,1.0,0.348776078376,0.484316,0.635276,0.36472400000000005,True,3,0.014117082580924034,0.5141482554330906
land_pad2__2450.jpg,land_pad2,mixed,phase23,0,0,0.177757,0.250781,0.847909,0.997919,0.5006960249760001,0.512833,0.62435,0.37565000000000004,True,7,0.006503517739474773,0.5734222171633179
land_pad2__2475.jpg,land_pad2,mixed,phase23,0,0,0.1330805,0.06139450000000002,0.9752855,0.9947975,0.786116673615,0.554183,0.528096,0.445817,True,26,0.004446996375918388,0.5481353276848424
land_pad2__2500.jpg,land_pad2,mixed,phase23,0,0,0.16254799999999997,0.020812000000000053,0.91635,1.0,0.738113872776,0.539449,0.510406,0.46055100000000004,True,22,0.005659092683345079,0.5184782285417718
land_pad2__2525.jpg,land_pad2,mixed,phase23,0,0,0.058936000000000044,0.022893000000000052,0.989544,0.980229,0.8909045402879998,0.52424,0.501561,0.47575999999999996,True,11,0.0065237972885370255,0.5209711108811642
