frame_id,sequence,frame_index,condition,paired_outcome,baseline_pass,phase23_pass,target_area_ratio,target_area_quartile,source_brightness_mean,view_brightness_mean,source_sharpness,view_sharpness,source_contrast_std,view_contrast_std,occlusion_severity,baseline_confidence,phase23_confidence,confidence_delta,baseline_iou,phase23_iou,iou_delta,baseline_tp,baseline_fp,baseline_fn,phase23_tp,phase23_fp,phase23_fn,fp_delta,fn_delta
land_pad2__2050.jpg,land_pad2,2050,blur,BOTH PASS,True,True,0.24079716533099993,Q4,0.48780909585517884,0.48782607427385155,0.00618646631322919,0.00016457101040522493,0.23891656731350816,0.22135434825893405,0.0,0.8571235537528992,0.8507987856864929,-0.00632476806640625,0.8181938368250593,0.930500231616115,0.11230639479105564,1,245,0,1,131,0,-114,0
land_pad2__2075.jpg,land_pad2,2075,blur,BOTH PASS,True,True,0.18180394185599996,Q4,0.5497918330276289,0.5497897267262032,0.006950434760986197,0.00020012070988871934,0.21175473588101412,0.18793196870253656,0.0,0.8901422619819641,0.8976817727088928,0.007539510726928711,0.9056946607037393,0.9396862798120074,0.03399161910826809,1,262,0,1,113,0,-149,0
land_pad2__2100.jpg,land_pad2,2100,blur,BOTH PASS,True,True,0.21312163179000002,Q4,0.4980180673338404,0.49805336242899756,0.006352613707600164,0.00018654841910724688,0.20993603732935723,0.1882096477564665,0.0,0.93999844789505,0.8701774477958679,-0.06982100009918213,0.8903708050393292,0.8655293202571899,-0.024841484782139323,1,270,0,1,121,0,-149,0
land_pad2__2125.jpg,land_pad2,2125,blur,BOTH PASS,True,True,0.211238529438,Q4,0.5167506316770821,0.5167406936582016,0.005783557996890067,0.0001915277678953647,0.2167323472067036,0.1969953968748841,0.0,0.9069912433624268,0.8435890078544617,-0.06340223550796509,0.949538292331323,0.8811781599398381,-0.06836013239148497,1,244,0,1,130,0,-114,0
land_pad2__2150.jpg,land_pad2,2150,blur,BOTH PASS,True,True,0.22493207709999993,Q4,0.4958058534698467,0.4958056129713413,0.005358433856756408,0.00016249564784290584,0.2264833562593162,0.20928943982449938,0.0,0.9251274466514587,0.8977592587471008,-0.02736818790435791,0.9090853229024005,0.8168519834777528,-0.09223333942464773,1,255,0,1,141,0,-114,0
land_pad2__2175.jpg,land_pad2,2175,blur,BOTH PASS,True,True,0.202008662232,Q4,0.5161069490646664,0.5161303045727376,0.006312998194197755,0.00017367466502139062,0.22887310395448526,0.209049308628329,0.0,0.9015814661979675,0.8579450845718384,-0.04363638162612915,0.9704896378530786,0.8245016157449032,-0.1459880221081754,1,251,0,1,120,0,-131,0
land_pad2__2200.jpg,land_pad2,2200,blur,BOTH PASS,True,True,0.24893279037200003,Q4,0.5026663991702647,0.5026802317133275,0.005614592791648032,0.00016687455766202172,0.24064824156328027,0.22357879831440539,0.0,0.927579939365387,0.8876491785049438,-0.039930760860443115,0.9393323228884332,0.8809236017309081,-0.058408721157525045,1,237,0,1,143,0,-94,0
land_pad2__2225.jpg,land_pad2,2225,blur,BOTH PASS,True,True,0.28852421463800004,Q4,0.47974423837342955,0.47976245807470985,0.004364905357324534,0.0001760775569676427,0.25153584781242344,0.23747824871246004,0.0,0.9255614876747131,0.9246044754981995,-0.0009570121765136719,0.8775243307945886,0.8302264150549588,-0.047297915739629826,1,228,0,1,142,0,-86,0
land_pad2__2250.jpg,land_pad2,2250,blur,BOTH PASS,True,True,0.28441178891999996,Q4,0.48121807139904127,0.4812435642406032,0.004138084841699004,0.00016901383273539613,0.25164267456615996,0.23842405091955832,0.0,0.8784450888633728,0.9249868988990784,0.046541810035705566,0.9455898131205599,0.8075424083488171,-0.13804740477174282,1,239,0,1,151,0,-88,0
land_pad2__2275.jpg,land_pad2,2275,blur,BOTH PASS,True,True,0.25798921491200005,Q4,0.4942079154574827,0.49424285368389015,0.0040780165731971185,0.00016953077442388996,0.26152582163073473,0.24889333165622096,0.0,0.8862535357475281,0.8847997784614563,-0.0014537572860717773,0.8721337061158406,0.8291527636460019,-0.042980942469838745,1,249,0,1,145,0,-104,0
land_pad2__2300.jpg,land_pad2,2300,blur,BOTH PASS,True,True,0.25757993747200003,Q4,0.48870363392465704,0.4887282695054176,0.004932559740802263,0.00018011661257036156,0.2582006967764469,0.2432705400335784,0.0,0.8955854773521423,0.8730825185775757,-0.02250295877456665,0.9056208897251511,0.9447310322090352,0.039110142483884114,1,254,0,1,110,0,-144,0
land_pad2__2325.jpg,land_pad2,2325,blur,BOTH PASS,True,True,0.27903436764600004,Q4,0.47221110369186153,0.47221243419165687,0.0036089500043226803,0.00017301744944203838,0.238485767278236,0.22522977823527954,0.0,0.9436610341072083,0.8412870168685913,-0.10237401723861694,0.9375667523913161,0.8157508083539098,-0.12181594403740637,1,255,0,1,138,0,-117,0
land_pad2__2350.jpg,land_pad2,2350,blur,BOTH PASS,True,True,0.2938119927119999,Q4,0.4681879011718717,0.46817727656854846,0.0032122642279666753,0.0001741244085472175,0.23448779351269572,0.22198551943632844,0.0,0.8857616186141968,0.8833785057067871,-0.002383112907409668,0.9182854151867935,0.8234853825507726,-0.09480003263602088,1,245,0,1,162,0,-83,0
land_pad2__2375.jpg,land_pad2,2375,blur,BOTH PASS,True,True,0.27436936383999994,Q4,0.47869144065043834,0.47868507907707203,0.002866948463354331,0.0001797732040965509,0.2321968551726955,0.2199921844373782,0.0,0.882409393787384,0.8973076343536377,0.014898240566253662,0.941517834924588,0.7760367659253158,-0.16548106899927217,1,257,0,1,144,0,-113,0
land_pad2__2400.jpg,land_pad2,2400,blur,BOTH PASS,True,True,0.371244923442,Q4,0.4828364789374123,0.482843701650588,0.0031315003500819913,0.00017105947616339993,0.2277492789690044,0.21591508712981017,0.0,0.9562658667564392,0.9195947647094727,-0.03667110204696655,0.8719529983625551,0.753728965289515,-0.11822403307304008,1,239,0,1,175,0,-64,0
land_pad2__2425.jpg,land_pad2,2425,blur,BOTH PASS,True,True,0.348776078376,Q4,0.46845761248755124,0.4684518715554895,0.0020680633471677535,0.00015213321268817346,0.21601485687008973,0.20596020282422353,0.0,0.9287274479866028,0.8641249537467957,-0.06460249423980713,0.9608738790811958,0.8702540127133122,-0.09061986636788366,1,269,0,1,185,0,-84,0
land_pad2__2450.jpg,land_pad2,2450,blur,BOTH PASS,True,True,0.5006960249760001,Q4,0.46744485000767694,0.46746059878076573,0.0013539698003832464,0.0001662279617165628,0.20790074911153725,0.1993235475295513,0.0,0.9589443206787109,0.9243706464767456,-0.03457367420196533,0.8023394743838153,0.8005343843272337,-0.001805090056581582,1,278,0,1,166,0,-112,0
land_pad2__2475.jpg,land_pad2,2475,blur,BOTH PASS,True,True,0.786116673615,Q4,0.4773776205900237,0.4773702427165221,0.0012235378639782314,0.00019446126030505547,0.18547290422817592,0.17541799153819426,0.0,0.9642938375473022,0.9299264550209045,-0.034367382526397705,0.937680885022929,0.88615907943366,-0.051521805589269,1,297,0,1,155,0,-142,0
land_pad2__2500.jpg,land_pad2,2500,blur,BOTH PASS,True,True,0.738113872776,Q4,0.5237393204117364,0.5237486610633619,0.0012623375624498576,0.00023617651497425968,0.1970226762223471,0.18558792908861899,0.0,0.9768247008323669,0.9104344248771667,-0.0663902759552002,0.9675328726402669,0.8933782592256984,-0.07415461341456853,1,274,0,1,129,0,-145,0
land_pad2__2525.jpg,land_pad2,2525,blur,BOTH PASS,True,True,0.8909045402879998,Q4,0.5121421682864238,0.5121501241321398,0.0012298566795515865,0.00024673039967808795,0.22380743053805952,0.21394591397029747,0.0,0.9091804623603821,0.7497382164001465,-0.1594422459602356,0.9410710339432473,0.824781983377999,-0.1162890505652483,1,261,0,1,95,0,-166,0
land_pad__6500.jpg,land_pad,6500,blur,REGRESSED,True,False,0.00043225391300000216,Q3,0.48355316836222,0.4835890259135587,0.004572898163985291,0.00016522823756268343,0.26178951086334484,0.2503488087449466,0.0,0.0033681185450404882,0.01940976083278656,0.016041642287746072,0.5014022011606235,0.3808843855231551,-0.12051781563746838,1,297,0,0,136,1,-161,1
land_pad__6525.jpg,land_pad,6525,blur,BOTH FAIL,False,False,0.00047478071399999824,Q3,0.4868440878446392,0.4868692742445571,0.004581368878270051,0.00016345856747819435,0.25917797385224367,0.24765062934947182,0.0,0.015149612911045551,0.008367996662855148,-0.006781616248190403,0.4196699391260282,0.37049748998085713,-0.04917244914517105,0,274,1,0,134,1,-140,0
land_pad__6550.jpg,land_pad,6550,blur,BOTH FAIL,False,False,0.0005341330559999971,Q3,0.4919546384132125,0.49197748965022464,0.00461422948357095,0.00016139933154923366,0.25573783464918604,0.24406935464808027,0.0,0.0384284071624279,0.009789818897843361,-0.02863858826458454,0.49707830058538754,0.33324586291917097,-0.16383243766621658,0,272,1,0,124,1,-148,0
land_pad__6575.jpg,land_pad,6575,blur,BOTH FAIL,False,False,0.00043225391300000216,Q3,0.4876673452603522,0.4876855184135354,0.004545558014798434,0.00015707279909629726,0.2519039179842841,0.24032386126174915,0.0,0.01521671935915947,0.01333375833928585,-0.001882961019873619,0.4538668578830951,0.41495153129545664,-0.038915326587638466,0,266,1,0,134,1,-132,0
land_pad__6600.jpg,land_pad,6600,blur,BOTH PASS,True,True,0.0006172327699999982,Q3,0.4912540080821463,0.49128403936324383,0.004342761835610742,0.00014842326349485903,0.25056730126439536,0.23957536722504677,0.0,0.0023954736534506083,0.007314716931432486,0.004919243277981877,0.5483633613103392,0.5921437233488495,0.04378036203851021,1,284,0,1,126,0,-158,0
land_pad__6625.jpg,land_pad,6625,blur,REGRESSED,True,False,0.00045699006600000185,Q3,0.4909464919530364,0.49099088720131334,0.0039660334689541835,0.00014304361515128498,0.25091537963115074,0.24071929550353294,0.0,0.001564197475090623,0.013167823664844036,0.011603626189753413,0.7239407615891109,0.4124999362619321,-0.3114408253271788,1,237,0,0,143,1,-94,1
land_pad__6650.jpg,land_pad,6650,blur,BOTH FAIL,False,False,0.0003531283199999987,Q2,0.48822115125393184,0.4882693285351552,0.0037996203491501186,0.00014505006048780186,0.2495890729495641,0.2396532874309216,0.0,0.0269525945186615,0.012390132062137127,-0.014562462456524372,0.2634760390096114,0.32819655057147534,0.06472051156186392,0,268,1,0,180,1,-88,0
land_pad__6675.jpg,land_pad,6675,blur,BOTH FAIL,False,False,0.0004035798399999996,Q3,0.48789138513407354,0.4879417191438285,0.003835576761872194,0.00014230894463986428,0.24672183520610028,0.23676207281017095,0.0,0.033137883991003036,0.01049745362251997,-0.022640430368483067,0.3483221061976907,0.3075883915076147,-0.04073371469007603,0,254,1,0,188,1,-66,0
land_pad__6700.jpg,land_pad,6700,blur,BOTH FAIL,False,False,0.00039466897200000195,Q3,0.4893003727804412,0.4893704315466388,0.0037869163890721595,0.00013865518488061405,0.24430190916989236,0.23441810225154594,0.0,0.036280762404203415,0.010903839021921158,-0.025376923382282257,0.4114760575718575,0.006480402659240761,-0.40499565491261674,0,242,1,0,181,1,-61,0
land_pad__6725.jpg,land_pad,6725,blur,BOTH FAIL,False,False,0.00034126064700000026,Q2,0.48788363099678195,0.48796182016406187,0.0036568873314254324,0.00013287166007623126,0.23973915282385633,0.2300579588385698,0.0,0.028402645140886307,0.010905376635491848,-0.01749726850539446,0.36572033439834123,0.008623203588177307,-0.3570971308101639,0,241,1,0,177,1,-64,0
land_pad__6750.jpg,land_pad,6750,blur,BOTH FAIL,False,False,0.0002908064160000019,Q2,0.48890773957549527,0.489000420717224,0.0037202606239021578,0.00012897240819807174,0.23766654342449423,0.22803185708604018,0.0,0.029779190197587013,0.011038913391530514,-0.0187402768060565,0.2756031177714251,0.008832716060640183,-0.2667704017107849,0,249,1,0,164,1,-85,0
land_pad__6775.jpg,land_pad,6775,blur,BOTH FAIL,False,False,0.0003115876680000002,Q2,0.48884628832838245,0.48892689023873176,0.0035884364363837386,0.0001271430209171449,0.2373246972648215,0.2279141655456085,0.0,0.03352351486682892,0.010646441951394081,-0.022877072915434837,0.24860886235818722,0.010071314060613271,-0.23853754829757395,0,255,1,0,168,1,-87,0
land_pad__6800.jpg,land_pad,6800,blur,BOTH FAIL,False,False,0.00033234706800000036,Q2,0.4872719269275549,0.4873369856522472,0.0035580674459726727,0.00012611886139377663,0.2374631976935947,0.22815398320573482,0.0,0.029276825487613678,0.014020200818777084,-0.015256624668836594,0.2540324077629907,0.2819302890911361,0.027897881328145413,0,260,1,0,171,1,-89,0
land_pad__6825.jpg,land_pad,6825,blur,BOTH FAIL,False,False,0.00034126064700000026,Q2,0.4870248302293898,0.4870940705248679,0.0035728075110808633,0.00012551628073039558,0.23823483437544285,0.22897875988808492,0.0,0.023508282378315926,0.010286742821335793,-0.013221539556980133,0.24166931196134384,0.4010466275935015,0.15937731563215768,0,251,1,0,178,1,-73,0
land_pad__6850.jpg,land_pad,6850,blur,BOTH FAIL,False,False,0.00033234706800000036,Q2,0.4867342808819281,0.486803672458724,0.003460471332539192,0.00012419970316902146,0.23855015403086394,0.22946370717809247,0.0,0.03888263925909996,0.010347477160394192,-0.02853516209870577,0.10441111596613187,0.347677609192728,0.24326649322659613,0,242,1,0,185,1,-57,0
land_pad__7450.jpg,land_pad,7450,blur,BOTH PASS,True,True,0.0003481796370000006,Q2,0.4865315639160079,0.48656249512699606,0.003642657508343403,0.00015161800386386128,0.2726134689139426,0.2637954087505831,0.0,0.017292477190494537,0.32349759340286255,0.306205116212368,0.6658325620652442,0.7159290880676364,0.05009652600239223,1,276,0,1,180,0,-96,0
land_pad__7475.jpg,land_pad,7475,blur,BOTH PASS,True,True,0.0002819146890000002,Q2,0.47916338405601977,0.47919070778942846,0.0034159457540576914,0.0001502158202181877,0.2881050863722756,0.28036787473566976,0.0,0.03717830032110214,0.4598217308521271,0.42264343053102493,0.6586188938022479,0.5261611888282272,-0.13245770497402076,1,271,0,1,142,0,-129,0
land_pad__7500.jpg,land_pad,7500,blur,RECOVERED,False,True,0.00025717388399999964,Q1,0.46456333268243566,0.4646235465259487,0.0032221698257971737,0.00013864272317463608,0.2970070152141237,0.2902626143851179,0.0,0.07397810369729996,0.1524684876203537,0.07849038392305374,0.45332778254234235,0.5321330888359367,0.07880530629359433,0,300,1,1,124,0,-176,-1
land_pad__7525.jpg,land_pad,7525,blur,BOTH FAIL,False,False,0.00024925884000000215,Q1,0.4542895546146117,0.4543694117553962,0.0029045867925347386,0.0001324455187999162,0.30173263547600465,0.29557898823939555,0.0,0.09986433386802673,0.1266028881072998,0.02673855423927307,0.4524280049753225,0.47276489630993457,0.020336891334612084,0,294,1,0,130,1,-164,0
land_pad__7550.jpg,land_pad,7550,blur,REGRESSED,True,False,0.0002631124680000017,Q1,0.43376021042222757,0.4338412506604982,0.002610929192025447,0.00012474723263879178,0.30197184784511194,0.29612495595224503,0.0,0.04813558980822563,0.4393242299556732,0.3911886401474476,0.630684568749037,0.4086348104309556,-0.22204975831808138,1,268,0,0,131,1,-137,1
land_pad__7575.jpg,land_pad,7575,blur,REGRESSED,True,False,0.0002828888009999988,Q2,0.413421604818597,0.4134864191657758,0.00242568492773498,0.00010831814083186631,0.3003896279508527,0.29493671967410334,0.0,0.0031417144928127527,0.17065128684043884,0.1675095723476261,0.6135137273605478,0.4704695202600742,-0.14304420710047355,1,299,0,0,177,1,-122,1
land_pad__7600.jpg,land_pad,7600,blur,BOTH FAIL,False,False,0.00025717388399999893,Q1,0.4150731158125208,0.41514088208490213,0.0023730603914509656,0.00010697742263975554,0.3018541432296127,0.2964991508027012,0.0,0.023864252492785454,0.3964252173900604,0.37256096489727497,0.47409627931314036,0.3831519591968829,-0.09094432011625747,0,300,1,0,191,1,-109,0
land_pad__7625.jpg,land_pad,7625,blur,BOTH FAIL,False,False,0.00028288880099999953,Q2,0.4252266601437267,0.4252799266836426,0.002011470713991252,0.00010353001127691626,0.3044434077586137,0.299490706112575,0.0,0.13177794218063354,0.19299256801605225,0.0612146258354187,0.36206818727209694,0.4121875960654087,0.05011940879331178,0,300,1,0,168,1,-132,0
land_pad__7650.jpg,land_pad,7650,blur,BOTH FAIL,False,False,0.0002700251639999987,Q1,0.4448112563851386,0.44486285883055826,0.0018694810633598418,8.797549028068431e-05,0.30444310518966616,0.29997281437535017,0.0,0.08959133177995682,0.1838899850845337,0.09429865330457687,0.2861549802715744,0.31508513069077637,0.028930150419201994,0,300,1,0,186,1,-114,0
land_pad__7675.jpg,land_pad,7675,blur,BOTH FAIL,False,False,0.0003046600440000029,Q2,0.4698048773562358,0.46985555659771594,0.0017693072364031474,7.937032193128756e-05,0.29730758572521154,0.29297269101379264,0.0,0.18063947558403015,0.16422200202941895,-0.016417473554611206,0.43793420936570565,0.30441631135027536,-0.1335178980154303,0,300,1,0,166,1,-134,0
land_pad__7700.jpg,land_pad,7700,blur,BOTH FAIL,False,False,0.0002492657639999986,Q1,0.4828914599989312,0.4829143306309836,0.0017869824779460138,8.028408642958397e-05,0.2905264148482795,0.28602945147572106,0.0,0.26946064829826355,0.2652428448200226,-0.004217803478240967,0.40851328588139224,0.4765658508012109,0.06805256491981865,0,300,1,0,146,1,-154,0
land_pad__7725.jpg,land_pad,7725,blur,BOTH FAIL,False,False,0.0002443102469999988,Q1,0.4978070609275033,0.4978309672547318,0.001790713337142215,8.087670724260393e-05,0.28136842551510177,0.2766906215719531,0.0,0.24034661054611206,0.31373199820518494,0.07338538765907288,0.4496723930658823,0.4868145909298199,0.037142197863937576,0,300,1,0,167,1,-133,0
land_pad__7750.jpg,land_pad,7750,blur,BOTH FAIL,False,False,0.0002700251639999987,Q1,0.5123704013679556,0.5124115847974843,0.0017017164033486056,8.218369234445346e-05,0.2638644091964657,0.2590165563571697,0.0,0.21213318407535553,0.11305439472198486,-0.09907878935337067,0.3622841920805023,0.4439972116832984,0.08171301960279614,0,300,1,0,180,1,-120,0
land_pad__7775.jpg,land_pad,7775,blur,RECOVERED,False,True,0.00027696609600000045,Q2,0.5226582602353639,0.5227007043425417,0.0015870822742989309,7.800254722608369e-05,0.24351420218098974,0.23857296759568394,0.0,0.3537363111972809,0.03818608075380325,-0.31555023044347763,0.4509020544466317,0.6337970889075359,0.18289503446090427,0,300,1,1,138,0,-162,-1
land_pad__7800.jpg,land_pad,7800,blur,BOTH FAIL,False,False,0.00023740248399999945,Q1,0.5251414810037601,0.5251890492807036,0.0018562749403345424,8.419938857113143e-05,0.229453728720989,0.22353442111480384,0.0,0.3059913218021393,0.31277695298194885,0.00678563117980957,0.26537169304747066,0.2775129402102201,0.012141247162749447,0,298,1,0,141,1,-157,0
land_pad__7825.jpg,land_pad,7825,blur,BOTH FAIL,False,False,0.0002700251639999987,Q1,0.5121087739052602,0.5121490108568006,0.0018588677308651294,8.360969714561873e-05,0.23969508863917677,0.23386302482494514,0.0,0.5601360201835632,0.493886798620224,-0.06624922156333923,0.32326317020903306,0.3059494079949605,-0.017313762214072548,0,300,1,0,146,1,-154,0
land_pad__7850.jpg,land_pad,7850,blur,BOTH FAIL,False,False,0.00025717388399999964,Q1,0.5008531063834275,0.500919976604926,0.0019570682787361494,8.229793134437066e-05,0.2584200005024963,0.2529415371820678,0.0,0.20591358840465546,0.3063214421272278,0.10040785372257233,0.3023981361508079,0.47163379373730524,0.16923565758649733,0,300,1,0,172,1,-128,0
land_pad__7875.jpg,land_pad,7875,blur,BOTH FAIL,False,False,0.0002700251639999987,Q1,0.49551127383291715,0.4955804598222808,0.0022228739723108085,8.24790168654524e-05,0.2656381535984084,0.2599800052195813,0.0,0.11964786797761917,0.22935472428798676,0.10970685631036758,0.3349862479542595,0.43148901265865014,0.09650276470439062,0,300,1,0,155,1,-145,0
land_pad__7900.jpg,land_pad,7900,blur,BOTH FAIL,False,False,0.00030466004400000037,Q2,0.4911805823368744,0.49125903139770033,0.0022781415864036097,8.803735532184878e-05,0.26380655478674625,0.25785840963489437,0.0,0.18083326518535614,0.14751122891902924,-0.033322036266326904,0.30010450718767706,0.43541380978670124,0.13530930259902418,0,300,1,0,160,1,-140,0
land_pad__7925.jpg,land_pad,7925,blur,BOTH FAIL,False,False,0.0002700251639999987,Q1,0.48995563035317696,0.4900150412420026,0.0021698887260118154,9.13360151538369e-05,0.26790942076962465,0.26208641115169806,0.0,0.251953661441803,0.39384663105010986,0.14189296960830688,0.4144171228035994,0.46800551085546477,0.05358838805186539,0,300,1,0,164,1,-136,0
land_pad__7950.jpg,land_pad,7950,blur,RECOVERED,False,True,0.00025717388399999964,Q1,0.4838746915897596,0.4839357782101059,0.002040328408934428,8.993893039655244e-05,0.27740113886036005,0.27202791768693063,0.0,0.17590723931789398,0.09422121942043304,-0.08168601989746094,0.4296182429357529,0.5192343223289794,0.08961607939322647,0,300,1,1,179,0,-121,-1
land_pad__7975.jpg,land_pad,7975,blur,BOTH FAIL,False,False,0.00030466004400000037,Q2,0.4759731946572402,0.4760451657744562,0.0018703305429166295,9.012879577634933e-05,0.2872238373302816,0.2822627969379719,0.0,0.07127519696950912,0.17700450122356415,0.10572930425405502,0.38940765181553044,0.4592669569036045,0.06985930508807403,0,300,1,0,188,1,-112,0
land_pad__8000.jpg,land_pad,8000,blur,RECOVERED,False,True,0.0002443102469999988,Q1,0.46062243883638143,0.46068299015360337,0.0016955465912011814,8.67749806545983e-05,0.29795859389938134,0.29351638918238215,0.0,0.07008124142885208,0.03299257904291153,-0.03708866238594055,0.4015844786655546,0.5130699110073647,0.11148543234181008,0,300,1,1,145,0,-155,-1
land_pad__8025.jpg,land_pad,8025,blur,RECOVERED,False,True,0.0002631124679999995,Q1,0.44550213876872374,0.44555793054294546,0.0015079060017755119,8.340085390447935e-05,0.30723000591040134,0.30328936221440633,0.0,0.23142801225185394,0.1994073987007141,-0.03202061355113983,0.4016464506460642,0.7074946245969896,0.30584817395092545,0,300,1,1,151,0,-149,-1
land_pad__8050.jpg,land_pad,8050,blur,BOTH PASS,True,True,0.0002631124679999995,Q1,0.4388706484995647,0.43891503986883385,0.0017347069175321958,0.00010084089477297256,0.3088049151288869,0.3042932467197028,0.0,0.04668606445193291,0.30052992701530457,0.25384386256337166,0.5011109887127727,0.5668932966366421,0.06578230792386941,1,299,0,1,138,0,-161,0
land_pad__8075.jpg,land_pad,8075,blur,RECOVERED,False,True,0.00025717388399999964,Q1,0.4381850997521856,0.43823655479529583,0.0018721003704141024,0.0001124672537149156,0.3103153696724622,0.3054969442363378,0.0,0.07276419550180435,0.2727387249469757,0.19997452944517136,0.3373887362715523,0.5944532575999986,0.25706452132844626,0,287,1,1,122,0,-165,-1
land_pad__8100.jpg,land_pad,8100,blur,REGRESSED,True,False,0.0002492588400000001,Q1,0.44369908656340273,0.4437684509871415,0.002559058330514434,0.00012739293929458248,0.3103816834882855,0.30468439110013773,0.0,0.06477539986371994,0.3400503993034363,0.27527499943971634,0.5525131812873372,0.4903466434022884,-0.06216653788504878,1,263,0,0,135,1,-128,1
land_pad__8125.jpg,land_pad,8125,blur,BOTH FAIL,False,False,0.00025717388399999964,Q1,0.4531202431238183,0.4532014695544799,0.0027562655962948437,0.0001312508026156511,0.3095239841443993,0.30357720260329507,0.0,0.1292494386434555,0.16241662204265594,0.03316718339920044,0.38603114085097834,0.45568898062530144,0.0696578397743231,0,296,1,0,119,1,-177,0
land_pad__8150.jpg,land_pad,8150,blur,RECOVERED,False,True,0.0002443102469999988,Q1,0.4585387326333896,0.4586218520200285,0.0028672508071238495,0.00012965287083764997,0.30742278063149536,0.3013810561801863,0.0,0.10295668244361877,0.06284605711698532,-0.04011062532663345,0.41090956953337276,0.5245361585311383,0.11362658899776557,0,279,1,1,128,0,-151,-1
land_pad__8175.jpg,land_pad,8175,blur,RECOVERED,False,True,0.0002017898300000008,Q1,0.46424661554599395,0.46432764414724015,0.003163020082166676,0.00012334434159428493,0.3026719350888285,0.29634834021160833,0.0,0.04011257737874985,0.14489758014678955,0.1047850027680397,0.3537769813246788,0.6355628954354637,0.28178591411078496,0,297,1,1,127,0,-170,-1
land_pad__8200.jpg,land_pad,8200,blur,RECOVERED,False,True,0.0002057316929999995,Q1,0.47054657086757823,0.47062794857955775,0.0034689043518192648,0.00011737945950268388,0.2959434700049368,0.2893710204428562,0.0,0.10083498805761337,0.21046672761440277,0.1096317395567894,0.4201931189595696,0.5269105588820395,0.1067174399224699,0,293,1,1,124,0,-169,-1
land_pad__8225.jpg,land_pad,8225,blur,RECOVERED,False,True,0.0002017898300000008,Q1,0.4664884611532463,0.4665457579826306,0.0033446029431709132,0.00011724069336193594,0.2934793277724874,0.2869686052353441,0.0,0.09197390824556351,0.08712814748287201,-0.004845760762691498,0.4884135533559989,0.514349066632839,0.025935513276840072,0,279,1,1,135,0,-144,-1
land_pad__8250.jpg,land_pad,8250,blur,BOTH PASS,True,True,0.00023144660999999938,Q1,0.4626081380194543,0.46265671871752534,0.003121569507313791,0.0001210914267848352,0.29405479272699003,0.2875968390596661,0.0,0.039302583783864975,0.3310597538948059,0.29175717011094093,0.5072710749987303,0.6950618586198438,0.18779078362111357,1,296,0,1,123,0,-173,0
land_pad__8275.jpg,land_pad,8275,blur,RECOVERED,False,True,0.00023740248400000175,Q1,0.4387206860444847,0.43877583390335345,0.0027802414033624425,0.00012053630136680936,0.29787839916145264,0.29190699118000013,0.0,0.11099884659051895,0.22745944559574127,0.11646059900522232,0.40726702686239497,0.5794231774532825,0.17215615059088757,0,297,1,1,128,0,-169,-1
land_pad__8300.jpg,land_pad,8300,blur,BOTH PASS,True,True,0.00031850036399999946,Q2,0.4279214846857146,0.4279631879023355,0.00199472416571549,0.0001111623369078652,0.3032182249398526,0.29830033165421155,0.0,0.1980927288532257,0.2201426476240158,0.0220499187707901,0.6026904127609279,0.6322582728357126,0.029567860074784624,1,299,0,1,122,0,-177,0
land_pad__8325.jpg,land_pad,8325,blur,RECOVERED,False,True,0.0003481796370000014,Q2,0.4213311700880681,0.421387272182942,0.0014699310004807741,9.551010866028777e-05,0.3077958441463573,0.30380909997295963,0.0,0.23414625227451324,0.19801343977451324,-0.0361328125,0.337890695854355,0.5896651426649655,0.2517744468106105,0,300,1,1,135,0,-165,-1
land_pad__8350.jpg,land_pad,8350,blur,BOTH PASS,True,True,0.00042040240000000036,Q3,0.3960709099757461,0.3961346110475858,0.0007324380623046443,5.849588447583803e-05,0.3098161316423985,0.3074561590519976,0.0,0.43958231806755066,0.40786221623420715,-0.031720101833343506,0.5345573607730655,0.7600749986284664,0.2255176378554009,1,299,0,1,127,0,-172,0
land_pad__8375.jpg,land_pad,8375,blur,RECOVERED,False,True,0.0007616514600000007,Q3,0.4065866256608955,0.40665408937064107,0.0003917821041854732,4.979883873665305e-05,0.31335911774855785,0.31164778777177843,0.0,0.37364768981933594,0.5345209240913391,0.16087323427200317,0.48983017051647415,0.7612408710342028,0.27141070051772864,0,300,1,1,138,0,-162,-1
land_pad__8400.jpg,land_pad,8400,blur,BOTH PASS,True,True,0.0009149615280000012,Q4,0.4382953877119071,0.4383394765185407,0.0005150165208974054,4.8655648728679216e-05,0.3168844443757065,0.3150759300887596,0.0,0.3553137183189392,0.3677166998386383,0.012402981519699097,0.7630438878208621,0.6362342100221466,-0.12680967779871544,1,297,0,1,122,0,-175,0
land_pad__8425.jpg,land_pad,8425,blur,BOTH PASS,True,True,0.0007399019399999979,Q3,0.4998045212632875,0.499869304578401,0.00038029124191196577,4.687827814072675e-05,0.29899292083779244,0.29731785364474467,0.0,0.2970013916492462,0.6697152853012085,0.3727138936519623,0.5090112082065432,0.6989725834775214,0.18996137527097823,1,299,0,1,137,0,-162,0
land_pad__8450.jpg,land_pad,8450,blur,BOTH PASS,True,True,0.0006923806200000022,Q3,0.5585919836572731,0.5586377365584028,0.000431298793671156,5.8444852431164905e-05,0.21129423023253194,0.20861615453965562,0.0,0.43616345524787903,0.3432691693305969,-0.0928942859172821,0.8361606946513122,0.7112114938724099,-0.12494920077890226,1,296,0,1,134,0,-162,0
land_pad__8475.jpg,land_pad,8475,blur,BOTH PASS,True,True,0.0008308858799999962,Q3,0.555263426158774,0.5552013077222596,0.0006434633351562772,8.26945113951731e-05,0.15836818858711305,0.15307705357908116,0.0,0.5411296486854553,0.46620264649391174,-0.07492700219154358,0.8284969125776361,0.6804072627196566,-0.14808964985797957,1,278,0,1,101,0,-177,0
land_pad__8500.jpg,land_pad,8500,blur,BOTH PASS,True,True,0.000750753556999999,Q3,0.5388039955025228,0.5388410089982903,0.0008040427712719047,9.171675874816013e-05,0.15468232126298767,0.14834416262715558,0.0,0.38261622190475464,0.7014510631561279,0.3188348412513733,0.717622052445078,0.6188005120849714,-0.0988215403601066,1,299,0,1,109,0,-190,0
land_pad__8525.jpg,land_pad,8525,blur,BOTH PASS,True,True,0.0007962504599999989,Q3,0.5299263616850816,0.5299540034971586,0.0007098630408161595,8.705364665725127e-05,0.16501166267879694,0.15965368314794254,0.0,0.5473198294639587,0.5476815104484558,0.0003616809844970703,0.8376874879886707,0.6330680622316628,-0.20461942575700787,1,299,0,1,110,0,-189,0
land_pad__8550.jpg,land_pad,8550,blur,BOTH PASS,True,True,0.0007913174359999958,Q3,0.5307306080818514,0.5307831259731947,0.0007280322292899787,8.541220246516307e-05,0.1659116417768139,0.16070229900436134,0.0,0.5210726857185364,0.39758169651031494,-0.12349098920822144,0.7714352795584697,0.5725650435692831,-0.19887023598918663,1,299,0,1,132,0,-167,0
land_pad__8575.jpg,land_pad,8575,blur,BOTH PASS,True,True,0.0008308858800000042,Q3,0.5316148435056831,0.5316753443957992,0.0007186662303900217,9.257013794419573e-05,0.15976474163751486,0.1540600086048695,0.0,0.289755642414093,0.44044390320777893,0.1506882607936859,0.795934478209163,0.6940150423739302,-0.10191943583523277,1,299,0,1,129,0,-170,0
land_pad__8600.jpg,land_pad,8600,blur,BOTH PASS,True,True,0.0008744167000000014,Q3,0.5292045868805892,0.5292754059323844,0.0007571007415588763,9.239083314138938e-05,0.14959267949681634,0.1433576554870092,0.0,0.4717562794685364,0.697373628616333,0.22561734914779663,0.5931847660766418,0.8375690190425797,0.2443842529659379,1,243,0,1,141,0,-102,0
land_pad__8625.jpg,land_pad,8625,blur,BOTH PASS,True,True,0.0009001203000000018,Q3,0.5231861040273956,0.5232546305853741,0.000753305768996373,9.265345016489616e-05,0.147870663775131,0.14146106474384743,0.0,0.5524429082870483,0.7383893728256226,0.18594646453857422,0.8763541630326218,0.7221862090503592,-0.15416795398226257,1,263,0,1,142,0,-121,0
land_pad__8650.jpg,land_pad,8650,blur,BOTH PASS,True,True,0.0007359340120000038,Q3,0.5268243382625442,0.5268721237639444,0.0007586443265732999,9.341340247896965e-05,0.150187109234366,0.1438070873141342,0.0,0.6917415857315063,0.738356351852417,0.046614766120910645,0.6914930442713003,0.6392344780372611,-0.05225856623403924,1,248,0,1,150,0,-98,0
land_pad__8675.jpg,land_pad,8675,blur,BOTH PASS,True,True,0.0008783846279999966,Q3,0.5243229016718758,0.5243784878586656,0.0006904014969269551,8.802324134261067e-05,0.16041894117046673,0.1549000736678646,0.0,0.5695646405220032,0.6938867568969727,0.12432211637496948,0.755171853034064,0.6755093377594854,-0.07966251527457857,1,231,0,1,154,0,-77,0
land_pad__8700.jpg,land_pad,8700,blur,BOTH PASS,True,True,0.0009515769300000026,Q4,0.5245757121490457,0.524628932140864,0.0006726244783937114,7.84307387497663e-05,0.17046316317879565,0.1657766520078778,0.0,0.017458338290452957,0.7400270700454712,0.7225687317550182,0.6627986709497246,0.796767168245133,0.1339684972954085,1,270,0,1,126,0,-144,0
land_pad2__2050.jpg,land_pad2,2050,clean,BOTH PASS,True,True,0.24079716533099993,Q4,0.48780909585517884,0.48781725340931814,0.00618646631322919,0.006187289184006201,0.23891656731350816,0.23891129114412807,0.0,0.8577773571014404,0.8594003915786743,0.0016230344772338867,0.8205570543138202,0.920679205147699,0.10012215083387876,1,247,0,1,136,0,-111,0
land_pad2__2075.jpg,land_pad2,2075,clean,BOTH PASS,True,True,0.18180394185599996,Q4,0.5497918330276289,0.5497938268378175,0.006950434760986197,0.006951637452113912,0.21175473588101412,0.21175942984047727,0.0,0.892204999923706,0.8913066387176514,-0.0008983612060546875,0.9080382529952349,0.934998051093483,0.02695979809824811,1,252,0,1,109,0,-143,0
land_pad2__2100.jpg,land_pad2,2100,clean,BOTH PASS,True,True,0.21312163179000002,Q4,0.4980180673338404,0.49802184160877044,0.006352613707600164,0.006353675062740341,0.20993603732935723,0.20993564831578448,0.0,0.9382067918777466,0.8674007058143616,-0.07080608606338501,0.8962238335055563,0.8574013495615602,-0.03882248394399612,1,269,0,1,116,0,-153,0
land_pad2__2125.jpg,land_pad2,2125,clean,BOTH PASS,True,True,0.211238529438,Q4,0.5167506316770821,0.516756031256427,0.005783557996890067,0.005784401132326424,0.2167323472067036,0.2167319409103555,0.0,0.905067503452301,0.8416544795036316,-0.06341302394866943,0.9647045818845463,0.8824777503913692,-0.08222683149317711,1,256,0,1,126,0,-130,0
land_pad2__2150.jpg,land_pad2,2150,clean,BOTH PASS,True,True,0.22493207709999993,Q4,0.4958058534698467,0.4958141079991899,0.005358433856756408,0.005359151649078022,0.2264833562593162,0.22647688289851733,0.0,0.9267815947532654,0.9049241542816162,-0.02185744047164917,0.9013690819017498,0.8022217620564462,-0.09914731984530356,1,268,0,1,142,0,-126,0
land_pad2__2175.jpg,land_pad2,2175,clean,BOTH PASS,True,True,0.202008662232,Q4,0.5161069490646664,0.5161149553374881,0.006312998194197755,0.006313986910498753,0.22887310395448526,0.2288658406975473,0.0,0.9113497138023376,0.8687467575073242,-0.04260295629501343,0.9531563206624986,0.8218607213540222,-0.13129559930847634,1,265,0,1,137,0,-128,0
land_pad2__2200.jpg,land_pad2,2200,clean,BOTH PASS,True,True,0.24893279037200003,Q4,0.5026663991702647,0.5026744597492002,0.005614592791648032,0.005615751850005514,0.24064824156328027,0.24063956976407824,0.0,0.9280738234519958,0.9086611270904541,-0.019412696361541748,0.9416109217964196,0.8737566101915316,-0.06785431160488797,1,238,0,1,161,0,-77,0
land_pad2__2225.jpg,land_pad2,2225,clean,BOTH PASS,True,True,0.28852421463800004,Q4,0.47974423837342955,0.479750382722339,0.004364905357324534,0.004365459985948825,0.25153584781242344,0.2515302075753391,0.0,0.9256222248077393,0.9312193393707275,0.005597114562988281,0.8911109355530821,0.8204684890714137,-0.0706424464816684,1,231,0,1,159,0,-72,0
land_pad2__2250.jpg,land_pad2,2250,clean,BOTH PASS,True,True,0.28441178891999996,Q4,0.48121807139904127,0.4812255384897298,0.004138084841699004,0.004138496556377332,0.25164267456615996,0.25163456692828107,0.0,0.8899507522583008,0.9294565320014954,0.03950577974319458,0.9482709516918739,0.7819146043477904,-0.16635634734408355,1,250,0,1,160,0,-90,0
land_pad2__2275.jpg,land_pad2,2275,clean,BOTH PASS,True,True,0.25798921491200005,Q4,0.4942079154574827,0.49421070058533434,0.0040780165731971185,0.004078496898300768,0.26152582163073473,0.26152614760301496,0.0,0.8845942616462708,0.9026051163673401,0.018010854721069336,0.8673763480818312,0.8180909049862448,-0.049285443095586356,1,263,0,1,160,0,-103,0
land_pad2__2300.jpg,land_pad2,2300,clean,BOTH PASS,True,True,0.25757993747200003,Q4,0.48870363392465704,0.488704747199996,0.004932559740802263,0.004933376728263961,0.2582006967764469,0.2582025556253076,0.0,0.8943578600883484,0.8712676763534546,-0.0230901837348938,0.9215335152787182,0.9580902373365036,0.036556722057785374,1,247,0,1,124,0,-123,0
land_pad2__2325.jpg,land_pad2,2325,clean,BOTH PASS,True,True,0.27903436764600004,Q4,0.47221110369186153,0.47221329145245805,0.0036089500043226803,0.0036092877020540625,0.238485767278236,0.23848708184629927,0.0,0.9434536695480347,0.8607722520828247,-0.08268141746520996,0.9256942366740623,0.8144364567518406,-0.11125777992222163,1,239,0,1,152,0,-87,0
land_pad2__2350.jpg,land_pad2,2350,clean,BOTH PASS,True,True,0.2938119927119999,Q4,0.4681879011718717,0.46818918124456105,0.0032122642279666753,0.003212611822868424,0.23448779351269572,0.2344883355170888,0.0,0.8737766742706299,0.9032391905784607,0.02946251630783081,0.9164220121863383,0.8197439584664882,-0.09667805371985017,1,240,0,1,159,0,-81,0
land_pad2__2375.jpg,land_pad2,2375,clean,BOTH PASS,True,True,0.27436936383999994,Q4,0.47869144065043834,0.478692491861647,0.002866948463354331,0.002867185782793241,0.2321968551726955,0.23219740347837822,0.0,0.8758946657180786,0.9049484729766846,0.029053807258605957,0.9313261061463473,0.7710378430785111,-0.16028826306783617,1,261,0,1,171,0,-90,0
land_pad2__2400.jpg,land_pad2,2400,clean,BOTH PASS,True,True,0.371244923442,Q4,0.4828364789374123,0.48283919424311744,0.0031315003500819913,0.003131678024614555,0.2277492789690044,0.2277440379820674,0.0,0.9592565894126892,0.9268581867218018,-0.03239840269088745,0.8558098374975519,0.7609149725853488,-0.09489486491220311,1,249,0,1,168,0,-81,0
land_pad2__2425.jpg,land_pad2,2425,clean,BOTH PASS,True,True,0.348776078376,Q4,0.46845761248755124,0.46845809736357,0.0020680633471677535,0.0020682159556874094,0.21601485687008973,0.2160154236392223,0.0,0.9303207993507385,0.8687232732772827,-0.06159752607345581,0.9633558409805294,0.8603950638430992,-0.10296077713743024,1,280,0,1,205,0,-75,0
land_pad2__2450.jpg,land_pad2,2450,clean,BOTH PASS,True,True,0.5006960249760001,Q4,0.46744485000767694,0.46744435349463337,0.0013539698003832464,0.00135382883932922,0.20790074911153725,0.2078987949453474,0.0,0.9631682634353638,0.9265058636665344,-0.036662399768829346,0.7939270752585746,0.8029111775121746,0.008984102253599913,1,278,0,1,185,0,-93,0
land_pad2__2475.jpg,land_pad2,2475,clean,BOTH PASS,True,True,0.786116673615,Q4,0.4773776205900237,0.47737240720306995,0.0012235378639782314,0.001223382916753904,0.18547290422817592,0.18546523529900313,0.0,0.9671371579170227,0.9357522130012512,-0.031384944915771484,0.9343896147898616,0.8875169623528512,-0.04687265243701044,1,299,0,1,160,0,-139,0
land_pad2__2500.jpg,land_pad2,2500,clean,BOTH PASS,True,True,0.738113872776,Q4,0.5237393204117364,0.5237364227926483,0.0012623375624498576,0.0012622370689780197,0.1970226762223471,0.19701738681608286,0.0,0.9805793166160583,0.8963510394096375,-0.0842282772064209,0.9611639792518532,0.8839227561068169,-0.07724122314503623,1,275,0,1,125,0,-150,0
land_pad2__2525.jpg,land_pad2,2525,clean,BOTH PASS,True,True,0.8909045402879998,Q4,0.5121421682864238,0.5121382466091843,0.0012298566795515865,0.0012297420302335362,0.22380743053805952,0.22380256652899563,0.0,0.9255502223968506,0.7502306699752808,-0.17531955242156982,0.9416289602985273,0.8240804783902698,-0.11754848190825751,1,263,0,1,102,0,-161,0
land_pad__6500.jpg,land_pad,6500,clean,REGRESSED,True,False,0.00043225391300000216,Q3,0.48355316836222,0.48355276882438064,0.004572898163985291,0.0045735911607400915,0.26178951086334484,0.2617942961625487,0.0,0.0051232450641691685,0.04447271302342415,0.03934946795925498,0.6448278653516546,0.45062355464564835,-0.19420431070600624,1,263,0,0,143,1,-120,1
land_pad__6525.jpg,land_pad,6525,clean,REGRESSED,True,False,0.00047478071399999824,Q3,0.4868440878446392,0.4868448326142039,0.004581368878270051,0.00458226268925708,0.25917797385224367,0.2591835519892909,0.0,0.005241316743195057,0.00969642773270607,0.004455110989511013,0.5503117938776768,0.4550805721560717,-0.09523122172160509,1,256,0,0,141,1,-115,1
land_pad__6550.jpg,land_pad,6550,clean,REGRESSED,True,False,0.0005341330559999971,Q3,0.4919546384132125,0.4919555810121931,0.00461422948357095,0.004615098258507154,0.25573783464918604,0.2557429684590229,0.0,0.0029453851748257875,0.006617681123316288,0.0036722959484905005,0.6435922148085638,0.38229219514997753,-0.26130001965858624,1,247,0,0,135,1,-112,1
land_pad__6575.jpg,land_pad,6575,clean,BOTH PASS,True,True,0.00043225391300000216,Q3,0.4876673452603522,0.4876672831962218,0.004545558014798434,0.0045461127747750555,0.2519039179842841,0.25190831810746067,0.0,0.0025820755399763584,0.038673993200063705,0.03609191766008735,0.7775958151466004,0.5245895833539844,-0.25300623179261594,1,258,0,1,151,0,-107,0
land_pad__6600.jpg,land_pad,6600,clean,BOTH PASS,True,True,0.0006172327699999982,Q3,0.4912540080821463,0.491253402956875,0.004342761835610742,0.004343434520132681,0.25056730126439536,0.2505726676816157,0.0,0.005089051555842161,0.010846970602869987,0.005757919047027826,0.6757920690320939,0.6063927583809771,-0.06939931065111682,1,266,0,1,144,0,-122,0
land_pad__6625.jpg,land_pad,6625,clean,REGRESSED,True,False,0.00045699006600000185,Q3,0.4909464919530364,0.4909474423100332,0.0039660334689541835,0.003966666813371961,0.25091537963115074,0.2509200218171704,0.0,0.001495605451054871,0.027842776849865913,0.026347171398811042,0.6786451182052216,0.4624379831334908,-0.21620713507173073,1,234,0,0,146,1,-88,1
land_pad__6650.jpg,land_pad,6650,clean,REGRESSED,True,False,0.0003531283199999987,Q2,0.48822115125393184,0.48822115901194835,0.0037996203491501186,0.0038002619093240615,0.2495890729495641,0.24959420923645326,0.0,0.007993543520569801,0.008175558410584927,0.00018201489001512527,0.5513066322410359,0.3764678793758329,-0.174838752865203,1,264,0,0,157,1,-107,1
land_pad__6675.jpg,land_pad,6675,clean,REGRESSED,True,False,0.0004035798399999996,Q3,0.48789138513407354,0.48789060545343543,0.003835576761872194,0.003836120757688624,0.24672183520610028,0.24672669389235843,0.0,0.016242550686001778,0.007147013675421476,-0.009095537010580301,0.5338768625458489,0.47065940927302624,-0.06321745327282263,1,256,0,0,160,1,-96,1
land_pad__6700.jpg,land_pad,6700,clean,REGRESSED,True,False,0.00039466897200000195,Q3,0.4893003727804412,0.48930050078771015,0.0037869163890721595,0.003787386578248819,0.24430190916989236,0.244306638009273,0.0,0.018505394458770752,0.006946916226297617,-0.011558478232473135,0.5922708041610744,0.4110343892033111,-0.18123641495776327,1,257,0,0,142,1,-115,1
land_pad__6725.jpg,land_pad,6725,clean,REGRESSED,True,False,0.00034126064700000026,Q2,0.48788363099678195,0.48788410423577583,0.0036568873314254324,0.0036575453437463355,0.23973915282385633,0.23974436466497961,0.0,0.01013073232024908,0.007956919260323048,-0.002173813059926033,0.5249902583612953,0.4245954939795176,-0.10039476438177769,1,255,0,0,144,1,-111,1
land_pad__6750.jpg,land_pad,6750,clean,BOTH FAIL,False,False,0.0002908064160000019,Q2,0.48890773957549527,0.48890898085810336,0.0037202606239021578,0.0037211160302484934,0.23766654342449423,0.2376721815443509,0.0,0.027670294046401978,0.015274039469659328,-0.012396254576742649,0.4283948067061272,0.36854389014083166,-0.05985091656529551,0,248,1,0,143,1,-105,0
land_pad__6775.jpg,land_pad,6775,clean,REGRESSED,True,False,0.0003115876680000002,Q2,0.48884628832838245,0.48884595473368164,0.0035884364363837386,0.00358884326291619,0.2373246972648215,0.23732831854968897,0.0,0.012521391734480858,0.00861449260264635,-0.003906899131834507,0.5416886579637172,0.36772290989210055,-0.1739657480716167,1,249,0,0,146,1,-103,1
land_pad__6800.jpg,land_pad,6800,clean,BOTH FAIL,False,False,0.00033234706800000036,Q2,0.4872719269275549,0.4872726794551361,0.0035580674459726727,0.0035586995872228643,0.2374631976935947,0.2374679597490871,0.0,0.026423372328281403,0.008063474670052528,-0.018359897658228874,0.3484753892240464,0.309434883737241,-0.03904050548680543,0,252,1,0,152,1,-100,0
land_pad__6825.jpg,land_pad,6825,clean,BOTH FAIL,False,False,0.00034126064700000026,Q2,0.4870248302293898,0.48702600944786734,0.0035728075110808633,0.003573458956289975,0.23823483437544285,0.23823948683665727,0.0,0.04032805189490318,0.006959480233490467,-0.033368571661412716,0.29627971583677465,0.39637396552985,0.10009424969307534,0,252,1,0,158,1,-94,0
land_pad__6850.jpg,land_pad,6850,clean,BOTH FAIL,False,False,0.00033234706800000036,Q2,0.4867342808819281,0.48673462999266165,0.003460471332539192,0.0034610777388667463,0.23855015403086394,0.2385545745870852,0.0,0.03176544979214668,0.007531285751610994,-0.02423416404053569,0.15195074888879,0.35465589063676,0.20270514174797,0,243,1,0,148,1,-95,0
land_pad__7450.jpg,land_pad,7450,clean,BOTH PASS,True,True,0.0003481796370000006,Q2,0.4865315639160079,0.48653158331104834,0.003642657508343403,0.0036430862883924126,0.2726134689139426,0.2726178385765088,0.0,0.02644280157983303,0.3535648584365845,0.32712205685675144,0.7278328489650812,0.7055694030876275,-0.022263445877453658,1,282,0,1,138,0,-144,0
land_pad__7475.jpg,land_pad,7475,clean,REGRESSED,True,False,0.0002819146890000002,Q2,0.47916338405601977,0.4791632909598242,0.0034159457540576914,0.003416349416310371,0.2881050863722756,0.2881084549842698,0.0,0.04749591276049614,0.36237195134162903,0.3148760385811329,0.6215231259682673,0.4381377241538187,-0.18338540181444862,1,262,0,0,132,1,-130,1
land_pad__7500.jpg,land_pad,7500,clean,RECOVERED,False,True,0.00025717388399999964,Q1,0.46456333268243566,0.4645643179505062,0.0032221698257971737,0.0032226491304786792,0.2970070152141237,0.2970103393402274,0.0,0.1351526379585266,0.17993174493312836,0.044779106974601746,0.4812319392804837,0.5211591123699221,0.039927173089438384,0,287,1,1,124,0,-163,-1
land_pad__7525.jpg,land_pad,7525,clean,BOTH FAIL,False,False,0.00024925884000000215,Q1,0.4542895546146117,0.4542900511276548,0.0029045867925347386,0.002905006127106626,0.30173263547600465,0.3017343834022183,0.0,0.2046603411436081,0.12466052174568176,-0.07999981939792633,0.4888319466865801,0.42378511448210404,-0.06504683220447605,0,300,1,0,131,1,-169,0
land_pad__7550.jpg,land_pad,7550,clean,REGRESSED,True,False,0.0002631124680000017,Q1,0.43376021042222757,0.43376046643676547,0.002610929192025447,0.0026114364900786903,0.30197184784511194,0.30197485036534855,0.0,0.08365512639284134,0.6230695843696594,0.5394144579768181,0.6365497860641106,0.3528301371113252,-0.2837196489527854,1,278,0,0,161,1,-117,1
land_pad__7575.jpg,land_pad,7575,clean,REGRESSED,True,False,0.0002828888009999988,Q2,0.413421604818597,0.4134226056026998,0.00242568492773498,0.0024262942355313616,0.3003896279508527,0.3003925001470447,0.0,0.0036808201111853123,0.18141582608222961,0.1777350059710443,0.615267377596504,0.43128291290578774,-0.18398446469071622,1,299,0,0,204,1,-95,1
land_pad__7600.jpg,land_pad,7600,clean,BOTH FAIL,False,False,0.00025717388399999893,Q1,0.4150731158125208,0.41507354638242544,0.0023730603914509656,0.0023734709503863776,0.3018541432296127,0.30185638340160215,0.0,0.033772967755794525,0.5115982890129089,0.4778253212571144,0.4560402545999073,0.3356303858839902,-0.12040986871591713,0,300,1,0,221,1,-79,0
land_pad__7625.jpg,land_pad,7625,clean,BOTH FAIL,False,False,0.00028288880099999953,Q2,0.4252266601437267,0.42522578736689276,0.002011470713991252,0.002011917884044982,0.3044434077586137,0.3044450416327314,0.0,0.26610317826271057,0.27920910716056824,0.013105928897857666,0.3555606837816817,0.33764432604913797,-0.017916357732543742,0,300,1,0,206,1,-94,0
land_pad__7650.jpg,land_pad,7650,clean,BOTH FAIL,False,False,0.0002700251639999987,Q1,0.4448112563851386,0.4448115589477738,0.0018694810633598418,0.001869954341497821,0.30444310518966616,0.3044437356947204,0.0,0.13654187321662903,0.22132423520088196,0.08478236198425293,0.2933690540818735,0.31331855216598437,0.01994949808411084,0,300,1,0,188,1,-112,0
land_pad__7675.jpg,land_pad,7675,clean,BOTH FAIL,False,False,0.0003046600440000029,Q2,0.4698048773562358,0.4698051450077978,0.0017693072364031474,0.0017696350649464513,0.29730758572521154,0.2973091627486302,0.0,0.18947701156139374,0.15780086815357208,-0.031676143407821655,0.44516796713631396,0.2597788235175081,-0.18538914361880587,0,300,1,0,179,1,-121,0
land_pad__7700.jpg,land_pad,7700,clean,BOTH FAIL,False,False,0.0002492657639999986,Q1,0.4828914599989312,0.48289132423364595,0.0017869824779460138,0.0017874401873213856,0.2905264148482795,0.29052918309401204,0.0,0.2579638361930847,0.36846381425857544,0.11049997806549072,0.40574699311770795,0.42109767533054754,0.015350682212839584,0,300,1,0,165,1,-135,0
land_pad__7725.jpg,land_pad,7725,clean,BOTH FAIL,False,False,0.0002443102469999988,Q1,0.4978070609275033,0.4978069949843648,0.001790713337142215,0.0017912093015654649,0.28136842551510177,0.2813711093553861,0.0,0.269857794046402,0.40852344036102295,0.13866564631462097,0.46428245145517166,0.44147514941858457,-0.022807302036587096,0,300,1,0,187,1,-113,0
land_pad__7750.jpg,land_pad,7750,clean,BOTH FAIL,False,False,0.0002700251639999987,Q1,0.5123704013679556,0.5123699164919371,0.0017017164033486056,0.0017021773423053599,0.2638644091964657,0.26386916057282317,0.0,0.21671652793884277,0.2383115589618683,0.021595031023025513,0.3566081189860531,0.45093655968667873,0.09432844070062563,0,300,1,0,198,1,-102,0
land_pad__7775.jpg,land_pad,7775,clean,RECOVERED,False,True,0.00027696609600000045,Q2,0.5226582602353639,0.5226585046128777,0.0015870822742989309,0.0015873952736568104,0.24351420218098974,0.24351857969728644,0.0,0.28552931547164917,0.03584791719913483,-0.24968139827251434,0.46030375712702487,0.5668206137537163,0.10651685662669141,0,300,1,1,169,0,-131,-1
land_pad__7800.jpg,land_pad,7800,clean,BOTH FAIL,False,False,0.00023740248399999945,Q1,0.5251414810037601,0.525139797514223,0.0018562749403345424,0.0018567303668285528,0.229453728720989,0.2294575798270164,0.0,0.28061050176620483,0.3672676086425781,0.08665710687637329,0.28026544172827883,0.25405495332291317,-0.02621048840536566,0,294,1,0,153,1,-141,0
land_pad__7825.jpg,land_pad,7825,clean,BOTH FAIL,False,False,0.0002700251639999987,Q1,0.5121087739052602,0.512108894154513,0.0018588677308651294,0.001859432205408692,0.23969508863917677,0.23969829599777046,0.0,0.4610138535499573,0.5454438924789429,0.0844300389289856,0.3411552293750377,0.2953994239872845,-0.0457558053877532,0,300,1,0,139,1,-161,0
land_pad__7850.jpg,land_pad,7850,clean,BOTH FAIL,False,False,0.00025717388399999964,Q1,0.5008531063834275,0.5008528930379795,0.0019570682787361494,0.0019574405014846042,0.2584200005024963,0.25842306980143603,0.0,0.2023092657327652,0.42373666167259216,0.22142739593982697,0.2485211394501018,0.48962862211686947,0.24110748266676768,0,300,1,0,154,1,-146,0
land_pad__7875.jpg,land_pad,7875,clean,BOTH FAIL,False,False,0.0002700251639999987,Q1,0.49551127383291715,0.4955121466097507,0.0022228739723108085,0.0022234216864014957,0.2656381535984084,0.2656405594958826,0.0,0.12974460422992706,0.45677366852760315,0.3270290642976761,0.36568518414780615,0.4393289784999738,0.07364379435216767,0,300,1,0,141,1,-159,0
land_pad__7900.jpg,land_pad,7900,clean,BOTH FAIL,False,False,0.00030466004400000037,Q2,0.4911805823368744,0.49118063664298867,0.0022781415864036097,0.002278808021390842,0.26380655478674625,0.2638110286522358,0.0,0.1569339781999588,0.19649451971054077,0.03956054151058197,0.32212260283385746,0.4969223636787885,0.17479976084493104,0,300,1,0,157,1,-143,0
land_pad__7925.jpg,land_pad,7925,clean,BOTH FAIL,False,False,0.0002700251639999987,Q1,0.48995563035317696,0.48995565750623365,0.0021698887260118154,0.002170256021896328,0.26790942076962465,0.26791222515342483,0.0,0.18228240311145782,0.5091708898544312,0.3268884867429733,0.41350767222558066,0.47230544247865947,0.05879777025307881,0,300,1,0,170,1,-130,0
land_pad__7950.jpg,land_pad,7950,clean,BOTH FAIL,False,False,0.00025717388399999964,Q1,0.4838746915897596,0.483873973973252,0.002040328408934428,0.0020407145691457265,0.27740113886036005,0.2774037901680569,0.0,0.2212175875902176,0.07844690978527069,-0.1427706778049469,0.42354703778281505,0.41927722737813805,-0.004269810404676999,0,300,1,0,194,1,-106,0
land_pad__7975.jpg,land_pad,7975,clean,BOTH FAIL,False,False,0.00030466004400000037,Q2,0.4759731946572402,0.47597402864399235,0.0018703305429166295,0.0018708293468849438,0.2872238373302816,0.28722687858670615,0.0,0.09654659032821655,0.31852179765701294,0.2219752073287964,0.38999721669964615,0.4640044648364455,0.07400724813679932,0,300,1,0,177,1,-123,0
land_pad__8000.jpg,land_pad,8000,clean,BOTH FAIL,False,False,0.0002443102469999988,Q1,0.46062243883638143,0.46062214791077,0.0016955465912011814,0.0016959881900801966,0.29795859389938134,0.2979622168251753,0.0,0.09027555584907532,0.062263373285532,-0.02801218256354332,0.3978596714158192,0.39380209915445774,-0.004057572261361442,0,300,1,0,171,1,-129,0
land_pad__8025.jpg,land_pad,8025,clean,RECOVERED,False,True,0.0002631124679999995,Q1,0.44550213876872374,0.4455028563852315,0.0015079060017755119,0.0015083059722064331,0.30723000591040134,0.3072325766956925,0.0,0.2604936957359314,0.2626185119152069,0.0021248161792755127,0.3924815897828524,0.6625555610814567,0.27007397129860433,0,300,1,1,164,0,-136,-1
land_pad__8050.jpg,land_pad,8050,clean,BOTH PASS,True,True,0.0002631124679999995,Q1,0.4388706484995647,0.43887024508271716,0.0017347069175321958,0.0017353440298248802,0.3088049151288869,0.3088083197222408,0.0,0.06328234076499939,0.43567991256713867,0.3723975718021393,0.5098056017097967,0.5551723966224881,0.045366794912691355,1,287,0,1,142,0,-145,0
land_pad__8075.jpg,land_pad,8075,clean,RECOVERED,False,True,0.00025717388399999964,Q1,0.4381850997521856,0.438186344913802,0.0018721003704141024,0.001872571630282376,0.3103153696724622,0.3103178821466129,0.0,0.19631583988666534,0.3329131007194519,0.13659726083278656,0.2860784025050837,0.5462078350080369,0.26012943250295323,0,296,1,1,137,0,-159,-1
land_pad__8100.jpg,land_pad,8100,clean,REGRESSED,True,False,0.0002492588400000001,Q1,0.44369908656340273,0.44369915638554935,0.002559058330514434,0.0025595476281355307,0.3103816834882855,0.3103843705668558,0.0,0.08148570358753204,0.6054872274398804,0.5240015238523483,0.5353778876376698,0.4686140002606167,-0.06676388737705308,1,275,0,0,137,1,-138,1
land_pad__8125.jpg,land_pad,8125,clean,BOTH FAIL,False,False,0.00025717388399999964,Q1,0.4531202431238183,0.4531208327330569,0.0027562655962948437,0.002756664397172449,0.3095239841443993,0.3095266092572965,0.0,0.12294594943523407,0.21831397712230682,0.09536802768707275,0.3510692719636241,0.40830878215514854,0.057239510191524456,0,278,1,0,138,1,-140,0
land_pad__8150.jpg,land_pad,8150,clean,BOTH FAIL,False,False,0.0002443102469999988,Q1,0.4585387326333896,0.45853961704724794,0.0028672508071238495,0.0028681121212136575,0.30742278063149536,0.307425917830033,0.0,0.0977424755692482,0.16309653222560883,0.06535405665636063,0.34923796843037935,0.4769649012176144,0.12772693278723507,0,257,1,0,132,1,-125,0
land_pad__8175.jpg,land_pad,8175,clean,RECOVERED,False,True,0.0002017898300000008,Q1,0.46424661554599395,0.46424720515523304,0.003163020082166676,0.0031637632143236925,0.3026719350888285,0.3026742638911737,0.0,0.04748663678765297,0.3311508893966675,0.2836642526090145,0.4281984848195616,0.561243019469527,0.13304453464996546,0,275,1,1,133,0,-142,-1
land_pad__8200.jpg,land_pad,8200,clean,BOTH FAIL,False,False,0.0002057316929999995,Q1,0.47054657086757823,0.470545973500323,0.0034689043518192648,0.0034696707198066867,0.2959434700049368,0.2959465533486496,0.0,0.11555175483226776,0.31105682253837585,0.1955050677061081,0.4033971628816239,0.4589357775154741,0.05553861463385018,0,282,1,0,140,1,-142,0
land_pad__8225.jpg,land_pad,8225,clean,BOTH FAIL,False,False,0.0002017898300000008,Q1,0.4664884611532463,0.4664893145350391,0.0033446029431709132,0.003345333433396658,0.2934793277724874,0.29348194665338173,0.0,0.1278296560049057,0.17825739085674286,0.05042773485183716,0.4999717989619192,0.421358374388417,-0.07861342457350218,0,297,1,0,142,1,-155,0
land_pad__8250.jpg,land_pad,8250,clean,BOTH PASS,True,True,0.00023144660999999938,Q1,0.4626081380194543,0.4626087547817502,0.003121569507313791,0.0031223964929869307,0.29405479272699003,0.2940583484491373,0.0,0.042611099779605865,0.3368357717990875,0.29422467201948166,0.5344805103349456,0.6708609351394329,0.1363804248044873,1,283,0,1,137,0,-146,0
land_pad__8275.jpg,land_pad,8275,clean,BOTH FAIL,False,False,0.00023740248400000175,Q1,0.4387206860444847,0.43872023220053114,0.0027802414033624425,0.0027810948050498224,0.29787839916145264,0.2978816934701192,0.0,0.16802607476711273,0.4453596770763397,0.277333602309227,0.44458487056059265,0.49672947268223483,0.05214460212164218,0,294,1,0,160,1,-134,0
land_pad__8300.jpg,land_pad,8300,clean,BOTH PASS,True,True,0.00031850036399999946,Q2,0.4279214846857146,0.4279209571406062,0.00199472416571549,0.001995230775627177,0.3032182249398526,0.3032216159296497,0.0,0.19704391062259674,0.3322845697402954,0.13524065911769867,0.5938288253511119,0.5846666657518971,-0.009162159599214847,1,299,0,1,134,0,-165,0
land_pad__8325.jpg,land_pad,8325,clean,RECOVERED,False,True,0.0003481796370000014,Q2,0.4213311700880681,0.4213322406943177,0.0014699310004807741,0.0014702983556034114,0.3077958441463573,0.3077971275599617,0.0,0.27194467186927795,0.2576395571231842,-0.01430511474609375,0.3115826502861156,0.5588778369629137,0.24729518667679812,0,291,1,1,140,0,-151,-1
land_pad__8350.jpg,land_pad,8350,clean,BOTH PASS,True,True,0.00042040240000000036,Q3,0.3960709099757461,0.3960715461330828,0.0007324380623046443,0.0007327230049058491,0.3098161316423985,0.3098196231964562,0.0,0.5342467427253723,0.5887951254844666,0.05454838275909424,0.5025158280643476,0.6217290009368521,0.11921317287250455,1,299,0,1,140,0,-159,0
land_pad__8375.jpg,land_pad,8375,clean,RECOVERED,False,True,0.0007616514600000007,Q3,0.4065866256608955,0.4065875139537623,0.0003917821041854732,0.0003920211518801643,0.31335911774855785,0.3133598219238976,0.0,0.4851093590259552,0.6146515607833862,0.12954220175743103,0.4901862048790784,0.5895878151978998,0.09940161031882144,0,298,1,1,141,0,-157,-1
land_pad__8400.jpg,land_pad,8400,clean,BOTH PASS,True,True,0.0009149615280000012,Q4,0.4382953877119071,0.4382957290646245,0.0005150165208974054,0.0005151960699631585,0.3168844443757065,0.3168859079086583,0.0,0.3123061954975128,0.4471520483493805,0.13484585285186768,0.6610134427798883,0.5892393525177111,-0.07177409026217718,1,299,0,1,125,0,-174,0
land_pad__8425.jpg,land_pad,8425,clean,BOTH PASS,True,True,0.0007399019399999979,Q3,0.4998045212632875,0.49980465314956474,0.00038029124191196577,0.0003805064348862489,0.29899292083779244,0.2989936900272636,0.0,0.21312949061393738,0.7548843026161194,0.541754812002182,0.6680279844353868,0.6456152053946522,-0.022412779040734576,1,299,0,1,152,0,-147,0
land_pad__8450.jpg,land_pad,8450,clean,BOTH PASS,True,True,0.0006923806200000022,Q3,0.5585919836572731,0.5585918440129796,0.000431298793671156,0.0004314950693649006,0.21129423023253194,0.21129642658763365,0.0,0.45151767134666443,0.343315064907074,-0.10820260643959045,0.8149767035172936,0.7111526188556984,-0.1038240846615952,1,299,0,1,125,0,-174,0
land_pad__8475.jpg,land_pad,8475,clean,BOTH PASS,True,True,0.0008308858799999962,Q3,0.555263426158774,0.5552635658030675,0.0006434633351562772,0.0006437093794058651,0.15836818858711305,0.15837397624199956,0.0,0.5715428590774536,0.5325654149055481,-0.03897744417190552,0.8555056257982486,0.6797911636968328,-0.17571446210141584,1,271,0,1,110,0,-161,0
land_pad__8500.jpg,land_pad,8500,clean,BOTH PASS,True,True,0.000750753556999999,Q3,0.5388039955025228,0.5388048760373729,0.0008040427712719047,0.0008042360555180264,0.15468232126298767,0.15468677273689732,0.0,0.29460713267326355,0.779063880443573,0.48445674777030945,0.7252078495257696,0.5701008401952156,-0.155107009330554,1,281,0,1,111,0,-170,0
land_pad__8525.jpg,land_pad,8525,clean,BOTH PASS,True,True,0.0007962504599999989,Q3,0.5299263616850816,0.5299255199403131,0.0007098630408161595,0.0007101439159081782,0.16501166267879694,0.1650150670752843,0.0,0.5974159240722656,0.6457972526550293,0.04838132858276367,0.8306797802846724,0.5480883453976274,-0.28259143488704497,1,290,0,1,126,0,-164,0
land_pad__8550.jpg,land_pad,8550,clean,REGRESSED,True,False,0.0007913174359999958,Q3,0.5307306080818514,0.5307301969069876,0.0007280322292899787,0.0007282102851851842,0.1659116417768139,0.16591597669943145,0.0,0.5558258891105652,0.5044335126876831,-0.05139237642288208,0.7029258406911779,0.48611992463775366,-0.21680591605342425,1,278,0,0,136,1,-142,1
land_pad__8575.jpg,land_pad,8575,clean,BOTH PASS,True,True,0.0008308858800000042,Q3,0.5316148435056831,0.5316130979520154,0.0007186662303900217,0.0007189339731909044,0.15976474163751486,0.1597699977966462,0.0,0.26251113414764404,0.4608152508735657,0.19830411672592163,0.8039879976298615,0.6187439273940156,-0.18524407023584588,1,276,0,1,137,0,-139,0
land_pad__8600.jpg,land_pad,8600,clean,BOTH PASS,True,True,0.0008744167000000014,Q3,0.5292045868805892,0.5292039313282122,0.0007571007415588763,0.0007573604437955679,0.14959267949681634,0.14959880247598492,0.0,0.5504574775695801,0.687328577041626,0.1368710994720459,0.5913964294232869,0.7324631921712172,0.1410667627479304,1,262,0,1,137,0,-125,0
land_pad__8625.jpg,land_pad,8625,clean,BOTH PASS,True,True,0.0009001203000000018,Q3,0.5231861040273956,0.5231858790449229,0.000753305768996373,0.0007535532154979208,0.147870663775131,0.14787849275970788,0.0,0.545053243637085,0.7264202833175659,0.18136703968048096,0.8355935119353637,0.6220356144206544,-0.21355789751470933,1,253,0,1,139,0,-114,0
land_pad__8650.jpg,land_pad,8650,clean,BOTH PASS,True,True,0.0007359340120000038,Q3,0.5268243382625442,0.526823764169338,0.0007586443265732999,0.0007589334680380667,0.150187109234366,0.15019179912557062,0.0,0.7151456475257874,0.6894722580909729,-0.025673389434814453,0.725581471882181,0.5820746827420122,-0.1435067891401688,1,245,0,1,128,0,-117,0
land_pad__8675.jpg,land_pad,8675,clean,BOTH PASS,True,True,0.0008783846279999966,Q3,0.5243229016718758,0.5243230956222833,0.0006904014969269551,0.0006906721698663312,0.16041894117046673,0.16042324807292052,0.0,0.5659568309783936,0.6998411417007446,0.13388431072235107,0.7338392894829876,0.6116934595924621,-0.12214582989052547,1,254,0,1,140,0,-114,0
land_pad__8700.jpg,land_pad,8700,clean,BOTH PASS,True,True,0.0009515769300000026,Q4,0.5245757121490457,0.5245755337146709,0.0006726244783937114,0.0006728838851895813,0.17046316317879565,0.170467164946265,0.0,0.016976283863186836,0.6563090682029724,0.6393327843397856,0.6625018594903986,0.7566137990591164,0.09411193956871777,1,286,0,1,128,0,-158,0
land_pad2__2050.jpg,land_pad2,2050,low_light,BOTH PASS,True,True,0.24079716533099993,Q4,0.48780909585517884,0.2029570765249952,0.00618646631322919,0.001077020725777196,0.23891656731350816,0.1003942311417233,0.0,0.8610954284667969,0.8472106456756592,-0.013884782791137695,0.8308397490264928,0.904152547402749,0.07331279837625615,1,229,0,1,142,0,-87,0
land_pad2__2075.jpg,land_pad2,2075,low_light,BOTH PASS,True,True,0.18180394185599996,Q4,0.5497918330276289,0.22893699738236772,0.006950434760986197,0.0012096273042780253,0.21175473588101412,0.08898865818029111,0.0,0.8964086174964905,0.8961460590362549,-0.0002625584602355957,0.9166964174750463,0.954835935927194,0.03813951845214769,1,250,0,1,103,0,-147,0
land_pad2__2100.jpg,land_pad2,2100,low_light,BOTH PASS,True,True,0.21312163179000002,Q4,0.4980180673338404,0.20720760055960136,0.006352613707600164,0.0011042284795636905,0.20993603732935723,0.08818014417624521,0.0,0.941697359085083,0.8647220134735107,-0.07697534561157227,0.8993093232082785,0.8624502745665372,-0.03685904864174128,1,249,0,1,105,0,-144,0
land_pad2__2125.jpg,land_pad2,2125,low_light,BOTH PASS,True,True,0.211238529438,Q4,0.5167506316770821,0.2150545780325718,0.005783557996890067,0.0010025007802965651,0.2167323472067036,0.09107467028882672,0.0,0.9015370011329651,0.845092236995697,-0.056444764137268066,0.9644747779394159,0.8850417300960429,-0.07943304784337302,1,226,0,1,126,0,-100,0
land_pad2__2150.jpg,land_pad2,2150,low_light,BOTH PASS,True,True,0.22493207709999993,Q4,0.4958058534698467,0.2062801374689457,0.005358433856756408,0.0009304979819013211,0.2264833562593162,0.09516493515892929,0.0,0.9207789897918701,0.8972141742706299,-0.023564815521240234,0.9168487206679726,0.8064268656981503,-0.11042185496982238,1,255,0,1,133,0,-122,0
land_pad2__2175.jpg,land_pad2,2175,low_light,BOTH PASS,True,True,0.202008662232,Q4,0.5161069490646664,0.21482755908059134,0.006312998194197755,0.0010975097143733474,0.22887310395448526,0.09615000431510819,0.0,0.8686001896858215,0.8618486523628235,-0.006751537322998047,0.9562981762641076,0.8158789758546665,-0.14041920040944111,1,260,0,1,131,0,-129,0
land_pad2__2200.jpg,land_pad2,2200,low_light,BOTH PASS,True,True,0.24893279037200003,Q4,0.5026663991702647,0.2092013797166508,0.005614592791648032,0.0009742062383191957,0.24064824156328027,0.10105998608991729,0.0,0.9089257717132568,0.8920471668243408,-0.016878604888916016,0.9193777760277799,0.8712484525051454,-0.04812932352263455,1,240,0,1,162,0,-78,0
land_pad2__2225.jpg,land_pad2,2225,low_light,BOTH PASS,True,True,0.28852421463800004,Q4,0.47974423837342955,0.19961212245904605,0.004364905357324534,0.000756341743627085,0.25153584781242344,0.10557726109971123,0.0,0.911765456199646,0.920835018157959,0.009069561958312988,0.8793871997780847,0.8214578546654157,-0.057929345112669006,1,221,0,1,140,0,-81,0
land_pad2__2250.jpg,land_pad2,2250,low_light,BOTH PASS,True,True,0.28441178891999996,Q4,0.48121807139904127,0.20018755780207023,0.004138084841699004,0.0007147856009874089,0.25164267456615996,0.10570953062983206,0.0,0.8607984185218811,0.9301277995109558,0.06932938098907471,0.955107763397999,0.7791181310320525,-0.17598963236594645,1,253,0,1,146,0,-107,0
land_pad2__2275.jpg,land_pad2,2275,low_light,BOTH PASS,True,True,0.25798921491200005,Q4,0.4942079154574827,0.20564178461372798,0.0040780165731971185,0.0007071459405259175,0.26152582163073473,0.10991197611753697,0.0,0.8868576288223267,0.9115808606147766,0.02472323179244995,0.8766296980646435,0.8291850723455809,-0.047444625719062605,1,265,0,1,146,0,-119,0
land_pad2__2300.jpg,land_pad2,2300,low_light,BOTH PASS,True,True,0.25757993747200003,Q4,0.48870363392465704,0.20332655593029358,0.004932559740802263,0.0008567644490987494,0.2582006967764469,0.10856234192610785,0.0,0.8563692569732666,0.8730846047401428,0.01671534776687622,0.9257619662745906,0.9560036872658649,0.030241720991274312,1,272,0,1,115,0,-157,0
land_pad2__2325.jpg,land_pad2,2325,low_light,BOTH PASS,True,True,0.27903436764600004,Q4,0.47221110369186153,0.19631105549130629,0.0036089500043226803,0.0006265573971469043,0.238485767278236,0.10027823080867315,0.0,0.935366153717041,0.8395865559577942,-0.09577959775924683,0.9425837776663661,0.8364943032906472,-0.10608947437571892,1,254,0,1,140,0,-114,0
land_pad2__2350.jpg,land_pad2,2350,low_light,BOTH PASS,True,True,0.2938119927119999,Q4,0.4681879011718717,0.1946002460997931,0.0032122642279666753,0.0005585390295947276,0.23448779351269572,0.09852793927108595,0.0,0.8630655407905579,0.8893559575080872,0.026290416717529297,0.9267841193369377,0.834737941129408,-0.0920461782075297,1,230,0,1,135,0,-95,0
land_pad2__2375.jpg,land_pad2,2375,low_light,BOTH PASS,True,True,0.27436936383999994,Q4,0.47869144065043834,0.19904181904380433,0.002866948463354331,0.000498737522965353,0.2321968551726955,0.09754194921649277,0.0,0.8838061690330505,0.9043800830841064,0.020573914051055908,0.9474931959981411,0.7710302639602225,-0.17646293203791863,1,255,0,1,137,0,-118,0
land_pad2__2400.jpg,land_pad2,2400,low_light,BOTH PASS,True,True,0.371244923442,Q4,0.4828364789374123,0.2008165001835159,0.0031315003500819913,0.0005421331888525527,0.2277492789690044,0.0955809859319407,0.0,0.9582369923591614,0.926185667514801,-0.03205132484436035,0.8593724602786675,0.7540278799340993,-0.10534458034456828,1,240,0,1,171,0,-69,0
land_pad2__2425.jpg,land_pad2,2425,low_light,BOTH PASS,True,True,0.348776078376,Q4,0.46845761248755124,0.19471271406209498,0.0020680633471677535,0.0003631943336550384,0.21601485687008973,0.09062480324762844,0.0,0.9300265312194824,0.8682643175125122,-0.061762213706970215,0.956596014186059,0.8667739958707458,-0.08982201831531322,1,257,0,1,171,0,-86,0
land_pad2__2450.jpg,land_pad2,2450,low_light,BOTH PASS,True,True,0.5006960249760001,Q4,0.46744485000767694,0.1944780844961241,0.0013539698003832464,0.00023908096177431375,0.20790074911153725,0.0874161064345182,0.0,0.9660404920578003,0.9313629269599915,-0.03467756509780884,0.8262545263841017,0.7950146466161908,-0.031239879767910872,1,243,0,1,153,0,-90,0
land_pad2__2475.jpg,land_pad2,2475,low_light,BOTH PASS,True,True,0.786116673615,Q4,0.4773776205900237,0.1985175516972872,0.0012235378639782314,0.0002165426612952884,0.18547290422817592,0.07794085748891234,0.0,0.968979001045227,0.9401236772537231,-0.028855323791503906,0.9322650318057428,0.8879643522696609,-0.044300679536081966,1,236,0,1,138,0,-98,0
land_pad2__2500.jpg,land_pad2,2500,low_light,BOTH PASS,True,True,0.738113872776,Q4,0.5237393204117364,0.21806735323559323,0.0012623375624498576,0.0002253430665970888,0.1970226762223471,0.08286704401494827,0.0,0.927751362323761,0.9148904085159302,-0.01286095380783081,0.9704809741439805,0.8791721430081633,-0.09130883113581723,1,279,0,1,111,0,-168,0
land_pad2__2525.jpg,land_pad2,2525,low_light,BOTH PASS,True,True,0.8909045402879998,Q4,0.5121421682864238,0.21322989647780635,0.0012298566795515865,0.0002185066751744557,0.22380743053805952,0.09417444726870534,0.0,0.9087563157081604,0.7532466650009155,-0.15550965070724487,0.9397285916623996,0.8278931524355496,-0.11183543922685002,1,239,0,1,94,0,-145,0
land_pad__6500.jpg,land_pad,6500,low_light,REGRESSED,True,False,0.00043225391300000216,Q3,0.48355316836222,0.20124123993891962,0.004572898163985291,0.000784289602893488,0.26178951086334484,0.10986417701622128,0.0,0.0011396001791581511,0.016264691948890686,0.015125091769732535,0.5549793329959994,0.4051860753355618,-0.14979325766043766,1,295,0,0,152,1,-143,1
land_pad__6525.jpg,land_pad,6525,low_light,BOTH FAIL,False,False,0.00047478071399999824,Q3,0.4868440878446392,0.20264357508630984,0.004581368878270051,0.0007853086617513601,0.25917797385224367,0.1087949637057122,0.0,0.015057847835123539,0.006934673525393009,-0.00812317430973053,0.49236628646145053,0.43282719625336225,-0.059539090208088286,0,294,1,0,160,1,-134,0
land_pad__6550.jpg,land_pad,6550,low_light,REGRESSED,True,False,0.0005341330559999971,Q3,0.4919546384132125,0.20479858133810724,0.00461422948357095,0.0007936363886743234,0.25573783464918604,0.10735185747497754,0.0,0.0016195648349821568,0.006562225520610809,0.004942660685628653,0.5766584390117881,0.3771696373954466,-0.19948880161634153,1,276,0,0,162,1,-114,1
land_pad__6575.jpg,land_pad,6575,low_light,REGRESSED,True,False,0.00043225391300000216,Q3,0.4876673452603522,0.2029884538219208,0.004545558014798434,0.0007821623673638465,0.2519039179842841,0.10573217496319742,0.0,0.0024489043280482292,0.008276664651930332,0.005827760323882103,0.7357616063776491,0.40976665435761606,-0.32599495202003304,1,274,0,0,151,1,-123,1
land_pad__6600.jpg,land_pad,6600,low_light,BOTH PASS,True,True,0.0006172327699999982,Q3,0.4912540080821463,0.20448079359541632,0.004342761835610742,0.0007414070905109682,0.25056730126439536,0.10515869426095413,0.0,0.00392696401104331,0.010414106771349907,0.006487142760306597,0.568916903660804,0.6328045641621932,0.06388766050138917,1,295,0,1,151,0,-144,0
land_pad__6625.jpg,land_pad,6625,low_light,BOTH FAIL,False,False,0.00045699006600000185,Q3,0.4909464919530364,0.204320074650736,0.0039660334689541835,0.0006771706237574629,0.25091537963115074,0.10529798145834927,0.0,0.030637983232736588,0.025634009391069412,-0.005003973841667175,0.2222879699608918,0.3263548454941785,0.10406687553328667,0,264,1,0,178,1,-86,0
land_pad__6650.jpg,land_pad,6650,low_light,REGRESSED,True,False,0.0003531283199999987,Q2,0.48822115125393184,0.20317088745422482,0.0037996203491501186,0.0006466239596222233,0.2495890729495641,0.10474702864450462,0.0,0.010057770647108555,0.008876865729689598,-0.0011809049174189568,0.6961032335989605,0.22472499347220026,-0.4713782401267603,1,267,0,0,194,1,-73,1
land_pad__6675.jpg,land_pad,6675,low_light,REGRESSED,True,False,0.0004035798399999996,Q3,0.48789138513407354,0.20303495149261525,0.003835576761872194,0.0006523288248428378,0.24672183520610028,0.1035285813408242,0.0,0.009068503975868225,0.009592254646122456,0.0005237506702542305,0.6517074783927319,0.2966667858855123,-0.3550406925072196,1,275,0,0,194,1,-81,1
land_pad__6700.jpg,land_pad,6700,low_light,REGRESSED,True,False,0.00039466897200000195,Q3,0.4893003727804412,0.20363499526334308,0.0037869163890721595,0.0006434134523531101,0.24430190916989236,0.10251397948824209,0.0,0.02077537402510643,0.007067411206662655,-0.013707962818443775,0.8973809480074789,0.34327431880962417,-0.5541066291978547,1,274,0,0,194,1,-80,1
land_pad__6725.jpg,land_pad,6725,low_light,REGRESSED,True,False,0.00034126064700000026,Q2,0.48788363099678195,0.20303604149390542,0.0036568873314254324,0.0006210674614576545,0.23973915282385633,0.10059436711401534,0.0,0.012424066662788391,0.007789649069309235,-0.0046344175934791565,0.7603293995593027,0.38560869913822515,-0.3747207004210775,1,258,0,0,193,1,-65,1
land_pad__6750.jpg,land_pad,6750,low_light,REGRESSED,True,False,0.0002908064160000019,Q2,0.48890773957549527,0.20345385721976122,0.0037202606239021578,0.0006278214299061126,0.23766654342449423,0.099706510821624,0.0,0.011775195598602295,0.008867581374943256,-0.0029076142236590385,0.6305913623962748,0.33472435462984607,-0.2958670077664287,1,270,0,0,187,1,-83,1
land_pad__6775.jpg,land_pad,6775,low_light,REGRESSED,True,False,0.0003115876680000002,Q2,0.48884628832838245,0.20343368249837296,0.0035884364363837386,0.000606473890581142,0.2373246972648215,0.09956317600780686,0.0,0.0067214868031442165,0.00867217592895031,0.0019506891258060932,0.6201214706692445,0.31716235125315384,-0.30295911941609066,1,277,0,0,191,1,-86,1
land_pad__6800.jpg,land_pad,6800,low_light,BOTH FAIL,False,False,0.00033234706800000036,Q2,0.4872719269275549,0.20277603933562527,0.0035580674459726727,0.0006012464044293354,0.2374631976935947,0.099628309600382,0.0,0.02257980778813362,0.008625408634543419,-0.013954399153590202,0.4127428846076087,0.3006249734693033,-0.11211791113830544,0,277,1,0,182,1,-95,0
land_pad__6825.jpg,land_pad,6825,low_light,BOTH FAIL,False,False,0.00034126064700000026,Q2,0.4870248302293898,0.20267509978554518,0.0035728075110808633,0.0006027759489184599,0.23823483437544285,0.09995449292456828,0.0,0.02103634551167488,0.008290543220937252,-0.012745802290737629,0.44900743171948176,0.39093231293758,-0.05807511878190175,0,268,1,0,193,1,-75,0
land_pad__6850.jpg,land_pad,6850,low_light,BOTH FAIL,False,False,0.00033234706800000036,Q2,0.4867342808819281,0.2025318169824993,0.003460471332539192,0.0005839617845994527,0.23855015403086394,0.10007759220574808,0.0,0.026221968233585358,0.008760000579059124,-0.017461967654526234,0.22434550983311344,0.34779974809757647,0.12345423826446303,0,265,1,0,182,1,-83,0
land_pad__7450.jpg,land_pad,7450,low_light,BOTH PASS,True,True,0.0003481796370000006,Q2,0.4865315639160079,0.20248481504074542,0.003642657508343403,0.0006254472261209966,0.2726134689139426,0.11441955249625835,0.0,0.0356764942407608,0.35407209396362305,0.31839559972286224,0.6114780048907436,0.6600915547322705,0.04861354984152699,1,278,0,1,175,0,-103,0
land_pad__7475.jpg,land_pad,7475,low_light,REGRESSED,True,False,0.0002819146890000002,Q2,0.47916338405601977,0.19936570458730724,0.0034159457540576914,0.000589236846089148,0.2881050863722756,0.12092934521640336,0.0,0.042276009917259216,0.37372201681137085,0.33144600689411163,0.5585568807185578,0.4459527647104955,-0.1126041160080623,1,272,0,0,150,1,-122,1
land_pad__7500.jpg,land_pad,7500,low_light,BOTH FAIL,False,False,0.00025717388399999964,Q1,0.46456333268243566,0.19325366781555126,0.0032221698257971737,0.0005513994704584211,0.2970070152141237,0.12459700440623303,0.0,0.12678733468055725,0.12609149515628815,-0.000695839524269104,0.43632328952441435,0.47258522246998896,0.036261932945574615,0,288,1,0,135,1,-153,0
land_pad__7525.jpg,land_pad,7525,low_light,BOTH FAIL,False,False,0.00024925884000000215,Q1,0.4542895546146117,0.18893985388396936,0.0029045867925347386,0.0004995761757131092,0.30173263547600465,0.1265852984070414,0.0,0.13728372752666473,0.19034108519554138,0.05305735766887665,0.4056691317749978,0.4171731565377825,0.01150402476278467,0,300,1,0,118,1,-182,0
land_pad__7550.jpg,land_pad,7550,low_light,REGRESSED,True,False,0.0002631124680000017,Q1,0.43376021042222757,0.18034169484572143,0.002610929192025447,0.0004430266460655432,0.30197184784511194,0.1266723176263569,0.0,0.14772482216358185,0.5463734269142151,0.39864860475063324,0.531310553809387,0.3592026337031874,-0.17210792010619957,1,280,0,0,127,1,-153,1
land_pad__7575.jpg,land_pad,7575,low_light,REGRESSED,True,False,0.0002828888009999988,Q2,0.413421604818597,0.1718148358562789,0.00242568492773498,0.00040539227679550446,0.3003896279508527,0.12600746332696502,0.0,0.006402234546840191,0.21969369053840637,0.21329145599156618,0.5353747202740191,0.4150753522931891,-0.12029936798083002,1,299,0,0,179,1,-120,1
land_pad__7600.jpg,land_pad,7600,low_light,BOTH FAIL,False,False,0.00025717388399999893,Q1,0.4150731158125208,0.1725147097807562,0.0023730603914509656,0.0003968448214581435,0.3018541432296127,0.1266448664302695,0.0,0.06069343164563179,0.4440038800239563,0.3833104483783245,0.41345088206618175,0.312894738918298,-0.10055614314788375,0,300,1,0,208,1,-92,0
land_pad__7625.jpg,land_pad,7625,low_light,BOTH FAIL,False,False,0.00028288880099999953,Q2,0.4252266601437267,0.17677312371793927,0.002011470713991252,0.0003346329029130516,0.3044434077586137,0.12774659032582517,0.0,0.11196402460336685,0.3295328617095947,0.21756883710622787,0.3117861840827764,0.3680542052847452,0.056268021201968776,0,300,1,0,201,1,-99,0
land_pad__7650.jpg,land_pad,7650,low_light,BOTH FAIL,False,False,0.0002700251639999987,Q1,0.4448112563851386,0.185018044758013,0.0018694810633598418,0.00030212072505586833,0.30444310518966616,0.12772254059431826,0.0,0.1316906213760376,0.18112780153751373,0.049437180161476135,0.2736966077185091,0.30433661663243244,0.030640008913923322,0,300,1,0,199,1,-101,0
land_pad__7675.jpg,land_pad,7675,low_light,BOTH FAIL,False,False,0.0003046600440000029,Q2,0.4698048773562358,0.1955069254647808,0.0017693072364031474,0.000288842331502257,0.29730758572521154,0.1247771609755982,0.0,0.1562902331352234,0.11570345610380173,-0.04058677703142166,0.3484604859881385,0.2528423175456917,-0.0956181684424468,0,300,1,0,179,1,-121,0
land_pad__7700.jpg,land_pad,7700,low_light,BOTH FAIL,False,False,0.0002492657639999986,Q1,0.4828914599989312,0.20100737453755427,0.0017869824779460138,0.00029104188605422047,0.2905264148482795,0.1219018295503839,0.0,0.30321645736694336,0.38025742769241333,0.07704097032546997,0.415237560013804,0.4465310818948848,0.031293521881080755,0,300,1,0,154,1,-146,0
land_pad__7725.jpg,land_pad,7725,low_light,BOTH FAIL,False,False,0.0002443102469999988,Q1,0.4978070609275033,0.2072884352104396,0.001790713337142215,0.00029235313722167415,0.28136842551510177,0.1180486240278508,0.0,0.2129950225353241,0.4504224359989166,0.23742741346359253,0.4060903528355779,0.3745390973487257,-0.03155125548685217,0,300,1,0,174,1,-126,0
land_pad__7750.jpg,land_pad,7750,low_light,BOTH FAIL,False,False,0.0002700251639999987,Q1,0.5123704013679556,0.2134243084872777,0.0017017164033486056,0.00027737847934547076,0.2638644091964657,0.11071702552836786,0.0,0.2538517117500305,0.2384556382894516,-0.015396073460578918,0.33017885100443795,0.44423121424728845,0.11405236324285051,0,300,1,0,187,1,-113,0
land_pad__7775.jpg,land_pad,7775,low_light,BOTH FAIL,False,False,0.00027696609600000045,Q2,0.5226582602353639,0.21772167930331154,0.0015870822742989309,0.0002570296984133729,0.24351420218098974,0.10218032189536287,0.0,0.2634979784488678,0.5626252293586731,0.2991272509098053,0.4268066066757416,0.4929275918136381,0.06612098513789649,0,294,1,0,172,1,-122,0
land_pad__7800.jpg,land_pad,7800,low_light,BOTH FAIL,False,False,0.00023740248399999945,Q1,0.5251414810037601,0.21875404241136845,0.0018562749403345424,0.0002967117166749521,0.229453728720989,0.09627105516803632,0.0,0.29095813632011414,0.4470299482345581,0.15607181191444397,0.24897941835631274,0.23140161409425444,-0.017577804262058294,0,292,1,0,174,1,-118,0
land_pad__7825.jpg,land_pad,7825,low_light,BOTH FAIL,False,False,0.0002700251639999987,Q1,0.5121087739052602,0.21324808902602993,0.0018588677308651294,0.0003048015099548841,0.23969508863917677,0.10059825630365764,0.0,0.47940459847450256,0.5479821562767029,0.06857755780220032,0.3168236474299148,0.3332669443846825,0.016443296954767705,0,300,1,0,150,1,-150,0
land_pad__7850.jpg,land_pad,7850,low_light,BOTH FAIL,False,False,0.00025717388399999964,Q1,0.5008531063834275,0.2085100900372098,0.0019570682787361494,0.00032266879245968004,0.2584200005024963,0.10844923331118445,0.0,0.24312682449817657,0.3466775715351105,0.1035507470369339,0.3074354302460921,0.4589360372414826,0.15150060699539047,0,300,1,0,160,1,-140,0
land_pad__7875.jpg,land_pad,7875,low_light,BOTH FAIL,False,False,0.0002700251639999987,Q1,0.49551127383291715,0.20625627768981483,0.0022228739723108085,0.0003677462920185857,0.2656381535984084,0.11147370893727829,0.0,0.08127912133932114,0.32151034474372864,0.2402312234044075,0.3094666861568307,0.4152364529159668,0.10576976675913607,0,300,1,0,142,1,-158,0
land_pad__7900.jpg,land_pad,7900,low_light,BOTH FAIL,False,False,0.00030466004400000037,Q2,0.4911805823368744,0.20443284517567356,0.0022781415864036097,0.00037902510111217924,0.26380655478674625,0.1107062426305535,0.0,0.07887612283229828,0.16671819984912872,0.08784207701683044,0.265084602377321,0.49236147118671103,0.22727686880939002,0,300,1,0,156,1,-144,0
land_pad__7925.jpg,land_pad,7925,low_light,BOTH FAIL,False,False,0.0002700251639999987,Q1,0.48995563035317696,0.2039129068022521,0.0021698887260118154,0.00036094436149475793,0.26790942076962465,0.11243114966460468,0.0,0.2340218871831894,0.333613783121109,0.09959189593791962,0.3868108064325319,0.44828294754999237,0.061472141117460466,0,300,1,0,171,1,-129,0
land_pad__7950.jpg,land_pad,7950,low_light,BOTH FAIL,False,False,0.00025717388399999964,Q1,0.4838746915897596,0.20138445679882683,0.002040328408934428,0.00033299806577328844,0.27740113886036005,0.11640007396642786,0.0,0.2568042278289795,0.07305656373500824,-0.18374766409397125,0.4099532251105045,0.3923977990068706,-0.01755542610363392,0,300,1,0,200,1,-100,0
land_pad__7975.jpg,land_pad,7975,low_light,BOTH FAIL,False,False,0.00030466004400000037,Q2,0.4759731946572402,0.19808905318298609,0.0018703305429166295,0.000306455521892709,0.2872238373302816,0.12056388325851321,0.0,0.1704130619764328,0.3079836666584015,0.1375706046819687,0.31085635922684424,0.4656413189049175,0.15478495967807326,0,300,1,0,191,1,-109,0
land_pad__8000.jpg,land_pad,8000,low_light,BOTH FAIL,False,False,0.0002443102469999988,Q1,0.46062243883638143,0.19165036125590798,0.0016955465912011814,0.0002776007611601086,0.29795859389938134,0.12506317577189943,0.0,0.1119479089975357,0.09549154341220856,-0.01645636558532715,0.3894354724579983,0.4006487042063304,0.011213231748332109,0,300,1,0,190,1,-110,0
land_pad__8025.jpg,land_pad,8025,low_light,RECOVERED,False,True,0.0002631124679999995,Q1,0.44550213876872374,0.1853064373769433,0.0015079060017755119,0.0002465541073966463,0.30723000591040134,0.12893101452671368,0.0,0.2023829072713852,0.2258421778678894,0.02345927059650421,0.35241317397613536,0.5402160360907992,0.1878028621146638,0,300,1,1,180,0,-120,-1
land_pad__8050.jpg,land_pad,8050,low_light,RECOVERED,False,True,0.0002631124679999995,Q1,0.4388706484995647,0.18251475788045718,0.0017347069175321958,0.00028842862055064643,0.3088049151288869,0.12959086832117145,0.0,0.15914376080036163,0.35334688425064087,0.19420312345027924,0.4425700552209118,0.553684383547198,0.11111432832628615,0,300,1,1,150,0,-150,-1
land_pad__8075.jpg,land_pad,8075,low_light,RECOVERED,False,True,0.00025717388399999964,Q1,0.4381850997521856,0.18219525561616384,0.0018721003704141024,0.00031668067911067184,0.3103153696724622,0.13022296005404838,0.0,0.22511304914951324,0.33032888174057007,0.10521583259105682,0.27703405190858615,0.5122278110378671,0.23519375912928092,0,300,1,1,144,0,-156,-1
land_pad__8100.jpg,land_pad,8100,low_light,BOTH FAIL,False,False,0.0002492588400000001,Q1,0.44369908656340273,0.18451865349076205,0.002559058330514434,0.0004315841694533739,0.3103816834882855,0.1302123712324966,0.0,0.06825041025876999,0.3859871029853821,0.3177366927266121,0.44214985606538676,0.4306286717579433,-0.011521184307443477,0,280,1,0,148,1,-132,0
land_pad__8125.jpg,land_pad,8125,low_light,BOTH FAIL,False,False,0.00025717388399999964,Q1,0.4531202431238183,0.1884513548716037,0.0027562655962948437,0.00047269312790525935,0.3095239841443993,0.12985561483646335,0.0,0.15140388906002045,0.22145137190818787,0.07004748284816742,0.26364469888781156,0.3961353043292316,0.13249060544142005,0,295,1,0,138,1,-157,0
land_pad__8150.jpg,land_pad,8150,low_light,BOTH FAIL,False,False,0.0002443102469999988,Q1,0.4585387326333896,0.1907151595439932,0.0028672508071238495,0.0004927536241054832,0.30742278063149536,0.1289815427657803,0.0,0.10111046582460403,0.1669655740261078,0.06585510820150375,0.33424134328509447,0.4545779618240394,0.12033661853894495,0,283,1,0,140,1,-143,0
land_pad__8175.jpg,land_pad,8175,low_light,RECOVERED,False,True,0.0002017898300000008,Q1,0.46424661554599395,0.19309466727148156,0.003163020082166676,0.0005455646862525204,0.3026719350888285,0.12696910833735853,0.0,0.07340581715106964,0.330438494682312,0.25703267753124237,0.30087529655351036,0.5039805543282416,0.20310525777473126,0,287,1,1,157,0,-130,-1
land_pad__8200.jpg,land_pad,8200,low_light,BOTH FAIL,False,False,0.0002057316929999995,Q1,0.47054657086757823,0.1957159303029125,0.0034689043518192648,0.0005993447526095675,0.2959434700049368,0.12413358479028494,0.0,0.16847684979438782,0.2776639461517334,0.10918709635734558,0.4142938034565243,0.4317416717958993,0.017447868339375006,0,293,1,0,135,1,-158,0
land_pad__8225.jpg,land_pad,8225,low_light,BOTH FAIL,False,False,0.0002017898300000008,Q1,0.4664884611532463,0.19401126526030898,0.0033446029431709132,0.0005789825922245048,0.2934793277724874,0.12311111761399551,0.0,0.20581908524036407,0.16933919489383698,-0.0364798903465271,0.41381980529565576,0.43888585258891105,0.02506604729325529,0,300,1,0,125,1,-175,0
land_pad__8250.jpg,land_pad,8250,low_light,RECOVERED,False,True,0.00023144660999999938,Q1,0.4626081380194543,0.19243834685051311,0.003121569507313791,0.0005326939522537323,0.29405479272699003,0.12334364592650605,0.0,0.15796113014221191,0.3565976023674011,0.1986364722251892,0.44779417082306555,0.6697176833880641,0.2219235125649986,0,290,1,1,143,0,-147,-1
land_pad__8275.jpg,land_pad,8275,low_light,BOTH FAIL,False,False,0.00023740248400000175,Q1,0.4387206860444847,0.18243964864564824,0.0027802414033624425,0.0004770809087111996,0.29787839916145264,0.12499051127125752,0.0,0.15405409038066864,0.424085408449173,0.27003131806850433,0.3755821442897329,0.4583408632581494,0.08275871896841647,0,275,1,0,145,1,-130,0
land_pad__8300.jpg,land_pad,8300,low_light,BOTH PASS,True,True,0.00031850036399999946,Q2,0.4279214846857146,0.1779336337392405,0.00199472416571549,0.0003390042807053527,0.3032182249398526,0.12725978937341575,0.0,0.18511740863323212,0.2918790578842163,0.10676164925098419,0.5445272646427299,0.5053173406622433,-0.039209923980486616,1,281,0,1,138,0,-143,0
land_pad__8325.jpg,land_pad,8325,low_light,BOTH FAIL,False,False,0.0003481796370000014,Q2,0.4213311700880681,0.17516213672215888,0.0014699310004807741,0.00024678850386004425,0.3077958441463573,0.12917369074408963,0.0,0.23762761056423187,0.2560732960700989,0.018445685505867004,0.3233620018369694,0.46020915001416957,0.13684714817720017,0,272,1,0,137,1,-135,0
land_pad__8350.jpg,land_pad,8350,low_light,REGRESSED,True,False,0.00042040240000000036,Q3,0.3960709099757461,0.1645566646674259,0.0007324380623046443,0.00012545787354873578,0.3098161316423985,0.12999736637854392,0.0,0.4369734823703766,0.4492109417915344,0.012237459421157837,0.5453124364961575,0.4744908286341203,-0.07082160786203717,1,299,0,0,149,1,-150,1
land_pad__8375.jpg,land_pad,8375,low_light,RECOVERED,False,True,0.0007616514600000007,Q3,0.4065866256608955,0.1689762126031613,0.0003917821041854732,6.977119611832992e-05,0.31335911774855785,0.13147112608672296,0.0,0.33726269006729126,0.5057451725006104,0.1684824824333191,0.4602714421503546,0.5889727389473306,0.128701296796976,0,300,1,1,141,0,-159,-1
land_pad__8400.jpg,land_pad,8400,low_light,BOTH PASS,True,True,0.0009149615280000012,Q4,0.4382953877119071,0.18231227365502564,0.0005150165208974054,8.376716127123023e-05,0.3168844443757065,0.13294647070545781,0.0,0.26718226075172424,0.29692506790161133,0.029742807149887085,0.6932251954551351,0.5078858934846289,-0.1853393019705062,1,299,0,1,132,0,-167,0
land_pad__8425.jpg,land_pad,8425,low_light,REGRESSED,True,False,0.0007399019399999979,Q3,0.4998045212632875,0.20808460939124943,0.00038029124191196577,6.750940099285206e-05,0.29899292083779244,0.125408694432215,0.0,0.37930554151535034,0.7524604797363281,0.3731549382209778,0.712373276784334,0.4720798606896622,-0.24029341609467186,1,299,0,0,139,1,-160,1
land_pad__8450.jpg,land_pad,8450,low_light,BOTH PASS,True,True,0.0006923806200000022,Q3,0.5585919836572731,0.2326683666031982,0.000431298793671156,7.606986832434502e-05,0.21129423023253194,0.08866082785171042,0.0,0.3609106242656708,0.26619312167167664,-0.09471750259399414,0.8496365014438095,0.5167091349994877,-0.33292736644432186,1,299,0,1,111,0,-188,0
land_pad__8475.jpg,land_pad,8475,low_light,BOTH PASS,True,True,0.0008308858799999962,Q3,0.555263426158774,0.2312716986867152,0.0006434633351562772,0.00011157576506988262,0.15836818858711305,0.06643995227041948,0.0,0.3297879993915558,0.49211448431015015,0.16232648491859436,0.8826840319454037,0.588203309696929,-0.29448072224847466,1,299,0,1,111,0,-188,0
land_pad__8500.jpg,land_pad,8500,low_light,REGRESSED,True,False,0.000750753556999999,Q3,0.5388039955025228,0.22443288706896172,0.0008040427712719047,0.00013811736418299712,0.15468232126298767,0.06496968920959247,0.0,0.31845977902412415,0.637200117111206,0.3187403380870819,0.8831562389712747,0.49652834383999755,-0.38662789513127716,1,297,0,0,106,1,-191,1
land_pad__8525.jpg,land_pad,8525,low_light,BOTH PASS,True,True,0.0007962504599999989,Q3,0.5299263616850816,0.2206696440381622,0.0007098630408161595,0.0001217839991556108,0.16501166267879694,0.06925948742841692,0.0,0.5847973823547363,0.42460352182388306,-0.16019386053085327,0.7872072840522636,0.5078602013670804,-0.27934708268518316,1,299,0,1,120,0,-179,0
land_pad__8550.jpg,land_pad,8550,low_light,REGRESSED,True,False,0.0007913174359999958,Q3,0.5307306080818514,0.22107216095587442,0.0007280322292899787,0.00012102943539901453,0.1659116417768139,0.06962224075627998,0.0,0.3521072566509247,0.37794774770736694,0.02584049105644226,0.7871267162496443,0.4696045164920498,-0.31752219975759444,1,299,0,0,135,1,-164,1
land_pad__8575.jpg,land_pad,8575,low_light,REGRESSED,True,False,0.0008308858800000042,Q3,0.5316148435056831,0.22142682255003962,0.0007186662303900217,0.00012143881979255933,0.15976474163751486,0.06702468258035685,0.0,0.2993089556694031,0.3847651481628418,0.08545619249343872,0.957524289675448,0.47887807180960357,-0.47864621786584444,1,299,0,0,143,1,-156,1
land_pad__8600.jpg,land_pad,8600,low_light,BOTH PASS,True,True,0.0008744167000000014,Q3,0.5292045868805892,0.2204403713824466,0.0007571007415588763,0.00012610665928732478,0.14959267949681634,0.06269599949212894,0.0,0.2630631625652313,0.43390628695487976,0.17084312438964844,0.5968683605807011,0.6620670620893102,0.06519870150860907,1,245,0,1,148,0,-97,0
land_pad__8625.jpg,land_pad,8625,low_light,BOTH PASS,True,True,0.0009001203000000018,Q3,0.5231861040273956,0.21791639387541856,0.000753305768996373,0.00012560816855482706,0.147870663775131,0.06196044970693385,0.0,0.3859293758869171,0.6495177149772644,0.2635883390903473,0.8569853161403101,0.5993212349545287,-0.25766408118578144,1,262,0,1,152,0,-110,0
land_pad__8650.jpg,land_pad,8650,low_light,BOTH PASS,True,True,0.0007359340120000038,Q3,0.5268243382625442,0.2194295212535898,0.0007586443265732999,0.00012647360823757721,0.150187109234366,0.06297420631613247,0.0,0.6931361556053162,0.46171966195106506,-0.2314164936542511,0.7015168433123256,0.5575096469157883,-0.14400719639653725,1,237,0,1,155,0,-82,0
land_pad__8675.jpg,land_pad,8675,low_light,BOTH PASS,True,True,0.0008783846279999966,Q3,0.5243229016718758,0.2183835932540324,0.0006904014969269551,0.00011612610340271528,0.16041894117046673,0.06729561028516572,0.0,0.49864470958709717,0.5436614155769348,0.045016705989837646,0.7765199159666496,0.5976016328284594,-0.17891828313819025,1,251,0,1,156,0,-95,0
land_pad__8700.jpg,land_pad,8700,low_light,BOTH PASS,True,True,0.0009515769300000026,Q4,0.5245757121490457,0.21858120156621938,0.0006726244783937114,0.00011117355087870504,0.17046316317879565,0.07144054621077188,0.0,0.626795768737793,0.5801970958709717,-0.04659867286682129,0.6559800204722268,0.7272542054088326,0.07127418493660576,1,253,0,1,145,0,-108,0
land_pad2__2050.jpg,land_pad2,2050,mixed,BOTH PASS,True,True,0.24079716533099993,Q4,0.48780909585517884,0.21158726453353804,0.00618646631322919,0.0026022864042585464,0.23891656731350816,0.09176395310935809,0.30250000000000005,0.012245455756783485,0.00404966389760375,-0.008195791859179735,0.6186433849647032,0.7094150218426509,0.09077163687794776,1,263,0,1,131,0,-132,0
land_pad2__2075.jpg,land_pad2,2075,mixed,BOTH PASS,True,True,0.18180394185599996,Q4,0.5497918330276289,0.23133585748151678,0.006950434760986197,0.0026925456898686927,0.21175473588101412,0.08368932894350842,0.3025000000000001,0.021334901452064514,0.004262818489223719,-0.017072082962840796,0.7482612854867345,0.7660760245174282,0.017814739030693638,1,268,0,1,115,0,-153,0
land_pad2__2100.jpg,land_pad2,2100,mixed,BOTH PASS,True,True,0.21312163179000002,Q4,0.4980180673338404,0.21038156406728903,0.006352613707600164,0.0026398658615369567,0.20993603732935723,0.08306959139951316,0.30250000000000005,0.01184278167784214,0.0051255058497190475,-0.006717275828123093,0.7317241094370447,0.6798257285460486,-0.051898380890996076,1,287,0,1,133,0,-154,0
land_pad2__2125.jpg,land_pad2,2125,mixed,BOTH PASS,True,True,0.211238529438,Q4,0.5167506316770821,0.21900284975212747,0.005783557996890067,0.0026651606819176384,0.2167323472067036,0.08619318973780409,0.3025000000000001,0.0124736363068223,0.007941467687487602,-0.004532168619334698,0.6816865006820784,0.7094405386295577,0.027754037947479326,1,273,0,1,149,0,-124,0
land_pad2__2150.jpg,land_pad2,2150,mixed,BOTH PASS,True,True,0.22493207709999993,Q4,0.4958058534698467,0.2122173977704858,0.005358433856756408,0.002638526075093474,0.2264833562593162,0.08920317226833618,0.30250000000000005,0.0019539170898497105,0.005763852037489414,0.0038099349476397038,0.7367586289392666,0.5802081638089136,-0.15655046513035298,1,299,0,1,138,0,-161,0
land_pad2__2175.jpg,land_pad2,2175,mixed,BOTH PASS,True,True,0.202008662232,Q4,0.5161069490646664,0.2222155839462747,0.006312998194197755,0.002664958297463967,0.22887310395448526,0.0871603059390591,0.3025,0.007712116464972496,0.004365137312561274,-0.0033469791524112225,0.6115542879109166,0.8848213630395859,0.2732670751286693,1,266,0,1,138,0,-128,0
land_pad2__2200.jpg,land_pad2,2200,mixed,BOTH PASS,True,True,0.24893279037200003,Q4,0.5026663991702647,0.21882321288469953,0.005614592791648032,0.002606264404154556,0.24064824156328027,0.09145388486987399,0.3025000000000001,0.00538874976336956,0.004040246829390526,-0.0013485029339790344,0.6986457925863419,0.7880097851715843,0.08936399258524241,1,265,0,1,138,0,-127,0
land_pad2__2225.jpg,land_pad2,2225,mixed,BOTH PASS,True,True,0.28852421463800004,Q4,0.47974423837342955,0.20970287728532738,0.004364905357324534,0.0025461916147178285,0.25153584781242344,0.09668504054086514,0.30250000000000005,0.0075524901039898396,0.005829679314047098,-0.0017228107899427414,0.6779211678534726,0.6250150873202841,-0.05290608053318846,1,260,0,1,130,0,-130,0
land_pad2__2250.jpg,land_pad2,2250,mixed,BOTH PASS,True,True,0.28441178891999996,Q4,0.48121807139904127,0.20921966148206206,0.004138084841699004,0.002557376268496136,0.25164267456615996,0.09797254192087165,0.3025,0.008534673601388931,0.006204564124345779,-0.002330109477043152,0.6777466063029618,0.7381136305611942,0.06036702425823237,1,291,0,1,145,0,-146,0
land_pad2__2275.jpg,land_pad2,2275,mixed,BOTH PASS,True,True,0.25798921491200005,Q4,0.4942079154574827,0.21407854975987772,0.0040780165731971185,0.002570834010480706,0.26152582163073473,0.10277997927738575,0.30250000000000005,0.009053941816091537,0.007232609670609236,-0.0018213321454823017,0.6723233601862395,0.6411144681410293,-0.031208892045210157,1,265,0,1,132,0,-133,0
land_pad2__2300.jpg,land_pad2,2300,mixed,BOTH PASS,True,True,0.25757993747200003,Q4,0.48870363392465704,0.21346417693304356,0.004932559740802263,0.0025484944586267357,0.2582006967764469,0.0990748476635138,0.30250000000000005,0.011196550913155079,0.007158971391618252,-0.004037579521536827,0.8144015035298993,0.7464768649783112,-0.06792463855158803,1,271,0,1,157,0,-114,0
land_pad2__2325.jpg,land_pad2,2325,mixed,BOTH PASS,True,True,0.27903436764600004,Q4,0.47221110369186153,0.20195380597806364,0.0036089500043226803,0.002578633718126371,0.238485767278236,0.09473527814515212,0.30250000000000005,0.008522387593984604,0.006032078061252832,-0.0024903095327317715,0.6593269634191862,0.6537428555644051,-0.0055841078547810286,1,299,0,1,161,0,-138,0
land_pad2__2350.jpg,land_pad2,2350,mixed,BOTH PASS,True,True,0.2938119927119999,Q4,0.4681879011718717,0.19975559921249933,0.0032122642279666753,0.0025642021572520523,0.23448779351269572,0.09361482551245054,0.3025000000000001,0.0026178453117609024,0.005833862349390984,0.003216017037630081,0.578892717848769,0.6617528220573127,0.08286010420854373,1,266,0,1,169,0,-97,0
land_pad2__2375.jpg,land_pad2,2375,mixed,BOTH PASS,True,True,0.27436936383999994,Q4,0.47869144065043834,0.20245643621711987,0.002866948463354331,0.00258953667677975,0.2321968551726955,0.0937836562031644,0.3025000000000001,0.0017026682617142797,0.005500867962837219,0.0037981997011229396,0.60779296161973,0.6538909086443719,0.04609794702464198,1,242,0,1,155,0,-87,0
land_pad2__2400.jpg,land_pad2,2400,mixed,BOTH PASS,True,True,0.371244923442,Q4,0.4828364789374123,0.20561091546687008,0.0031315003500819913,0.0025335989421075866,0.2277492789690044,0.09091550918104281,0.30250000000000005,0.030586298555135727,0.006347775924950838,-0.02423852263018489,0.745706297957344,0.6364529274969336,-0.10925337046041039,1,272,0,1,153,0,-119,0
land_pad2__2425.jpg,land_pad2,2425,mixed,BOTH PASS,True,True,0.348776078376,Q4,0.46845761248755124,0.19841198061147597,0.0020680633471677535,0.0025372043744038442,0.21601485687008973,0.08739485683686504,0.30250000000000005,0.016631683334708214,0.014117082580924034,-0.0025146007537841797,0.7065581150812806,0.6854292957694096,-0.02112881931187105,1,288,0,1,166,0,-122,0
land_pad2__2450.jpg,land_pad2,2450,mixed,BOTH PASS,True,True,0.5006960249760001,Q4,0.46744485000767694,0.19822302248746365,0.0013539698003832464,0.002406648960277917,0.20790074911153725,0.08201708378734762,0.3025000000000001,0.06539809703826904,0.006503517739474773,-0.05889457929879427,0.6547614185236692,0.6073528965923398,-0.047408521931329384,1,276,0,1,116,0,-160,0
land_pad2__2475.jpg,land_pad2,2475,mixed,BOTH PASS,True,True,0.786116673615,Q4,0.4773776205900237,0.1994371869494961,0.0012235378639782314,0.0021748933646728247,0.18547290422817592,0.06824934405092178,0.30250000000000005,0.13797971606254578,0.004446996375918388,-0.1335327196866274,0.7716715520563693,0.5481353276848424,-0.22353622437152687,1,271,0,1,111,0,-160,0
land_pad2__2500.jpg,land_pad2,2500,mixed,BOTH PASS,True,True,0.738113872776,Q4,0.5237393204117364,0.21926376735633119,0.0012623375624498576,0.0022331458406822753,0.1970226762223471,0.07270738165900069,0.3025000000000001,0.22668325901031494,0.005659092683345079,-0.22102416632696986,0.685046510580583,0.6172933187984658,-0.06775319178211714,1,249,0,1,130,0,-119,0
land_pad2__2525.jpg,land_pad2,2525,mixed,BOTH PASS,True,True,0.8909045402879998,Q4,0.5121421682864238,0.21493148934595507,0.0012298566795515865,0.002082820834804487,0.22380743053805952,0.08243668339811222,0.30250000000000005,0.08663284033536911,0.0065237972885370255,-0.08010904304683208,0.7386810952693185,0.5209711108811642,-0.21770998438815425,1,230,0,1,105,0,-125,0
land_pad__6500.jpg,land_pad,6500,mixed,BOTH FAIL,False,False,0.00043225391300000216,Q3,0.48355316836222,0.2008059104912663,0.004572898163985291,0.0026920333406402555,0.26178951086334484,0.10876571373375926,0.3025,0.018689578399062157,0.006032358855009079,-0.012657219544053078,0.004925877552767694,0.013061615135911184,0.008135737583143489,0,211,1,0,88,1,-123,0
land_pad__6525.jpg,land_pad,6525,mixed,BOTH FAIL,False,False,0.00047478071399999824,Q3,0.4868440878446392,0.2022628814684497,0.004581368878270051,0.0027014240998116186,0.25917797385224367,0.10764349432355953,0.30250000000000005,0.014964697882533073,0.005809611175209284,-0.00915508670732379,0.004355715819679021,0.01226695345873604,0.007911237639057017,0,220,1,0,78,1,-142,0
land_pad__6550.jpg,land_pad,6550,mixed,BOTH FAIL,False,False,0.0005341330559999971,Q3,0.4919546384132125,0.20430962072377173,0.00461422948357095,0.0027048148307004514,0.25573783464918604,0.10622852181932876,0.30250000000000005,0.014302946627140045,0.006204004865139723,-0.008098941762000322,0.017726752037948552,0.00429954510021363,-0.013427206937734922,0,192,1,0,77,1,-115,0
land_pad__6575.jpg,land_pad,6575,mixed,BOTH FAIL,False,False,0.00043225391300000216,Q3,0.4876673452603522,0.20263444778013295,0.004545558014798434,0.002708212055067166,0.2519039179842841,0.10476398164527771,0.3025,0.017821433022618294,0.007718698121607304,-0.01010273490101099,0.011819932442773982,0.008618544213320053,-0.0032013882294539293,0,226,1,0,71,1,-155,0
land_pad__6600.jpg,land_pad,6600,mixed,BOTH FAIL,False,False,0.0006172327699999982,Q3,0.4912540080821463,0.20400917990552758,0.004342761835610742,0.002712012717834877,0.25056730126439536,0.10452599669931835,0.30250000000000005,0.014096910133957863,0.009404456242918968,-0.004692453891038895,0.0503121432317774,0.005689148211027073,-0.044622995020750324,0,210,1,0,70,1,-140,0
land_pad__6625.jpg,land_pad,6625,mixed,BOTH FAIL,False,False,0.00045699006600000185,Q3,0.4909464919530364,0.2038835077994829,0.0039660334689541835,0.0027070898748511856,0.25091537963115074,0.10493509685534633,0.30250000000000005,0.012839972972869873,0.030001604929566383,0.01716163195669651,0.025481486952978562,0.003159424523824376,-0.022322062429154185,0,198,1,0,78,1,-120,0
land_pad__6650.jpg,land_pad,6650,mixed,BOTH FAIL,False,False,0.0003531283199999987,Q2,0.48822115125393184,0.20285320832376194,0.0037996203491501186,0.0026987553652184533,0.2495890729495641,0.10450652077865237,0.3025000000000001,0.011526312679052353,0.01241673156619072,0.0008904188871383667,0.0030536873103737213,0.029122036176298424,0.0260683488659247,0,185,1,0,79,1,-106,0
land_pad__6675.jpg,land_pad,6675,mixed,BOTH FAIL,False,False,0.0004035798399999996,Q3,0.48789138513407354,0.20259044819068717,0.003835576761872194,0.0027063328578414737,0.24672183520610028,0.10337103474071634,0.30250000000000005,0.014751479960978031,0.014819670468568802,6.819050759077072e-05,0.007377562500013533,0.006805208549752538,-0.0005723539502609952,0,206,1,0,74,1,-132,0
land_pad__6700.jpg,land_pad,6700,mixed,BOTH FAIL,False,False,0.00039466897200000195,Q3,0.4893003727804412,0.20317914586257624,0.0037869163890721595,0.0027181078776887034,0.24430190916989236,0.10257647427059219,0.3025000000000001,0.016261586919426918,0.013309658505022526,-0.0029519284144043922,0.00374160987474531,0.005141496946339368,0.0013998870715940578,0,196,1,0,71,1,-125,0
land_pad__6725.jpg,land_pad,6725,mixed,BOTH FAIL,False,False,0.00034126064700000026,Q2,0.48788363099678195,0.20243923281597448,0.0036568873314254324,0.0027318314236343543,0.23973915282385633,0.1009701804992016,0.30250000000000005,0.011765267699956894,0.010604395531117916,-0.0011608721688389778,0.0027240534732754697,0.0052291536251082085,0.0025051001518327388,0,198,1,0,70,1,-128,0
land_pad__6750.jpg,land_pad,6750,mixed,BOTH FAIL,False,False,0.0002908064160000019,Q2,0.48890773957549527,0.2027342701758657,0.0037202606239021578,0.0027318418974937005,0.23766654342449423,0.10038443469185483,0.3142853551024491,0.017974557355046272,0.01309286244213581,-0.004881694912910461,0.002374290521866451,0.003935499063584858,0.0015612085417184072,0,195,1,0,77,1,-118,0
land_pad__6775.jpg,land_pad,6775,mixed,BOTH FAIL,False,False,0.0003115876680000002,Q2,0.48884628832838245,0.20272963864013466,0.0035884364363837386,0.0027388894663823646,0.2373246972648215,0.1004296638539447,0.30250000000000005,0.018273819237947464,0.013908348977565765,-0.004365470260381699,0.0028471447525878282,0.011658943473208104,0.008811798720620276,0,209,1,0,73,1,-136,0
land_pad__6800.jpg,land_pad,6800,mixed,BOTH FAIL,False,False,0.00033234706800000036,Q2,0.4872719269275549,0.20204459416381496,0.0035580674459726727,0.002733428533533858,0.2374631976935947,0.10050389446261628,0.3025000000000001,0.01487649418413639,0.011431334540247917,-0.0034451596438884735,0.003037727149640928,0.0012452910010228122,-0.001792436148618116,0,198,1,0,70,1,-128,0
land_pad__6825.jpg,land_pad,6825,mixed,BOTH FAIL,False,False,0.00034126064700000026,Q2,0.4870248302293898,0.20194962440727782,0.0035728075110808633,0.002737731817501465,0.23823483437544285,0.10078661971154869,0.30250000000000005,0.017299382016062737,0.01239466667175293,-0.004904715344309807,0.002652261667033642,0.006188522180367091,0.0035362605133334494,0,193,1,0,73,1,-120,0
land_pad__6850.jpg,land_pad,6850,mixed,BOTH FAIL,False,False,0.00033234706800000036,Q2,0.4867342808819281,0.20186080287865849,0.003460471332539192,0.0027380651240735167,0.23855015403086394,0.10101145831703245,0.3025000000000001,0.02090374194085598,0.006988818291574717,-0.013914923649281263,0.003985127542899424,0.006402902567470019,0.002417775024570595,0,205,1,0,78,1,-127,0
land_pad__7450.jpg,land_pad,7450,mixed,BOTH PASS,True,True,0.0003481796370000006,Q2,0.4865315639160079,0.20272479763796336,0.003642657508343403,0.0026389501851768575,0.2726134689139426,0.11325521192588203,0.3025000000000001,0.0011796234175562859,0.007985343225300312,0.006805719807744026,0.5698581197680936,0.5583571959814914,-0.01150092378660228,1,203,0,1,76,0,-127,0
land_pad__7475.jpg,land_pad,7475,mixed,RECOVERED,False,True,0.0002819146890000002,Q2,0.47916338405601977,0.19987351718125201,0.0034159457540576914,0.0026056323812326592,0.2881050863722756,0.11966399547123938,0.30250000000000005,0.01431594043970108,0.002373968716710806,-0.011941971722990274,0.42556364897807164,0.5310402868308688,0.10547663785279715,0,211,1,1,80,0,-131,-1
land_pad__7500.jpg,land_pad,7500,mixed,BOTH FAIL,False,False,0.00025717388399999964,Q1,0.46456333268243566,0.19400062126194553,0.0032221698257971737,0.002567104896504614,0.2970070152141237,0.12343235260330748,0.3384728903215537,0.014828667044639587,0.009629017673432827,-0.00519964937120676,0.46903362524716663,0.4678978429769161,-0.0011357822702505183,0,228,1,0,88,1,-140,0
land_pad__7525.jpg,land_pad,7525,mixed,REGRESSED,True,False,0.00024925884000000215,Q1,0.4542895546146117,0.18981419007900216,0.0029045867925347386,0.002542552301994733,0.30173263547600465,0.12555079554247137,0.3142853551024491,0.005849849432706833,0.02496049739420414,0.019110647961497307,0.5001404646710538,0.42299702966095215,-0.07714343501010162,1,242,0,0,89,1,-153,1
land_pad__7550.jpg,land_pad,7550,mixed,RECOVERED,False,True,0.0002631124680000017,Q1,0.43376021042222757,0.18128169876972602,0.002610929192025447,0.0025366915566555964,0.30197184784511194,0.1260349857577893,0.3142853551024491,0.014531291089951992,0.015674341470003128,0.001143050380051136,0.0024199595752084106,0.50447056029661,0.5020506007214015,0,226,1,1,88,0,-138,-1
land_pad__7575.jpg,land_pad,7575,mixed,BOTH FAIL,False,False,0.0002828888009999988,Q2,0.413421604818597,0.17259319763166378,0.00242568492773498,0.0025360197954900467,0.3003896279508527,0.1259524459661014,0.3384728903215537,0.013479792512953281,0.029879366979002953,0.01639957446604967,0.4704821629966069,0.41281020783698863,-0.05767195515961826,0,209,1,0,96,1,-113,0
land_pad__7600.jpg,land_pad,7600,mixed,BOTH FAIL,False,False,0.00025717388399999893,Q1,0.4150731158125208,0.17324963054386874,0.0023730603914509656,0.002534411662269704,0.3018541432296127,0.1266026825410154,0.33847289032155364,0.0213268231600523,0.008810333907604218,-0.012516489252448082,0.39368862852539604,0.4014588175741754,0.007770189048779352,0,214,1,0,100,1,-114,0
land_pad__7625.jpg,land_pad,7625,mixed,BOTH FAIL,False,False,0.00028288880099999953,Q2,0.4252266601437267,0.17735935046163698,0.002011470713991252,0.002541809470646075,0.3044434077586137,0.12792436106130078,0.3384728903215537,0.02014370635151863,0.007697951979935169,-0.012445754371583462,0.2744727206914891,0.2696109525260837,-0.0048617681654054,0,216,1,0,88,1,-128,0
land_pad__7650.jpg,land_pad,7650,mixed,BOTH FAIL,False,False,0.0002700251639999987,Q1,0.4448112563851386,0.1856100007967483,0.0018694810633598418,0.0025627868163563983,0.30444310518966616,0.1279500472785679,0.3384728903215537,0.017134787514805794,0.0075261942110955715,-0.009608593303710222,0.36653367572815443,0.3683169109562297,0.001783235228075275,0,227,1,0,84,1,-143,0
land_pad__7675.jpg,land_pad,7675,mixed,BOTH FAIL,False,False,0.0003046600440000029,Q2,0.4698048773562358,0.1958536738823201,0.0017693072364031474,0.0025926000662205876,0.29730758572521154,0.1252061748694398,0.31428535510244904,0.012856284156441689,0.005959879606962204,-0.0068964045494794846,0.2592254265355411,0.21849025952694312,-0.04073516700859797,0,229,1,0,90,1,-139,0
land_pad__7700.jpg,land_pad,7700,mixed,BOTH FAIL,False,False,0.0002492657639999986,Q1,0.4828914599989312,0.2012258286395395,0.0017869824779460138,0.00259450978642798,0.2905264148482795,0.12224923371873674,0.3666616556240416,0.013401268981397152,0.02962096408009529,0.01621969509869814,0.24374232653929095,0.3527619868614283,0.10901966032213734,0,224,1,0,102,1,-122,0
land_pad__7725.jpg,land_pad,7725,mixed,BOTH FAIL,False,False,0.0002443102469999988,Q1,0.4978070609275033,0.20735956070387854,0.001790713337142215,0.002627310309588818,0.28136842551510177,0.11862662340598916,0.33847289032155364,0.011510053649544716,0.03292013704776764,0.021410083398222923,0.3851404403408512,0.37558906167074196,-0.009551378670109245,0,226,1,0,96,1,-130,0
land_pad__7750.jpg,land_pad,7750,mixed,BOTH FAIL,False,False,0.0002700251639999987,Q1,0.5123704013679556,0.21324496642446905,0.0017017164033486056,0.0026732394966452735,0.2638644091964657,0.11174834961579634,0.3384728903215537,0.009730937890708447,0.012513488531112671,0.0027825506404042244,0.0017323520362401215,0.34667846922845963,0.3449461171922195,0,220,1,0,94,1,-126,0
land_pad__7775.jpg,land_pad,7775,mixed,BOTH FAIL,False,False,0.00027696609600000045,Q2,0.5226582602353639,0.21705534328329953,0.0015870822742989309,0.002703849116458998,0.24351420218098974,0.10417889851949057,0.31428535510245165,0.037294406443834305,0.012598026543855667,-0.024696379899978638,0.43021969426495044,0.36409957714238317,-0.06612011712256727,0,235,1,0,80,1,-155,0
land_pad__7800.jpg,land_pad,7800,mixed,BOTH FAIL,False,False,0.00023740248399999945,Q1,0.5251414810037601,0.21790708813486673,0.0018562749403345424,0.0027435441144199064,0.229453728720989,0.09851664908938224,0.3666616556240416,0.046058136969804764,0.008939847350120544,-0.03711828961968422,0.25233344676118463,0.2871089032796118,0.03477545651842717,0,219,1,0,89,1,-130,0
land_pad__7825.jpg,land_pad,7825,mixed,BOTH FAIL,False,False,0.0002700251639999987,Q1,0.5121087739052602,0.21279784479203992,0.0018588677308651294,0.002702470335214238,0.23969508863917677,0.10188431376558289,0.3384728903215537,0.013618618249893188,0.009560572914779186,-0.004058045335114002,0.3110551748794755,0.3396276367610069,0.028572461881531397,0,211,1,0,88,1,-123,0
land_pad__7850.jpg,land_pad,7850,mixed,BOTH FAIL,False,False,0.00025717388399999964,Q1,0.5008531063834275,0.20850699458870606,0.0019570682787361494,0.0026584568556403472,0.2584200005024963,0.10898444308980039,0.3384728903215537,0.012732642702758312,0.01680530235171318,0.004072659648954868,0.35572868130823476,0.36193457308039223,0.006205891772157468,0,206,1,0,87,1,-119,0
land_pad__7875.jpg,land_pad,7875,mixed,BOTH FAIL,False,False,0.0002700251639999987,Q1,0.49551127383291715,0.20637026622331153,0.0022228739723108085,0.0026369982595639127,0.2656381535984084,0.11174817248630042,0.3384728903215537,0.012892656028270721,0.006628796458244324,-0.006263859570026398,0.36961190850613374,0.4364087872232815,0.06679687871714779,0,225,1,0,94,1,-131,0
land_pad__7900.jpg,land_pad,7900,mixed,BOTH FAIL,False,False,0.00030466004400000037,Q2,0.4911805823368744,0.20447612714861177,0.0022781415864036097,0.002646534748520471,0.26380655478674625,0.11106121441784433,0.31428535510245165,0.010174171067774296,0.005839368794113398,-0.004334802273660898,0.4151470767354324,0.4786405291715681,0.06349345243613569,0,234,1,0,95,1,-139,0
land_pad__7925.jpg,land_pad,7925,mixed,RECOVERED,False,True,0.0002700251639999987,Q1,0.48995563035317696,0.20393750359293136,0.0021698887260118154,0.0026550262191499434,0.26790942076962465,0.1129445132860326,0.3384728903215537,0.016126848757267,0.011975341476500034,-0.004151507280766964,0.3833889900949144,0.5325544275406362,0.1491654374457218,0,250,1,1,104,0,-146,-1
land_pad__7950.jpg,land_pad,7950,mixed,BOTH FAIL,False,False,0.00025717388399999964,Q1,0.4838746915897596,0.20154086616545225,0.002040328408934428,0.0026258772679089194,0.27740113886036005,0.11677273738717057,0.3384728903215537,0.013542030937969685,0.006994218099862337,-0.0065478128381073475,0.3494497655732043,0.3629522724943269,0.013502506921122592,0,205,1,0,86,1,-119,0
land_pad__7975.jpg,land_pad,7975,mixed,RECOVERED,False,True,0.00030466004400000037,Q2,0.4759731946572402,0.1983313243950124,0.0018703305429166295,0.002605376645496862,0.2872238373302816,0.12090562568633885,0.31428535510245165,0.009950262494385242,0.04272192716598511,0.032771664671599865,0.47346839100934146,0.5016888682778133,0.028220477268471877,0,217,1,1,70,0,-147,-1
land_pad__8000.jpg,land_pad,8000,mixed,BOTH FAIL,False,False,0.0002443102469999988,Q1,0.46062243883638143,0.19221388804391154,0.0016955465912011814,0.002566598173863761,0.29795859389938134,0.1251554635859913,0.33847289032155364,0.010292768478393555,0.00734732486307621,-0.0029454436153173447,0.27528975210067136,0.38449643075334516,0.1092066786526738,0,196,1,0,85,1,-111,0
land_pad__8025.jpg,land_pad,8025,mixed,REGRESSED,True,False,0.0002631124679999995,Q1,0.44550213876872374,0.18617646787292955,0.0015079060017755119,0.002523982937145089,0.30723000591040134,0.12883005619646354,0.31428535510245165,0.009615221992135048,0.018761638551950455,0.009146416559815407,0.539519049816573,0.49638472727678445,-0.043134322539788494,1,220,0,0,82,1,-138,1
land_pad__8050.jpg,land_pad,8050,mixed,BOTH FAIL,False,False,0.0002631124679999995,Q1,0.4388706484995647,0.18354314500516014,0.0017347069175321958,0.0025142420033509305,0.3088049151288869,0.12919365981573291,0.31428535510245165,0.01681065931916237,0.007844606414437294,-0.008966052904725075,0.34138018993066843,0.47015243714454796,0.12877224721387953,0,211,1,0,70,1,-141,0
land_pad__8075.jpg,land_pad,8075,mixed,RECOVERED,False,True,0.00025717388399999964,Q1,0.4381850997521856,0.1833268631477391,0.0018721003704141024,0.0025105966420139085,0.3103153696724622,0.1295461815505099,0.3384728903215537,0.010104985907673836,0.012872427701950073,0.0027674417942762375,0.0017065333911462535,0.5051412641608887,0.5034347307697424,0,209,1,1,68,0,-141,-1
land_pad__8100.jpg,land_pad,8100,mixed,BOTH PASS,True,True,0.0002492588400000001,Q1,0.44369908656340273,0.18555008175785473,0.002559058330514434,0.0025222597699808154,0.3103816834882855,0.12922191054309695,0.3142853551024517,0.002217401284724474,0.02478882297873497,0.022571421694010496,0.5027713870509372,0.5488434947789383,0.04607210772800119,1,203,0,1,78,0,-125,0
land_pad__8125.jpg,land_pad,8125,mixed,REGRESSED,True,False,0.00025717388399999964,Q1,0.4531202431238183,0.18950931555444256,0.0027562655962948437,0.00253154373480739,0.3095239841443993,0.12891976005092118,0.3384728903215537,0.01097931805998087,0.012307983823120594,0.0013286657631397247,0.5809272741000104,0.46322041165570166,-0.11770686244430878,1,207,0,0,65,1,-142,1
land_pad__8150.jpg,land_pad,8150,mixed,REGRESSED,True,False,0.0002443102469999988,Q1,0.4585387326333896,0.19165226196990154,0.0028672508071238495,0.0025426027273308654,0.30742278063149536,0.12790244779975077,0.33847289032155364,0.0048103369772434235,0.01104725245386362,0.006236915476620197,0.7827368388639953,0.43373771473877254,-0.3489991241252227,1,201,0,0,67,1,-134,1
land_pad__8175.jpg,land_pad,8175,mixed,BOTH FAIL,False,False,0.0002017898300000008,Q1,0.46424661554599395,0.19398217269918377,0.003163020082166676,0.002553489555209803,0.3026719350888285,0.12590803152892382,0.3666616556240381,0.014978338964283466,0.00644368352368474,-0.008534655440598726,0.001469848414291512,0.32711336220492765,0.32564351379063616,0,222,1,0,66,1,-156,0
land_pad__8200.jpg,land_pad,8200,mixed,REGRESSED,True,False,0.0002057316929999995,Q1,0.47054657086757823,0.19656269450801492,0.0034689043518192648,0.0025660873780730337,0.2959434700049368,0.12312307547713638,0.3384728903215536,0.010556962341070175,0.007922635413706303,-0.0026343269273638725,0.5506755706458747,0.344600085355616,-0.2060754852902587,1,216,0,0,87,1,-129,1
land_pad__8225.jpg,land_pad,8225,mixed,BOTH FAIL,False,False,0.0002017898300000008,Q1,0.4664884611532463,0.1948028234214202,0.0033446029431709132,0.002561113101119658,0.2934793277724874,0.12206922465755485,0.3666616556240381,0.014771022833883762,0.009418214671313763,-0.00535280816257,0.3505956755793843,0.38934852611716014,0.03875285053777583,0,206,1,0,83,1,-123,0
land_pad__8250.jpg,land_pad,8250,mixed,RECOVERED,False,True,0.00023144660999999938,Q1,0.4626081380194543,0.19322258144423704,0.003121569507313791,0.002559358443359328,0.29405479272699003,0.12241376901099026,0.3384728903215537,0.016435066238045692,0.03527820110321045,0.018843134865164757,0.38511648339648047,0.6555323814499868,0.27041589805350635,0,210,1,1,71,0,-139,-1
land_pad__8275.jpg,land_pad,8275,mixed,BOTH FAIL,False,False,0.00023740248400000175,Q1,0.4387206860444847,0.1833888768510337,0.0027802414033624425,0.002527009999638216,0.29787839916145264,0.1240409875227838,0.3666616556240381,0.010485914535820484,0.0071279387921094894,-0.0033579757437109947,0.35760429395613225,0.3552188396611013,-0.002385454295030953,0,214,1,0,76,1,-138,0
land_pad__8300.jpg,land_pad,8300,mixed,BOTH PASS,True,True,0.00031850036399999946,Q2,0.4279214846857146,0.1790201439220635,0.00199472416571549,0.002515086447197972,0.3032182249398526,0.12676033618587487,0.31428535510245165,0.02165333740413189,0.00729712750762701,-0.014356209896504879,0.8355622482085424,0.5754922614637359,-0.2600699867448065,1,220,0,1,65,0,-155,0
land_pad__8325.jpg,land_pad,8325,mixed,RECOVERED,False,True,0.0003481796370000014,Q2,0.4213311700880681,0.17621348369610199,0.0014699310004807741,0.002505756005327232,0.3077958441463573,0.12918707131111695,0.30250000000000005,0.027858411893248558,0.062389109283685684,0.034530697390437126,0.292060535904969,0.5217722624170956,0.22971172651212662,0,212,1,1,73,0,-139,-1
land_pad__8350.jpg,land_pad,8350,mixed,BOTH PASS,True,True,0.00042040240000000036,Q3,0.3960709099757461,0.16603638214840105,0.0007324380623046443,0.0024460649919416533,0.3098161316423985,0.1304544336167925,0.3025000000000001,0.0461883507668972,0.05593014881014824,0.009741798043251038,0.59468265353426,0.5536880829646671,-0.04099457056959288,1,224,0,1,79,0,-145,0
land_pad__8375.jpg,land_pad,8375,mixed,BOTH PASS,True,True,0.0007616514600000007,Q3,0.4065866256608955,0.17035001376660003,0.0003917821041854732,0.002453661241696049,0.31335911774855785,0.1321785607165015,0.30250000000000005,0.02075626328587532,0.08416181802749634,0.06340555474162102,0.5175087228025117,0.611072430912792,0.09356370811028025,1,243,0,1,78,0,-165,0
land_pad__8400.jpg,land_pad,8400,mixed,BOTH PASS,True,True,0.0009149615280000012,Q4,0.4382953877119071,0.18319908474026897,0.0005150165208974054,0.0025145434228166907,0.3168844443757065,0.13391063992493882,0.3025,0.09407225251197815,0.09997120499610901,0.005898952484130859,0.7190673267205288,0.6230338165964637,-0.09603351012406502,1,236,0,1,88,0,-148,0
land_pad__8425.jpg,land_pad,8425,mixed,REGRESSED,True,False,0.0007399019399999979,Q3,0.4998045212632875,0.20827162413217856,0.00038029124191196577,0.0026092612783593324,0.29899292083779244,0.12713574507898867,0.30250000000000005,0.11003880202770233,0.18584667146205902,0.07580786943435669,0.7570966217755993,0.45481425274574333,-0.302282369029856,1,224,0,0,79,1,-145,1
land_pad__8450.jpg,land_pad,8450,mixed,BOTH PASS,True,True,0.0006923806200000022,Q3,0.5585919836572731,0.2315838579885807,0.000431298793671156,0.0027887182970174882,0.21129423023253194,0.09340827502079674,0.30250000000000005,0.08813591301441193,0.044019393622875214,-0.04411651939153671,0.8112689642015564,0.5412659084691891,-0.27000305573236727,1,212,0,1,70,0,-142,0
land_pad__8475.jpg,land_pad,8475,mixed,BOTH PASS,True,True,0.0008308858799999962,Q3,0.555263426158774,0.2293785410010773,0.0006434633351562772,0.00288478370510677,0.15836818858711305,0.07425192303584925,0.30250000000000005,0.11663508415222168,0.014532738365232944,-0.10210234578698874,0.7480502260435415,0.5653826351652993,-0.18266759087824225,1,236,0,1,81,0,-155,0
land_pad__8500.jpg,land_pad,8500,mixed,BOTH PASS,True,True,0.000750753556999999,Q3,0.5388039955025228,0.22245151685898404,0.0008040427712719047,0.0028819279447579423,0.15468232126298767,0.07255463570033466,0.30250000000000005,0.17099589109420776,0.06540535390377045,-0.10559053719043732,0.7826242147169769,0.641086843985821,-0.1415373707311558,1,239,0,1,76,0,-163,0
land_pad__8525.jpg,land_pad,8525,mixed,BOTH PASS,True,True,0.0007962504599999989,Q3,0.5299263616850816,0.21881845334169953,0.0007098630408161595,0.002861977949251233,0.16501166267879694,0.0763642710791776,0.30250000000000005,0.24146580696105957,0.03887827321887016,-0.2025875337421894,0.748556590855034,0.5845658599686788,-0.16399073088635518,1,224,0,1,74,0,-150,0
land_pad__8550.jpg,land_pad,8550,mixed,BOTH PASS,True,True,0.0007913174359999958,Q3,0.5307306080818514,0.21918225000005817,0.0007280322292899787,0.002866661880119206,0.1659116417768139,0.07673342162409559,0.3025000000000001,0.24124737083911896,0.004092609044164419,-0.23715476179495454,0.8279982754794769,0.6402400362563528,-0.18775823922312407,1,232,0,1,83,0,-149,0
land_pad__8575.jpg,land_pad,8575,mixed,BOTH PASS,True,True,0.0008308858800000042,Q3,0.5316148435056831,0.219471821837466,0.0007186662303900217,0.0028874875130834943,0.15976474163751486,0.07451310179363133,0.3025,0.1281922459602356,0.04367460682988167,-0.08451763913035393,0.7522147325814784,0.5505302421026007,-0.2016844904788777,1,213,0,1,83,0,-130,0
land_pad__8600.jpg,land_pad,8600,mixed,BOTH PASS,True,True,0.0008744167000000014,Q3,0.5292045868805892,0.21841841511019539,0.0007571007415588763,0.002885198548321665,0.14959267949681634,0.07079370032571058,0.3025,0.11862433701753616,0.031220784410834312,-0.08740355260670185,0.6774515412477045,0.557010339592895,-0.12044120165480943,1,234,0,1,95,0,-139,0
land_pad__8625.jpg,land_pad,8625,mixed,BOTH PASS,True,True,0.0009001203000000018,Q3,0.5231861040273956,0.2159445660254898,0.000753305768996373,0.0028967627364047,0.147870663775131,0.07016563535198188,0.3025,0.13502037525177002,0.07369548827409744,-0.06132488697767258,0.7520428854724066,0.8090872789953703,0.05704439352296364,1,226,0,1,98,0,-128,0
land_pad__8650.jpg,land_pad,8650,mixed,BOTH PASS,True,True,0.0007359340120000038,Q3,0.5268243382625442,0.21752485067176272,0.0007586443265732999,0.0028881706474942594,0.150187109234366,0.0709138709592983,0.3025,0.2857038676738739,0.013195610605180264,-0.27250825706869364,0.6550037925644578,0.7501561245687328,0.09515233200427498,1,227,0,1,92,0,-135,0
land_pad__8675.jpg,land_pad,8675,mixed,BOTH PASS,True,True,0.0008783846279999966,Q3,0.5243229016718758,0.21657029658818733,0.0006904014969269551,0.002864337858042994,0.16041894117046673,0.07449167538921096,0.30250000000000005,0.1817963421344757,0.07250303775072098,-0.10929330438375473,0.7184443999319153,0.7483384493940695,0.029894049462154126,1,225,0,1,99,0,-126,0
land_pad__8700.jpg,land_pad,8700,mixed,BOTH PASS,True,True,0.0009515769300000026,Q4,0.5245757121490457,0.21681925521026432,0.0006726244783937114,0.0028526983461603797,0.17046316317879565,0.07824629881059961,0.30250000000000005,0.09573931992053986,0.16093765199184418,0.06519833207130432,0.611652170443305,0.597762322006145,-0.013889848437160013,1,223,0,1,88,0,-135,0
land_pad2__2050.jpg,land_pad2,2050,noise,BOTH PASS,True,True,0.24079716533099993,Q4,0.48780909585517884,0.4864199532145069,0.00618646631322919,0.011691042148652327,0.23891656731350816,0.24306103753783173,0.0,0.8827486038208008,0.8397170305252075,-0.04303157329559326,0.8134054177207581,0.9310063742069218,0.11760095648616364,1,239,0,1,136,0,-103,0
land_pad2__2075.jpg,land_pad2,2075,noise,BOTH PASS,True,True,0.18180394185599996,Q4,0.5497918330276289,0.5481234018001547,0.006950434760986197,0.012492005938234935,0.21175473588101412,0.21716263578495587,0.0,0.8973475694656372,0.8801633715629578,-0.017184197902679443,0.9001616052580733,0.9326344859859659,0.03247288072789256,1,236,0,1,111,0,-125,0
land_pad2__2100.jpg,land_pad2,2100,noise,BOTH PASS,True,True,0.21312163179000002,Q4,0.4980180673338404,0.49668566682438703,0.006352613707600164,0.011878486575528,0.20993603732935723,0.21519150823972424,0.0,0.9328877925872803,0.8526959419250488,-0.08019185066223145,0.8879640689363361,0.8648776743664033,-0.023086394569932778,1,253,0,1,125,0,-128,0
land_pad2__2125.jpg,land_pad2,2125,noise,BOTH PASS,True,True,0.211238529438,Q4,0.5167506316770821,0.5152644129784473,0.005783557996890067,0.011283792223810795,0.2167323472067036,0.22194694697355838,0.0,0.9155684113502502,0.8201356530189514,-0.09543275833129883,0.9276842344111105,0.8950211890404833,-0.03266304537062714,1,242,0,1,138,0,-104,0
land_pad2__2150.jpg,land_pad2,2150,noise,BOTH PASS,True,True,0.22493207709999993,Q4,0.4958058534698467,0.49432620969002633,0.005358433856756408,0.010855453239633668,0.2264833562593162,0.23137298272795723,0.0,0.9073740839958191,0.880954921245575,-0.02641916275024414,0.921508666951237,0.8158359195197235,-0.10567274743151356,1,256,0,1,144,0,-112,0
land_pad2__2175.jpg,land_pad2,2175,noise,BOTH PASS,True,True,0.202008662232,Q4,0.5161069490646664,0.5147018908535549,0.006312998194197755,0.011851238078936868,0.22887310395448526,0.2336284793754678,0.0,0.8262653946876526,0.7715753316879272,-0.05469006299972534,0.9182467141394881,0.8726064645618493,-0.04564024957763879,1,259,0,1,137,0,-122,0
land_pad2__2200.jpg,land_pad2,2200,noise,BOTH PASS,True,True,0.24893279037200003,Q4,0.5026663991702647,0.5012374385109324,0.005614592791648032,0.01108903986550011,0.24064824156328027,0.24492359212557469,0.0,0.8962365388870239,0.872707724571228,-0.0235288143157959,0.8920206194588688,0.8930776413058219,0.00105702184695311,1,237,0,1,167,0,-70,0
land_pad2__2225.jpg,land_pad2,2225,noise,BOTH PASS,True,True,0.28852421463800004,Q4,0.47974423837342955,0.4783964420806285,0.004364905357324534,0.009795913711462965,0.25153584781242344,0.2553223582159717,0.0,0.9151783585548401,0.8921751379966736,-0.023003220558166504,0.866899654659595,0.8504775333008179,-0.016422121358777075,1,231,0,1,172,0,-59,0
land_pad2__2250.jpg,land_pad2,2250,noise,BOTH PASS,True,True,0.28441178891999996,Q4,0.48121807139904127,0.4798161513055229,0.004138084841699004,0.009561863032838687,0.25164267456615996,0.255356760126693,0.0,0.8425279259681702,0.8828166723251343,0.04028874635696411,0.8941537604480873,0.8268103571715814,-0.0673434032765059,1,241,0,1,174,0,-67,0
land_pad2__2275.jpg,land_pad2,2275,noise,BOTH PASS,True,True,0.25798921491200005,Q4,0.4942079154574827,0.49244376970390674,0.0040780165731971185,0.009430979232204272,0.26152582163073473,0.26424566940017297,0.0,0.9129928946495056,0.8560643792152405,-0.05692851543426514,0.9100608213036109,0.8511412060885627,-0.05891961521504818,1,247,0,1,144,0,-103,0
land_pad2__2300.jpg,land_pad2,2300,noise,BOTH PASS,True,True,0.25757993747200003,Q4,0.48870363392465704,0.48729679524880454,0.004932559740802263,0.010330542477632492,0.2582006967764469,0.2609433451349545,0.0,0.8706302642822266,0.8589324951171875,-0.011697769165039062,0.8880842202567664,0.9520619700543881,0.06397774979762172,1,254,0,1,134,0,-120,0
land_pad2__2325.jpg,land_pad2,2325,noise,BOTH PASS,True,True,0.27903436764600004,Q4,0.47221110369186153,0.4707335313023931,0.0036089500043226803,0.009038387288270375,0.238485767278236,0.24255130854205592,0.0,0.9136743545532227,0.8213223814964294,-0.09235197305679321,0.933279615409705,0.8311312088736428,-0.10214840653606228,1,259,0,1,145,0,-114,0
land_pad2__2350.jpg,land_pad2,2350,noise,BOTH PASS,True,True,0.2938119927119999,Q4,0.4681879011718717,0.46674199312593195,0.0032122642279666753,0.008629939465173448,0.23448779351269572,0.2385800433485374,0.0,0.8637134432792664,0.8738981485366821,0.010184705257415771,0.9079224198144397,0.8399070870958953,-0.06801533271854432,1,217,0,1,152,0,-65,0
land_pad2__2375.jpg,land_pad2,2375,noise,BOTH PASS,True,True,0.27436936383999994,Q4,0.47869144065043834,0.47709559342346747,0.002866948463354331,0.008273658514748313,0.2321968551726955,0.23609896385498,0.0,0.8688847422599792,0.8934181928634644,0.024533450603485107,0.9322282621013714,0.7803909489724233,-0.1518373131289481,1,238,0,1,167,0,-71,0
land_pad2__2400.jpg,land_pad2,2400,noise,BOTH PASS,True,True,0.371244923442,Q4,0.4828364789374123,0.48122797062783984,0.0031315003500819913,0.008552381987494254,0.2277492789690044,0.23176450713412822,0.0,0.9588955640792847,0.9208244681358337,-0.03807109594345093,0.8778732663167125,0.7870367020262998,-0.09083656429041265,1,234,0,1,173,0,-61,0
land_pad2__2425.jpg,land_pad2,2425,noise,BOTH PASS,True,True,0.348776078376,Q4,0.46845761248755124,0.46691733205232977,0.0020680633471677535,0.007524913103236226,0.21601485687008973,0.22052359867614804,0.0,0.9187542796134949,0.8721547722816467,-0.046599507331848145,0.9326556616709296,0.8741722473083626,-0.05848341436256699,1,222,0,1,191,0,-31,0
land_pad2__2450.jpg,land_pad2,2450,noise,BOTH PASS,True,True,0.5006960249760001,Q4,0.46744485000767694,0.4659856330847742,0.0013539698003832464,0.006840991637931259,0.20790074911153725,0.21246120580744152,0.0,0.96758633852005,0.8809621334075928,-0.08662420511245728,0.8294588845335477,0.7778355596645923,-0.05162332486895538,1,276,0,1,152,0,-124,0
land_pad2__2475.jpg,land_pad2,2475,noise,BOTH PASS,True,True,0.786116673615,Q4,0.4773776205900237,0.47556513851589005,0.0012235378639782314,0.0067123049474253895,0.18547290422817592,0.1901351489304862,0.0,0.966303825378418,0.9206345081329346,-0.0456693172454834,0.8973035983677229,0.8736019180654683,-0.023701680302254613,1,265,0,1,103,0,-162,0
land_pad2__2500.jpg,land_pad2,2500,noise,BOTH PASS,True,True,0.738113872776,Q4,0.5237393204117364,0.5211086352695091,0.0012623375624498576,0.006708534940882974,0.1970226762223471,0.20061215838953841,0.0,0.9108967781066895,0.8919222354888916,-0.01897454261779785,0.9690424159059323,0.856753313878077,-0.11228910202785536,1,269,0,1,109,0,-160,0
land_pad2__2525.jpg,land_pad2,2525,noise,BOTH PASS,True,True,0.8909045402879998,Q4,0.5121421682864238,0.5088726221389114,0.0012298566795515865,0.006536781115733671,0.22380743053805952,0.22476288831442887,0.0,0.9223066568374634,0.7181646227836609,-0.2041420340538025,0.9431562409444003,0.830497105888336,-0.11265913505606429,1,265,0,1,75,0,-190,0
land_pad__6500.jpg,land_pad,6500,noise,BOTH FAIL,False,False,0.00043225391300000216,Q3,0.48355316836222,0.4824042333012385,0.004572898163985291,0.009920245691291678,0.26178951086334484,0.26450796990117553,0.0,0.012999391183257103,0.009596736170351505,-0.0034026550129055977,0.1367173232467255,0.38449993558573714,0.24778261233901164,0,209,1,0,118,1,-91,0
land_pad__6525.jpg,land_pad,6525,noise,BOTH FAIL,False,False,0.00047478071399999824,Q3,0.4868440878446392,0.4858901582813759,0.004581368878270051,0.00995685623202286,0.25917797385224367,0.26202157666034176,0.0,0.014243547804653645,0.021770643070340157,0.007527095265686512,0.01121392660589189,0.3407456295222444,0.32953170291635253,0,206,1,0,130,1,-76,0
land_pad__6550.jpg,land_pad,6550,noise,BOTH FAIL,False,False,0.0005341330559999971,Q3,0.4919546384132125,0.49095807855038043,0.00461422948357095,0.009996124743427644,0.25573783464918604,0.2587218282068946,0.0,0.011100039817392826,0.0109483040869236,-0.00015173573046922684,0.013095235413416876,0.22523864939593488,0.21214341398251801,0,214,1,0,130,1,-84,0
land_pad__6575.jpg,land_pad,6575,noise,BOTH FAIL,False,False,0.00043225391300000216,Q3,0.4876673452603522,0.4868749841445541,0.004545558014798434,0.009943292512277664,0.2519039179842841,0.255084225884278,0.0,0.013827962800860405,0.014146639965474606,0.0003186771646142006,0.00436509787214888,0.20981397158543805,0.20544887371328915,0,224,1,0,131,1,-93,0
land_pad__6600.jpg,land_pad,6600,noise,RECOVERED,False,True,0.0006172327699999982,Q3,0.4912540080821463,0.49034677013998484,0.004342761835610742,0.009740706764437404,0.25056730126439536,0.253760025998595,0.0,0.012713254429399967,0.0047719464637339115,-0.007941307965666056,0.04432918210518152,0.614904505401427,0.5705753232962455,0,234,1,1,130,0,-104,-1
land_pad__6625.jpg,land_pad,6625,noise,BOTH FAIL,False,False,0.00045699006600000185,Q3,0.4909464919530364,0.4900351965683501,0.0039660334689541835,0.009384994704131566,0.25091537963115074,0.2541281274861371,0.0,0.018461858853697777,0.02818342112004757,0.009721562266349792,0.052470056428046995,0.32106373722065135,0.2685936807926044,0,212,1,0,124,1,-88,0
land_pad__6650.jpg,land_pad,6650,noise,BOTH FAIL,False,False,0.0003531283199999987,Q2,0.48822115125393184,0.48744943034049987,0.0037996203491501186,0.009200573228687552,0.2495890729495641,0.25287893776900117,0.0,0.017091460525989532,0.0133716631680727,-0.003719797357916832,0.06046813255843694,0.18242184725677657,0.12195371469833963,0,229,1,0,163,1,-66,0
land_pad__6675.jpg,land_pad,6675,noise,BOTH FAIL,False,False,0.0004035798399999996,Q3,0.48789138513407354,0.486982669289807,0.003835576761872194,0.009265291918619883,0.24672183520610028,0.2500619084567973,0.0,0.024584272876381874,0.012949994765222073,-0.011634278111159801,0.05802469372372703,0.01916182786216992,-0.038862865861557114,0,224,1,0,189,1,-35,0
land_pad__6700.jpg,land_pad,6700,noise,BOTH FAIL,False,False,0.00039466897200000195,Q3,0.4893003727804412,0.48844816244789613,0.0037869163890721595,0.009224171221946551,0.24430190916989236,0.24782494811827416,0.0,0.018509872257709503,0.011385181918740273,-0.007124690338969231,0.09940831818863549,0.01789674261650209,-0.0815115755721334,0,227,1,0,165,1,-62,0
land_pad__6725.jpg,land_pad,6725,noise,BOTH FAIL,False,False,0.00034126064700000026,Q2,0.48788363099678195,0.48689945680697266,0.0036568873314254324,0.009129743502566434,0.23973915282385633,0.24344593453038252,0.0,0.029330741614103317,0.016437634825706482,-0.012893106788396835,0.044225164509632306,0.01647114614960095,-0.027754018360031357,0,210,1,0,192,1,-18,0
land_pad__6750.jpg,land_pad,6750,noise,BOTH FAIL,False,False,0.0002908064160000019,Q2,0.48890773957549527,0.48777006139616513,0.0037202606239021578,0.009167295019383147,0.23766654342449423,0.24156673309438567,0.0,0.031135665252804756,0.011999178677797318,-0.01913648657500744,0.13326921524406712,0.34233793796426193,0.2090687227201948,0,207,1,0,170,1,-37,0
land_pad__6775.jpg,land_pad,6775,noise,BOTH FAIL,False,False,0.0003115876680000002,Q2,0.48884628832838245,0.487705856053266,0.0035884364363837386,0.009049657787754203,0.2373246972648215,0.24125195055776086,0.0,0.049421872943639755,0.0135803809389472,-0.035841492004692554,0.03689127031396239,0.028340863630750467,-0.008550406683211921,0,233,1,0,196,1,-37,0
land_pad__6800.jpg,land_pad,6800,noise,BOTH FAIL,False,False,0.00033234706800000036,Q2,0.4872719269275549,0.4860997721237873,0.0035580674459726727,0.0090089451594908,0.2374631976935947,0.24139535233708187,0.0,0.03685932606458664,0.014154994860291481,-0.02270433120429516,0.03259737560138041,0.16826979595196295,0.13567242035058255,0,224,1,0,176,1,-48,0
land_pad__6825.jpg,land_pad,6825,noise,BOTH FAIL,False,False,0.00034126064700000026,Q2,0.4870248302293898,0.48586887416365665,0.0035728075110808633,0.009026109069877572,0.23823483437544285,0.24208986861767084,0.0,0.03055926039814949,0.014958702959120274,-0.015600557439029217,0.024808548422814207,0.28623869916602035,0.26143015074320614,0,218,1,0,204,1,-14,0
land_pad__6850.jpg,land_pad,6850,noise,BOTH FAIL,False,False,0.00033234706800000036,Q2,0.4867342808819281,0.4856065135684214,0.003460471332539192,0.008919987820382561,0.23855015403086394,0.24241844880140587,0.0,0.03947027027606964,0.011780989356338978,-0.027689280919730663,0.008963772759171745,0.018224544072568828,0.009260771313397084,0,220,1,0,207,1,-13,0
land_pad__7450.jpg,land_pad,7450,noise,BOTH PASS,True,True,0.0003481796370000006,Q2,0.4865315639160079,0.4860688797028804,0.003642657508343403,0.008913679811532493,0.2726134689139426,0.274386009252218,0.0,0.0018645073287189007,0.2223658561706543,0.2205013488419354,0.6817346518138823,0.6977120126006223,0.015977360786740058,1,240,0,1,159,0,-81,0
land_pad__7475.jpg,land_pad,7475,noise,REGRESSED,True,False,0.0002819146890000002,Q2,0.47916338405601977,0.47869590926782707,0.0034159457540576914,0.008639964046987813,0.2881050863722756,0.28940909335425885,0.0,0.03913717344403267,0.11152835935354233,0.07239118590950966,0.6778141114968355,0.4028743184779432,-0.27493979301889226,1,239,0,0,148,1,-91,1
land_pad__7500.jpg,land_pad,7500,noise,RECOVERED,False,True,0.00025717388399999964,Q1,0.46456333268243566,0.46425282971705045,0.0032221698257971737,0.008392595839244002,0.2970070152141237,0.2978849250440806,0.0,0.03219050541520119,0.05889735370874405,0.026706848293542862,0.3698089038707065,0.5042378278855649,0.13442892401485845,0,260,1,1,109,0,-151,-1
land_pad__7525.jpg,land_pad,7525,noise,BOTH FAIL,False,False,0.00024925884000000215,Q1,0.4542895546146117,0.45398405944874815,0.0029045867925347386,0.008026296683128457,0.30173263547600465,0.3024433194010749,0.0,0.081041119992733,0.03566715866327286,-0.045373961329460144,0.3939315062679387,0.44449500280317206,0.05056349653523334,0,281,1,0,107,1,-174,0
land_pad__7550.jpg,land_pad,7550,noise,REGRESSED,True,False,0.0002631124680000017,Q1,0.43376021042222757,0.43346449035690193,0.002610929192025447,0.007727428398639316,0.30197184784511194,0.302781954705886,0.0,0.002332342555746436,0.37198406457901,0.3696517220232636,0.6516295107493065,0.398734210402925,-0.2528953003463815,1,256,0,0,128,1,-128,1
land_pad__7575.jpg,land_pad,7575,noise,REGRESSED,True,False,0.0002828888009999988,Q2,0.413421604818597,0.41274338351761347,0.00242568492773498,0.007556157888119109,0.3003896279508527,0.30139482809804663,0.0,0.002115859417244792,0.1254856437444687,0.1233697843272239,0.5780457114877737,0.45526505607599,-0.12278065541178373,1,245,0,0,109,1,-136,1
land_pad__7600.jpg,land_pad,7600,noise,BOTH FAIL,False,False,0.00025717388399999893,Q1,0.4150731158125208,0.4142948665283722,0.0023730603914509656,0.0074983756750952296,0.3018541432296127,0.3027600629734742,0.0,0.04452834650874138,0.22062700986862183,0.17609866335988045,0.46383427181160874,0.345561686809091,-0.11827258500251775,0,236,1,0,130,1,-106,0
land_pad__7625.jpg,land_pad,7625,noise,BOTH FAIL,False,False,0.00028288880099999953,Q2,0.4252266601437267,0.42423333149468334,0.002011470713991252,0.00713252519122718,0.3044434077586137,0.3054459077129194,0.0,0.059394724667072296,0.027809375897049904,-0.03158534877002239,0.38655299664900966,0.3987814590387174,0.012228462389707762,0,264,1,0,120,1,-144,0
land_pad__7650.jpg,land_pad,7650,noise,BOTH FAIL,False,False,0.0002700251639999987,Q1,0.4448112563851386,0.4441190124696925,0.0018694810633598418,0.007031441644450654,0.30444310518966616,0.3055877174158487,0.0,0.03089522011578083,0.12399964779615402,0.09310442768037319,0.2691586505674466,0.3656700198160067,0.09651136924856013,0,269,1,0,115,1,-154,0
land_pad__7675.jpg,land_pad,7675,noise,BOTH FAIL,False,False,0.0003046600440000029,Q2,0.4698048773562358,0.46909662477415437,0.0017693072364031474,0.007006231395520952,0.29730758572521154,0.2989278835078456,0.0,0.030001621693372726,0.029255734756588936,-0.0007458869367837906,0.3800198716581639,0.2840112693612337,-0.0960086022969302,0,246,1,0,116,1,-130,0
land_pad__7700.jpg,land_pad,7700,noise,BOTH FAIL,False,False,0.0002492657639999986,Q1,0.4828914599989312,0.48223634594949727,0.0017869824779460138,0.007023733490906226,0.2905264148482795,0.2922278484398135,0.0,0.04569111764431,0.09698735922574997,0.05129624158143997,0.47229077357726507,0.4269154516219996,-0.045375321955265446,0,250,1,0,133,1,-117,0
land_pad__7725.jpg,land_pad,7725,noise,BOTH FAIL,False,False,0.0002443102469999988,Q1,0.4978070609275033,0.49717812630407404,0.001790713337142215,0.007116086173007243,0.28136842551510177,0.2835044750759611,0.0,0.02672778256237507,0.07704712450504303,0.05031934194266796,0.4239122424663978,0.39383348293299025,-0.03007875953340755,0,261,1,0,132,1,-129,0
land_pad__7750.jpg,land_pad,7750,noise,BOTH FAIL,False,False,0.0002700251639999987,Q1,0.5123704013679556,0.5116963771537903,0.0017017164033486056,0.007106494571627259,0.2638644091964657,0.26660687446726933,0.0,0.02269175462424755,0.10811714828014374,0.08542539365589619,0.23219794254740478,0.42831443790590557,0.1961164953585008,0,280,1,0,151,1,-129,0
land_pad__7775.jpg,land_pad,7775,noise,BOTH PASS,True,True,0.00027696609600000045,Q2,0.5226582602353639,0.5214963692871615,0.0015870822742989309,0.0070495763438173705,0.24351420218098974,0.24727045164135106,0.0,0.010974006727337837,0.0035656688269227743,-0.007408337900415063,0.5276377326542814,0.519660822031044,-0.007976910623237354,1,256,0,1,106,0,-150,0
land_pad__7800.jpg,land_pad,7800,noise,BOTH FAIL,False,False,0.00023740248399999945,Q1,0.5251414810037601,0.52392334831639,0.0018562749403345424,0.007334610312028375,0.229453728720989,0.23356670222580167,0.0,0.11269590258598328,0.07921575009822845,-0.03348015248775482,0.2766641673319715,0.2865512395075703,0.009887072175598755,0,255,1,0,124,1,-131,0
land_pad__7825.jpg,land_pad,7825,noise,BOTH FAIL,False,False,0.0002700251639999987,Q1,0.5121087739052602,0.5112813659508265,0.0018588677308651294,0.007290051276524951,0.23969508863917677,0.24280302340741208,0.0,0.0246869008988142,0.032467443495988846,0.0077805425971746445,0.3031230064440248,0.3229583896359448,0.01983538319192002,0,244,1,0,103,1,-141,0
land_pad__7850.jpg,land_pad,7850,noise,RECOVERED,False,True,0.00025717388399999964,Q1,0.5008531063834275,0.5003960040630282,0.0019570682787361494,0.007342513877460126,0.2584200005024963,0.26080613969780325,0.0,0.026104047894477844,0.18039758503437042,0.15429353713989258,0.3094396435421389,0.5105887329263483,0.20114908938420945,0,256,1,1,124,0,-132,-1
land_pad__7875.jpg,land_pad,7875,noise,BOTH FAIL,False,False,0.0002700251639999987,Q1,0.49551127383291715,0.49509945893266927,0.0022228739723108085,0.007570524055352561,0.2656381535984084,0.26790980964745037,0.0,0.0393139123916626,0.1263393759727478,0.0870254635810852,0.3857622917599306,0.463536363772225,0.07777407201229442,0,270,1,0,129,1,-141,0
land_pad__7900.jpg,land_pad,7900,noise,RECOVERED,False,True,0.00030466004400000037,Q2,0.4911805823368744,0.49070937982184976,0.0022781415864036097,0.007626634401125565,0.26380655478674625,0.2662742853133047,0.0,0.04114280641078949,0.1198105439543724,0.07866773754358292,0.41012346869716465,0.5250507089946663,0.11492724029750168,0,268,1,1,142,0,-126,-1
land_pad__7925.jpg,land_pad,7925,noise,BOTH FAIL,False,False,0.0002700251639999987,Q1,0.48995563035317696,0.48942507125544,0.0021698887260118154,0.007537176901717826,0.26790942076962465,0.2704816256033507,0.0,0.0677572563290596,0.2755928039550781,0.20783554762601852,0.397962354999362,0.49908077149996655,0.10111841650060455,0,252,1,0,127,1,-125,0
land_pad__7950.jpg,land_pad,7950,noise,BOTH FAIL,False,False,0.00025717388399999964,Q1,0.4838746915897596,0.48346071608197205,0.002040328408934428,0.007374856540343368,0.27740113886036005,0.2796793721299595,0.0,0.026196276769042015,0.072786845266819,0.046590568497776985,0.41846567228018544,0.4927616633477582,0.07429599106757279,0,251,1,0,135,1,-116,0
land_pad__7975.jpg,land_pad,7975,noise,BOTH FAIL,False,False,0.00030466004400000037,Q2,0.4759731946572402,0.4754727482997725,0.0018703305429166295,0.007172212430347367,0.2872238373302816,0.2893054560096383,0.0,0.014161617495119572,0.2143745869398117,0.20021296944469213,0.48983080015347386,0.4632534228595313,-0.02657737729394255,0,245,1,0,119,1,-126,0
land_pad__8000.jpg,land_pad,8000,noise,BOTH FAIL,False,False,0.0002443102469999988,Q1,0.46062243883638143,0.46025377014378627,0.0016955465912011814,0.006911810421294792,0.29795859389938134,0.29943158841555967,0.0,0.014054902829229832,0.04261098429560661,0.02855608146637678,0.3706552827991306,0.47192987494640276,0.10127459214727214,0,260,1,0,116,1,-144,0
land_pad__8025.jpg,land_pad,8025,noise,RECOVERED,False,True,0.0002631124679999995,Q1,0.44550213876872374,0.4452020897303025,0.0015079060017755119,0.006625000756760086,0.30723000591040134,0.30801654343574547,0.0,0.045442987233400345,0.1501465141773224,0.10470352694392204,0.47157637021240306,0.6200323272635788,0.14845595705117576,0,226,1,1,114,0,-112,-1
land_pad__8050.jpg,land_pad,8050,noise,BOTH FAIL,False,False,0.0002631124679999995,Q1,0.4388706484995647,0.43872324618986347,0.0017347069175321958,0.006814732464406359,0.3088049151288869,0.3094273156099521,0.0,0.050659459084272385,0.2761821746826172,0.2255227155983448,0.40248465372301134,0.4843878028364582,0.08190314911344687,0,219,1,0,100,1,-119,0
land_pad__8075.jpg,land_pad,8075,noise,RECOVERED,False,True,0.00025717388399999964,Q1,0.4381850997521856,0.43805014130062997,0.0018721003704141024,0.006938090765264474,0.3103153696724622,0.3107573008000845,0.0,0.010486072860658169,0.18710583448410034,0.17661976162344217,0.454020579813103,0.5905461903774304,0.13652561056432738,0,222,1,1,110,0,-112,-1
land_pad__8100.jpg,land_pad,8100,noise,REGRESSED,True,False,0.0002492588400000001,Q1,0.44369908656340273,0.44348519805401004,0.002559058330514434,0.007589031706416434,0.3103816834882855,0.31059080743640977,0.0,0.02083105966448784,0.24645575881004333,0.2256246991455555,0.5315127525648872,0.48984411366445735,-0.04166863890042982,1,232,0,0,109,1,-123,1
land_pad__8125.jpg,land_pad,8125,noise,REGRESSED,True,False,0.00025717388399999964,Q1,0.4531202431238183,0.452884414944329,0.0027562655962948437,0.007821641038406543,0.3095239841443993,0.30993453468933846,0.0,0.02036607638001442,0.20971138775348663,0.1893453113734722,0.5325184554331162,0.44413316535355674,-0.08838529007955942,1,228,0,0,100,1,-128,1
land_pad__8150.jpg,land_pad,8150,noise,REGRESSED,True,False,0.0002443102469999988,Q1,0.4585387326333896,0.4582011852231823,0.0028672508071238495,0.007947978280531936,0.30742278063149536,0.3077869492324944,0.0,0.016088571399450302,0.09860170632600784,0.08251313492655754,0.6571388193909204,0.4892991798691202,-0.16783963952180025,1,219,0,0,99,1,-120,1
land_pad__8175.jpg,land_pad,8175,noise,BOTH PASS,True,True,0.0002017898300000008,Q1,0.46424661554599395,0.46395372715661826,0.003163020082166676,0.008267912826314242,0.3026719350888285,0.3032605542947584,0.0,0.001193754025734961,0.12279819697141647,0.12160444294568151,0.5005995039434693,0.5841854214123747,0.08358591746890542,1,248,0,1,98,0,-150,0
land_pad__8200.jpg,land_pad,8200,noise,RECOVERED,False,True,0.0002057316929999995,Q1,0.47054657086757823,0.47032542861294496,0.0034689043518192648,0.008600182730564784,0.2959434700049368,0.29679680048533164,0.0,0.03933858498930931,0.06354367733001709,0.02420509234070778,0.45849548094379045,0.5374448582397714,0.07894937729598095,0,248,1,1,94,0,-154,-1
land_pad__8225.jpg,land_pad,8225,noise,BOTH FAIL,False,False,0.0002017898300000008,Q1,0.4664884611532463,0.46620637968057627,0.0033446029431709132,0.008494583913446773,0.2934793277724874,0.2944217831406269,0.0,0.019125591963529587,0.09039992839097977,0.07127433642745018,0.4904944808860211,0.46528684159546846,-0.02520763929055264,0,260,1,0,86,1,-174,0
land_pad__8250.jpg,land_pad,8250,noise,RECOVERED,False,True,0.00023144660999999938,Q1,0.4626081380194543,0.4624305182362646,0.003121569507313791,0.008270041623232274,0.29405479272699003,0.29506251826942,0.0,0.011555568315088749,0.30238091945648193,0.2908253511413932,0.46400450704692603,0.7185833692853776,0.25457886223845155,0,223,1,1,98,0,-125,-1
land_pad__8275.jpg,land_pad,8275,noise,REGRESSED,True,False,0.00023740248400000175,Q1,0.4387206860444847,0.4386857827291506,0.0027802414033624425,0.007909084017918608,0.29787839916145264,0.29881778687467303,0.0,0.002567776245996356,0.24517670273780823,0.24260892649181187,0.5577752371164348,0.48743700832238646,-0.07033822879404839,1,236,0,0,97,1,-139,1
land_pad__8300.jpg,land_pad,8300,noise,BOTH PASS,True,True,0.00031850036399999946,Q2,0.4279214846857146,0.42795775341191755,0.00199472416571549,0.007124483734463255,0.3032182249398526,0.3042468068765583,0.0,0.0550805889070034,0.2286054641008377,0.1735248751938343,0.7133247489754366,0.7224616451341728,0.00913689615873614,1,219,0,1,106,0,-113,0
land_pad__8325.jpg,land_pad,8325,noise,RECOVERED,False,True,0.0003481796370000014,Q2,0.4213311700880681,0.4211521926520258,0.0014699310004807741,0.0066031057853711,0.3077958441463573,0.3088699974930072,0.0,0.1186327114701271,0.19649623334407806,0.07786352187395096,0.3076220249423163,0.5990804476126852,0.2914584226703689,0,209,1,1,78,0,-131,-1
land_pad__8350.jpg,land_pad,8350,noise,BOTH PASS,True,True,0.00042040240000000036,Q3,0.3960709099757461,0.39620433234007435,0.0007324380623046443,0.00584249509149779,0.3098161316423985,0.3109263934043074,0.0,0.21153989434242249,0.45217764377593994,0.24063774943351746,0.5880585853090016,0.6441596793253266,0.056101094016325015,1,225,0,1,102,0,-123,0
land_pad__8375.jpg,land_pad,8375,noise,BOTH PASS,True,True,0.0007616514600000007,Q3,0.4065866256608955,0.4064909382878507,0.0003917821041854732,0.005523600185366091,0.31335911774855785,0.31443094396025406,0.0,0.2837853729724884,0.5485969185829163,0.26481154561042786,0.5353874899235169,0.6032389341540266,0.0678514442305097,1,242,0,1,106,0,-136,0
land_pad__8400.jpg,land_pad,8400,noise,BOTH PASS,True,True,0.0009149615280000012,Q4,0.4382953877119071,0.4377707169485426,0.0005150165208974054,0.005688917944946031,0.3168844443757065,0.3179369822764012,0.0,0.2818969488143921,0.45260128378868103,0.17070433497428894,0.7590830488987427,0.5517783135806522,-0.20730473531809046,1,252,0,1,93,0,-159,0
land_pad__8425.jpg,land_pad,8425,noise,RECOVERED,False,True,0.0007399019399999979,Q3,0.4998045212632875,0.49898494502630836,0.00038029124191196577,0.005734908045582233,0.29899292083779244,0.3013186268554736,0.0,0.1857513189315796,0.7374991178512573,0.5517477989196777,0.48739664767408075,0.5336958873095359,0.046299239635455125,0,248,1,1,116,0,-132,-1
land_pad__8450.jpg,land_pad,8450,noise,BOTH PASS,True,True,0.0006923806200000022,Q3,0.5585919836572731,0.5571541672223345,0.000431298793671156,0.006015152411830153,0.21129423023253194,0.21667254404921213,0.0,0.17676733434200287,0.32995253801345825,0.15318520367145538,0.8553985482811381,0.6016949717990011,-0.25370357648213704,1,231,0,1,91,0,-140,0
land_pad__8475.jpg,land_pad,8475,noise,BOTH PASS,True,True,0.0008308858799999962,Q3,0.555263426158774,0.5532830644909154,0.0006434633351562772,0.0063384337194779825,0.15836818858711305,0.16696399380493782,0.0,0.4572318494319916,0.32404443621635437,-0.1331874132156372,0.7274216847892241,0.6547393731947534,-0.0726823115944707,1,253,0,1,91,0,-162,0
land_pad__8500.jpg,land_pad,8500,noise,BOTH PASS,True,True,0.000750753556999999,Q3,0.5388039955025228,0.536889561457182,0.0008040427712719047,0.006497812424973895,0.15468232126298767,0.16348443525054115,0.0,0.11070486158132553,0.5837289690971375,0.4730241075158119,0.7312371993081247,0.529744843001704,-0.2014923563064207,1,246,0,1,90,0,-156,0
land_pad__8525.jpg,land_pad,8525,noise,BOTH PASS,True,True,0.0007962504599999989,Q3,0.5299263616850816,0.5279979903634577,0.0007098630408161595,0.006373420496323504,0.16501166267879694,0.1730621426574832,0.0,0.3602811098098755,0.5946351885795593,0.23435407876968384,0.815823374250549,0.5686800041442355,-0.2471433701063135,1,243,0,1,92,0,-151,0
land_pad__8550.jpg,land_pad,8550,noise,BOTH PASS,True,True,0.0007913174359999958,Q3,0.5307306080818514,0.5288409531405733,0.0007280322292899787,0.006412896181367301,0.1659116417768139,0.17391764938751117,0.0,0.46346724033355713,0.5932705998420715,0.1298033595085144,0.6342395359053813,0.5200297403363304,-0.11420979556905086,1,246,0,1,94,0,-152,0
land_pad__8575.jpg,land_pad,8575,noise,BOTH PASS,True,True,0.0008308858800000042,Q3,0.5316148435056831,0.5296641097020743,0.0007186662303900217,0.006427845430034381,0.15976474163751486,0.1682062085086251,0.0,0.29406407475471497,0.6549051403999329,0.3608410656452179,0.7050615844338591,0.6160606273862066,-0.08900095704765254,1,242,0,1,99,0,-143,0
land_pad__8600.jpg,land_pad,8600,noise,BOTH PASS,True,True,0.0008744167000000014,Q3,0.5292045868805892,0.5273046603257296,0.0007571007415588763,0.00644908823765898,0.14959267949681634,0.15857330045695245,0.0,0.4357638657093048,0.651854932308197,0.2160910665988922,0.5771127378896708,0.699231523837772,0.12211878594810122,1,248,0,1,107,0,-141,0
land_pad__8625.jpg,land_pad,8625,noise,BOTH PASS,True,True,0.0009001203000000018,Q3,0.5231861040273956,0.5213546264503516,0.000753305768996373,0.006454956812651523,0.147870663775131,0.1569757242800877,0.0,0.29786649346351624,0.6076030135154724,0.3097365200519562,0.7794531952027445,0.5971101285792905,-0.182343066623454,1,245,0,1,113,0,-132,0
land_pad__8650.jpg,land_pad,8650,noise,BOTH PASS,True,True,0.0007359340120000038,Q3,0.5268243382625442,0.5250161192183675,0.0007586443265732999,0.00646202867820178,0.150187109234366,0.1591677579963557,0.0,0.45717504620552063,0.7110667824745178,0.2538917362689972,0.7399433049974877,0.5559173431023446,-0.1840259618951431,1,265,0,1,103,0,-162,0
land_pad__8675.jpg,land_pad,8675,noise,BOTH PASS,True,True,0.0008783846279999966,Q3,0.5243229016718758,0.5225278441023524,0.0006904014969269551,0.006355737925116815,0.16041894117046673,0.16855656715677458,0.0,0.5293179154396057,0.7449535727500916,0.21563565731048584,0.7562512451354659,0.5985720807659822,-0.1576791643694837,1,221,0,1,116,0,-105,0
land_pad__8700.jpg,land_pad,8700,noise,BOTH PASS,True,True,0.0009515769300000026,Q4,0.5245757121490457,0.5228945034687255,0.0006726244783937114,0.006338005117991985,0.17046316317879565,0.17807725263511812,0.0,0.468243271112442,0.6853252053260803,0.2170819342136383,0.6593448622462891,0.7776031922307677,0.1182583299844786,1,232,0,1,101,0,-131,0
land_pad2__2050.jpg,land_pad2,2050,occlusion,BOTH PASS,True,True,0.24079716533099993,Q4,0.48780909585517884,0.5128770308644143,0.00618646631322919,0.006012902097846759,0.23891656731350816,0.22256056956715484,0.30250000000000005,0.5659262537956238,0.00623340904712677,-0.559692844748497,0.845492966683349,0.7965840023038118,-0.04890896437953718,1,277,0,1,180,0,-97,0
land_pad2__2075.jpg,land_pad2,2075,occlusion,BOTH PASS,True,True,0.18180394185599996,Q4,0.5497918330276289,0.5596012589088207,0.006950434760986197,0.006648261598100357,0.21175473588101412,0.205059605782134,0.3025000000000001,0.6035495400428772,0.0795363187789917,-0.5240132212638855,0.8915335028421264,0.6432030699342884,-0.24833043290783796,1,264,0,1,143,0,-121,0
land_pad2__2100.jpg,land_pad2,2100,occlusion,BOTH PASS,True,True,0.21312163179000002,Q4,0.4980180673338404,0.5091833151756961,0.006352613707600164,0.006036236379633544,0.20993603732935723,0.20214439842115434,0.30250000000000005,0.7245398163795471,0.015699641779065132,-0.708840174600482,0.9275565727760896,0.7148271117969855,-0.21272946097910406,1,299,0,1,151,0,-148,0
land_pad2__2125.jpg,land_pad2,2125,occlusion,BOTH PASS,True,True,0.211238529438,Q4,0.5167506316770821,0.5305598269900301,0.005783557996890067,0.005452844111191555,0.2167323472067036,0.20740163805398068,0.3025000000000001,0.6507395505905151,0.01079621259123087,-0.6399433379992843,0.9800265413308265,0.779476751654608,-0.2005497896762185,1,296,0,1,172,0,-124,0
land_pad2__2150.jpg,land_pad2,2150,occlusion,BOTH PASS,True,True,0.22493207709999993,Q4,0.4958058534698467,0.5138789088474204,0.005358433856756408,0.005097284928294339,0.2264833562593162,0.2135910524772192,0.30250000000000005,0.5206764936447144,0.011556754820048809,-0.5091197388246655,0.824055279692656,0.7571275531606602,-0.06692772653199586,1,299,0,1,198,0,-101,0
land_pad2__2175.jpg,land_pad2,2175,occlusion,BOTH PASS,True,True,0.202008662232,Q4,0.5161069490646664,0.5390091678806024,0.006312998194197755,0.006179843866309408,0.22887310395448526,0.2126563119150485,0.3025,0.5773653984069824,0.009944434277713299,-0.5674209641292691,0.8628671778054712,0.6173861991256516,-0.24548097867981955,1,279,0,1,182,0,-97,0
land_pad2__2200.jpg,land_pad2,2200,occlusion,BOTH PASS,True,True,0.24893279037200003,Q4,0.5026663991702647,0.5311414571090698,0.005614592791648032,0.0054319960428188315,0.24064824156328027,0.22146729692242045,0.3025000000000001,0.660096287727356,0.008158205077052116,-0.6519380826503038,0.946823462946564,0.7061052930117755,-0.24071816993478856,1,282,0,1,199,0,-83,0
land_pad2__2225.jpg,land_pad2,2225,occlusion,BOTH PASS,True,True,0.28852421463800004,Q4,0.47974423837342955,0.5074844686453175,0.004364905357324534,0.004166603314003643,0.25153584781242344,0.23190003945124113,0.30250000000000005,0.5851832032203674,0.009979983791708946,-0.5752032194286585,0.9323857677177552,0.6943509536357083,-0.23803481408204685,1,272,0,1,203,0,-69,0
land_pad2__2250.jpg,land_pad2,2250,occlusion,BOTH PASS,True,True,0.28441178891999996,Q4,0.48121807139904127,0.5061819675306848,0.004138084841699004,0.0038963698716435492,0.25164267456615996,0.23351001536154678,0.3025,0.5035642981529236,0.006449670065194368,-0.4971146280877292,0.9722637155037617,0.6297311310188173,-0.3425325844849444,1,295,0,1,217,0,-78,0
land_pad2__2275.jpg,land_pad2,2275,occlusion,BOTH PASS,True,True,0.25798921491200005,Q4,0.4942079154574827,0.5185893358463097,0.0040780165731971185,0.00390912126021814,0.26152582163073473,0.24530440512272414,0.30250000000000005,0.5972226858139038,0.013074740767478943,-0.5841479450464249,0.8719290270419403,0.7699862387866631,-0.10194278825527725,1,299,0,1,189,0,-110,0
land_pad2__2300.jpg,land_pad2,2300,occlusion,BOTH PASS,True,True,0.25757993747200003,Q4,0.48870363392465704,0.5172246542310318,0.004932559740802263,0.00485746410549282,0.2582006967764469,0.24042504280905516,0.30250000000000005,0.3986183702945709,0.020484210923314095,-0.37813415937125683,0.9394804950070134,0.6860808110488703,-0.25339968395814305,1,299,0,1,169,0,-130,0
land_pad2__2325.jpg,land_pad2,2325,occlusion,BOTH PASS,True,True,0.27903436764600004,Q4,0.47221110369186153,0.4848696804542907,0.0036089500043226803,0.0033617458241179416,0.238485767278236,0.22515728426369727,0.30250000000000005,0.12946371734142303,0.05318077653646469,-0.07628294080495834,0.9690558221169885,0.6778203729093234,-0.2912354492076651,1,299,0,1,186,0,-113,0
land_pad2__2350.jpg,land_pad2,2350,occlusion,BOTH PASS,True,True,0.2938119927119999,Q4,0.4681879011718717,0.478869940968478,0.0032122642279666753,0.0029357071803822743,0.23448779351269572,0.22169749383540047,0.3025000000000001,0.37340301275253296,0.10295531153678894,-0.270447701215744,0.9442014197236989,0.7488952666236717,-0.1953061531000272,1,287,0,1,192,0,-95,0
land_pad2__2375.jpg,land_pad2,2375,occlusion,BOTH PASS,True,True,0.27436936383999994,Q4,0.47869144065043834,0.4860777471155115,0.002866948463354331,0.002589797854809228,0.2321968551726955,0.22120955023479533,0.3025000000000001,0.07294416427612305,0.011647519655525684,-0.06129664462059736,0.9568829376714137,0.6654227562853965,-0.29146018138601726,1,295,0,1,187,0,-108,0
land_pad2__2400.jpg,land_pad2,2400,occlusion,BOTH PASS,True,True,0.371244923442,Q4,0.4828364789374123,0.49298024041006383,0.0031315003500819913,0.0026239437791911453,0.2277492789690044,0.21336027076110578,0.30250000000000005,0.05156562849879265,0.010519646108150482,-0.041045982390642166,0.822546579924303,0.7130405548678811,-0.10950602505642193,1,293,0,1,212,0,-81,0
land_pad2__2425.jpg,land_pad2,2425,occlusion,BOTH PASS,True,True,0.348776078376,Q4,0.46845761248755124,0.4762390230857618,0.0020680633471677535,0.0017746194104568892,0.21601485687008973,0.20241807260835085,0.30250000000000005,0.16764773428440094,0.031387344002723694,-0.13626039028167725,0.9718973378584431,0.6800036662865602,-0.29189367157188295,1,299,0,1,230,0,-69,0
land_pad2__2450.jpg,land_pad2,2450,occlusion,BOTH PASS,True,True,0.5006960249760001,Q4,0.46744485000767694,0.4752468232280904,0.0013539698003832464,0.0010265353441036263,0.20790074911153725,0.18740376677745071,0.3025000000000001,0.016300911083817482,0.0062508960254490376,-0.010050015058368444,0.8043116051261027,0.6086779721525871,-0.19563363297351555,1,299,0,1,191,0,-108,0
land_pad2__2475.jpg,land_pad2,2475,occlusion,REGRESSED,True,False,0.786116673615,Q4,0.4773776205900237,0.483394334615501,0.0012235378639782314,0.0007631107905932703,0.18547290422817592,0.15222478940784914,0.30250000000000005,0.013643641956150532,0.21109884977340698,0.19745520781725645,0.7107103879614167,0.42680035040215625,-0.2839100375592605,1,299,0,0,180,1,-119,1
land_pad2__2500.jpg,land_pad2,2500,occlusion,BOTH PASS,True,True,0.738113872776,Q4,0.5237393204117364,0.5295351016490206,0.0012623375624498576,0.0009105024991744391,0.1970226762223471,0.16603454089816902,0.3025000000000001,0.024145837873220444,0.0052135358564555645,-0.01893230201676488,0.8485286804389086,0.5002688002058279,-0.34825988023308074,1,280,0,1,154,0,-126,0
land_pad2__2525.jpg,land_pad2,2525,occlusion,REGRESSED,True,False,0.8909045402879998,Q4,0.5121421682864238,0.5165267353266625,0.0012298566795515865,0.0008274519474468262,0.22380743053805952,0.19079167471186373,0.30250000000000005,0.012582685798406601,0.3839666247367859,0.3713839389383793,0.8326320126783525,0.449442225064439,-0.38318978761391354,1,268,0,0,116,1,-152,1
land_pad__6500.jpg,land_pad,6500,occlusion,REGRESSED,True,False,0.00043225391300000216,Q3,0.48355316836222,0.4835849141649199,0.004572898163985291,0.00457380847499256,0.26178951086334484,0.26178810235207395,0.3025,0.003606031881645322,0.011145580559968948,0.0075395486783236265,0.6383584607789481,0.48375748064904545,-0.15460098012990264,1,264,0,0,142,1,-122,1
land_pad__6525.jpg,land_pad,6525,occlusion,REGRESSED,True,False,0.00047478071399999824,Q3,0.4868440878446392,0.48688468554393727,0.004581368878270051,0.004582675531330416,0.25917797385224367,0.2591746461271429,0.30250000000000005,0.006106811109930277,0.006712311413139105,0.000605500303208828,0.5468499591066618,0.44587248402718055,-0.10097747507948124,1,257,0,0,143,1,-114,1
land_pad__6550.jpg,land_pad,6550,occlusion,REGRESSED,True,False,0.0005341330559999971,Q3,0.4919546384132125,0.4919990414195059,0.00461422948357095,0.004615406689568217,0.25573783464918604,0.2557320700938785,0.30250000000000005,0.0022064142394810915,0.006605707574635744,0.004399293335154653,0.5434836515248868,0.43185552748233635,-0.1116281240425504,1,246,0,0,136,1,-110,1
land_pad__6575.jpg,land_pad,6575,occlusion,BOTH PASS,True,True,0.00043225391300000216,Q3,0.4876673452603522,0.48769996771889396,0.004545558014798434,0.004546229026872748,0.2519039179842841,0.2518995780939127,0.3025,0.003927122335880995,0.020594142377376556,0.01666702004149556,0.5094439323676625,0.5501033200383898,0.0406593876707273,1,255,0,1,150,0,-105,0
land_pad__6600.jpg,land_pad,6600,occlusion,RECOVERED,False,True,0.0006172327699999982,Q3,0.4912540080821463,0.4913005484219304,0.004342761835610742,0.00434321852544681,0.25056730126439536,0.25056201190480926,0.30250000000000005,0.015397420153021812,0.004916331730782986,-0.010481088422238827,0.4558027101667819,0.645008195822982,0.18920548565620005,0,272,1,1,147,0,-125,-1
land_pad__6625.jpg,land_pad,6625,occlusion,REGRESSED,True,False,0.00045699006600000185,Q3,0.4909464919530364,0.49098275292122284,0.0039660334689541835,0.003966418538243935,0.25091537963115074,0.2509129925017446,0.30250000000000005,0.0025239079259335995,0.027798250317573547,0.025274342391639948,0.7322217139571047,0.44546501420919615,-0.2867566997479085,1,231,0,0,141,1,-90,1
land_pad__6650.jpg,land_pad,6650,occlusion,BOTH FAIL,False,False,0.0003531283199999987,Q2,0.48822115125393184,0.48824811423958286,0.0037996203491501186,0.0038002353330093405,0.2495890729495641,0.24958947758930153,0.3025000000000001,0.017309347167611122,0.0081858579069376,-0.009123489260673523,0.30962412288240193,0.45548185396390845,0.14585773108150651,0,263,1,0,156,1,-107,0
land_pad__6675.jpg,land_pad,6675,occlusion,REGRESSED,True,False,0.0004035798399999996,Q3,0.48789138513407354,0.4879171417481898,0.003835576761872194,0.003835940737265655,0.24672183520610028,0.2467224172040515,0.30250000000000005,0.004740387666970491,0.007146087009459734,0.0024056993424892426,0.5843872673938252,0.41816909007195313,-0.16621817732187205,1,254,0,0,158,1,-96,1
land_pad__6700.jpg,land_pad,6700,occlusion,REGRESSED,True,False,0.00039466897200000195,Q3,0.4893003727804412,0.4893237476835533,0.0037869163890721595,0.00378696390399867,0.24430190916989236,0.24430279636519087,0.3025000000000001,0.00996139645576477,0.006981921847909689,-0.0029794746078550816,0.5191905737759664,0.3454669822735264,-0.17372359150244004,1,257,0,0,142,1,-115,1
land_pad__6725.jpg,land_pad,6725,occlusion,REGRESSED,True,False,0.00034126064700000026,Q2,0.48788363099678195,0.48790031461083483,0.0036568873314254324,0.0036571023045393948,0.23973915282385633,0.23974156095538385,0.30250000000000005,0.0076233637519180775,0.007950610481202602,0.0003272467292845249,0.552077942860576,0.35655855216086096,-0.19551939069971502,1,255,0,0,146,1,-109,1
land_pad__6750.jpg,land_pad,6750,occlusion,REGRESSED,True,False,0.0002908064160000019,Q2,0.48890773957549527,0.48892279788513376,0.0037202606239021578,0.003720553067740242,0.23766654342449423,0.23767020766307062,0.3142853551024491,0.005153004080057144,0.007446751464158297,0.0022937473841011524,0.590011812823822,0.36857100788199687,-0.2214408049418251,1,246,0,0,143,1,-103,1
land_pad__6775.jpg,land_pad,6775,occlusion,REGRESSED,True,False,0.0003115876680000002,Q2,0.48884628832838245,0.48885920154651397,0.0035884364363837386,0.0035884599928939654,0.2373246972648215,0.23732663829609343,0.30250000000000005,0.007029872387647629,0.008608569391071796,0.0015786970034241676,0.6333278899446886,0.42377793442672523,-0.20954995551796335,1,247,0,0,145,1,-102,1
land_pad__6800.jpg,land_pad,6800,occlusion,BOTH FAIL,False,False,0.00033234706800000036,Q2,0.4872719269275549,0.4872870395433075,0.0035580674459726727,0.003558123119697468,0.2374631976935947,0.23746625380219713,0.3025000000000001,0.02641451545059681,0.008059367537498474,-0.018355147913098335,0.4318600932952875,0.383807755438552,-0.048052337856735516,0,253,1,0,153,1,-100,0
land_pad__6825.jpg,land_pad,6825,occlusion,BOTH FAIL,False,False,0.00034126064700000026,Q2,0.4870248302293898,0.4870395161542458,0.0035728075110808633,0.0035729426469175403,0.23823483437544285,0.2382376642540445,0.30250000000000005,0.04046609625220299,0.006954045034945011,-0.03351205121725798,0.38054853694869534,0.4519420935599067,0.07139355661121138,0,256,1,0,156,1,-100,0
land_pad__6850.jpg,land_pad,6850,occlusion,BOTH FAIL,False,False,0.00033234706800000036,Q2,0.4867342808819281,0.4867495370209822,0.003460471332539192,0.0034605231971308057,0.23855015403086394,0.23855271644201445,0.3025000000000001,0.03175857290625572,0.007543860003352165,-0.024214712902903557,0.14592426038372966,0.41785558940309425,0.27193132901936456,0,243,1,0,147,1,-96,0
land_pad__7450.jpg,land_pad,7450,occlusion,BOTH PASS,True,True,0.0003481796370000006,Q2,0.4865315639160079,0.48655194034581983,0.003642657508343403,0.0036423367876392775,0.2726134689139426,0.27261510459997207,0.3025000000000001,0.0311527531594038,0.2729242444038391,0.2417714912444353,0.7273222148646185,0.6866694570357393,-0.040652757828879116,1,282,0,1,139,0,-143,0
land_pad__7475.jpg,land_pad,7475,occlusion,REGRESSED,True,False,0.0002819146890000002,Q2,0.47916338405601977,0.4791772592681724,0.0034159457540576914,0.0034155449840225453,0.2881050863722756,0.2881060156139711,0.30250000000000005,0.03200703486800194,0.20869235694408417,0.17668532207608223,0.6059340294403662,0.4249069653582153,-0.1810270640821509,1,262,0,0,131,1,-131,1
land_pad__7500.jpg,land_pad,7500,occlusion,BOTH FAIL,False,False,0.00025717388399999964,Q1,0.46456333268243566,0.46458024515797014,0.0032221698257971737,0.003221928884084351,0.2970070152141237,0.29700830992921234,0.3384728903215537,0.1429702788591385,0.19266384840011597,0.04969356954097748,0.4776081923397126,0.4880819838018424,0.010473791462129844,0,287,1,0,121,1,-166,0
land_pad__7525.jpg,land_pad,7525,occlusion,BOTH FAIL,False,False,0.00024925884000000215,Q1,0.4542895546146117,0.4543009588985727,0.0029045867925347386,0.0029039489678739905,0.30173263547600465,0.30173169044095033,0.3142853551024491,0.20413607358932495,0.19181343913078308,-0.01232263445854187,0.48872177606982176,0.4333000640679311,-0.055421712001890666,0,300,1,0,129,1,-171,0
land_pad__7550.jpg,land_pad,7550,occlusion,REGRESSED,True,False,0.0002631124680000017,Q1,0.43376021042222757,0.4337623050866285,0.002610929192025447,0.0026100184030102276,0.30197184784511194,0.30197173652036713,0.3142853551024491,0.05959390476346016,0.6038060188293457,0.5442121140658855,0.6383779234873267,0.35236959527061107,-0.2860083282167156,1,279,0,0,162,1,-117,1
land_pad__7575.jpg,land_pad,7575,occlusion,REGRESSED,True,False,0.0002828888009999988,Q2,0.413421604818597,0.4134048513823972,0.00242568492773498,0.002425447895305311,0.3003896279508527,0.30039249468463797,0.3384728903215537,0.0029731886461377144,0.16157931089401245,0.15860612224787474,0.6193924759839808,0.4334639645960916,-0.18592851138788924,1,299,0,0,204,1,-95,1
land_pad__7600.jpg,land_pad,7600,occlusion,BOTH FAIL,False,False,0.00025717388399999893,Q1,0.4150731158125208,0.4150566998500298,0.0023730603914509656,0.002372658131013942,0.3018541432296127,0.3018559168318458,0.33847289032155364,0.023450713604688644,0.4362962245941162,0.41284551098942757,0.4467614599125022,0.29657057535945985,-0.15019088455304236,0,300,1,0,219,1,-81,0
land_pad__7625.jpg,land_pad,7625,occlusion,BOTH FAIL,False,False,0.00028288880099999953,Q2,0.4252266601437267,0.42520881670623645,0.002011470713991252,0.002011081663717073,0.3044434077586137,0.3044449294874199,0.3384728903215537,0.17630816996097565,0.2473233938217163,0.07101522386074066,0.3704920339700557,0.416984152099768,0.04649211812971232,0,300,1,0,206,1,-94,0
land_pad__7650.jpg,land_pad,7650,occlusion,BOTH FAIL,False,False,0.0002700251639999987,Q1,0.4448112563851386,0.4448150966032066,0.0018694810633598418,0.0018687195056410525,0.30444310518966616,0.304441222161781,0.3384728903215537,0.11145429313182831,0.14016593992710114,0.028711646795272827,0.2963392964232231,0.3132789844509725,0.016939688027749422,0,300,1,0,188,1,-112,0
land_pad__7675.jpg,land_pad,7675,occlusion,BOTH FAIL,False,False,0.0003046600440000029,Q2,0.4698048773562358,0.46981857413401323,0.0017693072364031474,0.0017686775062866144,0.29730758572521154,0.29730739317384314,0.31428535510244904,0.22736376523971558,0.04919913411140442,-0.17816463112831116,0.41189160757563525,0.2107978763277481,-0.20109373124788715,0,300,1,0,179,1,-121,0
land_pad__7700.jpg,land_pad,7700,occlusion,BOTH FAIL,False,False,0.0002492657639999986,Q1,0.4828914599989312,0.48290777898621834,0.0017869824779460138,0.0017867912099054216,0.2905264148482795,0.2905266887943335,0.3666616556240416,0.29390189051628113,0.3241675794124603,0.0302656888961792,0.40632680684172023,0.4594828953224703,0.05315608848075004,0,300,1,0,166,1,-134,0
land_pad__7725.jpg,land_pad,7725,occlusion,BOTH FAIL,False,False,0.0002443102469999988,Q1,0.4978070609275033,0.49782225112341894,0.001790713337142215,0.0017907110882407254,0.28136842551510177,0.28136847878078386,0.33847289032155364,0.37208253145217896,0.4689267575740814,0.09684422612190247,0.4812038919468533,0.4261658063767334,-0.05503808557011991,0,300,1,0,184,1,-116,0
land_pad__7750.jpg,land_pad,7750,occlusion,BOTH FAIL,False,False,0.0002700251639999987,Q1,0.5123704013679556,0.5123903278328225,0.0017017164033486056,0.0017015333172056806,0.2638644091964657,0.26386381110689516,0.3384728903215537,0.22689534723758698,0.288237065076828,0.06134171783924103,0.32700344313212715,0.4322662503928713,0.10526280726074416,0,300,1,0,197,1,-103,0
land_pad__7775.jpg,land_pad,7775,occlusion,RECOVERED,False,True,0.00027696609600000045,Q2,0.5226582602353639,0.5226784931418748,0.0015870822742989309,0.0015866289444738456,0.24351420218098974,0.24351126250634753,0.31428535510245165,0.20433655381202698,0.020338360220193863,-0.18399819359183311,0.4140292683009133,0.5006158842676164,0.08658661596670308,0,300,1,1,167,0,-133,-1
land_pad__7800.jpg,land_pad,7800,occlusion,BOTH FAIL,False,False,0.00023740248399999945,Q1,0.5251414810037601,0.5251589249034109,0.0018562749403345424,0.0018559457318216449,0.229453728720989,0.22944898828927057,0.3666616556240416,0.29704540967941284,0.1506781131029129,-0.14636729657649994,0.2740049507466493,0.25033608732094875,-0.02366886342570057,0,294,1,0,153,1,-141,0
land_pad__7825.jpg,land_pad,7825,occlusion,BOTH FAIL,False,False,0.0002700251639999987,Q1,0.5121087739052602,0.5121272767741359,0.0018588677308651294,0.0018590087184656384,0.23969508863917677,0.2396912993053908,0.3384728903215537,0.48484572768211365,0.5205767750740051,0.03573104739189148,0.37292767093024615,0.2573443234091268,-0.11558334752111937,0,300,1,0,139,1,-161,0
land_pad__7850.jpg,land_pad,7850,occlusion,BOTH FAIL,False,False,0.00025717388399999964,Q1,0.5008531063834275,0.5008688124874272,0.0019570682787361494,0.0019565777161416357,0.2584200005024963,0.25841787142281875,0.3384728903215537,0.2505508065223694,0.21532860398292542,-0.03522220253944397,0.22212276154362853,0.4700983266075378,0.24797556506390928,0,300,1,0,155,1,-145,0
land_pad__7875.jpg,land_pad,7875,occlusion,BOTH FAIL,False,False,0.0002700251639999987,Q1,0.49551127383291715,0.4955285780882742,0.0022228739723108085,0.0022225040082686576,0.2656381535984084,0.265636868127162,0.3384728903215537,0.12646813690662384,0.19981633126735687,0.07334819436073303,0.36169743508257135,0.4178721758097991,0.05617474072722772,0,300,1,0,139,1,-161,0
land_pad__7900.jpg,land_pad,7900,occlusion,BOTH FAIL,False,False,0.00030466004400000037,Q2,0.4911805823368744,0.4911992597611169,0.0022781415864036097,0.00227770752077327,0.26380655478674625,0.2638073045872535,0.31428535510245165,0.2160959243774414,0.23163935542106628,0.015543431043624878,0.2811811223212922,0.438815472815463,0.1576343504941708,0,300,1,0,155,1,-145,0
land_pad__7925.jpg,land_pad,7925,occlusion,BOTH FAIL,False,False,0.0002700251639999987,Q1,0.48995563035317696,0.4899726242878819,0.0021698887260118154,0.0021690703762125476,0.26790942076962465,0.2679088317158659,0.3384728903215537,0.2996285557746887,0.3827899098396301,0.0831613540649414,0.3597806086279639,0.4363795360288522,0.0765989274008883,0,300,1,0,171,1,-129,0
land_pad__7950.jpg,land_pad,7950,occlusion,BOTH FAIL,False,False,0.00025717388399999964,Q1,0.4838746915897596,0.4838875155907038,0.002040328408934428,0.002039946163579941,0.27740113886036005,0.2774011687855377,0.3384728903215537,0.21635541319847107,0.039261020720005035,-0.17709439247846603,0.40690302268293166,0.3856648718681783,-0.02123815081475333,0,300,1,0,191,1,-109,0
land_pad__7975.jpg,land_pad,7975,occlusion,BOTH FAIL,False,False,0.00030466004400000037,Q2,0.4759731946572402,0.4759875198343381,0.0018703305429166295,0.0018698643670482602,0.2872238373302816,0.2872247130816964,0.31428535510245165,0.08743869513273239,0.16724610328674316,0.07980740815401077,0.38640733277532346,0.4215694862513513,0.03516215347602786,0,300,1,0,176,1,-124,0
land_pad__8000.jpg,land_pad,8000,occlusion,BOTH FAIL,False,False,0.0002443102469999988,Q1,0.46062243883638143,0.46063035589201545,0.0016955465912011814,0.0016949572838022974,0.29795859389938134,0.2979601991764541,0.33847289032155364,0.13326770067214966,0.04185960441827774,-0.09140809625387192,0.41525538922144584,0.4313622067234906,0.01610681750204479,0,300,1,0,171,1,-129,0
land_pad__8025.jpg,land_pad,8025,occlusion,RECOVERED,False,True,0.0002631124679999995,Q1,0.44550213876872374,0.44550651816892517,0.0015079060017755119,0.0015071944673157951,0.30723000591040134,0.30722997858092493,0.31428535510245165,0.26056987047195435,0.21800497174263,-0.04256489872932434,0.37453739257497615,0.6329793950240487,0.2584420024490725,0,300,1,1,163,0,-137,-1
land_pad__8050.jpg,land_pad,8050,occlusion,BOTH PASS,True,True,0.0002631124679999995,Q1,0.4388706484995647,0.4388733133781639,0.0017347069175321958,0.0017338447053729632,0.3088049151288869,0.308805049102458,0.31428535510245165,0.06669481098651886,0.37756821513175964,0.3108734041452408,0.5135701122451054,0.5058836811499209,-0.0076864310951845205,1,284,0,1,141,0,-143,0
land_pad__8075.jpg,land_pad,8075,occlusion,RECOVERED,False,True,0.00025717388399999964,Q1,0.4381850997521856,0.4381903752032699,0.0018721003704141024,0.0018711526018275885,0.3103153696724622,0.3103143830606016,0.3384728903215537,0.1848205178976059,0.2742600440979004,0.0894395262002945,0.29223793075889815,0.5443936136700299,0.2521556829111318,0,296,1,1,136,0,-160,-1
land_pad__8100.jpg,land_pad,8100,occlusion,REGRESSED,True,False,0.0002492588400000001,Q1,0.44369908656340273,0.4437037956792968,0.002559058330514434,0.002558174997709984,0.3103816834882855,0.3103808721440915,0.3142853551024517,0.08563830703496933,0.41014519333839417,0.32450688630342484,0.5149236755623783,0.44503107979076784,-0.06989259577161044,1,280,0,0,137,1,-143,1
land_pad__8125.jpg,land_pad,8125,occlusion,BOTH FAIL,False,False,0.00025717388399999964,Q1,0.4531202431238183,0.45313090651722254,0.0027562655962948437,0.0027557061707491433,0.3095239841443993,0.30952350643418736,0.3384728903215537,0.11813117563724518,0.15613581240177155,0.03800463676452637,0.3516901637110932,0.39855083168184174,0.04686066797074856,0,278,1,0,137,1,-141,0
land_pad__8150.jpg,land_pad,8150,occlusion,BOTH FAIL,False,False,0.0002443102469999988,Q1,0.4585387326333896,0.4585525806924853,0.0028672508071238495,0.002867447391890398,0.30742278063149536,0.3074237144959785,0.33847289032155364,0.10377731919288635,0.11563146859407425,0.011854149401187897,0.3520131080886512,0.48389592342368676,0.13188281533503554,0,256,1,0,133,1,-123,0
land_pad__8175.jpg,land_pad,8175,occlusion,RECOVERED,False,True,0.0002017898300000008,Q1,0.46424661554599395,0.4642627367038657,0.003163020082166676,0.0031629397110143004,0.3026719350888285,0.30267178653407745,0.3666616556240381,0.04980315640568733,0.2930176258087158,0.2432144694030285,0.42743937756514944,0.5487161258271358,0.12127674826198637,0,275,1,1,132,0,-143,-1
land_pad__8200.jpg,land_pad,8200,occlusion,BOTH FAIL,False,False,0.0002057316929999995,Q1,0.47054657086757823,0.47056201319902347,0.0034689043518192648,0.003469149895211206,0.2959434700049368,0.2959449120549061,0.3384728903215536,0.11275891214609146,0.3025650978088379,0.18980618566274643,0.4048567294560282,0.4632899240214208,0.05843319456539259,0,283,1,0,140,1,-143,0
land_pad__8225.jpg,land_pad,8225,occlusion,BOTH FAIL,False,False,0.0002017898300000008,Q1,0.4664884611532463,0.46650569170744854,0.0033446029431709132,0.003344545747791764,0.2934793277724874,0.293479496181562,0.3666616556240381,0.1542496234178543,0.13431766629219055,-0.019931957125663757,0.4953244328028055,0.37473602928050426,-0.12058840352230127,0,299,1,0,141,1,-158,0
land_pad__8250.jpg,land_pad,8250,occlusion,BOTH PASS,True,True,0.00023144660999999938,Q1,0.4626081380194543,0.4626225640507642,0.003121569507313791,0.0031216918163320447,0.29405479272699003,0.29405657933722706,0.3384728903215537,0.04719710350036621,0.17589527368545532,0.1286981701850891,0.5211928141231074,0.559220804991449,0.03802799086834163,1,284,0,1,137,0,-147,0
land_pad__8275.jpg,land_pad,8275,occlusion,BOTH FAIL,False,False,0.00023740248400000175,Q1,0.4387206860444847,0.4387307443126177,0.0027802414033624425,0.0027798168688051555,0.29787839916145264,0.2978781802608812,0.3666616556240381,0.17120127379894257,0.4164501130580902,0.24524883925914764,0.43941835155059006,0.47568552332502306,0.036267171774433005,0,293,1,0,159,1,-134,0
land_pad__8300.jpg,land_pad,8300,occlusion,BOTH PASS,True,True,0.00031850036399999946,Q2,0.4279214846857146,0.4279257477156715,0.00199472416571549,0.0019937926545640517,0.3032182249398526,0.3032175849506421,0.31428535510245165,0.19818583130836487,0.21598376333713531,0.017797932028770447,0.6135006211275887,0.569322024672065,-0.04417859645552369,1,295,0,1,134,0,-161,0
land_pad__8325.jpg,land_pad,8325,occlusion,RECOVERED,False,True,0.0003481796370000014,Q2,0.4213311700880681,0.42132355947407785,0.0014699310004807741,0.001468741217436682,0.3077958441463573,0.30779435330199423,0.30250000000000005,0.27411532402038574,0.236536905169487,-0.03757841885089874,0.30765082891432494,0.5682769534737255,0.2606261245594006,0,291,1,1,142,0,-149,-1
land_pad__8350.jpg,land_pad,8350,occlusion,BOTH PASS,True,True,0.00042040240000000036,Q3,0.3960709099757461,0.39604335350184844,0.0007324380623046443,0.0007315921855407021,0.3098161316423985,0.30982061489965756,0.3025000000000001,0.5088857412338257,0.4938419759273529,-0.015043765306472778,0.5053495642651343,0.6363091889869364,0.13095962472180211,1,299,0,1,140,0,-159,0
land_pad__8375.jpg,land_pad,8375,occlusion,BOTH PASS,True,True,0.0007616514600000007,Q3,0.4065866256608955,0.40654453066445184,0.0003917821041854732,0.00039117667101659843,0.31335911774855785,0.3133625259112946,0.30250000000000005,0.5318118333816528,0.12470627576112747,-0.40710555762052536,0.5273543995869134,0.7201719528185732,0.19281755323165972,1,292,0,1,136,0,-156,0
land_pad__8400.jpg,land_pad,8400,occlusion,BOTH PASS,True,True,0.0009149615280000012,Q4,0.4382953877119071,0.43829195478969457,0.0005150165208974054,0.0005137743901369896,0.3168844443757065,0.31687777466489114,0.3025,0.28093549609184265,0.16734613478183746,-0.11358936131000519,0.6489750842412844,0.6279833835416451,-0.020991700699639293,1,299,0,1,123,0,-176,0
land_pad__8425.jpg,land_pad,8425,occlusion,REGRESSED,True,False,0.0007399019399999979,Q3,0.4998045212632875,0.4998545371943741,0.00038029124191196577,0.0003810369305669947,0.29899292083779244,0.2989803571385529,0.30250000000000005,0.09601567685604095,0.4012456238269806,0.30522994697093964,0.6760912802800728,0.49454296305374734,-0.18154831722632547,1,299,0,0,151,1,-148,1
land_pad__8450.jpg,land_pad,8450,occlusion,BOTH PASS,True,True,0.0006923806200000022,Q3,0.5585919836572731,0.5586467125832618,0.000431298793671156,0.0004328052639805801,0.21129423023253194,0.21126089864778685,0.30250000000000005,0.35509538650512695,0.2142619490623474,-0.14083343744277954,0.7221263748768207,0.6060336968605533,-0.11609267801626744,1,299,0,1,129,0,-170,0
land_pad__8475.jpg,land_pad,8475,occlusion,BOTH PASS,True,True,0.0008308858799999962,Q3,0.555263426158774,0.5553535510341319,0.0006434633351562772,0.0006464770254260742,0.15836818858711305,0.15829033726585334,0.30250000000000005,0.3522583544254303,0.08935937285423279,-0.2628989815711975,0.6778211840173657,0.5509964403550178,-0.12682474366234786,1,275,0,1,114,0,-161,0
land_pad__8500.jpg,land_pad,8500,occlusion,BOTH PASS,True,True,0.000750753556999999,Q3,0.5388039955025228,0.5388779759459602,0.0008040427712719047,0.000806399098647687,0.15468232126298767,0.15462039384009185,0.30250000000000005,0.4247454106807709,0.24633386731147766,-0.1784115433692932,0.7594173759261952,0.6055005995538847,-0.1539167763723105,1,284,0,1,113,0,-171,0
land_pad__8525.jpg,land_pad,8525,occlusion,BOTH PASS,True,True,0.0007962504599999989,Q3,0.5299263616850816,0.5300111024971271,0.0007098630408161595,0.0007129419248332167,0.16501166267879694,0.16494254601428004,0.30250000000000005,0.653099775314331,0.14213667809963226,-0.5109630972146988,0.8371352909787768,0.6048859131031622,-0.23224937787561462,1,289,0,1,127,0,-162,0
land_pad__8550.jpg,land_pad,8550,occlusion,BOTH PASS,True,True,0.0007913174359999958,Q3,0.5307306080818514,0.5308093791003542,0.0007280322292899787,0.0007301217767865105,0.1659116417768139,0.16584080243617796,0.3025000000000001,0.3504023849964142,0.015605761669576168,-0.334796623326838,0.7272055350692317,0.6054291425642742,-0.12177639250495753,1,279,0,1,137,0,-142,0
land_pad__8575.jpg,land_pad,8575,occlusion,BOTH PASS,True,True,0.0008308858800000042,Q3,0.5316148435056831,0.5316976370556372,0.0007186662303900217,0.0007206638974636627,0.15976474163751486,0.15968680399204666,0.3025,0.22774045169353485,0.046226054430007935,-0.18151439726352692,0.6661703088377687,0.5870884453467508,-0.07908186349101798,1,277,0,1,137,0,-140,0
land_pad__8600.jpg,land_pad,8600,occlusion,BOTH PASS,True,True,0.0008744167000000014,Q3,0.5292045868805892,0.5292895022480019,0.0007571007415588763,0.0007588063176026533,0.14959267949681634,0.14950334544446756,0.3025,0.4624748229980469,0.08731230348348618,-0.3751625195145607,0.5628949743955375,0.654022809123951,0.09112783472841357,1,259,0,1,138,0,-121,0
land_pad__8625.jpg,land_pad,8625,occlusion,BOTH PASS,True,True,0.0009001203000000018,Q3,0.5231861040273956,0.5232645453302054,0.000753305768996373,0.0007544037288716952,0.147870663775131,0.1477832291819576,0.3025,0.4455520510673523,0.2295036017894745,-0.2160484492778778,0.8216865578640828,0.7861360558341316,-0.03555050202995125,1,254,0,1,136,0,-118,0
land_pad__8650.jpg,land_pad,8650,occlusion,BOTH PASS,True,True,0.0007359340120000038,Q3,0.5268243382625442,0.5268789159072151,0.0007586443265732999,0.0007594406362179875,0.150187109234366,0.15012367476320335,0.3025,0.6851161122322083,0.26079556345939636,-0.4243205487728119,0.699066494856422,0.7279549211241849,0.02888842626776289,1,244,0,1,130,0,-114,0
land_pad__8675.jpg,land_pad,8675,occlusion,BOTH PASS,True,True,0.0008783846279999966,Q3,0.5243229016718758,0.5243878905744213,0.0006904014969269551,0.0006916081513068704,0.16041894117046673,0.16034994842910896,0.30250000000000005,0.5389931797981262,0.06981121003627777,-0.46918196976184845,0.7272338961464238,0.6860009346948865,-0.04123296145153721,1,251,0,1,142,0,-109,0
land_pad__8700.jpg,land_pad,8700,occlusion,BOTH PASS,True,True,0.0009515769300000026,Q4,0.5245757121490457,0.5246603365908468,0.0006726244783937114,0.0006744271552862609,0.17046316317879565,0.17038166062551494,0.30250000000000005,0.026562808081507683,0.2264319658279419,0.1998691577464342,0.5391922055168396,0.6816175244488041,0.14242531893196453,1,281,0,1,129,0,-152,0
