frame_id,sequence,representation,source_sha256,derived_sha256,label_sha256,quality,filename,width,height,codec,subsampling,file_size,file_size_delta,pixel_mae,pixel_rmse,psnr_db,pixels_identical
land_pad__6500.jpg,land_pad,RAW_SOURCE,f72c47ffb3e3d3345c63da92a5de3a9dd2e9c067dd97461609ab97a9c488e8e1,f72c47ffb3e3d3345c63da92a5de3a9dd2e9c067dd97461609ab97a9c488e8e1,51640b1d3de4656f6fc1afc64a4ee6f2748ebf4805253d426bf9a255b2077bc4,,land_pad__6500.jpg,1052,961,JPEG,2,494214,0,0.0,0.0,,True
land_pad__6500.jpg,land_pad,HISTORICAL_Q95,f72c47ffb3e3d3345c63da92a5de3a9dd2e9c067dd97461609ab97a9c488e8e1,57594893904b9ca47c874fa09e6ad0a375b75d27782ae9616e19b45e8b135396,51640b1d3de4656f6fc1afc64a4ee6f2748ebf4805253d426bf9a255b2077bc4,95,land_pad__6500.jpg,1052,961,JPEG,2,494417,203,0.151254436324646,0.4823319351330613,54.46388325960838,False
land_pad__6500.jpg,land_pad,Q90,f72c47ffb3e3d3345c63da92a5de3a9dd2e9c067dd97461609ab97a9c488e8e1,4ad8a9796b46d51efccf9753ef7b911927ab32f3477508db103a6c2d221ee32d,51640b1d3de4656f6fc1afc64a4ee6f2748ebf4805253d426bf9a255b2077bc4,90,land_pad__6500.jpg,1052,961,JPEG,2,376677,-117537,2.7398233251431954,3.705531433552757,36.7537935750117,False
land_pad__6500.jpg,land_pad,Q100,f72c47ffb3e3d3345c63da92a5de3a9dd2e9c067dd97461609ab97a9c488e8e1,915a553e6c6e6b5957a1fcac9f3b0c4138eade493f9723c2063135d773fb7d6e,51640b1d3de4656f6fc1afc64a4ee6f2748ebf4805253d426bf9a255b2077bc4,100,land_pad__6500.jpg,1052,961,JPEG,2,852235,358021,0.24318444691511404,0.6238877860706413,52.22867393915712,False
land_pad__6500.jpg,land_pad,LOSSLESS_PNG,f72c47ffb3e3d3345c63da92a5de3a9dd2e9c067dd97461609ab97a9c488e8e1,3d000d9a2e0f22eefda87125e5860bb8b9be14da441b5e31189a1a2271ff8396,51640b1d3de4656f6fc1afc64a4ee6f2748ebf4805253d426bf9a255b2077bc4,,land_pad__6500.png,1052,961,PNG,,1695603,1201389,0.0,0.0,,True
land_pad__6525.jpg,land_pad,RAW_SOURCE,31045f31c54082b0022ad67444ff0ed6268ee2f34d201ce412bbb5dafe802352,31045f31c54082b0022ad67444ff0ed6268ee2f34d201ce412bbb5dafe802352,a225e211cd8c78fb20fafc8d2bae4ec34350075954198e5c0976be37f451ca98,,land_pad__6525.jpg,1052,961,JPEG,2,492141,0,0.0,0.0,,True
land_pad__6525.jpg,land_pad,HISTORICAL_Q95,31045f31c54082b0022ad67444ff0ed6268ee2f34d201ce412bbb5dafe802352,9de0a3730c83cb72a56631a6636bb0d6f0d5ea8ea2d7d10dcdc6836872c4a1c2,a225e211cd8c78fb20fafc8d2bae4ec34350075954198e5c0976be37f451ca98,95,land_pad__6525.jpg,1052,961,JPEG,2,492371,230,0.1499589833678216,0.48025105186322337,54.50143711383401,False
land_pad__6525.jpg,land_pad,Q90,31045f31c54082b0022ad67444ff0ed6268ee2f34d201ce412bbb5dafe802352,8d943143c8b9c9aeb6de35f912b1c27fc634db8a390b667198dcca027921f834,a225e211cd8c78fb20fafc8d2bae4ec34350075954198e5c0976be37f451ca98,90,land_pad__6525.jpg,1052,961,JPEG,2,375015,-117126,2.7148377996621074,3.680440312621475,36.81280802921604,False
land_pad__6525.jpg,land_pad,Q100,31045f31c54082b0022ad67444ff0ed6268ee2f34d201ce412bbb5dafe802352,8d6344e0e9f63f708b6445be9875801bdef9b79329880045ac93315a355053ee,a225e211cd8c78fb20fafc8d2bae4ec34350075954198e5c0976be37f451ca98,100,land_pad__6525.jpg,1052,961,JPEG,2,847995,355854,0.23933369733945814,0.6181748605244318,52.308576818252284,False
land_pad__6525.jpg,land_pad,LOSSLESS_PNG,31045f31c54082b0022ad67444ff0ed6268ee2f34d201ce412bbb5dafe802352,5b575e7055a910289828c2f734d1dbb9c47088e2117984b0a0a5ec8dd86ced9b,a225e211cd8c78fb20fafc8d2bae4ec34350075954198e5c0976be37f451ca98,,land_pad__6525.png,1052,961,PNG,,1688003,1195862,0.0,0.0,,True
land_pad__6550.jpg,land_pad,RAW_SOURCE,1f3a2a5b4e074bcd5bb05411ebdabc28392e13c8ad7004d2ab4748d5b488cc08,1f3a2a5b4e074bcd5bb05411ebdabc28392e13c8ad7004d2ab4748d5b488cc08,5a1f431305ee0e535c35e9b11bd869aff299fdd8c2092bcaef90b049c2665d8a,,land_pad__6550.jpg,1052,961,JPEG,2,490628,0,0.0,0.0,,True
land_pad__6550.jpg,land_pad,HISTORICAL_Q95,1f3a2a5b4e074bcd5bb05411ebdabc28392e13c8ad7004d2ab4748d5b488cc08,9cc61a23397e5fbf180cfb394134eb0770c0555ba62f5d00baf0d26069d4ceb8,5a1f431305ee0e535c35e9b11bd869aff299fdd8c2092bcaef90b049c2665d8a,95,land_pad__6550.jpg,1052,961,JPEG,2,490874,246,0.14406927194818453,0.46883362355255953,54.71042859627286,False
land_pad__6550.jpg,land_pad,Q90,1f3a2a5b4e074bcd5bb05411ebdabc28392e13c8ad7004d2ab4748d5b488cc08,6d8f61e50f5744270851b22838d3191d3e8ae9c039a67a9b5d0d91d83b96d157,5a1f431305ee0e535c35e9b11bd869aff299fdd8c2092bcaef90b049c2665d8a,90,land_pad__6550.jpg,1052,961,JPEG,2,373994,-116634,2.6798823310635704,3.6375823161320553,36.91454701051845,False
land_pad__6550.jpg,land_pad,Q100,1f3a2a5b4e074bcd5bb05411ebdabc28392e13c8ad7004d2ab4748d5b488cc08,a2431c65a5e0a242ce6ffce8ff012a203c68d0864e033ba4e91df537a8fa4c36,5a1f431305ee0e535c35e9b11bd869aff299fdd8c2092bcaef90b049c2665d8a,100,land_pad__6550.jpg,1052,961,JPEG,2,843983,353355,0.2305873291578138,0.6032204389383645,52.52128264216875,False
land_pad__6550.jpg,land_pad,LOSSLESS_PNG,1f3a2a5b4e074bcd5bb05411ebdabc28392e13c8ad7004d2ab4748d5b488cc08,ff6f4483cd67b000a3a701d4685bdbc4a3500573eb17764b6a2e17142b8636ae,5a1f431305ee0e535c35e9b11bd869aff299fdd8c2092bcaef90b049c2665d8a,,land_pad__6550.png,1052,961,PNG,,1683041,1192413,0.0,0.0,,True
land_pad__6575.jpg,land_pad,RAW_SOURCE,fa0a6563e3286533256448ed9d067fc016baf5cca1bbe331272d1c0aa4dcdd0b,fa0a6563e3286533256448ed9d067fc016baf5cca1bbe331272d1c0aa4dcdd0b,1cdbf293aaf7ae8cb877ff159c3f9acacddcbb27756bd62e05761b9c6d68e5d8,,land_pad__6575.jpg,1052,961,JPEG,2,487005,0,0.0,0.0,,True
land_pad__6575.jpg,land_pad,HISTORICAL_Q95,fa0a6563e3286533256448ed9d067fc016baf5cca1bbe331272d1c0aa4dcdd0b,2ee7b9f46519ff946a5b1219f712ab9c535626ce375c2458bceeb0db57b67893,1cdbf293aaf7ae8cb877ff159c3f9acacddcbb27756bd62e05761b9c6d68e5d8,95,land_pad__6575.jpg,1052,961,JPEG,2,487144,139,0.1405924199681099,0.463242711814736,54.81463170265607,False
land_pad__6575.jpg,land_pad,Q90,fa0a6563e3286533256448ed9d067fc016baf5cca1bbe331272d1c0aa4dcdd0b,dea76a918a524627982bee75ed109c598f8203dfd65567e812707ce7a95af48e,1cdbf293aaf7ae8cb877ff159c3f9acacddcbb27756bd62e05761b9c6d68e5d8,90,land_pad__6575.jpg,1052,961,JPEG,2,371175,-115830,2.660135987940319,3.6281483130592456,36.93710296800348,False
land_pad__6575.jpg,land_pad,Q100,fa0a6563e3286533256448ed9d067fc016baf5cca1bbe331272d1c0aa4dcdd0b,0584fb10cee2c118f0005aff42e4ec7d051c668ec8937b21c07d786c8d896126,1cdbf293aaf7ae8cb877ff159c3f9acacddcbb27756bd62e05761b9c6d68e5d8,100,land_pad__6575.jpg,1052,961,JPEG,2,838898,351893,0.22732775981926304,0.5980190511809252,52.59650321683871,False
land_pad__6575.jpg,land_pad,LOSSLESS_PNG,fa0a6563e3286533256448ed9d067fc016baf5cca1bbe331272d1c0aa4dcdd0b,96f311aba592ba92993a386c5350e6ced43f89a54e914c7b8cba719c08381d64,1cdbf293aaf7ae8cb877ff159c3f9acacddcbb27756bd62e05761b9c6d68e5d8,,land_pad__6575.png,1052,961,PNG,,1671137,1184132,0.0,0.0,,True
land_pad__6600.jpg,land_pad,RAW_SOURCE,95142936d577a13eb25bd70c8b347f3c26737c6880fc1835795e0dd29fc8c617,95142936d577a13eb25bd70c8b347f3c26737c6880fc1835795e0dd29fc8c617,0a888f6e3db22380450ce475077cdc761aea1a93d924b5a8610e1bbf5e01c783,,land_pad__6600.jpg,1052,961,JPEG,2,496622,0,0.0,0.0,,True
land_pad__6600.jpg,land_pad,HISTORICAL_Q95,95142936d577a13eb25bd70c8b347f3c26737c6880fc1835795e0dd29fc8c617,515e118a610801c9a948c194c81ae1995cd0fe4deb91222c40a009ba3c2dad90,0a888f6e3db22380450ce475077cdc761aea1a93d924b5a8610e1bbf5e01c783,95,land_pad__6600.jpg,1052,961,JPEG,2,496758,136,0.14982412964948585,0.4832354740416173,54.44762744678879,False
land_pad__6600.jpg,land_pad,Q90,95142936d577a13eb25bd70c8b347f3c26737c6880fc1835795e0dd29fc8c617,b00938cf7fe9f6ef65b1a91e62292904e9b4e71be978ec7535d06b637e18a8b2,0a888f6e3db22380450ce475077cdc761aea1a93d924b5a8610e1bbf5e01c783,90,land_pad__6600.jpg,1052,961,JPEG,2,378220,-118402,2.7937001882017176,3.7429426638744743,36.66654011984324,False
land_pad__6600.jpg,land_pad,Q100,95142936d577a13eb25bd70c8b347f3c26737c6880fc1835795e0dd29fc8c617,43610b82b8208bd8e21f4606f9df0825d3d32627575846b4be04137735043241,0a888f6e3db22380450ce475077cdc761aea1a93d924b5a8610e1bbf5e01c783,100,land_pad__6600.jpg,1052,961,JPEG,2,856840,360218,0.2417811769267596,0.6244044310406117,52.22148408186898,False
land_pad__6600.jpg,land_pad,LOSSLESS_PNG,95142936d577a13eb25bd70c8b347f3c26737c6880fc1835795e0dd29fc8c617,8bb52990038998a9410284577dd90e7f44c59a5704ea979b9c4bf257af78b4d8,0a888f6e3db22380450ce475077cdc761aea1a93d924b5a8610e1bbf5e01c783,,land_pad__6600.png,1052,961,PNG,,1703926,1207304,0.0,0.0,,True
land_pad__6625.jpg,land_pad,RAW_SOURCE,393e028560483b5dd13ffebc9e2f554245d8fce9b7a2dfb5f16cecd0d3865400,393e028560483b5dd13ffebc9e2f554245d8fce9b7a2dfb5f16cecd0d3865400,e0331afcb3838a49f63c8b05e8444822a4c4a17297550d14295072767b2eee1e,,land_pad__6625.jpg,1052,961,JPEG,2,484162,0,0.0,0.0,,True
land_pad__6625.jpg,land_pad,HISTORICAL_Q95,393e028560483b5dd13ffebc9e2f554245d8fce9b7a2dfb5f16cecd0d3865400,c41402941e91d4687c68e56f3617953414e429895c25621d160a1edc94341a44,e0331afcb3838a49f63c8b05e8444822a4c4a17297550d14295072767b2eee1e,95,land_pad__6625.jpg,1052,961,JPEG,2,484278,116,0.1394608357105835,0.4606260246558042,54.86383418296157,False
land_pad__6625.jpg,land_pad,Q90,393e028560483b5dd13ffebc9e2f554245d8fce9b7a2dfb5f16cecd0d3865400,4f3f29d6c70094ebf323f2cf586e6999197cdc0d90733de8b22d0d1b47648bae,e0331afcb3838a49f63c8b05e8444822a4c4a17297550d14295072767b2eee1e,90,land_pad__6625.jpg,1052,961,JPEG,2,368963,-115199,2.677088649998879,3.6181892335238306,36.96097806894925,False
land_pad__6625.jpg,land_pad,Q100,393e028560483b5dd13ffebc9e2f554245d8fce9b7a2dfb5f16cecd0d3865400,aff369b7b230e3914fb0fe30e1b95e77d66562f85bc1bb213f4b61222c6446bf,e0331afcb3838a49f63c8b05e8444822a4c4a17297550d14295072767b2eee1e,100,land_pad__6625.jpg,1052,961,JPEG,2,833695,349533,0.22828327589685965,0.5999648952422916,52.56828680929219,False
land_pad__6625.jpg,land_pad,LOSSLESS_PNG,393e028560483b5dd13ffebc9e2f554245d8fce9b7a2dfb5f16cecd0d3865400,d8b97f062d875cd6371c9d1f112e954c0d2660619c2d5f5b5242b7800410dc8a,e0331afcb3838a49f63c8b05e8444822a4c4a17297550d14295072767b2eee1e,,land_pad__6625.png,1052,961,PNG,,1671358,1187196,0.0,0.0,,True
land_pad__6650.jpg,land_pad,RAW_SOURCE,34342350e7251c2f9d95d59ead7a5503d518b01caa11ace5f83e48900557e5d1,34342350e7251c2f9d95d59ead7a5503d518b01caa11ace5f83e48900557e5d1,22128c3eb36a4e736b6d63a0dbf25d5fade603166a4dd06fe1140e4a31876c36,,land_pad__6650.jpg,1052,961,JPEG,2,485802,0,0.0,0.0,,True
land_pad__6650.jpg,land_pad,HISTORICAL_Q95,34342350e7251c2f9d95d59ead7a5503d518b01caa11ace5f83e48900557e5d1,5c9ec86f1d82fca86f694075f05097ed09e70100ff0a6634350aca67146fab14,22128c3eb36a4e736b6d63a0dbf25d5fade603166a4dd06fe1140e4a31876c36,95,land_pad__6650.jpg,1052,961,JPEG,2,485950,148,0.134458718935836,0.4521017953827765,55.02607897459421,False
land_pad__6650.jpg,land_pad,Q90,34342350e7251c2f9d95d59ead7a5503d518b01caa11ace5f83e48900557e5d1,f1904fa1f6afe069863276be8176758587168bdea3b2c5d3d77190379aed054d,22128c3eb36a4e736b6d63a0dbf25d5fade603166a4dd06fe1140e4a31876c36,90,land_pad__6650.jpg,1052,961,JPEG,2,370664,-115138,2.708517149832043,3.64202660610224,36.903941326227155,False
land_pad__6650.jpg,land_pad,Q100,34342350e7251c2f9d95d59ead7a5503d518b01caa11ace5f83e48900557e5d1,f3368ac797b2675f85ac284cb5059c2ab4266c7ebf8603237cb16639fbbff06b,22128c3eb36a4e736b6d63a0dbf25d5fade603166a4dd06fe1140e4a31876c36,100,land_pad__6650.jpg,1052,961,JPEG,2,837196,351394,0.22458980070664666,0.5935713398826051,52.66134514436904,False
land_pad__6650.jpg,land_pad,LOSSLESS_PNG,34342350e7251c2f9d95d59ead7a5503d518b01caa11ace5f83e48900557e5d1,b5ce44f786c6ba3a3dcffc730a5f1907a8c21f59a62d30a10d6059d77391f471,22128c3eb36a4e736b6d63a0dbf25d5fade603166a4dd06fe1140e4a31876c36,,land_pad__6650.png,1052,961,PNG,,1684762,1198960,0.0,0.0,,True
land_pad__6675.jpg,land_pad,RAW_SOURCE,4dc8a02d5f8aa1158860b37d93d3a0290dede06cc1d2384547544a417b298251,4dc8a02d5f8aa1158860b37d93d3a0290dede06cc1d2384547544a417b298251,75cbfbb4ed9de149c2e307da2c80e59ff9a36a5ca6153727227e4ada44470930,,land_pad__6675.jpg,1052,961,JPEG,2,489796,0,0.0,0.0,,True
land_pad__6675.jpg,land_pad,HISTORICAL_Q95,4dc8a02d5f8aa1158860b37d93d3a0290dede06cc1d2384547544a417b298251,660cca0252ddc88782a7f613ddce5fba30c869d4217fe991baa50353870fddc9,75cbfbb4ed9de149c2e307da2c80e59ff9a36a5ca6153727227e4ada44470930,95,land_pad__6675.jpg,1052,961,JPEG,2,489873,77,0.1345981886738703,0.4525912521952854,55.01668049787942,False
land_pad__6675.jpg,land_pad,Q90,4dc8a02d5f8aa1158860b37d93d3a0290dede06cc1d2384547544a417b298251,ac63d00e841717f46f52b24a76aa227d441c86da01d61ced566c45da87f4ac37,75cbfbb4ed9de149c2e307da2c80e59ff9a36a5ca6153727227e4ada44470930,90,land_pad__6675.jpg,1052,961,JPEG,2,373821,-115975,2.7369841433129043,3.6723287738310235,36.8319724986786,False
land_pad__6675.jpg,land_pad,Q100,4dc8a02d5f8aa1158860b37d93d3a0290dede06cc1d2384547544a417b298251,00ef1d1121d2a0d5075878963b7fc5ca619e2e9162978c8735ba3243f2983f49,75cbfbb4ed9de149c2e307da2c80e59ff9a36a5ca6153727227e4ada44470930,100,land_pad__6675.jpg,1052,961,JPEG,2,844166,354370,0.2269106694679312,0.5968913113281636,52.61289846641933,False
land_pad__6675.jpg,land_pad,LOSSLESS_PNG,4dc8a02d5f8aa1158860b37d93d3a0290dede06cc1d2384547544a417b298251,8b2ffe0125d87a81df273a4815c2f554e5299c4a29fc364c9f18c4f001641432,75cbfbb4ed9de149c2e307da2c80e59ff9a36a5ca6153727227e4ada44470930,,land_pad__6675.png,1052,961,PNG,,1696758,1206962,0.0,0.0,,True
land_pad__6700.jpg,land_pad,RAW_SOURCE,b654087e78b422f9f60dce5c2a40ee77031f498a1ac8b79d346042ebeb9812c1,b654087e78b422f9f60dce5c2a40ee77031f498a1ac8b79d346042ebeb9812c1,614b9d7d3d2f5ccbc601ed8269ded8c028eefed6ed08ddc1c24cd5c1206ad28c,,land_pad__6700.jpg,1052,961,JPEG,2,490500,0,0.0,0.0,,True
land_pad__6700.jpg,land_pad,HISTORICAL_Q95,b654087e78b422f9f60dce5c2a40ee77031f498a1ac8b79d346042ebeb9812c1,52e539eb199fb7dffaabfd153e0b17d9bda0c7149e234744a53557d6eed43fa4,614b9d7d3d2f5ccbc601ed8269ded8c028eefed6ed08ddc1c24cd5c1206ad28c,95,land_pad__6700.jpg,1052,961,JPEG,2,490640,140,0.139330927727639,0.46102312198973794,54.85634946094105,False
land_pad__6700.jpg,land_pad,Q90,b654087e78b422f9f60dce5c2a40ee77031f498a1ac8b79d346042ebeb9812c1,7cb096aee786c32bb576ac9ea5f42c22135d3757e7510c954810402d33492bd2,614b9d7d3d2f5ccbc601ed8269ded8c028eefed6ed08ddc1c24cd5c1206ad28c,90,land_pad__6700.jpg,1052,961,JPEG,2,374050,-116450,2.745179556571959,3.6780096706371244,36.81854627268895,False
land_pad__6700.jpg,land_pad,Q100,b654087e78b422f9f60dce5c2a40ee77031f498a1ac8b79d346042ebeb9812c1,418f8f4224795043064a152773fa8f07a18f3628e36d3ff4d36b038a9d9eda34,614b9d7d3d2f5ccbc601ed8269ded8c028eefed6ed08ddc1c24cd5c1206ad28c,100,land_pad__6700.jpg,1052,961,JPEG,2,844450,353950,0.23310635705044255,0.607829190809315,52.45517254661443,False
land_pad__6700.jpg,land_pad,LOSSLESS_PNG,b654087e78b422f9f60dce5c2a40ee77031f498a1ac8b79d346042ebeb9812c1,34187b3fc5d229e312c311e1f1d0197348a92e1f2133f8db7fde556065114d22,614b9d7d3d2f5ccbc601ed8269ded8c028eefed6ed08ddc1c24cd5c1206ad28c,,land_pad__6700.png,1052,961,PNG,,1700336,1209836,0.0,0.0,,True
land_pad__6725.jpg,land_pad,RAW_SOURCE,8eabf7fe85e5171edf09c9b7d2f6f6e41f1578aaf09c41f8fdd877a955951d80,8eabf7fe85e5171edf09c9b7d2f6f6e41f1578aaf09c41f8fdd877a955951d80,f843aef58e57e1079596faeb8c6cdd242c1df4fd1dd2dc0f8992a12427eaabaa,,land_pad__6725.jpg,1052,961,JPEG,2,486946,0,0.0,0.0,,True
land_pad__6725.jpg,land_pad,HISTORICAL_Q95,8eabf7fe85e5171edf09c9b7d2f6f6e41f1578aaf09c41f8fdd877a955951d80,62f3a656f7742796d195eed7960f46264856e28ad7b9dd20c17bc83ebe7ad7ae,f843aef58e57e1079596faeb8c6cdd242c1df4fd1dd2dc0f8992a12427eaabaa,95,land_pad__6725.jpg,1052,961,JPEG,2,487024,78,0.1370189612900588,0.4562163530230794,54.94738663956407,False
land_pad__6725.jpg,land_pad,Q90,8eabf7fe85e5171edf09c9b7d2f6f6e41f1578aaf09c41f8fdd877a955951d80,97076bfcd8e3d7d7f9ad72b8e07d59019fe21b3e534a3f0a81bb87cbf45f17e2,f843aef58e57e1079596faeb8c6cdd242c1df4fd1dd2dc0f8992a12427eaabaa,90,land_pad__6725.jpg,1052,961,JPEG,2,371129,-115817,2.7200506047645234,3.6586676263766407,36.864344457411256,False
land_pad__6725.jpg,land_pad,Q100,8eabf7fe85e5171edf09c9b7d2f6f6e41f1578aaf09c41f8fdd877a955951d80,3452951aa01935b400aac6cb6f123088c48e3b1f3e609ffb9f46a5194895f0af,f843aef58e57e1079596faeb8c6cdd242c1df4fd1dd2dc0f8992a12427eaabaa,100,land_pad__6725.jpg,1052,961,JPEG,2,838544,351598,0.23056161133377912,0.6033007826670393,52.52012583406804,False
land_pad__6725.jpg,land_pad,LOSSLESS_PNG,8eabf7fe85e5171edf09c9b7d2f6f6e41f1578aaf09c41f8fdd877a955951d80,4cae434b044bf87820cf1f43eb2ebb376814722490cf7f13fc71d87e1c044d86,f843aef58e57e1079596faeb8c6cdd242c1df4fd1dd2dc0f8992a12427eaabaa,,land_pad__6725.png,1052,961,PNG,,1686164,1199218,0.0,0.0,,True
land_pad__6750.jpg,land_pad,RAW_SOURCE,7e6c77731025866bdc14184d99a06bee656fdae3fe13598a6557cfa6801596e5,7e6c77731025866bdc14184d99a06bee656fdae3fe13598a6557cfa6801596e5,4ecc60fb612d47f3815ee45761d6b04bdc7eb9b70bc29f08faac99438bafcdb9,,land_pad__6750.jpg,1052,961,JPEG,2,499159,0,0.0,0.0,,True
land_pad__6750.jpg,land_pad,HISTORICAL_Q95,7e6c77731025866bdc14184d99a06bee656fdae3fe13598a6557cfa6801596e5,bf8a7920f34d99d67ce9deb5c11e07721d3ae708c5cbb42622c8105879e8ba06,4ecc60fb612d47f3815ee45761d6b04bdc7eb9b70bc29f08faac99438bafcdb9,95,land_pad__6750.jpg,1052,961,JPEG,2,499114,-45,0.14018719938171714,0.4656135534553995,54.770291336271164,False
land_pad__6750.jpg,land_pad,Q90,7e6c77731025866bdc14184d99a06bee656fdae3fe13598a6557cfa6801596e5,169741d5ae31f9f061aefde0aaf0624703d58c259cc8fd30922b5a5ff8d0ce24,4ecc60fb612d47f3815ee45761d6b04bdc7eb9b70bc29f08faac99438bafcdb9,90,land_pad__6750.jpg,1052,961,JPEG,2,380269,-118890,2.8490742902210284,3.782012562827732,36.57634426626336,False
land_pad__6750.jpg,land_pad,Q100,7e6c77731025866bdc14184d99a06bee656fdae3fe13598a6557cfa6801596e5,036bd2c25eb144c793b1f484e4ffe89b91c47518f4a95a08aa841ab81888b49b,4ecc60fb612d47f3815ee45761d6b04bdc7eb9b70bc29f08faac99438bafcdb9,100,land_pad__6750.jpg,1052,961,JPEG,2,861254,362095,0.23470976446429773,0.6127415483485757,52.38525701536662,False
land_pad__6750.jpg,land_pad,LOSSLESS_PNG,7e6c77731025866bdc14184d99a06bee656fdae3fe13598a6557cfa6801596e5,b7e1905091f3edad865655a8df8fe7b4a6f9250f30e149b52d35e8164ef6b28d,4ecc60fb612d47f3815ee45761d6b04bdc7eb9b70bc29f08faac99438bafcdb9,,land_pad__6750.png,1052,961,PNG,,1719483,1220324,0.0,0.0,,True
land_pad__6775.jpg,land_pad,RAW_SOURCE,b2e707df7cafc89711799beea8f9f37c73d4657244f52599c60ea4e72cdf6349,b2e707df7cafc89711799beea8f9f37c73d4657244f52599c60ea4e72cdf6349,76b70d1a5ec5f4e4d1dc1b9176340df264f35f2e22e7801dea90c42faa8e71ec,,land_pad__6775.jpg,1052,961,JPEG,2,493098,0,0.0,0.0,,True
land_pad__6775.jpg,land_pad,HISTORICAL_Q95,b2e707df7cafc89711799beea8f9f37c73d4657244f52599c60ea4e72cdf6349,b86ec0083e4f674f28e58ff50d388cc2bb3b5f389b893b798aa829ae4f79df6e,76b70d1a5ec5f4e4d1dc1b9176340df264f35f2e22e7801dea90c42faa8e71ec,95,land_pad__6775.jpg,1052,961,JPEG,2,493136,38,0.13783665620808488,0.4586411319828581,54.90134359547379,False
land_pad__6775.jpg,land_pad,Q90,b2e707df7cafc89711799beea8f9f37c73d4657244f52599c60ea4e72cdf6349,c0b82d9df70ee8ce62dd80548f2e20ee7119d3aa0eb89bef3ec03e319b117ccc,76b70d1a5ec5f4e4d1dc1b9176340df264f35f2e22e7801dea90c42faa8e71ec,90,land_pad__6775.jpg,1052,961,JPEG,2,375610,-117488,2.7908366074101623,3.7284639857630766,36.700204559085776,False
land_pad__6775.jpg,land_pad,Q100,b2e707df7cafc89711799beea8f9f37c73d4657244f52599c60ea4e72cdf6349,dc13e3dee3ad2458ec4b52c6d585b94213431815de52bf4b6ff8db92a1a69a59,76b70d1a5ec5f4e4d1dc1b9176340df264f35f2e22e7801dea90c42faa8e71ec,100,land_pad__6775.jpg,1052,961,JPEG,2,850471,357373,0.2395710926382399,0.618318320306864,52.306561318510575,False
land_pad__6775.jpg,land_pad,LOSSLESS_PNG,b2e707df7cafc89711799beea8f9f37c73d4657244f52599c60ea4e72cdf6349,c1b2f1ed3845c4c543669b09759ec87a77a2ce139dc8759434a91f72c1dd4bcb,76b70d1a5ec5f4e4d1dc1b9176340df264f35f2e22e7801dea90c42faa8e71ec,,land_pad__6775.png,1052,961,PNG,,1701814,1208716,0.0,0.0,,True
land_pad__6800.jpg,land_pad,RAW_SOURCE,e3378c32f6ca4c39dcfbb73271ab3a6d6feef68a49b88ecf7fa4fc1080bc9cf6,e3378c32f6ca4c39dcfbb73271ab3a6d6feef68a49b88ecf7fa4fc1080bc9cf6,cfdcb5e2e7aa3fc57245480f2b3fedc37651f00272a10a86ed3fedb23808eeee,,land_pad__6800.jpg,1052,961,JPEG,2,492948,0,0.0,0.0,,True
land_pad__6800.jpg,land_pad,HISTORICAL_Q95,e3378c32f6ca4c39dcfbb73271ab3a6d6feef68a49b88ecf7fa4fc1080bc9cf6,2111899b1df047c027f93ba6bcc97cac6e83a7d16127e225b5ee15c540a43e3a,cfdcb5e2e7aa3fc57245480f2b3fedc37651f00272a10a86ed3fedb23808eeee,95,land_pad__6800.jpg,1052,961,JPEG,2,492986,38,0.1413454906103565,0.4650428036002062,54.78094504499421,False
land_pad__6800.jpg,land_pad,Q90,e3378c32f6ca4c39dcfbb73271ab3a6d6feef68a49b88ecf7fa4fc1080bc9cf6,1a99c0902094adc1935faa2091669f6fb7e580bb58a1baa9fef8564cab64e878,cfdcb5e2e7aa3fc57245480f2b3fedc37651f00272a10a86ed3fedb23808eeee,90,land_pad__6800.jpg,1052,961,JPEG,2,375461,-117487,2.79437247849924,3.731166815855879,36.69391028379302,False
land_pad__6800.jpg,land_pad,Q100,e3378c32f6ca4c39dcfbb73271ab3a6d6feef68a49b88ecf7fa4fc1080bc9cf6,cb8dab82b3b1ab75106b81b67ae67224b26cad9e215b13f9aab3562f8ed2ef42,cfdcb5e2e7aa3fc57245480f2b3fedc37651f00272a10a86ed3fedb23808eeee,100,land_pad__6800.jpg,1052,961,JPEG,2,850229,357281,0.23844939985149605,0.6174447797568865,52.318841144757,False
land_pad__6800.jpg,land_pad,LOSSLESS_PNG,e3378c32f6ca4c39dcfbb73271ab3a6d6feef68a49b88ecf7fa4fc1080bc9cf6,6651e1705d0584c993ddfdb9d0f4725264e88953162771348847183af3b11f58,cfdcb5e2e7aa3fc57245480f2b3fedc37651f00272a10a86ed3fedb23808eeee,,land_pad__6800.png,1052,961,PNG,,1701644,1208696,0.0,0.0,,True
land_pad__6825.jpg,land_pad,RAW_SOURCE,799c8e41e0a6c3272c91d7079b8731dd29c1a24eb47d4f758ca6b5842519e9a1,799c8e41e0a6c3272c91d7079b8731dd29c1a24eb47d4f758ca6b5842519e9a1,6470a60aa4629edfe8401d4f2276e03ce0c5f0f65a3de13d508e44d47213052b,,land_pad__6825.jpg,1052,961,JPEG,2,494242,0,0.0,0.0,,True
land_pad__6825.jpg,land_pad,HISTORICAL_Q95,799c8e41e0a6c3272c91d7079b8731dd29c1a24eb47d4f758ca6b5842519e9a1,3f9f794f489d0133c867bbb1f2f12523d8db0958a254c1b3fd70a0fc92388b64,6470a60aa4629edfe8401d4f2276e03ce0c5f0f65a3de13d508e44d47213052b,95,land_pad__6825.jpg,1052,961,JPEG,2,494253,11,0.14161223060579323,0.46662437635774096,54.751455158652924,False
land_pad__6825.jpg,land_pad,Q90,799c8e41e0a6c3272c91d7079b8731dd29c1a24eb47d4f758ca6b5842519e9a1,7f2d411ac6b9ceb6d017a8eaf8cbc2475cb5a414372fe03cd9b618b395f6a174,6470a60aa4629edfe8401d4f2276e03ce0c5f0f65a3de13d508e44d47213052b,90,land_pad__6825.jpg,1052,961,JPEG,2,376351,-117891,2.812229220987327,3.7510412185020034,36.647766879812245,False
land_pad__6825.jpg,land_pad,Q100,799c8e41e0a6c3272c91d7079b8731dd29c1a24eb47d4f758ca6b5842519e9a1,c92564615cd593cc075d947dcb4f8aa1e4e43f7d8ef3198346725f440a7133f7,6470a60aa4629edfe8401d4f2276e03ce0c5f0f65a3de13d508e44d47213052b,100,land_pad__6825.jpg,1052,961,JPEG,2,853555,359313,0.23777809870105204,0.6173278226158323,52.320486592381386,False
land_pad__6825.jpg,land_pad,LOSSLESS_PNG,799c8e41e0a6c3272c91d7079b8731dd29c1a24eb47d4f758ca6b5842519e9a1,1798f82c93a8126aa0ce266a3de164412976fd4c41502346225ec6406e38405a,6470a60aa4629edfe8401d4f2276e03ce0c5f0f65a3de13d508e44d47213052b,,land_pad__6825.png,1052,961,PNG,,1705890,1211648,0.0,0.0,,True
land_pad__6850.jpg,land_pad,RAW_SOURCE,1f2b4502a376e6fd09135686c2c17f6446e17e61f9db5391078f180b301caed9,1f2b4502a376e6fd09135686c2c17f6446e17e61f9db5391078f180b301caed9,74792a134bbddda5ca6a26446077fd3cd26577d5e5ccf3f5c1d9ab472102312d,,land_pad__6850.jpg,1052,961,JPEG,2,488689,0,0.0,0.0,,True
land_pad__6850.jpg,land_pad,HISTORICAL_Q95,1f2b4502a376e6fd09135686c2c17f6446e17e61f9db5391078f180b301caed9,e67e93e0bccbc4ef6fcde3f54208cab32395a5c653405d900b3d19dde94d4653,74792a134bbddda5ca6a26446077fd3cd26577d5e5ccf3f5c1d9ab472102312d,95,land_pad__6850.jpg,1052,961,JPEG,2,488804,115,0.13643602394527246,0.4566995953168579,54.9381910731335,False
land_pad__6850.jpg,land_pad,Q90,1f2b4502a376e6fd09135686c2c17f6446e17e61f9db5391078f180b301caed9,ca139507323a89e45bb952985c4abc3075d6c5752e233655998b64b3e23a2aa9,74792a134bbddda5ca6a26446077fd3cd26577d5e5ccf3f5c1d9ab472102312d,90,land_pad__6850.jpg,1052,961,JPEG,2,372323,-116366,2.7583094948887474,3.688754530144191,36.79320849140707,False
land_pad__6850.jpg,land_pad,Q100,1f2b4502a376e6fd09135686c2c17f6446e17e61f9db5391078f180b301caed9,b1ea717e20dbdaf2630862e9c1b4404779f8397ea962e90b81fcac6cb5594c1b,74792a134bbddda5ca6a26446077fd3cd26577d5e5ccf3f5c1d9ab472102312d,100,land_pad__6850.jpg,1052,961,JPEG,2,842642,353953,0.22938551545773112,0.6021320114489273,52.536969279913315,False
land_pad__6850.jpg,land_pad,LOSSLESS_PNG,1f2b4502a376e6fd09135686c2c17f6446e17e61f9db5391078f180b301caed9,b2acf8cfcbc192eaf790d291e51e9b9966ebc1b7de0d815cd26e81b6ebf84977,74792a134bbddda5ca6a26446077fd3cd26577d5e5ccf3f5c1d9ab472102312d,,land_pad__6850.png,1052,961,PNG,,1683810,1195121,0.0,0.0,,True
land_pad__7450.jpg,land_pad,RAW_SOURCE,935e3d27cfafbe2c2948aadf31084aea9303a6cf3e5e9d0588765098d0c4bbaf,935e3d27cfafbe2c2948aadf31084aea9303a6cf3e5e9d0588765098d0c4bbaf,a41402090b64c18347e3a6039e8db77ce203fa4bad005c6adc2999722f1388dc,,land_pad__7450.jpg,1052,961,JPEG,2,463345,0,0.0,0.0,,True
land_pad__7450.jpg,land_pad,HISTORICAL_Q95,935e3d27cfafbe2c2948aadf31084aea9303a6cf3e5e9d0588765098d0c4bbaf,79030ed1fdfb2e8df7c198740c7e57b6cfaf2ec387e2004b7ee972c2e37c02c5,a41402090b64c18347e3a6039e8db77ce203fa4bad005c6adc2999722f1388dc,95,land_pad__7450.jpg,1052,961,JPEG,2,463544,199,0.12090608510093916,0.4248027250756883,55.56705772774107,False
land_pad__7450.jpg,land_pad,Q90,935e3d27cfafbe2c2948aadf31084aea9303a6cf3e5e9d0588765098d0c4bbaf,4b32a50d97ce4a298fa78264b90790090be5aa4dd27c2886246acf67257fce85,a41402090b64c18347e3a6039e8db77ce203fa4bad005c6adc2999722f1388dc,90,land_pad__7450.jpg,1052,961,JPEG,2,353878,-109467,2.5321390371510453,3.4477773973866497,37.38001924409102,False
land_pad__7450.jpg,land_pad,Q100,935e3d27cfafbe2c2948aadf31084aea9303a6cf3e5e9d0588765098d0c4bbaf,008600404e98a759d4fc98e625241e55542402d5f06386c42b875f190c3b6186,a41402090b64c18347e3a6039e8db77ce203fa4bad005c6adc2999722f1388dc,100,land_pad__7450.jpg,1052,961,JPEG,2,798178,334833,0.20443757756561673,0.560742411032558,53.15553551574969,False
land_pad__7450.jpg,land_pad,LOSSLESS_PNG,935e3d27cfafbe2c2948aadf31084aea9303a6cf3e5e9d0588765098d0c4bbaf,b703a6bec90f6427592296c19e093d723cbf289aa19575b8f245eed632e546a0,a41402090b64c18347e3a6039e8db77ce203fa4bad005c6adc2999722f1388dc,,land_pad__7450.png,1052,961,PNG,,1618172,1154827,0.0,0.0,,True
land_pad__7475.jpg,land_pad,RAW_SOURCE,0ea800f36327b9d46e2e00bff45b8a9011e138c0d26bef7ec43360ce7ab0ec91,0ea800f36327b9d46e2e00bff45b8a9011e138c0d26bef7ec43360ce7ab0ec91,1aa27389e1356d9403ae31f65ff7126170c031f625ef862de0f68cc030aab000,,land_pad__7475.jpg,1052,961,JPEG,2,437087,0,0.0,0.0,,True
land_pad__7475.jpg,land_pad,HISTORICAL_Q95,0ea800f36327b9d46e2e00bff45b8a9011e138c0d26bef7ec43360ce7ab0ec91,ffae6ec03ab116a96d8215041ae178d286ceb9dbee06c2a8576c65744e5bf97c,1aa27389e1356d9403ae31f65ff7126170c031f625ef862de0f68cc030aab000,95,land_pad__7475.jpg,1052,961,JPEG,2,437320,233,0.11402425916180996,0.40824344462385875,55.91241921320762,False
land_pad__7475.jpg,land_pad,Q90,0ea800f36327b9d46e2e00bff45b8a9011e138c0d26bef7ec43360ce7ab0ec91,96358c5b4fd0d1657e73bd8a7d4325dfb4344097402daee60bd0b6c27339da43,1aa27389e1356d9403ae31f65ff7126170c031f625ef862de0f68cc030aab000,90,land_pad__7475.jpg,1052,961,JPEG,2,333198,-103889,2.3606641265369697,3.2874635147816043,37.79358477669665,False
land_pad__7475.jpg,land_pad,Q100,0ea800f36327b9d46e2e00bff45b8a9011e138c0d26bef7ec43360ce7ab0ec91,2a5982f6e843cdd2b67bcd4aea4f3889a2eb7ab5ef4e47e1ab09b7fd18e6d678,1aa27389e1356d9403ae31f65ff7126170c031f625ef862de0f68cc030aab000,100,land_pad__7475.jpg,1052,961,JPEG,2,756047,318960,0.19198586442882032,0.5388700588479364,53.50112253606703,False
land_pad__7475.jpg,land_pad,LOSSLESS_PNG,0ea800f36327b9d46e2e00bff45b8a9011e138c0d26bef7ec43360ce7ab0ec91,23cf955ad6bee9d491448706f498ff5f0c6de91dcf194581dcc72c9491dcc0c6,1aa27389e1356d9403ae31f65ff7126170c031f625ef862de0f68cc030aab000,,land_pad__7475.png,1052,961,PNG,,1536255,1099168,0.0,0.0,,True
land_pad__7500.jpg,land_pad,RAW_SOURCE,2bcff4d1fe5a28745c8bfe1e1c2b0bb36cf59dc1bfa271194780e55b1202661a,2bcff4d1fe5a28745c8bfe1e1c2b0bb36cf59dc1bfa271194780e55b1202661a,bfd84ecfbd4ec5d72b0f501e42d1412017adc79d62c8bd517ac5a3296e9cf98a,,land_pad__7500.jpg,1052,961,JPEG,2,439305,0,0.0,0.0,,True
land_pad__7500.jpg,land_pad,HISTORICAL_Q95,2bcff4d1fe5a28745c8bfe1e1c2b0bb36cf59dc1bfa271194780e55b1202661a,0f849e96a6d15b772860d37146fc7ea097dc37f9f7be0dae4a304a9793e14b3a,bfd84ecfbd4ec5d72b0f501e42d1412017adc79d62c8bd517ac5a3296e9cf98a,95,land_pad__7500.jpg,1052,961,JPEG,2,439546,241,0.12139439404190555,0.4250304675471824,55.56240235292675,False
land_pad__7500.jpg,land_pad,Q90,2bcff4d1fe5a28745c8bfe1e1c2b0bb36cf59dc1bfa271194780e55b1202661a,df5a011ee07913cae88cc51dad1f89fc928c0661f85fafc28e65762abc005c50,bfd84ecfbd4ec5d72b0f501e42d1412017adc79d62c8bd517ac5a3296e9cf98a,90,land_pad__7500.jpg,1052,961,JPEG,2,334285,-105020,2.4613546830838704,3.356945676357037,37.611917341653125,False
land_pad__7500.jpg,land_pad,Q100,2bcff4d1fe5a28745c8bfe1e1c2b0bb36cf59dc1bfa271194780e55b1202661a,b9df3eb7048e71589f031eb7aec4c22ea90ffef1925e7a34aebef65b8072821d,bfd84ecfbd4ec5d72b0f501e42d1412017adc79d62c8bd517ac5a3296e9cf98a,100,land_pad__7500.jpg,1052,961,JPEG,2,759652,320347,0.19778094744463745,0.5517112330347699,53.296567079955636,False
land_pad__7500.jpg,land_pad,LOSSLESS_PNG,2bcff4d1fe5a28745c8bfe1e1c2b0bb36cf59dc1bfa271194780e55b1202661a,f73b916e52bc87a7076cb7c4d9623f307d96244bb08ff5366055938de4c83905,bfd84ecfbd4ec5d72b0f501e42d1412017adc79d62c8bd517ac5a3296e9cf98a,,land_pad__7500.png,1052,961,PNG,,1546009,1106704,0.0,0.0,,True
land_pad__7525.jpg,land_pad,RAW_SOURCE,7a14ecea02abbda5318e32edfb98d988e2631ca6dd832b3826b44c346987456e,7a14ecea02abbda5318e32edfb98d988e2631ca6dd832b3826b44c346987456e,fae75b0bdd0da2a2173b1f8f695b61c180c975b8b20c82de4af92699d16aadee,,land_pad__7525.jpg,1052,961,JPEG,2,417250,0,0.0,0.0,,True
land_pad__7525.jpg,land_pad,HISTORICAL_Q95,7a14ecea02abbda5318e32edfb98d988e2631ca6dd832b3826b44c346987456e,49383ac48dc9716df098854ccd7d0b959d3bfaa4b099551533a518fe912cb9bf,fae75b0bdd0da2a2173b1f8f695b61c180c975b8b20c82de4af92699d16aadee,95,land_pad__7525.jpg,1052,961,JPEG,2,417578,328,0.11419406274357746,0.40854176038111173,55.9060744903989,False
land_pad__7525.jpg,land_pad,Q90,7a14ecea02abbda5318e32edfb98d988e2631ca6dd832b3826b44c346987456e,593d957db3713612dea337c1611fe8ec3b4b383fdf27dbf891d504c4221e9775,fae75b0bdd0da2a2173b1f8f695b61c180c975b8b20c82de4af92699d16aadee,90,land_pad__7525.jpg,1052,961,JPEG,2,317822,-99428,2.266384232204255,3.167885026781001,38.115415384803924,False
land_pad__7525.jpg,land_pad,Q100,7a14ecea02abbda5318e32edfb98d988e2631ca6dd832b3826b44c346987456e,7617faa7918c2d031d902fe1f3a91922f688859e00396b7882febfbe6becad11,fae75b0bdd0da2a2173b1f8f695b61c180c975b8b20c82de4af92699d16aadee,100,land_pad__7525.jpg,1052,961,JPEG,2,723047,305797,0.19155624488116388,0.5399840312665377,53.48318527278898,False
land_pad__7525.jpg,land_pad,LOSSLESS_PNG,7a14ecea02abbda5318e32edfb98d988e2631ca6dd832b3826b44c346987456e,4c95bd76c6edc28add087d390537b50ddf77fce0c38d804d0f044b540500ef08,fae75b0bdd0da2a2173b1f8f695b61c180c975b8b20c82de4af92699d16aadee,,land_pad__7525.png,1052,961,PNG,,1478232,1060982,0.0,0.0,,True
land_pad__7550.jpg,land_pad,RAW_SOURCE,3efc8b6f09ea8d79468015eca5941be8600bc5ffff39e5ed2f0a4e0cacd380a8,3efc8b6f09ea8d79468015eca5941be8600bc5ffff39e5ed2f0a4e0cacd380a8,64b70e917d941aaea741efd961989aef80b398727e3ad7613b7f8ca9013b8c74,,land_pad__7550.jpg,1052,961,JPEG,2,429390,0,0.0,0.0,,True
land_pad__7550.jpg,land_pad,HISTORICAL_Q95,3efc8b6f09ea8d79468015eca5941be8600bc5ffff39e5ed2f0a4e0cacd380a8,a582322d25604db2255715c363c46250d4c3c4d076483427639410cc94363ea6,64b70e917d941aaea741efd961989aef80b398727e3ad7613b7f8ca9013b8c74,95,land_pad__7550.jpg,1052,961,JPEG,2,429685,295,0.1208302504916061,0.4257222578805806,55.54827647208417,False
land_pad__7550.jpg,land_pad,Q90,3efc8b6f09ea8d79468015eca5941be8600bc5ffff39e5ed2f0a4e0cacd380a8,196bd976f1adbfd8ba1b1930c2b9de32701adfc1fb879043c3d87d5207186da7,64b70e917d941aaea741efd961989aef80b398727e3ad7613b7f8ca9013b8c74,90,land_pad__7550.jpg,1052,961,JPEG,2,326739,-102651,2.362115864732159,3.273516765405226,37.83051221838465,False
land_pad__7550.jpg,land_pad,Q100,3efc8b6f09ea8d79468015eca5941be8600bc5ffff39e5ed2f0a4e0cacd380a8,f03b0894cd759ff9bcf8146aa7ea19d142c146b2e5d31769af61c63163be9c61,64b70e917d941aaea741efd961989aef80b398727e3ad7613b7f8ca9013b8c74,100,land_pad__7550.jpg,1052,961,JPEG,2,743191,313801,0.20513624511855916,0.5647310250795778,53.093970657173756,False
land_pad__7550.jpg,land_pad,LOSSLESS_PNG,3efc8b6f09ea8d79468015eca5941be8600bc5ffff39e5ed2f0a4e0cacd380a8,5fba240f8774cc3719fac9cdc112d26a7fd058f32cc01e333589433a6beede84,64b70e917d941aaea741efd961989aef80b398727e3ad7613b7f8ca9013b8c74,,land_pad__7550.png,1052,961,PNG,,1528797,1099407,0.0,0.0,,True
land_pad__7575.jpg,land_pad,RAW_SOURCE,b19cc7c32ba8bee57c8db43b166e5e359a48a3a7a5a2bfaa5e58080ff808807e,b19cc7c32ba8bee57c8db43b166e5e359a48a3a7a5a2bfaa5e58080ff808807e,6dc94ed95b986caeabfcc7487e14cf03b4fb4b13ec98fe8380643de4025d3b38,,land_pad__7575.jpg,1052,961,JPEG,2,434141,0,0.0,0.0,,True
land_pad__7575.jpg,land_pad,HISTORICAL_Q95,b19cc7c32ba8bee57c8db43b166e5e359a48a3a7a5a2bfaa5e58080ff808807e,6092b817ec9b255fead13d9a26d6fdd233db897c896a8916b32f1d2785c6a8cf,6dc94ed95b986caeabfcc7487e14cf03b4fb4b13ec98fe8380643de4025d3b38,95,land_pad__7575.jpg,1052,961,JPEG,2,434408,267,0.12977477780459465,0.4443656079254726,55.1759948295031,False
land_pad__7575.jpg,land_pad,Q90,b19cc7c32ba8bee57c8db43b166e5e359a48a3a7a5a2bfaa5e58080ff808807e,f748cb9db94d1eaecec08ffe53e3e56082ec65db144f3350eabaf8470ad18565,6dc94ed95b986caeabfcc7487e14cf03b4fb4b13ec98fe8380643de4025d3b38,90,land_pad__7575.jpg,1052,961,JPEG,2,329976,-104165,2.448207599551059,3.3665055637246097,37.58721687767393,False
land_pad__7575.jpg,land_pad,Q100,b19cc7c32ba8bee57c8db43b166e5e359a48a3a7a5a2bfaa5e58080ff808807e,15a2a69acb265338401dc6b59cf59172811575fd9bcd7d7f97395393d85627dc,6dc94ed95b986caeabfcc7487e14cf03b4fb4b13ec98fe8380643de4025d3b38,100,land_pad__7575.jpg,1052,961,JPEG,2,752769,318628,0.2149706750862866,0.5822488087476629,52.828631435428235,False
land_pad__7575.jpg,land_pad,LOSSLESS_PNG,b19cc7c32ba8bee57c8db43b166e5e359a48a3a7a5a2bfaa5e58080ff808807e,3a16267123b529b829a1a3d149646cec19496cb561d490feedd81a1d5d7a7de9,6dc94ed95b986caeabfcc7487e14cf03b4fb4b13ec98fe8380643de4025d3b38,,land_pad__7575.png,1052,961,PNG,,1605351,1171210,0.0,0.0,,True
land_pad__7600.jpg,land_pad,RAW_SOURCE,eb8935519a422de2068c7a232a73917ddbf441909353752284743c1fe9ea1b3b,eb8935519a422de2068c7a232a73917ddbf441909353752284743c1fe9ea1b3b,e183472390793264f73d2b3f332dad845e0d9d60a08694f9d428153c75460490,,land_pad__7600.jpg,1052,961,JPEG,2,431713,0,0.0,0.0,,True
land_pad__7600.jpg,land_pad,HISTORICAL_Q95,eb8935519a422de2068c7a232a73917ddbf441909353752284743c1fe9ea1b3b,0cede57c723a1e320dc8fff21cc68e42d01a32a1eb6a973fbb4bc5829134733a,e183472390793264f73d2b3f332dad845e0d9d60a08694f9d428153c75460490,95,land_pad__7600.jpg,1052,961,JPEG,2,431942,229,0.13241349249369253,0.4515811434224996,55.03608763088947,False
land_pad__7600.jpg,land_pad,Q90,eb8935519a422de2068c7a232a73917ddbf441909353752284743c1fe9ea1b3b,128beec3166d46e4b7cc9cb0f2d04f16058f2b51cb06ee219c695b6789304c1f,e183472390793264f73d2b3f332dad845e0d9d60a08694f9d428153c75460490,90,land_pad__7600.jpg,1052,961,JPEG,2,327995,-103718,2.4299123351916108,3.344350315825442,37.64456835139335,False
land_pad__7600.jpg,land_pad,Q100,eb8935519a422de2068c7a232a73917ddbf441909353752284743c1fe9ea1b3b,1b3dcfa28468e6c54b2b19bb7b48eeedc2ccbb4d7f8659491c718410abf099a2,e183472390793264f73d2b3f332dad845e0d9d60a08694f9d428153c75460490,100,land_pad__7600.jpg,1052,961,JPEG,2,748437,316724,0.21723747047395972,0.5871960460943175,52.755141157071996,False
land_pad__7600.jpg,land_pad,LOSSLESS_PNG,eb8935519a422de2068c7a232a73917ddbf441909353752284743c1fe9ea1b3b,e21085890d2714647e3280f234bdca9f8d442a4d250effe94999ff9a7f2bd7e6,e183472390793264f73d2b3f332dad845e0d9d60a08694f9d428153c75460490,,land_pad__7600.png,1052,961,PNG,,1599548,1167835,0.0,0.0,,True
land_pad__7625.jpg,land_pad,RAW_SOURCE,58f314b4117f92d4f162e696f56f1b036cbb05e9287a43c1f46578941f41f7a1,58f314b4117f92d4f162e696f56f1b036cbb05e9287a43c1f46578941f41f7a1,aaa875ddd2f0957fb2b9c4da67a7912027db8184c088fce971aec07a82012970,,land_pad__7625.jpg,1052,961,JPEG,2,409409,0,0.0,0.0,,True
land_pad__7625.jpg,land_pad,HISTORICAL_Q95,58f314b4117f92d4f162e696f56f1b036cbb05e9287a43c1f46578941f41f7a1,c55530cba1870e69e3ebf9bdfb3cf2daa1181810801b47ce28cdc4fa491af875,aaa875ddd2f0957fb2b9c4da67a7912027db8184c088fce971aec07a82012970,95,land_pad__7625.jpg,1052,961,JPEG,2,409652,243,0.13022549915658727,0.44599241534496564,55.14425414752316,False
land_pad__7625.jpg,land_pad,Q90,58f314b4117f92d4f162e696f56f1b036cbb05e9287a43c1f46578941f41f7a1,228fe8d2e2b7e34495380bf8a7e328a9615f4f8f20de6427c9993b0e889fcf8e,aaa875ddd2f0957fb2b9c4da67a7912027db8184c088fce971aec07a82012970,90,land_pad__7625.jpg,1052,961,JPEG,2,311207,-98202,2.2638744363510233,3.1717973982595833,38.10469483796207,False
land_pad__7625.jpg,land_pad,Q100,58f314b4117f92d4f162e696f56f1b036cbb05e9287a43c1f46578941f41f7a1,43eeb1438563d9c30351f19e7fd8b92dfbc5c92872b32237fe0a2323cd8de608,aaa875ddd2f0957fb2b9c4da67a7912027db8184c088fce971aec07a82012970,100,land_pad__7625.jpg,1052,961,JPEG,2,708836,299427,0.20964049119725042,0.5745979352832951,52.94352238672247,False
land_pad__7625.jpg,land_pad,LOSSLESS_PNG,58f314b4117f92d4f162e696f56f1b036cbb05e9287a43c1f46578941f41f7a1,3406bcae5d8c71c5975721b079f8f8bc59323358fb1fc00606f0c77d50477f4b,aaa875ddd2f0957fb2b9c4da67a7912027db8184c088fce971aec07a82012970,,land_pad__7625.png,1052,961,PNG,,1530764,1121355,0.0,0.0,,True
land_pad__7650.jpg,land_pad,RAW_SOURCE,db2658ddad21f85402934a1111a68fa1f193e84c65e0236d466301a12e2b6eb3,db2658ddad21f85402934a1111a68fa1f193e84c65e0236d466301a12e2b6eb3,27119e6cc6fc57030a61ee8cb893e1b60e63f534054b98a412620722a17c4ef9,,land_pad__7650.jpg,1052,961,JPEG,2,420447,0,0.0,0.0,,True
land_pad__7650.jpg,land_pad,HISTORICAL_Q95,db2658ddad21f85402934a1111a68fa1f193e84c65e0236d466301a12e2b6eb3,e67fdcadc968a91a8732f93ac40d448e699ce62ff246bffd31c6dd48c7d3cf19,27119e6cc6fc57030a61ee8cb893e1b60e63f534054b98a412620722a17c4ef9,95,land_pad__7650.jpg,1052,961,JPEG,2,420522,75,0.132444815484504,0.4539053914216167,54.99149678348716,False
land_pad__7650.jpg,land_pad,Q90,db2658ddad21f85402934a1111a68fa1f193e84c65e0236d466301a12e2b6eb3,96e8fde75bc219433485aab14f435505ae94ea2d0ef22b16bce976e410bd962c,27119e6cc6fc57030a61ee8cb893e1b60e63f534054b98a412620722a17c4ef9,90,land_pad__7650.jpg,1052,961,JPEG,2,318633,-101814,2.451753362110919,3.3280448836853456,37.68702011324391,False
land_pad__7650.jpg,land_pad,Q100,db2658ddad21f85402934a1111a68fa1f193e84c65e0236d466301a12e2b6eb3,b6ee57046d306bf85b1da4172b20919c32716d70583e71d3b224213f9f600e4f,27119e6cc6fc57030a61ee8cb893e1b60e63f534054b98a412620722a17c4ef9,100,land_pad__7650.jpg,1052,961,JPEG,2,728712,308265,0.21121059732613762,0.5809857676063741,52.847493736284676,False
land_pad__7650.jpg,land_pad,LOSSLESS_PNG,db2658ddad21f85402934a1111a68fa1f193e84c65e0236d466301a12e2b6eb3,ceb660148a77f295ec9a398cf63d64b054da023c3c279fe54e1e1085c68f93f9,27119e6cc6fc57030a61ee8cb893e1b60e63f534054b98a412620722a17c4ef9,,land_pad__7650.png,1052,961,PNG,,1554625,1134178,0.0,0.0,,True
land_pad__7675.jpg,land_pad,RAW_SOURCE,69dc200d8b80fe8c1159e8f6ee4caeefa118295684b92b24ff79ec4f879af9d6,69dc200d8b80fe8c1159e8f6ee4caeefa118295684b92b24ff79ec4f879af9d6,ed90aca892a3cdce05134ddc7296b93779d857214c265c21d1936420c9515aef,,land_pad__7675.jpg,1052,961,JPEG,2,408189,0,0.0,0.0,,True
land_pad__7675.jpg,land_pad,HISTORICAL_Q95,69dc200d8b80fe8c1159e8f6ee4caeefa118295684b92b24ff79ec4f879af9d6,af5f920ddcf810efdc0c1cc7348731a5e90fffc76e33268c854ca965ba409e5f,ed90aca892a3cdce05134ddc7296b93779d857214c265c21d1936420c9515aef,95,land_pad__7675.jpg,1052,961,JPEG,2,408485,296,0.12043854824861619,0.4250541271422198,55.561918860736185,False
land_pad__7675.jpg,land_pad,Q90,69dc200d8b80fe8c1159e8f6ee4caeefa118295684b92b24ff79ec4f879af9d6,9a6b77394527db3e9dd69a4fe37e92dcbcfeee0fe43648fb6dea4561b167ebc5,ed90aca892a3cdce05134ddc7296b93779d857214c265c21d1936420c9515aef,90,land_pad__7675.jpg,1052,961,JPEG,2,310298,-97891,2.32073588586034,3.187635945830989,38.06142929739029,False
land_pad__7675.jpg,land_pad,Q100,69dc200d8b80fe8c1159e8f6ee4caeefa118295684b92b24ff79ec4f879af9d6,d3cef4e4593ce4285e0c503291a39a6d3551bd3518aedcdec3c53c460aabc4f3,ed90aca892a3cdce05134ddc7296b93779d857214c265c21d1936420c9515aef,100,land_pad__7675.jpg,1052,961,JPEG,2,708396,300207,0.1948735144659463,0.5489901158525378,53.339513101074125,False
land_pad__7675.jpg,land_pad,LOSSLESS_PNG,69dc200d8b80fe8c1159e8f6ee4caeefa118295684b92b24ff79ec4f879af9d6,7f98bfffa0561e739593530de630579e32a54ac7acaf6072c2d60b6449e29672,ed90aca892a3cdce05134ddc7296b93779d857214c265c21d1936420c9515aef,,land_pad__7675.png,1052,961,PNG,,1529562,1121373,0.0,0.0,,True
land_pad__7700.jpg,land_pad,RAW_SOURCE,64a5976b78eacf7afcc088db0567aec83ee2c0e582bda044665b5e499fedf1a8,64a5976b78eacf7afcc088db0567aec83ee2c0e582bda044665b5e499fedf1a8,f622f2d0702dbcd74931e960d44d3ded3bf2e4f89cfe50e0351d6c6fda826806,,land_pad__7700.jpg,1052,961,JPEG,2,409382,0,0.0,0.0,,True
land_pad__7700.jpg,land_pad,HISTORICAL_Q95,64a5976b78eacf7afcc088db0567aec83ee2c0e582bda044665b5e499fedf1a8,6150445b4a3f5b18f102648856d7ba1d07813b9b3ca72fefcef432a1874ecba9,f622f2d0702dbcd74931e960d44d3ded3bf2e4f89cfe50e0351d6c6fda826806,95,land_pad__7700.jpg,1052,961,JPEG,2,409728,346,0.1124241489048823,0.4079772388710304,55.918084920825244,False
land_pad__7700.jpg,land_pad,Q90,64a5976b78eacf7afcc088db0567aec83ee2c0e582bda044665b5e499fedf1a8,40e41d6ca182bebab3fa39cdf1d9ad1e5fbeb58936db5a571d0974e898d5ed0b,f622f2d0702dbcd74931e960d44d3ded3bf2e4f89cfe50e0351d6c6fda826806,90,land_pad__7700.jpg,1052,961,JPEG,2,311062,-98320,2.3374623629536724,3.1986547430386767,38.031456295494294,False
land_pad__7700.jpg,land_pad,Q100,64a5976b78eacf7afcc088db0567aec83ee2c0e582bda044665b5e499fedf1a8,6b1d74cd60fa28f0af11681cab78f9507c034c737d111543b5117b870dc10b23,f622f2d0702dbcd74931e960d44d3ded3bf2e4f89cfe50e0351d6c6fda826806,100,land_pad__7700.jpg,1052,961,JPEG,2,710409,301027,0.1846117729604117,0.5308428717958134,53.631483808912535,False
land_pad__7700.jpg,land_pad,LOSSLESS_PNG,64a5976b78eacf7afcc088db0567aec83ee2c0e582bda044665b5e499fedf1a8,682049cf7ff99d444938de75d99f623ff09859ee55e27da0abd85202db5cfa79,f622f2d0702dbcd74931e960d44d3ded3bf2e4f89cfe50e0351d6c6fda826806,,land_pad__7700.png,1052,961,PNG,,1529662,1120280,0.0,0.0,,True
land_pad__7725.jpg,land_pad,RAW_SOURCE,24e7b1128bd08328b4494906e2023cdd4b12a9c550574b6b6e3a587d5eb16239,24e7b1128bd08328b4494906e2023cdd4b12a9c550574b6b6e3a587d5eb16239,07c5f6ae6fdfbc2e8eb929ec09c10656e4f61c9c89d531aebd4df5feb7ba0f57,,land_pad__7725.jpg,1052,961,JPEG,2,408008,0,0.0,0.0,,True
land_pad__7725.jpg,land_pad,HISTORICAL_Q95,24e7b1128bd08328b4494906e2023cdd4b12a9c550574b6b6e3a587d5eb16239,addaee9b57c22ac39c32420bbe4ed8cca1e4d7c059625cdae583e2e2b4d15bc8,07c5f6ae6fdfbc2e8eb929ec09c10656e4f61c9c89d531aebd4df5feb7ba0f57,95,land_pad__7725.jpg,1052,961,JPEG,2,408356,348,0.10542263616928395,0.3916364695080666,56.2731410712542,False
land_pad__7725.jpg,land_pad,Q90,24e7b1128bd08328b4494906e2023cdd4b12a9c550574b6b6e3a587d5eb16239,609b17dac92c1e063fd0d31f6286a3b9dd76bb62f1acc574ac166b9dc678cadb,07c5f6ae6fdfbc2e8eb929ec09c10656e4f61c9c89d531aebd4df5feb7ba0f57,90,land_pad__7725.jpg,1052,961,JPEG,2,310547,-97461,2.3194064721871626,3.1701785514960092,38.1091291419538,False
land_pad__7725.jpg,land_pad,Q100,24e7b1128bd08328b4494906e2023cdd4b12a9c550574b6b6e3a587d5eb16239,9416f4c46ad5b13f5c51d5e1844b409239770b759f94be112bf274e84473e83c,07c5f6ae6fdfbc2e8eb929ec09c10656e4f61c9c89d531aebd4df5feb7ba0f57,100,land_pad__7725.jpg,1052,961,JPEG,2,707389,299381,0.17988958480881106,0.5206442944519276,53.79998133906459,False
land_pad__7725.jpg,land_pad,LOSSLESS_PNG,24e7b1128bd08328b4494906e2023cdd4b12a9c550574b6b6e3a587d5eb16239,36272dc5288cc2e7c7c6deb98cb5dfb65b840248d7df61815f73d1a88797e30b,07c5f6ae6fdfbc2e8eb929ec09c10656e4f61c9c89d531aebd4df5feb7ba0f57,,land_pad__7725.png,1052,961,PNG,,1525830,1117822,0.0,0.0,,True
land_pad__7750.jpg,land_pad,RAW_SOURCE,9b97c4bbfd7b2a1717afb1077a80f7de21c04153e487e0167f99ba0e1d431171,9b97c4bbfd7b2a1717afb1077a80f7de21c04153e487e0167f99ba0e1d431171,e71e71dc8f38697d37d835722e93d1af2d2c2ca3b53b2253630ea63af1ef5ed9,,land_pad__7750.jpg,1052,961,JPEG,2,399109,0,0.0,0.0,,True
land_pad__7750.jpg,land_pad,HISTORICAL_Q95,9b97c4bbfd7b2a1717afb1077a80f7de21c04153e487e0167f99ba0e1d431171,096c7523440ee6ca13df77d91cd76bea9de88320d6ad7b28c9a97df4c457f26b,e71e71dc8f38697d37d835722e93d1af2d2c2ca3b53b2253630ea63af1ef5ed9,95,land_pad__7750.jpg,1052,961,JPEG,2,399484,375,0.10486904352115257,0.39012699443178983,56.3066835705458,False
land_pad__7750.jpg,land_pad,Q90,9b97c4bbfd7b2a1717afb1077a80f7de21c04153e487e0167f99ba0e1d431171,af03952d6298023757469beeb126a1888fc8c654fa8e9b83c186741ab5dcabb1,e71e71dc8f38697d37d835722e93d1af2d2c2ca3b53b2253630ea63af1ef5ed9,90,land_pad__7750.jpg,1052,961,JPEG,2,303974,-95135,2.276906449107064,3.1208627683208774,38.24531016598007,False
land_pad__7750.jpg,land_pad,Q100,9b97c4bbfd7b2a1717afb1077a80f7de21c04153e487e0167f99ba0e1d431171,e28aedaf885b7afd4c2f18791505db47b30fc41afed27a73b85b0aca265843b3,e71e71dc8f38697d37d835722e93d1af2d2c2ca3b53b2253630ea63af1ef5ed9,100,land_pad__7750.jpg,1052,961,JPEG,2,693869,294760,0.17570944925609544,0.5119076674475959,53.946970917840524,False
land_pad__7750.jpg,land_pad,LOSSLESS_PNG,9b97c4bbfd7b2a1717afb1077a80f7de21c04153e487e0167f99ba0e1d431171,01d9a1fbccbe599b09c62a29bd8b92e0c4500b093a061e19f4143ca29a48608b,e71e71dc8f38697d37d835722e93d1af2d2c2ca3b53b2253630ea63af1ef5ed9,,land_pad__7750.png,1052,961,PNG,,1505761,1106652,0.0,0.0,,True
land_pad__7775.jpg,land_pad,RAW_SOURCE,dbea6822e1c835bb9bb22cce1f55f2668442da9c8f1601deb83fdf578b7f3a99,dbea6822e1c835bb9bb22cce1f55f2668442da9c8f1601deb83fdf578b7f3a99,2431eb43bb3b0f0b2f7d4f50193e501e23936c54ae1ff4ff81e9ebe2c1b15eeb,,land_pad__7775.jpg,1052,961,JPEG,2,396875,0,0.0,0.0,,True
land_pad__7775.jpg,land_pad,HISTORICAL_Q95,dbea6822e1c835bb9bb22cce1f55f2668442da9c8f1601deb83fdf578b7f3a99,1f2ef132134509762de806a415e3e9a754ab2dd21c580914ff7b93e61745d85c,2431eb43bb3b0f0b2f7d4f50193e501e23936c54ae1ff4ff81e9ebe2c1b15eeb,95,land_pad__7775.jpg,1052,961,JPEG,2,397204,329,0.09205859971064151,0.3605006760816227,56.99268193806986,False
land_pad__7775.jpg,land_pad,Q90,dbea6822e1c835bb9bb22cce1f55f2668442da9c8f1601deb83fdf578b7f3a99,bf91a853ccfd969a52827b4116e4866ae38a54c19286e5a8c941c929dcc8330a,2431eb43bb3b0f0b2f7d4f50193e501e23936c54ae1ff4ff81e9ebe2c1b15eeb,90,land_pad__7775.jpg,1052,961,JPEG,2,301899,-94976,2.223917840124817,3.107971170948523,38.28126397467328,False
land_pad__7775.jpg,land_pad,Q100,dbea6822e1c835bb9bb22cce1f55f2668442da9c8f1601deb83fdf578b7f3a99,fd9615020a9361b2f474699c960fae1543f1a54ef084cd9bdd497ab805965dec,2431eb43bb3b0f0b2f7d4f50193e501e23936c54ae1ff4ff81e9ebe2c1b15eeb,100,land_pad__7775.jpg,1052,961,JPEG,2,688343,291468,0.1670854055964623,0.49608844943088953,54.219621301651244,False
land_pad__7775.jpg,land_pad,LOSSLESS_PNG,dbea6822e1c835bb9bb22cce1f55f2668442da9c8f1601deb83fdf578b7f3a99,2798b4e7ab4b21583e68329ea823aad6fd044478fd62af43b2c683e7453622a1,2431eb43bb3b0f0b2f7d4f50193e501e23936c54ae1ff4ff81e9ebe2c1b15eeb,,land_pad__7775.png,1052,961,PNG,,1451824,1054949,0.0,0.0,,True
land_pad__7800.jpg,land_pad,RAW_SOURCE,138ed68711a50ca358963968fcc5d169082b7b7854f2c695919874112deb84d9,138ed68711a50ca358963968fcc5d169082b7b7854f2c695919874112deb84d9,7a87632277819d7ac47437d836bbdfc65fdc61d9bfa6e39a2cfc0c10f783ed14,,land_pad__7800.jpg,1052,961,JPEG,2,427365,0,0.0,0.0,,True
land_pad__7800.jpg,land_pad,HISTORICAL_Q95,138ed68711a50ca358963968fcc5d169082b7b7854f2c695919874112deb84d9,94a94b4d9a3e8a855c0781e85e3d0a9c986862cba99b3b0cd5d241fb56d00db7,7a87632277819d7ac47437d836bbdfc65fdc61d9bfa6e39a2cfc0c10f783ed14,95,land_pad__7800.jpg,1052,961,JPEG,2,427695,330,0.1034146676004215,0.3855785058275912,56.40854728770695,False
land_pad__7800.jpg,land_pad,Q90,138ed68711a50ca358963968fcc5d169082b7b7854f2c695919874112deb84d9,5ba5fbf63c225fd4cb22c64e5478bf12949c3907fbda49fa82dc67143d7d87b6,7a87632277819d7ac47437d836bbdfc65fdc61d9bfa6e39a2cfc0c10f783ed14,90,land_pad__7800.jpg,1052,961,JPEG,2,325587,-101778,2.5012255532299608,3.375940959844864,37.56290675148942,False
land_pad__7800.jpg,land_pad,Q100,138ed68711a50ca358963968fcc5d169082b7b7854f2c695919874112deb84d9,3c73c49f5e72d96bfb0935b1c26f14a9ead911b763547c583e40afdefce253a6,7a87632277819d7ac47437d836bbdfc65fdc61d9bfa6e39a2cfc0c10f783ed14,100,land_pad__7800.jpg,1052,961,JPEG,2,739965,312600,0.1815084888602256,0.5203522686379178,53.80485456179831,False
land_pad__7800.jpg,land_pad,LOSSLESS_PNG,138ed68711a50ca358963968fcc5d169082b7b7854f2c695919874112deb84d9,ecf7ccdd577e475ef2ff3030b30e7cfeee7b5d28425058aafdfb3d1c0e453a5f,7a87632277819d7ac47437d836bbdfc65fdc61d9bfa6e39a2cfc0c10f783ed14,,land_pad__7800.png,1052,961,PNG,,1490016,1062651,0.0,0.0,,True
land_pad__7825.jpg,land_pad,RAW_SOURCE,f8d83454e0fabdad4e9933c865c10f3fa819a720a919da17a1e4a0b44930bfb1,f8d83454e0fabdad4e9933c865c10f3fa819a720a919da17a1e4a0b44930bfb1,fa69b1c645b47b95c1a67c611c197318e1b431f8a50d433ead1b3c72c8fabaa0,,land_pad__7825.jpg,1052,961,JPEG,2,409376,0,0.0,0.0,,True
land_pad__7825.jpg,land_pad,HISTORICAL_Q95,f8d83454e0fabdad4e9933c865c10f3fa819a720a919da17a1e4a0b44930bfb1,7b482c27769f11471e13d8459cb52a337c5aeff092861bd6851d410862abe2e9,fa69b1c645b47b95c1a67c611c197318e1b431f8a50d433ead1b3c72c8fabaa0,95,land_pad__7825.jpg,1052,961,JPEG,2,409742,366,0.10980389829457855,0.39789227854555625,56.13549338154901,False
land_pad__7825.jpg,land_pad,Q90,f8d83454e0fabdad4e9933c865c10f3fa819a720a919da17a1e4a0b44930bfb1,f215dbe339297b884060b728e1225bda09b397b22958d15e53c50dbd17cf4a73,fa69b1c645b47b95c1a67c611c197318e1b431f8a50d433ead1b3c72c8fabaa0,90,land_pad__7825.jpg,1052,961,JPEG,2,312075,-97301,2.306559429934756,3.165426415129143,38.122159165127854,False
land_pad__7825.jpg,land_pad,Q100,f8d83454e0fabdad4e9933c865c10f3fa819a720a919da17a1e4a0b44930bfb1,82d588067acd52eff3e7123144ff9d9ca0de07f95fd16e0cd45a1fef99b938eb,fa69b1c645b47b95c1a67c611c197318e1b431f8a50d433ead1b3c72c8fabaa0,100,land_pad__7825.jpg,1052,961,JPEG,2,709579,300203,0.1840624666162861,0.523628011704737,53.750346183289786,False
land_pad__7825.jpg,land_pad,LOSSLESS_PNG,f8d83454e0fabdad4e9933c865c10f3fa819a720a919da17a1e4a0b44930bfb1,86ca02318c524de1bb18c8bc27145442a68e6f705e70deff89a6e9a0b798e03e,fa69b1c645b47b95c1a67c611c197318e1b431f8a50d433ead1b3c72c8fabaa0,,land_pad__7825.png,1052,961,PNG,,1421794,1012418,0.0,0.0,,True
land_pad__7850.jpg,land_pad,RAW_SOURCE,a8a85dc7a6ede37037fb7b317f843a61dfea04a70e5f244efda719bac23a8c7e,a8a85dc7a6ede37037fb7b317f843a61dfea04a70e5f244efda719bac23a8c7e,1914977714149ca3512dbbf5b11085cc5bca917dc8f3f709a6e63478eeb265cb,,land_pad__7850.jpg,1052,961,JPEG,2,405329,0,0.0,0.0,,True
land_pad__7850.jpg,land_pad,HISTORICAL_Q95,a8a85dc7a6ede37037fb7b317f843a61dfea04a70e5f244efda719bac23a8c7e,ae1e5f49b24e2b23dec876d2cec58d7b47d04d231917026a5d6487be0ef7c04e,1914977714149ca3512dbbf5b11085cc5bca917dc8f3f709a6e63478eeb265cb,95,land_pad__7850.jpg,1052,961,JPEG,2,405624,295,0.11555051310356106,0.41093252563119503,55.855393261265796,False
land_pad__7850.jpg,land_pad,Q90,a8a85dc7a6ede37037fb7b317f843a61dfea04a70e5f244efda719bac23a8c7e,843ee82b37164cbe10b52e5efbbac1226f3472424fc33d8f9ee9fd20bf258be3,1914977714149ca3512dbbf5b11085cc5bca917dc8f3f709a6e63478eeb265cb,90,land_pad__7850.jpg,1052,961,JPEG,2,308906,-96423,2.2863320316157782,3.137944085462322,38.19789959479855,False
land_pad__7850.jpg,land_pad,Q100,a8a85dc7a6ede37037fb7b317f843a61dfea04a70e5f244efda719bac23a8c7e,96e3b62be1eb91e65dc36327b03698ee2699b91149cc860ccaa62259ecb913fc,1914977714149ca3512dbbf5b11085cc5bca917dc8f3f709a6e63478eeb265cb,100,land_pad__7850.jpg,1052,961,JPEG,2,702148,296819,0.18329258047370914,0.5232258094763783,53.757020437648734,False
land_pad__7850.jpg,land_pad,LOSSLESS_PNG,a8a85dc7a6ede37037fb7b317f843a61dfea04a70e5f244efda719bac23a8c7e,ac5e35316cc77f876f891aadfa10430e67fe0ed853364b6249d3d4599e94630a,1914977714149ca3512dbbf5b11085cc5bca917dc8f3f709a6e63478eeb265cb,,land_pad__7850.png,1052,961,PNG,,1409429,1004100,0.0,0.0,,True
land_pad__7875.jpg,land_pad,RAW_SOURCE,58d448e41fee416835285a3242cb26ad9f63a3fd937e2b355da3ec00bec0134d,58d448e41fee416835285a3242cb26ad9f63a3fd937e2b355da3ec00bec0134d,382a4535877851ad6f81a72d77d4dfc42f8633522b2e760dad3955d9815e549d,,land_pad__7875.jpg,1052,961,JPEG,2,426437,0,0.0,0.0,,True
land_pad__7875.jpg,land_pad,HISTORICAL_Q95,58d448e41fee416835285a3242cb26ad9f63a3fd937e2b355da3ec00bec0134d,e4cfa0cb73493924d5e821ae241f1e148fb6b8d307a68c39f9e1b7b90bd8b526,382a4535877851ad6f81a72d77d4dfc42f8633522b2e760dad3955d9815e549d,95,land_pad__7875.jpg,1052,961,JPEG,2,426757,320,0.11307105109406261,0.4076627388269234,55.92478325068733,False
land_pad__7875.jpg,land_pad,Q90,58d448e41fee416835285a3242cb26ad9f63a3fd937e2b355da3ec00bec0134d,3e20f2194ec1e8bb6388b4762a8a850bfd77eede7fff67f8f933ba35ff814ba0,382a4535877851ad6f81a72d77d4dfc42f8633522b2e760dad3955d9815e549d,90,land_pad__7875.jpg,1052,961,JPEG,2,324752,-101685,2.404123951998671,3.276448632968641,37.82273633614981,False
land_pad__7875.jpg,land_pad,Q100,58d448e41fee416835285a3242cb26ad9f63a3fd937e2b355da3ec00bec0134d,fb00fb5d117fcdd2d525a2dc8cdb6fbbd31ea1cccabcb978d9137ea09c4d9e52,382a4535877851ad6f81a72d77d4dfc42f8633522b2e760dad3955d9815e549d,100,land_pad__7875.jpg,1052,961,JPEG,2,737515,311078,0.18734775377887156,0.5312327902591513,53.625106129781834,False
land_pad__7875.jpg,land_pad,LOSSLESS_PNG,58d448e41fee416835285a3242cb26ad9f63a3fd937e2b355da3ec00bec0134d,04959e3c5f65ada435e05c99f49d393d1984031970cb0b6e3bded93bd58122af,382a4535877851ad6f81a72d77d4dfc42f8633522b2e760dad3955d9815e549d,,land_pad__7875.png,1052,961,PNG,,1468096,1041659,0.0,0.0,,True
land_pad__7900.jpg,land_pad,RAW_SOURCE,5d1a938f8fea46795d917c2c75b287872451c9c886fcf4f53609323840b5d371,5d1a938f8fea46795d917c2c75b287872451c9c886fcf4f53609323840b5d371,09a8a54e1c98155424e003c3df46b2c4085f7395840826499f0a478c23790099,,land_pad__7900.jpg,1052,961,JPEG,2,426697,0,0.0,0.0,,True
land_pad__7900.jpg,land_pad,HISTORICAL_Q95,5d1a938f8fea46795d917c2c75b287872451c9c886fcf4f53609323840b5d371,a853f654849647f5d1c1f73bf84efba517dd15203a929f29ea26e28fd02eae0f,09a8a54e1c98155424e003c3df46b2c4085f7395840826499f0a478c23790099,95,land_pad__7900.jpg,1052,961,JPEG,2,427021,324,0.11632336668737281,0.41449162530026723,55.78048840541041,False
land_pad__7900.jpg,land_pad,Q90,5d1a938f8fea46795d917c2c75b287872451c9c886fcf4f53609323840b5d371,4547ec7cfae3f98a21e1854fa1326d7232e1b9626cb3f935ebcfec69f603af13,09a8a54e1c98155424e003c3df46b2c4085f7395840826499f0a478c23790099,90,land_pad__7900.jpg,1052,961,JPEG,2,325118,-101579,2.391266029128403,3.2717484123493836,37.835205601904114,False
land_pad__7900.jpg,land_pad,Q100,5d1a938f8fea46795d917c2c75b287872451c9c886fcf4f53609323840b5d371,97a385cc71ef5cf4e3346c9cb79a1923e7fc0e0ab06c07b252ef6f534930c0bc,09a8a54e1c98155424e003c3df46b2c4085f7395840826499f0a478c23790099,100,land_pad__7900.jpg,1052,961,JPEG,2,737158,310461,0.1919977341937594,0.5401870185024271,53.479920743990505,False
land_pad__7900.jpg,land_pad,LOSSLESS_PNG,5d1a938f8fea46795d917c2c75b287872451c9c886fcf4f53609323840b5d371,fba0f3820267760eb9f0716c69118d5b3746a56fed647d7f837507b1533288af,09a8a54e1c98155424e003c3df46b2c4085f7395840826499f0a478c23790099,,land_pad__7900.png,1052,961,PNG,,1472849,1046152,0.0,0.0,,True
land_pad__7925.jpg,land_pad,RAW_SOURCE,b692b231472413740d0551bb2a8dda57170116e5fc534200ec293fb0a7376eda,b692b231472413740d0551bb2a8dda57170116e5fc534200ec293fb0a7376eda,6fac819e94f2b891da38a222c0a0e31059776a01029fcaf417554c241a7945b5,,land_pad__7925.jpg,1052,961,JPEG,2,420208,0,0.0,0.0,,True
land_pad__7925.jpg,land_pad,HISTORICAL_Q95,b692b231472413740d0551bb2a8dda57170116e5fc534200ec293fb0a7376eda,a1443cb77b5bcc3f53c0c8e13161751c4f3761cf16e31a1e6526e4e2bf4fa4af,6fac819e94f2b891da38a222c0a0e31059776a01029fcaf417554c241a7945b5,95,land_pad__7925.jpg,1052,961,JPEG,2,420476,268,0.11814504588983012,0.4197359943716877,55.671279335875646,False
land_pad__7925.jpg,land_pad,Q90,b692b231472413740d0551bb2a8dda57170116e5fc534200ec293fb0a7376eda,0b67ccc9940319e0c25e120e61e3733c9a114075393314d8d7b5393482a6b680,6fac819e94f2b891da38a222c0a0e31059776a01029fcaf417554c241a7945b5,90,land_pad__7925.jpg,1052,961,JPEG,2,319893,-100315,2.328996912542253,3.2134408726986847,37.9913973426207,False
land_pad__7925.jpg,land_pad,Q100,b692b231472413740d0551bb2a8dda57170116e5fc534200ec293fb0a7376eda,3d65666be526ecc76b0764b82f75ab310ddeb4e2301ecbd33983a09c138eaff8,6fac819e94f2b891da38a222c0a0e31059776a01029fcaf417554c241a7945b5,100,land_pad__7925.jpg,1052,961,JPEG,2,725969,305761,0.19684488459291322,0.5488450552060968,53.34180849259802,False
land_pad__7925.jpg,land_pad,LOSSLESS_PNG,b692b231472413740d0551bb2a8dda57170116e5fc534200ec293fb0a7376eda,93c6629e84e77047cc7b16476ae179c43183576c1ae62a5e941f79bb823cc292,6fac819e94f2b891da38a222c0a0e31059776a01029fcaf417554c241a7945b5,,land_pad__7925.png,1052,961,PNG,,1460424,1040216,0.0,0.0,,True
land_pad__7950.jpg,land_pad,RAW_SOURCE,6f43a27d3a12872d5559a038d7129eeb701187c4bfc8fb76cd466b3103a4abba,6f43a27d3a12872d5559a038d7129eeb701187c4bfc8fb76cd466b3103a4abba,96ee3b57f5f46a295614aea5e91c21e4feb7206658ffa198dbd3f2cb1260308b,,land_pad__7950.jpg,1052,961,JPEG,2,431043,0,0.0,0.0,,True
land_pad__7950.jpg,land_pad,HISTORICAL_Q95,6f43a27d3a12872d5559a038d7129eeb701187c4bfc8fb76cd466b3103a4abba,d5e3b53d09cf41e0ee0b3ad7bf322a2a2e9a8b33d9d5ca4d899da00ebf4fe092,96ee3b57f5f46a295614aea5e91c21e4feb7206658ffa198dbd3f2cb1260308b,95,land_pad__7950.jpg,1052,961,JPEG,2,431272,229,0.12202909675045402,0.4279192256902178,55.50356762783884,False
land_pad__7950.jpg,land_pad,Q90,6f43a27d3a12872d5559a038d7129eeb701187c4bfc8fb76cd466b3103a4abba,029042ce9a777167a3a4850cbab74777c9c780550c7001c3bf7599338ca4ba38,96ee3b57f5f46a295614aea5e91c21e4feb7206658ffa198dbd3f2cb1260308b,90,land_pad__7950.jpg,1052,961,JPEG,2,327491,-103552,2.479303416250236,3.3431699495481153,37.647634519694,False
land_pad__7950.jpg,land_pad,Q100,6f43a27d3a12872d5559a038d7129eeb701187c4bfc8fb76cd466b3103a4abba,f0db943d96d3504b1679da59a7214a7db73423e56e2b0ac1f26b2ead5e8bc0ba,96ee3b57f5f46a295614aea5e91c21e4feb7206658ffa198dbd3f2cb1260308b,100,land_pad__7950.jpg,1052,961,JPEG,2,745600,314557,0.20497600329188148,0.5640340672730003,53.104696891357726,False
land_pad__7950.jpg,land_pad,LOSSLESS_PNG,6f43a27d3a12872d5559a038d7129eeb701187c4bfc8fb76cd466b3103a4abba,453ec56d5fcfc60f30db8ad0a2ab9bdc56b3f840cc8e0a83394599637cb9910f,96ee3b57f5f46a295614aea5e91c21e4feb7206658ffa198dbd3f2cb1260308b,,land_pad__7950.png,1052,961,PNG,,1507805,1076762,0.0,0.0,,True
land_pad__7975.jpg,land_pad,RAW_SOURCE,e8626d1f944fd7a5756d63dbd947aa1483d07974138075bfe84aab0266e84659,e8626d1f944fd7a5756d63dbd947aa1483d07974138075bfe84aab0266e84659,c2f73ab38e8cd0161363ad8cf51cf00c0c8f6b0926d16e03651932f09dd84cb9,,land_pad__7975.jpg,1052,961,JPEG,2,417680,0,0.0,0.0,,True
land_pad__7975.jpg,land_pad,HISTORICAL_Q95,e8626d1f944fd7a5756d63dbd947aa1483d07974138075bfe84aab0266e84659,96c2c82c710cebcf582e6a83c4de74a833b54e844f6ed9f38a9e62a4bdc30b29,c2f73ab38e8cd0161363ad8cf51cf00c0c8f6b0926d16e03651932f09dd84cb9,95,land_pad__7975.jpg,1052,961,JPEG,2,417927,247,0.11785786352144273,0.4199107386748573,55.66766398266962,False
land_pad__7975.jpg,land_pad,Q90,e8626d1f944fd7a5756d63dbd947aa1483d07974138075bfe84aab0266e84659,4df52f965e1c35a7cb3beddb407f5260ced2c3264cf8ad1ae2230e90a56bb4b0,c2f73ab38e8cd0161363ad8cf51cf00c0c8f6b0926d16e03651932f09dd84cb9,90,land_pad__7975.jpg,1052,961,JPEG,2,317716,-99964,2.3613571889231353,3.2290507623412967,37.94930616060328,False
land_pad__7975.jpg,land_pad,Q100,e8626d1f944fd7a5756d63dbd947aa1483d07974138075bfe84aab0266e84659,bbac9a2a4afa04dd1b72a395ceccad36a96263cf070d2ee43632dbc670d62a6b,c2f73ab38e8cd0161363ad8cf51cf00c0c8f6b0926d16e03651932f09dd84cb9,100,land_pad__7975.jpg,1052,961,JPEG,2,723886,306206,0.19946579463460248,0.5540138529280478,53.2603911236776,False
land_pad__7975.jpg,land_pad,LOSSLESS_PNG,e8626d1f944fd7a5756d63dbd947aa1483d07974138075bfe84aab0266e84659,668f534501854916483741a78b798323bf40d3359fff2a3e87cb9beca638e718,c2f73ab38e8cd0161363ad8cf51cf00c0c8f6b0926d16e03651932f09dd84cb9,,land_pad__7975.png,1052,961,PNG,,1476019,1058339,0.0,0.0,,True
land_pad__8000.jpg,land_pad,RAW_SOURCE,66679fc30dd94f2048f5efc137a7702f7c6089c684cf75e900f66c9b1abf4563,66679fc30dd94f2048f5efc137a7702f7c6089c684cf75e900f66c9b1abf4563,e4063174117555e4428cce002dc8a98e9bf23e4d6b30c358920afe7a57076316,,land_pad__8000.jpg,1052,961,JPEG,2,403262,0,0.0,0.0,,True
land_pad__8000.jpg,land_pad,HISTORICAL_Q95,66679fc30dd94f2048f5efc137a7702f7c6089c684cf75e900f66c9b1abf4563,333cae8b4812d5ba2db9341108f715012cdd3d5a13d34c686d7e06f6a37fbf27,e4063174117555e4428cce002dc8a98e9bf23e4d6b30c358920afe7a57076316,95,land_pad__8000.jpg,1052,961,JPEG,2,403466,204,0.11399227673961297,0.41177974646176013,55.83750397120837,False
land_pad__8000.jpg,land_pad,Q90,66679fc30dd94f2048f5efc137a7702f7c6089c684cf75e900f66c9b1abf4563,35e473bf2da92af47de50647e15e701d7ee5ed60b5bc386b36ddb5045e3a5d00,e4063174117555e4428cce002dc8a98e9bf23e4d6b30c358920afe7a57076316,90,land_pad__8000.jpg,1052,961,JPEG,2,306871,-96391,2.266414566047988,3.1163999792648904,38.257739752932515,False
land_pad__8000.jpg,land_pad,Q100,66679fc30dd94f2048f5efc137a7702f7c6089c684cf75e900f66c9b1abf4563,f915021a0295a7671c2bb41dc4324ada6157aee7dfdb23a8f3fcb5c42be4944f,e4063174117555e4428cce002dc8a98e9bf23e4d6b30c358920afe7a57076316,100,land_pad__8000.jpg,1052,961,JPEG,2,698638,295376,0.19502584311599794,0.5474781610261943,53.363467612773206,False
land_pad__8000.jpg,land_pad,LOSSLESS_PNG,66679fc30dd94f2048f5efc137a7702f7c6089c684cf75e900f66c9b1abf4563,2ff7b5a31f5674f3161b0ca71d08671c2cc0f46300d80428c9823c9b47144033,e4063174117555e4428cce002dc8a98e9bf23e4d6b30c358920afe7a57076316,,land_pad__8000.png,1052,961,PNG,,1426368,1023106,0.0,0.0,,True
land_pad__8025.jpg,land_pad,RAW_SOURCE,ce697b9962e97f541b286c777368d3ae2bb4bd2aaa45d6f461b31a22bff8ec0e,ce697b9962e97f541b286c777368d3ae2bb4bd2aaa45d6f461b31a22bff8ec0e,861ec79b6bbc53a6b72b304eeb9bf1e9a49f237f867092c802673d061fd65c73,,land_pad__8025.jpg,1052,961,JPEG,2,388689,0,0.0,0.0,,True
land_pad__8025.jpg,land_pad,HISTORICAL_Q95,ce697b9962e97f541b286c777368d3ae2bb4bd2aaa45d6f461b31a22bff8ec0e,a6d28ac3d520023ba595a7ae967028d0c80dc3f8d23731ad91fd1c3dd7b68c75,861ec79b6bbc53a6b72b304eeb9bf1e9a49f237f867092c802673d061fd65c73,95,land_pad__8025.jpg,1052,961,JPEG,2,388932,243,0.1191299066640817,0.42196999131094226,55.625172270557826,False
land_pad__8025.jpg,land_pad,Q90,ce697b9962e97f541b286c777368d3ae2bb4bd2aaa45d6f461b31a22bff8ec0e,041b7d688a16174cf857b68c47fcec9364c12238300da92fae3e0dbace8e0ce8,861ec79b6bbc53a6b72b304eeb9bf1e9a49f237f867092c802673d061fd65c73,90,land_pad__8025.jpg,1052,961,JPEG,2,295147,-93542,2.1681174157147773,3.001732046062923,38.58336517438571,False
land_pad__8025.jpg,land_pad,Q100,ce697b9962e97f541b286c777368d3ae2bb4bd2aaa45d6f461b31a22bff8ec0e,fc4c3003a8bf7eb39c66ffaa85c6779a5a6d8d20d7ffce51434bcfde8343f1b2,861ec79b6bbc53a6b72b304eeb9bf1e9a49f237f867092c802673d061fd65c73,100,land_pad__8025.jpg,1052,961,JPEG,2,672813,284124,0.19478712895444517,0.5476834878860972,53.3602106571128,False
land_pad__8025.jpg,land_pad,LOSSLESS_PNG,ce697b9962e97f541b286c777368d3ae2bb4bd2aaa45d6f461b31a22bff8ec0e,e6901ac182d40455cd9c6b7ae5ce931c391f551b60686ab718a44c55b30bc9a7,861ec79b6bbc53a6b72b304eeb9bf1e9a49f237f867092c802673d061fd65c73,,land_pad__8025.png,1052,961,PNG,,1379899,991210,0.0,0.0,,True
land_pad__8050.jpg,land_pad,RAW_SOURCE,c37ef1ef752a759daf38f8607104e7a02f02d61164deda9c6471260de1f15e50,c37ef1ef752a759daf38f8607104e7a02f02d61164deda9c6471260de1f15e50,6381539e7c66c71ef65a8c07ec9845cf2d022203cda45117f9bf1fc341b4a027,,land_pad__8050.jpg,1052,961,JPEG,2,390386,0,0.0,0.0,,True
land_pad__8050.jpg,land_pad,HISTORICAL_Q95,c37ef1ef752a759daf38f8607104e7a02f02d61164deda9c6471260de1f15e50,6bef3cf71b0887f08ae5dd3507d423cbf67d80940138cc5eb94d5143771d5a62,6381539e7c66c71ef65a8c07ec9845cf2d022203cda45117f9bf1fc341b4a027,95,land_pad__8050.jpg,1052,961,JPEG,2,390740,354,0.1255636489767603,0.43680720748789764,55.325007693023984,False
land_pad__8050.jpg,land_pad,Q90,c37ef1ef752a759daf38f8607104e7a02f02d61164deda9c6471260de1f15e50,fe315aad2075cf6eab4a2b79a3427565193d509456b4ee86e3f911774eb08788,6381539e7c66c71ef65a8c07ec9845cf2d022203cda45117f9bf1fc341b4a027,90,land_pad__8050.jpg,1052,961,JPEG,2,296830,-93556,2.150849545453946,2.993456139467507,38.60734562496642,False
land_pad__8050.jpg,land_pad,Q100,c37ef1ef752a759daf38f8607104e7a02f02d61164deda9c6471260de1f15e50,4f3ef1ab4a569410e7c6e5fa0af09d3222f35c0c761ffda1920b7f9b34e1d57d,6381539e7c66c71ef65a8c07ec9845cf2d022203cda45117f9bf1fc341b4a027,100,land_pad__8050.jpg,1052,961,JPEG,2,674723,284337,0.19924884170877136,0.5568856958831438,53.21548235301363,False
land_pad__8050.jpg,land_pad,LOSSLESS_PNG,c37ef1ef752a759daf38f8607104e7a02f02d61164deda9c6471260de1f15e50,b27039386150ef10a6f69066920fb2ad4b31ac84225b8d014087fb1fdd75e198,6381539e7c66c71ef65a8c07ec9845cf2d022203cda45117f9bf1fc341b4a027,,land_pad__8050.png,1052,961,PNG,,1376777,986391,0.0,0.0,,True
land_pad__8075.jpg,land_pad,RAW_SOURCE,ac20eff3c9735c895af0fa2c3b6076c225f8cbf81c71ebc8839edfd0c8c612c1,ac20eff3c9735c895af0fa2c3b6076c225f8cbf81c71ebc8839edfd0c8c612c1,46b1724f5962af05fd7c22a9b4fef5f4487a39c8e17be08b99f48331ad03fe3c,,land_pad__8075.jpg,1052,961,JPEG,2,383706,0,0.0,0.0,,True
land_pad__8075.jpg,land_pad,HISTORICAL_Q95,ac20eff3c9735c895af0fa2c3b6076c225f8cbf81c71ebc8839edfd0c8c612c1,4753e0f9ccb1808bbbbc98d56981f456c58b853500e85805b43e5dedaf43e948,46b1724f5962af05fd7c22a9b4fef5f4487a39c8e17be08b99f48331ad03fe3c,95,land_pad__8075.jpg,1052,961,JPEG,2,384008,302,0.12343401531727222,0.4319023276343105,55.42309271707792,False
land_pad__8075.jpg,land_pad,Q90,ac20eff3c9735c895af0fa2c3b6076c225f8cbf81c71ebc8839edfd0c8c612c1,34f9f7e1062772d2047e2761c93d673b1c28a11b860e22dbf12c35dac43ad8a0,46b1724f5962af05fd7c22a9b4fef5f4487a39c8e17be08b99f48331ad03fe3c,90,land_pad__8075.jpg,1052,961,JPEG,2,291991,-91715,2.053844550920632,2.8982252704550246,38.88816083129488,False
land_pad__8075.jpg,land_pad,Q100,ac20eff3c9735c895af0fa2c3b6076c225f8cbf81c71ebc8839edfd0c8c612c1,36b353686edf0d6f9e4eef1281c536a96fc8818589b1bda41fe1a1e2f9ba4e2e,46b1724f5962af05fd7c22a9b4fef5f4487a39c8e17be08b99f48331ad03fe3c,100,land_pad__8075.jpg,1052,961,JPEG,2,661545,277839,0.19616534055015042,0.5508829024282945,53.309617738133134,False
land_pad__8075.jpg,land_pad,LOSSLESS_PNG,ac20eff3c9735c895af0fa2c3b6076c225f8cbf81c71ebc8839edfd0c8c612c1,26be5ea657310b56cb052e19717e2bf48657403a67e73c35803493cf4f26e14e,46b1724f5962af05fd7c22a9b4fef5f4487a39c8e17be08b99f48331ad03fe3c,,land_pad__8075.png,1052,961,PNG,,1351144,967438,0.0,0.0,,True
land_pad__8100.jpg,land_pad,RAW_SOURCE,9b37a47163f82daf97a952b68520c5630804f518e472441b3a97d95ca4e176e3,9b37a47163f82daf97a952b68520c5630804f518e472441b3a97d95ca4e176e3,d5c2b4b7723d1d633c7ae3c00ac74ed274d44f71c1387b0dd2b60ebf29940a0b,,land_pad__8100.jpg,1052,961,JPEG,2,423516,0,0.0,0.0,,True
land_pad__8100.jpg,land_pad,HISTORICAL_Q95,9b37a47163f82daf97a952b68520c5630804f518e472441b3a97d95ca4e176e3,9a82c77036f26a7bb1f91571dd9098bbd42a7d42228fa0715fe3aa84f4753142,d5c2b4b7723d1d633c7ae3c00ac74ed274d44f71c1387b0dd2b60ebf29940a0b,95,land_pad__8100.jpg,1052,961,JPEG,2,423772,256,0.13686069775753762,0.4600300943171756,54.87507874163998,False
land_pad__8100.jpg,land_pad,Q90,9b37a47163f82daf97a952b68520c5630804f518e472441b3a97d95ca4e176e3,979f880680ccfc96a06308951fc86532a307634b67dfbe9116d3cae0bd17a596,d5c2b4b7723d1d633c7ae3c00ac74ed274d44f71c1387b0dd2b60ebf29940a0b,90,land_pad__8100.jpg,1052,961,JPEG,2,321403,-102113,2.3839519459160754,3.264789289922323,37.85370046721986,False
land_pad__8100.jpg,land_pad,Q100,9b37a47163f82daf97a952b68520c5630804f518e472441b3a97d95ca4e176e3,958a058862690ca5f5de909ca7749f0f19d3221a30068452d9badd9a9d77b223,d5c2b4b7723d1d633c7ae3c00ac74ed274d44f71c1387b0dd2b60ebf29940a0b,100,land_pad__8100.jpg,1052,961,JPEG,2,730895,307379,0.2144243361833958,0.5840335353868122,52.80204790563346,False
land_pad__8100.jpg,land_pad,LOSSLESS_PNG,9b37a47163f82daf97a952b68520c5630804f518e472441b3a97d95ca4e176e3,72a966d29ffa5176d2cc7bc4b954a006cc717cd1a1c69610a7aa1055a6af7384,d5c2b4b7723d1d633c7ae3c00ac74ed274d44f71c1387b0dd2b60ebf29940a0b,,land_pad__8100.png,1052,961,PNG,,1491555,1068039,0.0,0.0,,True
land_pad__8125.jpg,land_pad,RAW_SOURCE,ce0594716803733c6c0924748dc520cbb0ac7f077476bdcd839f1c1adf5ceeba,ce0594716803733c6c0924748dc520cbb0ac7f077476bdcd839f1c1adf5ceeba,27beb29c2af8b4a70484de5a0bc24ae5bbe85f60ae1ccb0630f183fa792b80f5,,land_pad__8125.jpg,1052,961,JPEG,2,415555,0,0.0,0.0,,True
land_pad__8125.jpg,land_pad,HISTORICAL_Q95,ce0594716803733c6c0924748dc520cbb0ac7f077476bdcd839f1c1adf5ceeba,e814e68dcca1397b6e9d75340320025db7a74f4bb3218051837426965f799a6c,27beb29c2af8b4a70484de5a0bc24ae5bbe85f60ae1ccb0630f183fa792b80f5,95,land_pad__8125.jpg,1052,961,JPEG,2,415995,440,0.124984668220287,0.43343367195582233,55.39235066620812,False
land_pad__8125.jpg,land_pad,Q90,ce0594716803733c6c0924748dc520cbb0ac7f077476bdcd839f1c1adf5ceeba,7ed2a099f6b1d664476ced63b453db0a7d777da31763169ee3ed4275bbbc74db,27beb29c2af8b4a70484de5a0bc24ae5bbe85f60ae1ccb0630f183fa792b80f5,90,land_pad__8125.jpg,1052,961,JPEG,2,316258,-99297,2.2477711219169936,3.1420244950823193,38.18661227952924,False
land_pad__8125.jpg,land_pad,Q100,ce0594716803733c6c0924748dc520cbb0ac7f077476bdcd839f1c1adf5ceeba,028b12e892dd53cb7a23e1efe626985687eb27a1ff8fd4b498f82fb14ef88409,27beb29c2af8b4a70484de5a0bc24ae5bbe85f60ae1ccb0630f183fa792b80f5,100,land_pad__8125.jpg,1052,961,JPEG,2,717963,302408,0.20394630118341556,0.5647972876614101,53.0929515601452,False
land_pad__8125.jpg,land_pad,LOSSLESS_PNG,ce0594716803733c6c0924748dc520cbb0ac7f077476bdcd839f1c1adf5ceeba,a418e3fda5317ec5e8d74a1b13bc9be0082df9d5557867cdb07a85bdc38574e6,27beb29c2af8b4a70484de5a0bc24ae5bbe85f60ae1ccb0630f183fa792b80f5,,land_pad__8125.png,1052,961,PNG,,1469759,1054204,0.0,0.0,,True
land_pad__8150.jpg,land_pad,RAW_SOURCE,c24f0948162d273fbc880877e87729e2fed91d1a9fc33a907d33471162f8a3d1,c24f0948162d273fbc880877e87729e2fed91d1a9fc33a907d33471162f8a3d1,f87d536456b0afe650f6a108d8c488589e2376836039e0be750998cd01c113d7,,land_pad__8150.jpg,1052,961,JPEG,2,419996,0,0.0,0.0,,True
land_pad__8150.jpg,land_pad,HISTORICAL_Q95,c24f0948162d273fbc880877e87729e2fed91d1a9fc33a907d33471162f8a3d1,e4b6698b7d33f9cb1fe76f45503d47510eced7cbb41b8f23a15ab999f49baa94,f87d536456b0afe650f6a108d8c488589e2376836039e0be750998cd01c113d7,95,land_pad__8150.jpg,1052,961,JPEG,2,420360,364,0.12168850043984074,0.428122976861534,55.49943287790286,False
land_pad__8150.jpg,land_pad,Q90,c24f0948162d273fbc880877e87729e2fed91d1a9fc33a907d33471162f8a3d1,e83d1c16b6eb376249c80ccab3574132597e07a3e0ee6f0e9abbe52c1c726127,f87d536456b0afe650f6a108d8c488589e2376836039e0be750998cd01c113d7,90,land_pad__8150.jpg,1052,961,JPEG,2,319566,-100430,2.2632502845446427,3.1660041985456093,38.12057387949171,False
land_pad__8150.jpg,land_pad,Q100,c24f0948162d273fbc880877e87729e2fed91d1a9fc33a907d33471162f8a3d1,063a70d92991f12912b6b5d5f4bc07f28b85c41e0ca6fe0f7ed1e8fbce3bb4ca,f87d536456b0afe650f6a108d8c488589e2376836039e0be750998cd01c113d7,100,land_pad__8150.jpg,1052,961,JPEG,2,725464,305468,0.20235080694618643,0.5620629706722494,53.135104119950284,False
land_pad__8150.jpg,land_pad,LOSSLESS_PNG,c24f0948162d273fbc880877e87729e2fed91d1a9fc33a907d33471162f8a3d1,0f2464ab1834678e9019ad613cf883bb327b21dcf59aa3805e2ea220a57c5724,f87d536456b0afe650f6a108d8c488589e2376836039e0be750998cd01c113d7,,land_pad__8150.png,1052,961,PNG,,1486809,1066813,0.0,0.0,,True
land_pad__8175.jpg,land_pad,RAW_SOURCE,ceff0e4de811db1aa9d8e4cd0ddabbdb07c0915f5a1072032c18c98a3ff88758,ceff0e4de811db1aa9d8e4cd0ddabbdb07c0915f5a1072032c18c98a3ff88758,8e3f21d654597bf9573cc454e5ae15597d0465ac6b36c26faa707ba8a55b2a87,,land_pad__8175.jpg,1052,961,JPEG,2,428740,0,0.0,0.0,,True
land_pad__8175.jpg,land_pad,HISTORICAL_Q95,ceff0e4de811db1aa9d8e4cd0ddabbdb07c0915f5a1072032c18c98a3ff88758,5fce143f143be0bbcc71eb500be4f800ca90c45720e119dd6c10bf20bccc6b56,8e3f21d654597bf9573cc454e5ae15597d0465ac6b36c26faa707ba8a55b2a87,95,land_pad__8175.jpg,1052,961,JPEG,2,429083,343,0.1166784704884672,0.41674345037662297,55.73342794678349,False
land_pad__8175.jpg,land_pad,Q90,ceff0e4de811db1aa9d8e4cd0ddabbdb07c0915f5a1072032c18c98a3ff88758,75c5622d3c24fb3e7b88ec697e5456b45ea51e5760ea0263ee18c89ab24c55bd,8e3f21d654597bf9573cc454e5ae15597d0465ac6b36c26faa707ba8a55b2a87,90,land_pad__8175.jpg,1052,961,JPEG,2,326337,-102403,2.3067803394489,3.226551030221981,37.9560328451467,False
land_pad__8175.jpg,land_pad,Q100,ceff0e4de811db1aa9d8e4cd0ddabbdb07c0915f5a1072032c18c98a3ff88758,c516fa7f506c80488077062695471e845f3eff2e9af25040e4119ad3d9f54967,8e3f21d654597bf9573cc454e5ae15597d0465ac6b36c26faa707ba8a55b2a87,100,land_pad__8175.jpg,1052,961,JPEG,2,740681,311941,0.19727120698364214,0.5538209940651194,53.263415312383316,False
land_pad__8175.jpg,land_pad,LOSSLESS_PNG,ceff0e4de811db1aa9d8e4cd0ddabbdb07c0915f5a1072032c18c98a3ff88758,ca4ddf4416eef2de89ed751bc65599f09540dd7e12d33fee7074da4a9e6bd85c,8e3f21d654597bf9573cc454e5ae15597d0465ac6b36c26faa707ba8a55b2a87,,land_pad__8175.png,1052,961,PNG,,1520370,1091630,0.0,0.0,,True
land_pad__8200.jpg,land_pad,RAW_SOURCE,7d3a654f59540ff1ea8ddc6e3cef983dbe8c465c9bdfe986edd623a60cfd0de2,7d3a654f59540ff1ea8ddc6e3cef983dbe8c465c9bdfe986edd623a60cfd0de2,7d278bcae45692204724bf60164ca0d1a1e911ce88929e6191f092853b6b1b07,,land_pad__8200.jpg,1052,961,JPEG,2,438074,0,0.0,0.0,,True
land_pad__8200.jpg,land_pad,HISTORICAL_Q95,7d3a654f59540ff1ea8ddc6e3cef983dbe8c465c9bdfe986edd623a60cfd0de2,92cb986433c352921d6f3282f39407ce978b775758f6c9cce2f9a23a3b3d7505,7d278bcae45692204724bf60164ca0d1a1e911ce88929e6191f092853b6b1b07,95,land_pad__8200.jpg,1052,961,JPEG,2,438508,434,0.1107521606269346,0.4041303889192203,56.00037343260474,False
land_pad__8200.jpg,land_pad,Q90,7d3a654f59540ff1ea8ddc6e3cef983dbe8c465c9bdfe986edd623a60cfd0de2,709e95eb35249969e3d237a83211cfd3bacdb1f91ee2c9aa9285f57b51c1d450,7d278bcae45692204724bf60164ca0d1a1e911ce88929e6191f092853b6b1b07,90,land_pad__8200.jpg,1052,961,JPEG,2,333469,-104605,2.3636998189201415,3.304238708479504,37.749375317367,False
land_pad__8200.jpg,land_pad,Q100,7d3a654f59540ff1ea8ddc6e3cef983dbe8c465c9bdfe986edd623a60cfd0de2,82ae4da8c6b8467a58847ceafd45938464879d9e2b7bdc695b4f1fa1449ed4ae,7d278bcae45692204724bf60164ca0d1a1e911ce88929e6191f092853b6b1b07,100,land_pad__8200.jpg,1052,961,JPEG,2,758291,320217,0.189357041210505,0.5396016586108081,53.489338090223114,False
land_pad__8200.jpg,land_pad,LOSSLESS_PNG,7d3a654f59540ff1ea8ddc6e3cef983dbe8c465c9bdfe986edd623a60cfd0de2,025821d438ec0f2aded2ce0f8a3b22cc14b37bca823d01c0934f8774abcfd5b1,7d278bcae45692204724bf60164ca0d1a1e911ce88929e6191f092853b6b1b07,,land_pad__8200.png,1052,961,PNG,,1548618,1110544,0.0,0.0,,True
land_pad__8225.jpg,land_pad,RAW_SOURCE,a4b3683afcaba473b082d1e1af02d81daf0a6539125b0bcef2cb1969addd2936,a4b3683afcaba473b082d1e1af02d81daf0a6539125b0bcef2cb1969addd2936,7c7e2e2e273f9d87235a36c1bbf1d200b48c90860ddd407a67f445571f0ad3d0,,land_pad__8225.jpg,1052,961,JPEG,2,431346,0,0.0,0.0,,True
land_pad__8225.jpg,land_pad,HISTORICAL_Q95,a4b3683afcaba473b082d1e1af02d81daf0a6539125b0bcef2cb1969addd2936,5c78f498900671ff3b1054577e2aa652da1c44ea75663ffe4b88872c177f9167,7c7e2e2e273f9d87235a36c1bbf1d200b48c90860ddd407a67f445571f0ad3d0,95,land_pad__8225.jpg,1052,961,JPEG,2,431681,335,0.10966409884085151,0.4016580996723332,56.05367302484019,False
land_pad__8225.jpg,land_pad,Q90,a4b3683afcaba473b082d1e1af02d81daf0a6539125b0bcef2cb1969addd2936,07f26050eba44427f94938e08977189b5dac4bb7fb793763aa1917efa41baf61,7c7e2e2e273f9d87235a36c1bbf1d200b48c90860ddd407a67f445571f0ad3d0,90,land_pad__8225.jpg,1052,961,JPEG,2,328334,-103012,2.2997676163797482,3.240003714306208,37.91989344712855,False
land_pad__8225.jpg,land_pad,Q100,a4b3683afcaba473b082d1e1af02d81daf0a6539125b0bcef2cb1969addd2936,d87c877e314c4df0803c27963c823a8c40f8977a6c40ce56bcf60c2085bc0f81,7c7e2e2e273f9d87235a36c1bbf1d200b48c90860ddd407a67f445571f0ad3d0,100,land_pad__8225.jpg,1052,961,JPEG,2,746576,315230,0.18749777441907392,0.5359613569317285,53.548134049014436,False
land_pad__8225.jpg,land_pad,LOSSLESS_PNG,a4b3683afcaba473b082d1e1af02d81daf0a6539125b0bcef2cb1969addd2936,ff4fa816a0c31f26886c0dadd5eb2f66c651ceacd3fcf7a659035b44231d7930,7c7e2e2e273f9d87235a36c1bbf1d200b48c90860ddd407a67f445571f0ad3d0,,land_pad__8225.png,1052,961,PNG,,1525821,1094475,0.0,0.0,,True
land_pad__8250.jpg,land_pad,RAW_SOURCE,2b3bf29d8c8d62ee73b1147bfc3f1c188fa583ac6d709e7cf2be582348530de4,2b3bf29d8c8d62ee73b1147bfc3f1c188fa583ac6d709e7cf2be582348530de4,d0a7dd237afab2a948411292c50dee46a64bde0d8a6a728823d8de0fdfbba94c,,land_pad__8250.jpg,1052,961,JPEG,2,444533,0,0.0,0.0,,True
land_pad__8250.jpg,land_pad,HISTORICAL_Q95,2b3bf29d8c8d62ee73b1147bfc3f1c188fa583ac6d709e7cf2be582348530de4,b206a4f81c8723e7a1b53a1ec1b551837fd9ef304ccc5bb00d237b1b0ff70e87,d0a7dd237afab2a948411292c50dee46a64bde0d8a6a728823d8de0fdfbba94c,95,land_pad__8250.jpg,1052,961,JPEG,2,444731,198,0.12312045569346464,0.43304782215438564,55.40008643214533,False
land_pad__8250.jpg,land_pad,Q90,2b3bf29d8c8d62ee73b1147bfc3f1c188fa583ac6d709e7cf2be582348530de4,a8e3994a4949c0d1487ce79b1a4b351327d74108dc1d2f716ba5e891b601b0e5,d0a7dd237afab2a948411292c50dee46a64bde0d8a6a728823d8de0fdfbba94c,90,land_pad__8250.jpg,1052,961,JPEG,2,337972,-106561,2.4787607042199653,3.3805405466083305,37.551080623010634,False
land_pad__8250.jpg,land_pad,Q100,2b3bf29d8c8d62ee73b1147bfc3f1c188fa583ac6d709e7cf2be582348530de4,24523b76a09f9ec57799b7f9621d082dcbd649c0f55de71a5259f7729a4dc7a6,d0a7dd237afab2a948411292c50dee46a64bde0d8a6a728823d8de0fdfbba94c,100,land_pad__8250.jpg,1052,961,JPEG,2,766828,322295,0.20251665393964094,0.5639484217076479,53.10601589752554,False
land_pad__8250.jpg,land_pad,LOSSLESS_PNG,2b3bf29d8c8d62ee73b1147bfc3f1c188fa583ac6d709e7cf2be582348530de4,b17c48aa8dd09b320d450993a3a1eda3979d27bc51c2c71f88ebadf08e107771,d0a7dd237afab2a948411292c50dee46a64bde0d8a6a728823d8de0fdfbba94c,,land_pad__8250.png,1052,961,PNG,,1561535,1117002,0.0,0.0,,True
land_pad__8275.jpg,land_pad,RAW_SOURCE,01972f1a8a1fdc60eb55748e3ccfc0f85ee30b9c4db008e1cda79b67006dc45e,01972f1a8a1fdc60eb55748e3ccfc0f85ee30b9c4db008e1cda79b67006dc45e,673dc179246af7e819c5b3eb2656fb351bf195c1b672d1ffe569d42cb767a3db,,land_pad__8275.jpg,1052,961,JPEG,2,418334,0,0.0,0.0,,True
land_pad__8275.jpg,land_pad,HISTORICAL_Q95,01972f1a8a1fdc60eb55748e3ccfc0f85ee30b9c4db008e1cda79b67006dc45e,93a842e05454fda2f030af05ccf55c4e61304bbc73af2dfc0b3db0dcea1dadfc,673dc179246af7e819c5b3eb2656fb351bf195c1b672d1ffe569d42cb767a3db,95,land_pad__8275.jpg,1052,961,JPEG,2,418605,271,0.11864324630157908,0.42241123600085134,55.61609437326492,False
land_pad__8275.jpg,land_pad,Q90,01972f1a8a1fdc60eb55748e3ccfc0f85ee30b9c4db008e1cda79b67006dc45e,f24c8bf3604046d94d4d95f1cf3835974abd113677f322ff72f00e074e9825fb,673dc179246af7e819c5b3eb2656fb351bf195c1b672d1ffe569d42cb767a3db,90,land_pad__8275.jpg,1052,961,JPEG,2,318403,-99931,2.2715165866776394,3.1612063095693417,38.133746806827624,False
land_pad__8275.jpg,land_pad,Q100,01972f1a8a1fdc60eb55748e3ccfc0f85ee30b9c4db008e1cda79b67006dc45e,0da2ef234f1a2e867518cf4a692ab2231072bedad19f2d35dec76e35743c3a8c,673dc179246af7e819c5b3eb2656fb351bf195c1b672d1ffe569d42cb767a3db,100,land_pad__8275.jpg,1052,961,JPEG,2,721863,303529,0.1968818127505015,0.553556894680037,53.267558321159484,False
land_pad__8275.jpg,land_pad,LOSSLESS_PNG,01972f1a8a1fdc60eb55748e3ccfc0f85ee30b9c4db008e1cda79b67006dc45e,c6251b60120421029e65a007c6869e27b65e23d0465e420a86cf374989c0bbc0,673dc179246af7e819c5b3eb2656fb351bf195c1b672d1ffe569d42cb767a3db,,land_pad__8275.png,1052,961,PNG,,1474465,1056131,0.0,0.0,,True
land_pad__8300.jpg,land_pad,RAW_SOURCE,b04283431924dad2fe374a961aafe26bf1a1b0933f186a7af58d38aad1842784,b04283431924dad2fe374a961aafe26bf1a1b0933f186a7af58d38aad1842784,2a0e8af2f45359532c43447ac2a264750429ee0827e43d1b8816564b34f64a04,,land_pad__8300.jpg,1052,961,JPEG,2,389327,0,0.0,0.0,,True
land_pad__8300.jpg,land_pad,HISTORICAL_Q95,b04283431924dad2fe374a961aafe26bf1a1b0933f186a7af58d38aad1842784,bca0f0c3d9f3131c7b69473dd386f54061cdf0afee4e3124a62c8951c741cbdd,2a0e8af2f45359532c43447ac2a264750429ee0827e43d1b8816564b34f64a04,95,land_pad__8300.jpg,1052,961,JPEG,2,389582,255,0.12509215553612432,0.437635227300842,55.30855814625723,False
land_pad__8300.jpg,land_pad,Q90,b04283431924dad2fe374a961aafe26bf1a1b0933f186a7af58d38aad1842784,65233af0c85854e03adbe35e287b7b2e7c036c2d353a4ac4e59283281da3a2a4,2a0e8af2f45359532c43447ac2a264750429ee0827e43d1b8816564b34f64a04,90,land_pad__8300.jpg,1052,961,JPEG,2,295934,-93393,2.097005983680392,2.949341920814344,38.73630113346532,False
land_pad__8300.jpg,land_pad,Q100,b04283431924dad2fe374a961aafe26bf1a1b0933f186a7af58d38aad1842784,6bc5df7df79e21bf67c9b170f999d99360a3411441c923f21234bc950017b4bc,2a0e8af2f45359532c43447ac2a264750429ee0827e43d1b8816564b34f64a04,100,land_pad__8300.jpg,1052,961,JPEG,2,670963,281636,0.1970961279507906,0.557760976596703,53.201841091741045,False
land_pad__8300.jpg,land_pad,LOSSLESS_PNG,b04283431924dad2fe374a961aafe26bf1a1b0933f186a7af58d38aad1842784,02b8ba9a8f065dee4c1608c5aa7af9b708c0fcbbff700667238e43921dc57623,2a0e8af2f45359532c43447ac2a264750429ee0827e43d1b8816564b34f64a04,,land_pad__8300.png,1052,961,PNG,,1370981,981654,0.0,0.0,,True
land_pad__8325.jpg,land_pad,RAW_SOURCE,b49b68d889b1a7dd72f1ea7ac6b7094649da4ff30127e87d53be5d4522f7a009,b49b68d889b1a7dd72f1ea7ac6b7094649da4ff30127e87d53be5d4522f7a009,3d08310e00486ca341ff468be021dda220469547b4c03249660ac6adb4a99e33,,land_pad__8325.jpg,1052,961,JPEG,2,372604,0,0.0,0.0,,True
land_pad__8325.jpg,land_pad,HISTORICAL_Q95,b49b68d889b1a7dd72f1ea7ac6b7094649da4ff30127e87d53be5d4522f7a009,ac9bed7e757479e7352af7ead6d24c321886f6b6e20781eb842d69831cb58f3b,3d08310e00486ca341ff468be021dda220469547b4c03249660ac6adb4a99e33,95,land_pad__8325.jpg,1052,961,JPEG,2,372948,344,0.12842327318000235,0.4465782838808239,55.13285159939982,False
land_pad__8325.jpg,land_pad,Q90,b49b68d889b1a7dd72f1ea7ac6b7094649da4ff30127e87d53be5d4522f7a009,ce82487a50e87edd32afd9c359927ccbac713e4b97fa6444d46fb40c14ba5ad6,3d08310e00486ca341ff468be021dda220469547b4c03249660ac6adb4a99e33,90,land_pad__8325.jpg,1052,961,JPEG,2,283210,-89394,2.0062190973966967,2.822388421903385,39.11846797111982,False
land_pad__8325.jpg,land_pad,Q100,b49b68d889b1a7dd72f1ea7ac6b7094649da4ff30127e87d53be5d4522f7a009,1c42e0fdefa14eeb0506eed50a13252fbd997c8b469c5badb74a7c550192bfa0,3d08310e00486ca341ff468be021dda220469547b4c03249660ac6adb4a99e33,100,land_pad__8325.jpg,1052,961,JPEG,2,641569,268965,0.19808329673489145,0.5620984598802393,53.134555701661476,False
land_pad__8325.jpg,land_pad,LOSSLESS_PNG,b49b68d889b1a7dd72f1ea7ac6b7094649da4ff30127e87d53be5d4522f7a009,d8af21e826405be80076c15c8d47f494c4ed41e6b8ae49668dbb5356d570061d,3d08310e00486ca341ff468be021dda220469547b4c03249660ac6adb4a99e33,,land_pad__8325.png,1052,961,PNG,,1317864,945260,0.0,0.0,,True
land_pad__8350.jpg,land_pad,RAW_SOURCE,158453c45ef146187cf8f3dc2ebf2bab7dee88e99ceef40de33f44b56daa69c6,158453c45ef146187cf8f3dc2ebf2bab7dee88e99ceef40de33f44b56daa69c6,6f5c30072dd8aed52ba6e47151b47d631a9d03fac6eae1ef886f9f10f8255a02,,land_pad__8350.jpg,1052,961,JPEG,2,324762,0,0.0,0.0,,True
land_pad__8350.jpg,land_pad,HISTORICAL_Q95,158453c45ef146187cf8f3dc2ebf2bab7dee88e99ceef40de33f44b56daa69c6,a6919436431881c763041eaed6d1848d9b92942e033fd9b0b01a3e0a8a772f23,6f5c30072dd8aed52ba6e47151b47d631a9d03fac6eae1ef886f9f10f8255a02,95,land_pad__8350.jpg,1052,961,JPEG,2,325148,386,0.11250723725945591,0.41381731363070645,55.794630467054446,False
land_pad__8350.jpg,land_pad,Q90,158453c45ef146187cf8f3dc2ebf2bab7dee88e99ceef40de33f44b56daa69c6,f2e86e7cec20515e878fcb4a46f959af250a50d29fbaefc6c3aa00ca051e1f94,6f5c30072dd8aed52ba6e47151b47d631a9d03fac6eae1ef886f9f10f8255a02,90,land_pad__8350.jpg,1052,961,JPEG,2,246715,-78047,1.648252374942135,2.342909844560672,40.73569206433805,False
land_pad__8350.jpg,land_pad,Q100,158453c45ef146187cf8f3dc2ebf2bab7dee88e99ceef40de33f44b56daa69c6,9f2e8c4754852c83bddcd0eae869b0d57a57cfaff6f7a51bb6002ddbafc2f1f0,6f5c30072dd8aed52ba6e47151b47d631a9d03fac6eae1ef886f9f10f8255a02,100,land_pad__8350.jpg,1052,961,JPEG,2,558686,233924,0.17485878276879413,0.5217203984243758,53.782047263345696,False
land_pad__8350.jpg,land_pad,LOSSLESS_PNG,158453c45ef146187cf8f3dc2ebf2bab7dee88e99ceef40de33f44b56daa69c6,87fb8a13c5b3c756bbbb00a109486f331e88b0241fbaf8e83188a8dcc9318add,6f5c30072dd8aed52ba6e47151b47d631a9d03fac6eae1ef886f9f10f8255a02,,land_pad__8350.png,1052,961,PNG,,1201614,876852,0.0,0.0,,True
land_pad__8375.jpg,land_pad,RAW_SOURCE,9cae1faa5b7adeac3273818a51de581f27545b427bbd94640c2e9bcd11b368cb,9cae1faa5b7adeac3273818a51de581f27545b427bbd94640c2e9bcd11b368cb,20a2d735e2941f3cce972e5dfa72de4c69d210fbd58021374a0417dcf669dfb6,,land_pad__8375.jpg,1052,961,JPEG,2,275968,0,0.0,0.0,,True
land_pad__8375.jpg,land_pad,HISTORICAL_Q95,9cae1faa5b7adeac3273818a51de581f27545b427bbd94640c2e9bcd11b368cb,3775f60e9f831de8e7ca8dbb3988a49ff4486c7432d4a52a0b199c57ff07ea33,20a2d735e2941f3cce972e5dfa72de4c69d210fbd58021374a0417dcf669dfb6,95,land_pad__8375.jpg,1052,961,JPEG,2,276492,524,0.10101862366118942,0.38633667896133467,56.39148476474151,False
land_pad__8375.jpg,land_pad,Q90,9cae1faa5b7adeac3273818a51de581f27545b427bbd94640c2e9bcd11b368cb,8df5375bd9b26f57aeb1af9d8b7f74b19d1a456bfb4156a1d8fd8762edaa7eaa,20a2d735e2941f3cce972e5dfa72de4c69d210fbd58021374a0417dcf669dfb6,90,land_pad__8375.jpg,1052,961,JPEG,2,208164,-67804,1.2922293264963487,1.892798919591546,42.58871402090102,False
land_pad__8375.jpg,land_pad,Q100,9cae1faa5b7adeac3273818a51de581f27545b427bbd94640c2e9bcd11b368cb,36ce8af9ab3ae8438f07a755e58d4b0418870a480e98a13a75d564f9b20d9acf,20a2d735e2941f3cce972e5dfa72de4c69d210fbd58021374a0417dcf669dfb6,100,land_pad__8375.jpg,1052,961,JPEG,2,482267,206299,0.1549066970532649,0.48373705166780995,54.43861654279529,False
land_pad__8375.jpg,land_pad,LOSSLESS_PNG,9cae1faa5b7adeac3273818a51de581f27545b427bbd94640c2e9bcd11b368cb,69c611c2c65f82d89771dc588411cb584bc05e8c65ff12286a84edad62e42a12,20a2d735e2941f3cce972e5dfa72de4c69d210fbd58021374a0417dcf669dfb6,,land_pad__8375.png,1052,961,PNG,,1083261,807293,0.0,0.0,,True
land_pad__8400.jpg,land_pad,RAW_SOURCE,c303df4592f3c9f6b3b71ca9e72d59d04efe2ed8f08d3c3fa409a5b18a790ad6,c303df4592f3c9f6b3b71ca9e72d59d04efe2ed8f08d3c3fa409a5b18a790ad6,63db1ef5ee99ea091e26fe063564f75e3fc98171de4493b444e7107a8b20ddb4,,land_pad__8400.jpg,1052,961,JPEG,2,313312,0,0.0,0.0,,True
land_pad__8400.jpg,land_pad,HISTORICAL_Q95,c303df4592f3c9f6b3b71ca9e72d59d04efe2ed8f08d3c3fa409a5b18a790ad6,5ac8c5d07c3893dbf58d7b17efe589e8d481beef1f961d6e4f97253eac92b1a7,63db1ef5ee99ea091e26fe063564f75e3fc98171de4493b444e7107a8b20ddb4,95,land_pad__8400.jpg,1052,961,JPEG,2,313795,483,0.10246805384652921,0.3882436809716346,56.34871569047958,False
land_pad__8400.jpg,land_pad,Q90,c303df4592f3c9f6b3b71ca9e72d59d04efe2ed8f08d3c3fa409a5b18a790ad6,48b3c90913500b4b1742225e1778ff892ce41b059628bd7097093155e2699e51,63db1ef5ee99ea091e26fe063564f75e3fc98171de4493b444e7107a8b20ddb4,90,land_pad__8400.jpg,1052,961,JPEG,2,236949,-76363,1.6390444047906372,2.321745196830506,40.814512493414455,False
land_pad__8400.jpg,land_pad,Q100,c303df4592f3c9f6b3b71ca9e72d59d04efe2ed8f08d3c3fa409a5b18a790ad6,95a4784555e6637ec87fb256843aa34bf0a4f35e474f9293bcc417838ff5859d,63db1ef5ee99ea091e26fe063564f75e3fc98171de4493b444e7107a8b20ddb4,100,land_pad__8400.jpg,1052,961,JPEG,2,543357,230045,0.16145386156425037,0.49727207424014824,54.19892219173788,False
land_pad__8400.jpg,land_pad,LOSSLESS_PNG,c303df4592f3c9f6b3b71ca9e72d59d04efe2ed8f08d3c3fa409a5b18a790ad6,b41f192456d120b6ac7b5075cd9e27d2fead919b09d135badfa409079baa01c6,63db1ef5ee99ea091e26fe063564f75e3fc98171de4493b444e7107a8b20ddb4,,land_pad__8400.png,1052,961,PNG,,1187023,873711,0.0,0.0,,True
land_pad__8425.jpg,land_pad,RAW_SOURCE,fc0779ed449aaf79cd0aa3627b5d700dc8b06bd1da97fc68ac6f362e7c418913,fc0779ed449aaf79cd0aa3627b5d700dc8b06bd1da97fc68ac6f362e7c418913,de72004ecea516562b59c15a59db3a200e2f28f9a439546e8afdb81ceca42cd1,,land_pad__8425.jpg,1052,961,JPEG,2,267129,0,0.0,0.0,,True
land_pad__8425.jpg,land_pad,HISTORICAL_Q95,fc0779ed449aaf79cd0aa3627b5d700dc8b06bd1da97fc68ac6f362e7c418913,d9e5af2b7b880b7cf48af3afe3ff44e5d00e98286bc6786530cacecc55384576,de72004ecea516562b59c15a59db3a200e2f28f9a439546e8afdb81ceca42cd1,95,land_pad__8425.jpg,1052,961,JPEG,2,267718,589,0.08020729885034732,0.33818799516036274,57.547639865629456,False
land_pad__8425.jpg,land_pad,Q90,fc0779ed449aaf79cd0aa3627b5d700dc8b06bd1da97fc68ac6f362e7c418913,73e63b09a3f520c3ffc42561f6c3f4fa5554ce34c9fbe6657e50406c4a6abd09,de72004ecea516562b59c15a59db3a200e2f28f9a439546e8afdb81ceca42cd1,90,land_pad__8425.jpg,1052,961,JPEG,2,201822,-65307,1.2444198916158575,1.8342144816026857,42.86180124884507,False
land_pad__8425.jpg,land_pad,Q100,fc0779ed449aaf79cd0aa3627b5d700dc8b06bd1da97fc68ac6f362e7c418913,701a16deb6ec4ee67a0efbf9848be5c563b7f2b00708ee8bc08f57548d14bb91,de72004ecea516562b59c15a59db3a200e2f28f9a439546e8afdb81ceca42cd1,100,land_pad__8425.jpg,1052,961,JPEG,2,470027,202898,0.132407557611223,0.43785177708671263,55.30426127475565,False
land_pad__8425.jpg,land_pad,LOSSLESS_PNG,fc0779ed449aaf79cd0aa3627b5d700dc8b06bd1da97fc68ac6f362e7c418913,a4190d74505e3846ad21673e6c33f3c176ad301e2d14d7a6666102fbae081849,de72004ecea516562b59c15a59db3a200e2f28f9a439546e8afdb81ceca42cd1,,land_pad__8425.png,1052,961,PNG,,1050717,783588,0.0,0.0,,True
land_pad__8450.jpg,land_pad,RAW_SOURCE,9cc43d6bf31a15278dc1868e646bff8db83372ce83853a48b9d4fd83374bd479,9cc43d6bf31a15278dc1868e646bff8db83372ce83853a48b9d4fd83374bd479,30d8adbc2b59f778834b2c7163397040c27c065f14d643a5968a53b7d9c4a59c,,land_pad__8450.jpg,1052,961,JPEG,2,276138,0,0.0,0.0,,True
land_pad__8450.jpg,land_pad,HISTORICAL_Q95,9cc43d6bf31a15278dc1868e646bff8db83372ce83853a48b9d4fd83374bd479,511f9f0f7568b9d6e9b71f15e4cbf4be1e03ee259bcbfc43a18060abdd09e818,30d8adbc2b59f778834b2c7163397040c27c065f14d643a5968a53b7d9c4a59c,95,land_pad__8450.jpg,1052,961,JPEG,2,276786,648,0.06998050720824447,0.3035794490075078,58.4853562408063,False
land_pad__8450.jpg,land_pad,Q90,9cc43d6bf31a15278dc1868e646bff8db83372ce83853a48b9d4fd83374bd479,fb55152d5e422b7c06fab31aad23bdb594fdaa9f627bc742dd9ee2cf95752259,30d8adbc2b59f778834b2c7163397040c27c065f14d643a5968a53b7d9c4a59c,90,land_pad__8450.jpg,1052,961,JPEG,2,209354,-66784,1.2810084420405972,1.8739176651200111,42.675793503786736,False
land_pad__8450.jpg,land_pad,Q100,9cc43d6bf31a15278dc1868e646bff8db83372ce83853a48b9d4fd83374bd479,e98cfaf57b739b340d4bb04200517eeb6578cf7317f02e01c65350a87b063edf,30d8adbc2b59f778834b2c7163397040c27c065f14d643a5968a53b7d9c4a59c,100,land_pad__8450.jpg,1052,961,JPEG,2,484145,208007,0.12442415154260784,0.4155248463821463,55.75886365643099,False
land_pad__8450.jpg,land_pad,LOSSLESS_PNG,9cc43d6bf31a15278dc1868e646bff8db83372ce83853a48b9d4fd83374bd479,d1cd5dd55accf0fb97112d80133ee7ce3128147cee64f74d8af2b9b16c0ba2a1,30d8adbc2b59f778834b2c7163397040c27c065f14d643a5968a53b7d9c4a59c,,land_pad__8450.png,1052,961,PNG,,1082255,806117,0.0,0.0,,True
land_pad__8475.jpg,land_pad,RAW_SOURCE,7dbe1754425bc79dd4cdd0c0545c199e744f7522f2a5e5bc168d74f261d81b7d,7dbe1754425bc79dd4cdd0c0545c199e744f7522f2a5e5bc168d74f261d81b7d,bfd53fbe9fa7d5111a610202c9319d80af21f6c46cae2d68c104a7371103e2fc,,land_pad__8475.jpg,1052,961,JPEG,2,299308,0,0.0,0.0,,True
land_pad__8475.jpg,land_pad,HISTORICAL_Q95,7dbe1754425bc79dd4cdd0c0545c199e744f7522f2a5e5bc168d74f261d81b7d,f5d95fed786d039d7b66e8dc1517cee7669a9116bf53c2a5683f338f993659ef,bfd53fbe9fa7d5111a610202c9319d80af21f6c46cae2d68c104a7371103e2fc,95,land_pad__8475.jpg,1052,961,JPEG,2,299867,559,0.08138669188332284,0.3311731252533905,57.729701879013824,False
land_pad__8475.jpg,land_pad,Q90,7dbe1754425bc79dd4cdd0c0545c199e744f7522f2a5e5bc168d74f261d81b7d,62eeb011759305395356de45706fc0c95a2679ea27dd68842c82a8ed29464c84,bfd53fbe9fa7d5111a610202c9319d80af21f6c46cae2d68c104a7371103e2fc,90,land_pad__8475.jpg,1052,961,JPEG,2,227210,-72098,1.4313479173178552,2.070336078173196,41.809986602450344,False
land_pad__8475.jpg,land_pad,Q100,7dbe1754425bc79dd4cdd0c0545c199e744f7522f2a5e5bc168d74f261d81b7d,d57448b1c163c103384f22c7fb1182fd8041543bcede1c4c828d3a6a2f071df5,bfd53fbe9fa7d5111a610202c9319d80af21f6c46cae2d68c104a7371103e2fc,100,land_pad__8475.jpg,1052,961,JPEG,2,520452,221144,0.13875161725547294,0.44239570495968006,55.214585570113584,False
land_pad__8475.jpg,land_pad,LOSSLESS_PNG,7dbe1754425bc79dd4cdd0c0545c199e744f7522f2a5e5bc168d74f261d81b7d,6dc426e49c9a665d3d93c19af34ebef6c6cad54638568dcd05366396d219cbb1,bfd53fbe9fa7d5111a610202c9319d80af21f6c46cae2d68c104a7371103e2fc,,land_pad__8475.png,1052,961,PNG,,1160039,860731,0.0,0.0,,True
land_pad__8500.jpg,land_pad,RAW_SOURCE,076a2d0708a55343260cdfabdca735efaded7890078490b5847d97006ab5eaaf,076a2d0708a55343260cdfabdca735efaded7890078490b5847d97006ab5eaaf,39c15a955cf0d48ea5684547981f730961781f42f5c888d0989a5234df91e0d3,,land_pad__8500.jpg,1052,961,JPEG,2,315055,0,0.0,0.0,,True
land_pad__8500.jpg,land_pad,HISTORICAL_Q95,076a2d0708a55343260cdfabdca735efaded7890078490b5847d97006ab5eaaf,03bdd53193e3e01e293db7019241931e21d8e53ba83328f16a111f87d9521073,39c15a955cf0d48ea5684547981f730961781f42f5c888d0989a5234df91e0d3,95,land_pad__8500.jpg,1052,961,JPEG,2,315518,463,0.08872088775290843,0.3489616404706345,57.27524981147458,False
land_pad__8500.jpg,land_pad,Q90,076a2d0708a55343260cdfabdca735efaded7890078490b5847d97006ab5eaaf,33a6cc1185436f19066a1a04cc6340d9d083b0259a39efaa6a48712116802cff,39c15a955cf0d48ea5684547981f730961781f42f5c888d0989a5234df91e0d3,90,land_pad__8500.jpg,1052,961,JPEG,2,239465,-75590,1.5340599607770211,2.2077883035796466,41.251655044518465,False
land_pad__8500.jpg,land_pad,Q100,076a2d0708a55343260cdfabdca735efaded7890078490b5847d97006ab5eaaf,2bc91f26eaf4ce1961099ff9511542ec2f12eb5c470d45ac2c69382e930db37f,39c15a955cf0d48ea5684547981f730961781f42f5c888d0989a5234df91e0d3,100,land_pad__8500.jpg,1052,961,JPEG,2,546726,231671,0.15049872795685737,0.46419086785722247,54.7968717642746,False
land_pad__8500.jpg,land_pad,LOSSLESS_PNG,076a2d0708a55343260cdfabdca735efaded7890078490b5847d97006ab5eaaf,9e6914dcaff5ee74fac12a28905542cbe965e28262d7654b11faea89a321e420,39c15a955cf0d48ea5684547981f730961781f42f5c888d0989a5234df91e0d3,,land_pad__8500.png,1052,961,PNG,,1219212,904157,0.0,0.0,,True
land_pad__8525.jpg,land_pad,RAW_SOURCE,23444a7b38bedcf9bac654c81f469fb194194f9b44c3cef4e952a8de9eede7c6,23444a7b38bedcf9bac654c81f469fb194194f9b44c3cef4e952a8de9eede7c6,ba7e0af43190f33a32c699ce98effe7439e2f5c9bd8b92a29001cbe940083914,,land_pad__8525.jpg,1052,961,JPEG,2,302964,0,0.0,0.0,,True
land_pad__8525.jpg,land_pad,HISTORICAL_Q95,23444a7b38bedcf9bac654c81f469fb194194f9b44c3cef4e952a8de9eede7c6,a6cd0ecdd30028638bd74ca0f710efcd6aa176d14d24970dc79bf66d8523dcd8,ba7e0af43190f33a32c699ce98effe7439e2f5c9bd8b92a29001cbe940083914,95,land_pad__8525.jpg,1052,961,JPEG,2,303462,498,0.08515765026133265,0.34052564071463154,57.48780723368105,False
land_pad__8525.jpg,land_pad,Q90,23444a7b38bedcf9bac654c81f469fb194194f9b44c3cef4e952a8de9eede7c6,480058a8898f3bccef641657ebcdc536a5c5b46657c9076ff787e4f363e38903,ba7e0af43190f33a32c699ce98effe7439e2f5c9bd8b92a29001cbe940083914,90,land_pad__8525.jpg,1052,961,JPEG,2,229655,-73309,1.4574986580571305,2.1354740172271702,41.54091777587144,False
land_pad__8525.jpg,land_pad,Q100,23444a7b38bedcf9bac654c81f469fb194194f9b44c3cef4e952a8de9eede7c6,4f2b51bfbdd742e94f1e1e8e32432e12b104775a9927abeb219ca54bde436f6d,ba7e0af43190f33a32c699ce98effe7439e2f5c9bd8b92a29001cbe940083914,100,land_pad__8525.jpg,1052,961,JPEG,2,529897,226933,0.14536010888531037,0.4543210635990947,54.98354616083943,False
land_pad__8525.jpg,land_pad,LOSSLESS_PNG,23444a7b38bedcf9bac654c81f469fb194194f9b44c3cef4e952a8de9eede7c6,9b74a0dd5ae7b78bc8664aa2b6f78424eca481841c222e783041c8ac20b47496,ba7e0af43190f33a32c699ce98effe7439e2f5c9bd8b92a29001cbe940083914,,land_pad__8525.png,1052,961,PNG,,1179059,876095,0.0,0.0,,True
land_pad__8550.jpg,land_pad,RAW_SOURCE,1b3f9ea6f00333c1cbdacccded1f23cc21910edfdfe00166c81ecd463a41a85d,1b3f9ea6f00333c1cbdacccded1f23cc21910edfdfe00166c81ecd463a41a85d,abe728f55db27701c50ca734a5ff477dfa015818a4b35579c48ca9948b001eb4,,land_pad__8550.jpg,1052,961,JPEG,2,326308,0,0.0,0.0,,True
land_pad__8550.jpg,land_pad,HISTORICAL_Q95,1b3f9ea6f00333c1cbdacccded1f23cc21910edfdfe00166c81ecd463a41a85d,99006d4aa7bbc66e7f7481ef8f7bbbe43eb346251af985751616e10e0adf694d,abe728f55db27701c50ca734a5ff477dfa015818a4b35579c48ca9948b001eb4,95,land_pad__8550.jpg,1052,961,JPEG,2,326729,421,0.09096790019901639,0.3545988953565361,57.13605604154853,False
land_pad__8550.jpg,land_pad,Q90,1b3f9ea6f00333c1cbdacccded1f23cc21910edfdfe00166c81ecd463a41a85d,526e707075f8b26c27c75f039db8abff1beb2b3a50bb6e28b98b685a0a1c7980,abe728f55db27701c50ca734a5ff477dfa015818a4b35579c48ca9948b001eb4,90,land_pad__8550.jpg,1052,961,JPEG,2,247708,-78600,1.6622887016982997,2.355051664769282,40.6907948275499,False
land_pad__8550.jpg,land_pad,Q100,1b3f9ea6f00333c1cbdacccded1f23cc21910edfdfe00166c81ecd463a41a85d,226ea17af098d31230261accf840164492e3a188af024e7ca1c89eaea2b49194,abe728f55db27701c50ca734a5ff477dfa015818a4b35579c48ca9948b001eb4,100,land_pad__8550.jpg,1052,961,JPEG,2,565131,238823,0.15215324130308916,0.4671610819238204,54.74147049721468,False
land_pad__8550.jpg,land_pad,LOSSLESS_PNG,1b3f9ea6f00333c1cbdacccded1f23cc21910edfdfe00166c81ecd463a41a85d,5be7aacc2b1c970af402a460ddf3e34366d4ebdeac7066c92c796f03bd50bcef,abe728f55db27701c50ca734a5ff477dfa015818a4b35579c48ca9948b001eb4,,land_pad__8550.png,1052,961,PNG,,1233659,907351,0.0,0.0,,True
land_pad__8575.jpg,land_pad,RAW_SOURCE,f6200186a2b19a370f1cd36156254e0a0bb31688694b33e8c560a04d2ea9aeb8,f6200186a2b19a370f1cd36156254e0a0bb31688694b33e8c560a04d2ea9aeb8,3917186d66aaac29c9c932039d5522defe50ddf1e3904931ffcc8488d10e2844,,land_pad__8575.jpg,1052,961,JPEG,2,320509,0,0.0,0.0,,True
land_pad__8575.jpg,land_pad,HISTORICAL_Q95,f6200186a2b19a370f1cd36156254e0a0bb31688694b33e8c560a04d2ea9aeb8,36dc661079da493681aa0905ada63c98ba6975550a0261f883e3b2e83c065ba0,3917186d66aaac29c9c932039d5522defe50ddf1e3904931ffcc8488d10e2844,95,land_pad__8575.jpg,1052,961,JPEG,2,320930,421,0.0913325657552006,0.3544500917849999,57.13970174570305,False
land_pad__8575.jpg,land_pad,Q90,f6200186a2b19a370f1cd36156254e0a0bb31688694b33e8c560a04d2ea9aeb8,827b361a3eaca9e7aa92dc0ae7b1b23b343affcfe5f5e2247b3687435e655d05,3917186d66aaac29c9c932039d5522defe50ddf1e3904931ffcc8488d10e2844,90,land_pad__8575.jpg,1052,961,JPEG,2,243382,-77127,1.5671231910148518,2.2664886549018766,41.023732618621665,False
land_pad__8575.jpg,land_pad,Q100,f6200186a2b19a370f1cd36156254e0a0bb31688694b33e8c560a04d2ea9aeb8,13a59378938940a1b391c7d8ae042d04c6fa55d0ea348e3da6d2babb5efe2db2,3917186d66aaac29c9c932039d5522defe50ddf1e3904931ffcc8488d10e2844,100,land_pad__8575.jpg,1052,961,JPEG,2,557669,237160,0.15353969579111323,0.46945384732807455,54.69894555676344,False
land_pad__8575.jpg,land_pad,LOSSLESS_PNG,f6200186a2b19a370f1cd36156254e0a0bb31688694b33e8c560a04d2ea9aeb8,fcc754a478afc7d8b0d790913e1b50b05c9f26641f00d6813738d92e9af4cbf5,3917186d66aaac29c9c932039d5522defe50ddf1e3904931ffcc8488d10e2844,,land_pad__8575.png,1052,961,PNG,,1250811,930302,0.0,0.0,,True
land_pad__8600.jpg,land_pad,RAW_SOURCE,1c589678fb62c6433481a2ddfe1164655dc5ac1efebab99d6e0026d3a5bba66a,1c589678fb62c6433481a2ddfe1164655dc5ac1efebab99d6e0026d3a5bba66a,fdeaccaa9616dfaae97b5ac9222550e439be7cdbdea5273b8f5d4103ee939d5c,,land_pad__8600.jpg,1052,961,JPEG,2,331666,0,0.0,0.0,,True
land_pad__8600.jpg,land_pad,HISTORICAL_Q95,1c589678fb62c6433481a2ddfe1164655dc5ac1efebab99d6e0026d3a5bba66a,408dc57c35bd6e942fc5c0545a4e01dd31e246bd2ae34caf002e297fc55edb8d,fdeaccaa9616dfaae97b5ac9222550e439be7cdbdea5273b8f5d4103ee939d5c,95,land_pad__8600.jpg,1052,961,JPEG,2,332160,494,0.08714286844739517,0.3445821898449204,57.384947075746055,False
land_pad__8600.jpg,land_pad,Q90,1c589678fb62c6433481a2ddfe1164655dc5ac1efebab99d6e0026d3a5bba66a,23ae202a4941b2a67424bff4904fd25a6daef3e2e402ba9396ea892de10365c7,fdeaccaa9616dfaae97b5ac9222550e439be7cdbdea5273b8f5d4103ee939d5c,90,land_pad__8600.jpg,1052,961,JPEG,2,251884,-79782,1.6422601219420518,2.365166413847068,40.65356954379554,False
land_pad__8600.jpg,land_pad,Q100,1c589678fb62c6433481a2ddfe1164655dc5ac1efebab99d6e0026d3a5bba66a,e3e606bac8d1b5bfd487422f50bdf2e4fdd93a48749fc5fb0444037bf19851ed,fdeaccaa9616dfaae97b5ac9222550e439be7cdbdea5273b8f5d4103ee939d5c,100,land_pad__8600.jpg,1052,961,JPEG,2,575142,243476,0.1523721725230768,0.46711379187667496,54.7423498018869,False
land_pad__8600.jpg,land_pad,LOSSLESS_PNG,1c589678fb62c6433481a2ddfe1164655dc5ac1efebab99d6e0026d3a5bba66a,5cf63f351365ebea02bf830df5d80b0e9907a79a04b8568734c7b3f3aa534ccc,fdeaccaa9616dfaae97b5ac9222550e439be7cdbdea5273b8f5d4103ee939d5c,,land_pad__8600.png,1052,961,PNG,,1278305,946639,0.0,0.0,,True
land_pad__8625.jpg,land_pad,RAW_SOURCE,ac8fdc61adf6c27f481b522feb04e5cd7589e69e6d189e3e1eb1713e599a9da4,ac8fdc61adf6c27f481b522feb04e5cd7589e69e6d189e3e1eb1713e599a9da4,728462766d04d009381c42cf092cf98cc7d0794f8a695b8951a87570a8b97b17,,land_pad__8625.jpg,1052,961,JPEG,2,329921,0,0.0,0.0,,True
land_pad__8625.jpg,land_pad,HISTORICAL_Q95,ac8fdc61adf6c27f481b522feb04e5cd7589e69e6d189e3e1eb1713e599a9da4,dd0a38e08764ce8b161463468fac7a195d14564b7fba844ed4418fa478990d9e,728462766d04d009381c42cf092cf98cc7d0794f8a695b8951a87570a8b97b17,95,land_pad__8625.jpg,1052,961,JPEG,2,330319,398,0.08719727153669933,0.3445482197663127,57.38580340235683,False
land_pad__8625.jpg,land_pad,Q90,ac8fdc61adf6c27f481b522feb04e5cd7589e69e6d189e3e1eb1713e599a9da4,2ec130a9cb85d865fdcd362953ccabebb844820f9c8ba3f6ced4c4766a2a864c,728462766d04d009381c42cf092cf98cc7d0794f8a695b8951a87570a8b97b17,90,land_pad__8625.jpg,1052,961,JPEG,2,250425,-79496,1.6302756159418856,2.3554635893140894,40.689275702379284,False
land_pad__8625.jpg,land_pad,Q100,ac8fdc61adf6c27f481b522feb04e5cd7589e69e6d189e3e1eb1713e599a9da4,06cfc13a6da67aa406030f9245f44f2eb2cb9aba99ab18f38906d5c41531d9a2,728462766d04d009381c42cf092cf98cc7d0794f8a695b8951a87570a8b97b17,100,land_pad__8625.jpg,1052,961,JPEG,2,573034,243113,0.1559898131039567,0.4737504093409857,54.61981164416636,False
land_pad__8625.jpg,land_pad,LOSSLESS_PNG,ac8fdc61adf6c27f481b522feb04e5cd7589e69e6d189e3e1eb1713e599a9da4,49b6e7fcd322622e8eaa2b99009e7a845877048de1e786a2ae419418dca27b01,728462766d04d009381c42cf092cf98cc7d0794f8a695b8951a87570a8b97b17,,land_pad__8625.png,1052,961,PNG,,1264799,934878,0.0,0.0,,True
land_pad__8650.jpg,land_pad,RAW_SOURCE,89749f433aaa84fc8b64dc49e8d4b96c66c0954695782074f631c6862a27d149,89749f433aaa84fc8b64dc49e8d4b96c66c0954695782074f631c6862a27d149,ff4085f86e6e9e435405d9ed6332dd3b537ebf159e6deb128d8b9b2fa4aa818f,,land_pad__8650.jpg,1052,961,JPEG,2,331104,0,0.0,0.0,,True
land_pad__8650.jpg,land_pad,HISTORICAL_Q95,89749f433aaa84fc8b64dc49e8d4b96c66c0954695782074f631c6862a27d149,dc3eeb04a9c260136562b9b3affed6f75c37f4eb467e7bf1c51671f11ba23432,ff4085f86e6e9e435405d9ed6332dd3b537ebf159e6deb128d8b9b2fa4aa818f,95,land_pad__8650.jpg,1052,961,JPEG,2,331593,489,0.08899850836620599,0.34897392327789756,57.274944089531516,False
land_pad__8650.jpg,land_pad,Q90,89749f433aaa84fc8b64dc49e8d4b96c66c0954695782074f631c6862a27d149,cd794f39fc523e3f66a0f2f2a1ff9d8687585024392b871bb0ac1e112d3359a5,ff4085f86e6e9e435405d9ed6332dd3b537ebf159e6deb128d8b9b2fa4aa818f,90,land_pad__8650.jpg,1052,961,JPEG,2,251627,-79477,1.6388614125811596,2.3628550671316284,40.66206193502755,False
land_pad__8650.jpg,land_pad,Q100,89749f433aaa84fc8b64dc49e8d4b96c66c0954695782074f631c6862a27d149,29d8e14262e31703136e5f5a55d7893a2d979f75b10e562e63259c3c8d208624,ff4085f86e6e9e435405d9ed6332dd3b537ebf159e6deb128d8b9b2fa4aa818f,100,land_pad__8650.jpg,1052,961,JPEG,2,574668,243564,0.15623281356951527,0.4745983848743849,54.604278490316744,False
land_pad__8650.jpg,land_pad,LOSSLESS_PNG,89749f433aaa84fc8b64dc49e8d4b96c66c0954695782074f631c6862a27d149,6015f4a517a1d4c72a7e6bed5d3646f9b896d7f577be01a7fc62f29989127c5c,ff4085f86e6e9e435405d9ed6332dd3b537ebf159e6deb128d8b9b2fa4aa818f,,land_pad__8650.png,1052,961,PNG,,1261428,930324,0.0,0.0,,True
land_pad__8675.jpg,land_pad,RAW_SOURCE,552d1afac41c85e7aad5fc1902dbc5f0e8f5aaa3cdc4927ab54e3dea0f1f4cba,552d1afac41c85e7aad5fc1902dbc5f0e8f5aaa3cdc4927ab54e3dea0f1f4cba,640c4d7ea3b82b7502d6645f89121e8aa4f4eef1ea255e643ab5de2bda3ecea3,,land_pad__8675.jpg,1052,961,JPEG,2,312319,0,0.0,0.0,,True
land_pad__8675.jpg,land_pad,HISTORICAL_Q95,552d1afac41c85e7aad5fc1902dbc5f0e8f5aaa3cdc4927ab54e3dea0f1f4cba,2bd73cd160a13a1e2eeb65222b6af3963e6e48d5183f5486651a08d0676934a5,640c4d7ea3b82b7502d6645f89121e8aa4f4eef1ea255e643ab5de2bda3ecea3,95,land_pad__8675.jpg,1052,961,JPEG,2,312788,469,0.08277479494981067,0.336366273106709,57.594554742377966,False
land_pad__8675.jpg,land_pad,Q90,552d1afac41c85e7aad5fc1902dbc5f0e8f5aaa3cdc4927ab54e3dea0f1f4cba,6b8eecdebd001467d8342a888f5ed1c923fb042313ebccbfe4fa6bfdc5ffb71a,640c4d7ea3b82b7502d6645f89121e8aa4f4eef1ea255e643ab5de2bda3ecea3,90,land_pad__8675.jpg,1052,961,JPEG,2,236873,-75446,1.5167314228287232,2.228829499553681,41.169266664692614,False
land_pad__8675.jpg,land_pad,Q100,552d1afac41c85e7aad5fc1902dbc5f0e8f5aaa3cdc4927ab54e3dea0f1f4cba,8e0c9134ebaf262d771a7ffcfcde2635da3bc58fa87552de56dfd8d5c1ecad7c,640c4d7ea3b82b7502d6645f89121e8aa4f4eef1ea255e643ab5de2bda3ecea3,100,land_pad__8675.jpg,1052,961,JPEG,2,544793,232474,0.14619560845074508,0.45651834912171935,54.94163884697227,False
land_pad__8675.jpg,land_pad,LOSSLESS_PNG,552d1afac41c85e7aad5fc1902dbc5f0e8f5aaa3cdc4927ab54e3dea0f1f4cba,ee4323a1fb58d54558583ada8b490dd95fbb9248e9bf0a1919a9af4866703234,640c4d7ea3b82b7502d6645f89121e8aa4f4eef1ea255e643ab5de2bda3ecea3,,land_pad__8675.png,1052,961,PNG,,1199363,887044,0.0,0.0,,True
land_pad__8700.jpg,land_pad,RAW_SOURCE,972dbd4b6e9446d7780e3d407856401df49c2c62ab6b3e9ba3f6ef5f9fab419c,972dbd4b6e9446d7780e3d407856401df49c2c62ab6b3e9ba3f6ef5f9fab419c,2cf5490ce6ba072437b1d6c6550530cf67f62b5ea7daf1d7b9130eb303a7b473,,land_pad__8700.jpg,1052,961,JPEG,2,319900,0,0.0,0.0,,True
land_pad__8700.jpg,land_pad,HISTORICAL_Q95,972dbd4b6e9446d7780e3d407856401df49c2c62ab6b3e9ba3f6ef5f9fab419c,606a2d6b6482f7e304b376480b8b9c5b47ba23b21c68befd8ece87f0b2f0d7d4,2cf5490ce6ba072437b1d6c6550530cf67f62b5ea7daf1d7b9130eb303a7b473,95,land_pad__8700.jpg,1052,961,JPEG,2,320377,477,0.08580982790159701,0.3435006801154526,57.41225158309112,False
land_pad__8700.jpg,land_pad,Q90,972dbd4b6e9446d7780e3d407856401df49c2c62ab6b3e9ba3f6ef5f9fab419c,16441bcf216086d42f6ab48aec4497b302d343cf987360352d7b0200ecf198ae,2cf5490ce6ba072437b1d6c6550530cf67f62b5ea7daf1d7b9130eb303a7b473,90,land_pad__8700.jpg,1052,961,JPEG,2,242698,-77202,1.6208101378343482,2.3184286228060382,40.82692901140639,False
land_pad__8700.jpg,land_pad,Q100,972dbd4b6e9446d7780e3d407856401df49c2c62ab6b3e9ba3f6ef5f9fab419c,438b263fefff412e770af037b3b9dfb1b3513674bfbfda9767a1c3fe62af3a62,2cf5490ce6ba072437b1d6c6550530cf67f62b5ea7daf1d7b9130eb303a7b473,100,land_pad__8700.jpg,1052,961,JPEG,2,553378,233478,0.1453155972667888,0.45723100461146127,54.92809016830307,False
land_pad__8700.jpg,land_pad,LOSSLESS_PNG,972dbd4b6e9446d7780e3d407856401df49c2c62ab6b3e9ba3f6ef5f9fab419c,6d2cb458deb2df2480a6b9c1b4be87607d1255e066ae014a1a09750d5bf39c9d,2cf5490ce6ba072437b1d6c6550530cf67f62b5ea7daf1d7b9130eb303a7b473,,land_pad__8700.png,1052,961,PNG,,1197934,878034,0.0,0.0,,True
land_pad2__2050.jpg,land_pad2,RAW_SOURCE,51b79b23d73d323ef475dddc00afd72c148b0837d81fa80f97c42325bc36ea53,51b79b23d73d323ef475dddc00afd72c148b0837d81fa80f97c42325bc36ea53,8ffb1d0c2394b602444712861260aa08f81e6946b446a7f508f1cf5cef1d606a,,land_pad2__2050.jpg,1052,961,JPEG,2,514891,0,0.0,0.0,,True
land_pad2__2050.jpg,land_pad2,HISTORICAL_Q95,51b79b23d73d323ef475dddc00afd72c148b0837d81fa80f97c42325bc36ea53,cd2a50a2e024e3132e0a6b2160200991df84fcf055a787f6ce595516784422ba,8ffb1d0c2394b602444712861260aa08f81e6946b446a7f508f1cf5cef1d606a,95,land_pad2__2050.jpg,1052,961,JPEG,2,514597,-294,0.19202773832179987,0.5582301456695068,53.19453789560133,False
land_pad2__2050.jpg,land_pad2,Q90,51b79b23d73d323ef475dddc00afd72c148b0837d81fa80f97c42325bc36ea53,4850a8b6b53058ee2247b5503c8b3195e8848adbc8ee5957881b8b0840f2d524,8ffb1d0c2394b602444712861260aa08f81e6946b446a7f508f1cf5cef1d606a,90,land_pad2__2050.jpg,1052,961,JPEG,2,390757,-124134,2.638057565722229,3.748071051753528,36.654647305388806,False
land_pad2__2050.jpg,land_pad2,Q100,51b79b23d73d323ef475dddc00afd72c148b0837d81fa80f97c42325bc36ea53,d8bc04378d9f7570c76a9d110522bcc578d93cc4e886503f52f73c61c179fe75,8ffb1d0c2394b602444712861260aa08f81e6946b446a7f508f1cf5cef1d606a,100,land_pad2__2050.jpg,1052,961,JPEG,2,884927,370036,0.2909618993734083,0.6869900816762601,51.39179426790626,False
land_pad2__2050.jpg,land_pad2,LOSSLESS_PNG,51b79b23d73d323ef475dddc00afd72c148b0837d81fa80f97c42325bc36ea53,7fc2f0c432746e674ec3e75f863e21706a5d4e08cf1dcd5074463990b71d7eb3,8ffb1d0c2394b602444712861260aa08f81e6946b446a7f508f1cf5cef1d606a,,land_pad2__2050.png,1052,961,PNG,,1889882,1374991,0.0,0.0,,True
land_pad2__2075.jpg,land_pad2,RAW_SOURCE,7204e4a48a8b284f9d894b683c0fba56521ca59732b04a2cdcdd782759995ffa,7204e4a48a8b284f9d894b683c0fba56521ca59732b04a2cdcdd782759995ffa,15ed271e590c558ae8cc002c04dc9a12b58614a8af93e45780e78200db22c784,,land_pad2__2075.jpg,1052,961,JPEG,2,558512,0,0.0,0.0,,True
land_pad2__2075.jpg,land_pad2,HISTORICAL_Q95,7204e4a48a8b284f9d894b683c0fba56521ca59732b04a2cdcdd782759995ffa,0274f9ba08de2dcface621fefb1c63d6031cc40637137ac7e1a19f9948b9e550,15ed271e590c558ae8cc002c04dc9a12b58614a8af93e45780e78200db22c784,95,land_pad2__2075.jpg,1052,961,JPEG,2,558175,-337,0.19100561967426727,0.5486455717530179,53.3449660435321,False
land_pad2__2075.jpg,land_pad2,Q90,7204e4a48a8b284f9d894b683c0fba56521ca59732b04a2cdcdd782759995ffa,c3cea76c3ea92eb5360f4b2eb6244beda69e52736371ac1b1e7d73e41061712f,15ed271e590c558ae8cc002c04dc9a12b58614a8af93e45780e78200db22c784,90,land_pad2__2075.jpg,1052,961,JPEG,2,423975,-134537,2.8590646757114277,3.9754263525083813,36.14312936335854,False
land_pad2__2075.jpg,land_pad2,Q100,7204e4a48a8b284f9d894b683c0fba56521ca59732b04a2cdcdd782759995ffa,f0ad105be927cba50fd024e8d5a5bdf3a4c91dd3735bc540f66b2ab327148523,15ed271e590c558ae8cc002c04dc9a12b58614a8af93e45780e78200db22c784,100,land_pad2__2075.jpg,1052,961,JPEG,2,953229,394717,0.30627719330175973,0.7000052189089389,51.22877805025384,False
land_pad2__2075.jpg,land_pad2,LOSSLESS_PNG,7204e4a48a8b284f9d894b683c0fba56521ca59732b04a2cdcdd782759995ffa,e9ee963848c1e717a8ac6373132ba1829c722cef7a51470c1e3639aee6deafb2,15ed271e590c558ae8cc002c04dc9a12b58614a8af93e45780e78200db22c784,,land_pad2__2075.png,1052,961,PNG,,1996966,1438454,0.0,0.0,,True
land_pad2__2100.jpg,land_pad2,RAW_SOURCE,b0e921535c7ecdf19d7dc2d3072a1f4732c9f6996ca9cffab0a2838f7aa50d66,b0e921535c7ecdf19d7dc2d3072a1f4732c9f6996ca9cffab0a2838f7aa50d66,1c37612c3da22a1789eeac00653a09f81f88415be654db1125b706576c515fa7,,land_pad2__2100.jpg,1052,961,JPEG,2,542490,0,0.0,0.0,,True
land_pad2__2100.jpg,land_pad2,HISTORICAL_Q95,b0e921535c7ecdf19d7dc2d3072a1f4732c9f6996ca9cffab0a2838f7aa50d66,4bf05ee9c44903dc764cadbf1fec83f9056c46b60fb61c9396b0d62738782c8d,1c37612c3da22a1789eeac00653a09f81f88415be654db1125b706576c515fa7,95,land_pad2__2100.jpg,1052,961,JPEG,2,542132,-358,0.21020562389462813,0.5815201170435236,52.83950874347319,False
land_pad2__2100.jpg,land_pad2,Q90,b0e921535c7ecdf19d7dc2d3072a1f4732c9f6996ca9cffab0a2838f7aa50d66,ee69cfc6ea73ddcb896f94e5573f12ce7d8214a18ba7bc9a3b78d686a8cdbb1c,1c37612c3da22a1789eeac00653a09f81f88415be654db1125b706576c515fa7,90,land_pad2__2100.jpg,1052,961,JPEG,2,411134,-131356,2.8352934931267466,3.9185116473441077,36.26838076871203,False
land_pad2__2100.jpg,land_pad2,Q100,b0e921535c7ecdf19d7dc2d3072a1f4732c9f6996ca9cffab0a2838f7aa50d66,5bebf5a366e8452f03ca110b41ebabfcda5f41e1282d5d51e916fed94f7fce7a,1c37612c3da22a1789eeac00653a09f81f88415be654db1125b706576c515fa7,100,land_pad2__2100.jpg,1052,961,JPEG,2,928851,386361,0.3223007165381435,0.723085696429106,50.947008194440514,False
land_pad2__2100.jpg,land_pad2,LOSSLESS_PNG,b0e921535c7ecdf19d7dc2d3072a1f4732c9f6996ca9cffab0a2838f7aa50d66,b659338dc2fdc1d5c8105231e5fee8e649f9c1989f7b87b8949b694d93208936,1c37612c3da22a1789eeac00653a09f81f88415be654db1125b706576c515fa7,,land_pad2__2100.png,1052,961,PNG,,1976550,1434060,0.0,0.0,,True
land_pad2__2125.jpg,land_pad2,RAW_SOURCE,360cb4bf1402d4e54e1175bb641ea798f9fb3d6db192267686c956a80ea51817,360cb4bf1402d4e54e1175bb641ea798f9fb3d6db192267686c956a80ea51817,15f2062c83f2eaac61ca91c6bdd3725c84c1c45e85b32e5faeae05d5b268df4f,,land_pad2__2125.jpg,1052,961,JPEG,2,514230,0,0.0,0.0,,True
land_pad2__2125.jpg,land_pad2,HISTORICAL_Q95,360cb4bf1402d4e54e1175bb641ea798f9fb3d6db192267686c956a80ea51817,efc0a32a55a409734ad25f10ede3c1d4c121f62c7460de3c427bec44420de7d5,15f2062c83f2eaac61ca91c6bdd3725c84c1c45e85b32e5faeae05d5b268df4f,95,land_pad2__2125.jpg,1052,961,JPEG,2,513866,-364,0.21443257907571459,0.5937174125662974,52.659207886328865,False
land_pad2__2125.jpg,land_pad2,Q90,360cb4bf1402d4e54e1175bb641ea798f9fb3d6db192267686c956a80ea51817,c1e84cdc6ba5d3177e27ae9d1b9f1d03bf4f41f5909ab436aaa0b070ca68499d,15f2062c83f2eaac61ca91c6bdd3725c84c1c45e85b32e5faeae05d5b268df4f,90,land_pad2__2125.jpg,1052,961,JPEG,2,388667,-125563,2.681714890883889,3.8083538374457238,36.51605776342639,False
land_pad2__2125.jpg,land_pad2,Q100,360cb4bf1402d4e54e1175bb641ea798f9fb3d6db192267686c956a80ea51817,9d112f0b4eb5d2d2323a80d996a5b4f0fc53b18cf04c66924b01cf098be81e9f,15f2062c83f2eaac61ca91c6bdd3725c84c1c45e85b32e5faeae05d5b268df4f,100,land_pad2__2125.jpg,1052,961,JPEG,2,885845,371615,0.3217256923699832,0.7269512302466768,50.90069809150422,False
land_pad2__2125.jpg,land_pad2,LOSSLESS_PNG,360cb4bf1402d4e54e1175bb641ea798f9fb3d6db192267686c956a80ea51817,16aa0ed3df30762b52de74267162bed206d8943c11539d6c7b614126b0bcf750,15f2062c83f2eaac61ca91c6bdd3725c84c1c45e85b32e5faeae05d5b268df4f,,land_pad2__2125.png,1052,961,PNG,,1870870,1356640,0.0,0.0,,True
land_pad2__2150.jpg,land_pad2,RAW_SOURCE,61d64f5543676d46f2d96afa0d0083398d00eb3d8adc70af1b63d0e877ddfd59,61d64f5543676d46f2d96afa0d0083398d00eb3d8adc70af1b63d0e877ddfd59,9db83eaa76388abd9e5a5f7f23621d0172c094f12040f6720a7d546fc1a6b739,,land_pad2__2150.jpg,1052,961,JPEG,2,480097,0,0.0,0.0,,True
land_pad2__2150.jpg,land_pad2,HISTORICAL_Q95,61d64f5543676d46f2d96afa0d0083398d00eb3d8adc70af1b63d0e877ddfd59,cb37a935d1166f38f19d30b125d42405e7999f4c3ce13c95f1822b54deb5331c,9db83eaa76388abd9e5a5f7f23621d0172c094f12040f6720a7d546fc1a6b739,95,land_pad2__2150.jpg,1052,961,JPEG,2,479977,-120,0.19946711349737348,0.5702424894817383,53.00961212858717,False
land_pad2__2150.jpg,land_pad2,Q90,61d64f5543676d46f2d96afa0d0083398d00eb3d8adc70af1b63d0e877ddfd59,5ce1275aea569a4e64d4a6779fd227fc0f771369dad42885b24f36d391da8294,9db83eaa76388abd9e5a5f7f23621d0172c094f12040f6720a7d546fc1a6b739,90,land_pad2__2150.jpg,1052,961,JPEG,2,362696,-117401,2.476582932069335,3.6269368550242156,36.94000371710496,False
land_pad2__2150.jpg,land_pad2,Q100,61d64f5543676d46f2d96afa0d0083398d00eb3d8adc70af1b63d0e877ddfd59,cce37cb1b5d49930e9b9db26319c25cddb69f3dfe99fed1d8b5b64a859073643,9db83eaa76388abd9e5a5f7f23621d0172c094f12040f6720a7d546fc1a6b739,100,land_pad2__2150.jpg,1052,961,JPEG,2,830143,350046,0.2959089536274661,0.6969714061459849,51.26650438553511,False
land_pad2__2150.jpg,land_pad2,LOSSLESS_PNG,61d64f5543676d46f2d96afa0d0083398d00eb3d8adc70af1b63d0e877ddfd59,b6c360eba7cf2d37fbb1af67e8d89a8e7ff21bf7c125dc688ae8f118153ecfea,9db83eaa76388abd9e5a5f7f23621d0172c094f12040f6720a7d546fc1a6b739,,land_pad2__2150.png,1052,961,PNG,,1771372,1291275,0.0,0.0,,True
land_pad2__2175.jpg,land_pad2,RAW_SOURCE,5634542411147c434b150db70ed877d689e857f89a99e01d02bef460a2bf6b0d,5634542411147c434b150db70ed877d689e857f89a99e01d02bef460a2bf6b0d,05899dd9d3244d37e156a2f1a121d069322785b3edce8ef3bf858d99a20f2423,,land_pad2__2175.jpg,1052,961,JPEG,2,527930,0,0.0,0.0,,True
land_pad2__2175.jpg,land_pad2,HISTORICAL_Q95,5634542411147c434b150db70ed877d689e857f89a99e01d02bef460a2bf6b0d,f6f446916f50f7ed3410c216355eb3cedbfc8e75e40b8446156d5dc3813da2fe,05899dd9d3244d37e156a2f1a121d069322785b3edce8ef3bf858d99a20f2423,95,land_pad2__2175.jpg,1052,961,JPEG,2,527735,-195,0.20081268323949625,0.5738262031745388,52.9551960893404,False
land_pad2__2175.jpg,land_pad2,Q90,5634542411147c434b150db70ed877d689e857f89a99e01d02bef460a2bf6b0d,d9bca3410fc96cac7c7df2bffb609fc66992684e8515237a5a03879c5a84a528,05899dd9d3244d37e156a2f1a121d069322785b3edce8ef3bf858d99a20f2423,90,land_pad2__2175.jpg,1052,961,JPEG,2,400502,-127428,2.706574794686038,3.838485749601136,36.44760495617363,False
land_pad2__2175.jpg,land_pad2,Q100,5634542411147c434b150db70ed877d689e857f89a99e01d02bef460a2bf6b0d,3b0145252c57514bce286c915ea194338ac91d2994f78dd0dcb59d76923209cb,05899dd9d3244d37e156a2f1a121d069322785b3edce8ef3bf858d99a20f2423,100,land_pad2__2175.jpg,1052,961,JPEG,2,904272,376342,0.2995157135904852,0.7016234180457459,51.20872208822651,False
land_pad2__2175.jpg,land_pad2,LOSSLESS_PNG,5634542411147c434b150db70ed877d689e857f89a99e01d02bef460a2bf6b0d,0f46ea10450350abd82e81dea310a00e193d36adad711d8961af4a039e4a454a,05899dd9d3244d37e156a2f1a121d069322785b3edce8ef3bf858d99a20f2423,,land_pad2__2175.png,1052,961,PNG,,1901876,1373946,0.0,0.0,,True
land_pad2__2200.jpg,land_pad2,RAW_SOURCE,d1671a417fcf9d28529f07f26e26203d87cc7415c11f4d044979904068cc32b4,d1671a417fcf9d28529f07f26e26203d87cc7415c11f4d044979904068cc32b4,a8787464b834a02b138f68699fc43132018a75c0b4cbaffb87d70c88006684cf,,land_pad2__2200.jpg,1052,961,JPEG,2,491954,0,0.0,0.0,,True
land_pad2__2200.jpg,land_pad2,HISTORICAL_Q95,d1671a417fcf9d28529f07f26e26203d87cc7415c11f4d044979904068cc32b4,d271b8bef3dea0d01ef40d5f1c6f5c2a7bfb49cbd4b89ea0f4779c01800053fb,a8787464b834a02b138f68699fc43132018a75c0b4cbaffb87d70c88006684cf,95,land_pad2__2200.jpg,1052,961,JPEG,2,491765,-189,0.20026337689537066,0.5800975016962563,52.86078370673507,False
land_pad2__2200.jpg,land_pad2,Q90,d1671a417fcf9d28529f07f26e26203d87cc7415c11f4d044979904068cc32b4,c6d7724c7a2a3b60434ae98e69caebd6096f8158bdb032c55d5c21c14db03d23,a8787464b834a02b138f68699fc43132018a75c0b4cbaffb87d70c88006684cf,90,land_pad2__2200.jpg,1052,961,JPEG,2,371713,-120241,2.5263169174484226,3.6722002011550545,36.83227660751332,False
land_pad2__2200.jpg,land_pad2,Q100,d1671a417fcf9d28529f07f26e26203d87cc7415c11f4d044979904068cc32b4,5cc80e0093e06c279cd361a6a98b1136de41052fe0a51f4128529b21ad219e05,a8787464b834a02b138f68699fc43132018a75c0b4cbaffb87d70c88006684cf,100,land_pad2__2200.jpg,1052,961,JPEG,2,846260,354306,0.29462240299434606,0.7013580909443321,51.212007380204454,False
land_pad2__2200.jpg,land_pad2,LOSSLESS_PNG,d1671a417fcf9d28529f07f26e26203d87cc7415c11f4d044979904068cc32b4,5a2fdae3c220561dc25a8d2aeac7cf271e9c2f09de7c3d659c5fb3b27c722db1,a8787464b834a02b138f68699fc43132018a75c0b4cbaffb87d70c88006684cf,,land_pad2__2200.png,1052,961,PNG,,1792838,1300884,0.0,0.0,,True
land_pad2__2225.jpg,land_pad2,RAW_SOURCE,85555b55b528ced66972581a772579f14cfca4c7aa46e72d15f35f1039feb25f,85555b55b528ced66972581a772579f14cfca4c7aa46e72d15f35f1039feb25f,a1316a0b2db08400fecdf9aba41cec5a34d7b582e5ceca7f6ad023c5198d4e4c,,land_pad2__2225.jpg,1052,961,JPEG,2,420423,0,0.0,0.0,,True
land_pad2__2225.jpg,land_pad2,HISTORICAL_Q95,85555b55b528ced66972581a772579f14cfca4c7aa46e72d15f35f1039feb25f,a140378de5985dfa79665f467eabec02acc41c43b80ed7f61a4ed592bf2525b7,a1316a0b2db08400fecdf9aba41cec5a34d7b582e5ceca7f6ad023c5198d4e4c,95,land_pad2__2225.jpg,1052,961,JPEG,2,420190,-233,0.1841415983825467,0.5618937061813344,53.13772025761666,False
land_pad2__2225.jpg,land_pad2,Q90,85555b55b528ced66972581a772579f14cfca4c7aa46e72d15f35f1039feb25f,ccfa60d50029b854076cfd3fd57182b225ee930ef527be231c76031485d9bb3e,a1316a0b2db08400fecdf9aba41cec5a34d7b582e5ceca7f6ad023c5198d4e4c,90,land_pad2__2225.jpg,1052,961,JPEG,2,315798,-104625,2.1274631410827074,3.3019416420601777,37.755415741683315,False
land_pad2__2225.jpg,land_pad2,Q100,85555b55b528ced66972581a772579f14cfca4c7aa46e72d15f35f1039feb25f,bf6e6a8bb36c51f4eacca8f4aa14d4086b7fe2926751e69c0c4be89beb45709c,a1316a0b2db08400fecdf9aba41cec5a34d7b582e5ceca7f6ad023c5198d4e4c,100,land_pad2__2225.jpg,1052,961,JPEG,2,725774,305351,0.2642928455651261,0.6682655191081327,51.6318225456365,False
land_pad2__2225.jpg,land_pad2,LOSSLESS_PNG,85555b55b528ced66972581a772579f14cfca4c7aa46e72d15f35f1039feb25f,05e1a724b26d716bd164ceed7a62a9fac9ca0efe0671e95bfb0fc7cf8885cd78,a1316a0b2db08400fecdf9aba41cec5a34d7b582e5ceca7f6ad023c5198d4e4c,,land_pad2__2225.png,1052,961,PNG,,1539871,1119448,0.0,0.0,,True
land_pad2__2250.jpg,land_pad2,RAW_SOURCE,d9ced95c7ec34b0239a57784ea02d19b1873329e0affd61067b3c35f7727df77,d9ced95c7ec34b0239a57784ea02d19b1873329e0affd61067b3c35f7727df77,005da16c9d31660c8e7a9a5bb0de5311e8e512128a6997d0cdbebc8b459ed3b4,,land_pad2__2250.jpg,1052,961,JPEG,2,442524,0,0.0,0.0,,True
land_pad2__2250.jpg,land_pad2,HISTORICAL_Q95,d9ced95c7ec34b0239a57784ea02d19b1873329e0affd61067b3c35f7727df77,2e2364c8dd141492f50f3401f423859e9ea129fb31647694a37ebfc04918ac17,005da16c9d31660c8e7a9a5bb0de5311e8e512128a6997d0cdbebc8b459ed3b4,95,land_pad2__2250.jpg,1052,961,JPEG,2,442346,-178,0.2139680096646264,0.6203753606492545,52.27771279511156,False
land_pad2__2250.jpg,land_pad2,Q90,d9ced95c7ec34b0239a57784ea02d19b1873329e0affd61067b3c35f7727df77,8253456e96bf5ac15dd09466abd6c5e8b2d593a05ae8d216eb7b7ac9d688c7a7,005da16c9d31660c8e7a9a5bb0de5311e8e512128a6997d0cdbebc8b459ed3b4,90,land_pad2__2250.jpg,1052,961,JPEG,2,333143,-109381,2.32221400131095,3.3768196957611947,37.56064616396897,False
land_pad2__2250.jpg,land_pad2,Q100,d9ced95c7ec34b0239a57784ea02d19b1873329e0affd61067b3c35f7727df77,d49d1805396c67bb82da18817098df19c68a1df6f2e9fc5f932b35c101489857,005da16c9d31660c8e7a9a5bb0de5311e8e512128a6997d0cdbebc8b459ed3b4,100,land_pad2__2250.jpg,1052,961,JPEG,2,761587,319063,0.2984804063152425,0.7202070375496143,50.98165639282713,False
land_pad2__2250.jpg,land_pad2,LOSSLESS_PNG,d9ced95c7ec34b0239a57784ea02d19b1873329e0affd61067b3c35f7727df77,c9e9e121eb8e51cc32af584fe038833de9312e9a69814ec2e460a1d08aa6a940,005da16c9d31660c8e7a9a5bb0de5311e8e512128a6997d0cdbebc8b459ed3b4,,land_pad2__2250.png,1052,961,PNG,,1669685,1227161,0.0,0.0,,True
land_pad2__2275.jpg,land_pad2,RAW_SOURCE,402ae05ab42afc2fffa75fbe66d84734a283109d99656fc72f014d6edb1ab588,402ae05ab42afc2fffa75fbe66d84734a283109d99656fc72f014d6edb1ab588,66737c94ff8dea0dd8c60616a44cceb639e580dec57e03df38a92e3f7772c2d9,,land_pad2__2275.jpg,1052,961,JPEG,2,420104,0,0.0,0.0,,True
land_pad2__2275.jpg,land_pad2,HISTORICAL_Q95,402ae05ab42afc2fffa75fbe66d84734a283109d99656fc72f014d6edb1ab588,40a903545faabd9f9accf88181488d4f4c3032708dc9ebdcb68047a1b4a96e71,66737c94ff8dea0dd8c60616a44cceb639e580dec57e03df38a92e3f7772c2d9,95,land_pad2__2275.jpg,1052,961,JPEG,2,420118,14,0.19811297114723916,0.5813528311340621,52.84200777307034,False
land_pad2__2275.jpg,land_pad2,Q90,402ae05ab42afc2fffa75fbe66d84734a283109d99656fc72f014d6edb1ab588,6ae4583256c57ad5cd019b9d2658eabcab3d22c067d7b4545c09ba487cc6d22b,66737c94ff8dea0dd8c60616a44cceb639e580dec57e03df38a92e3f7772c2d9,90,land_pad2__2275.jpg,1052,961,JPEG,2,316598,-103506,2.14279656937416,3.2451797737514894,37.90602839898269,False
land_pad2__2275.jpg,land_pad2,Q100,402ae05ab42afc2fffa75fbe66d84734a283109d99656fc72f014d6edb1ab588,4de672a4cdc9f70bc7ca631d022cf945859ab1cfcb367130909d603b92b0230f,66737c94ff8dea0dd8c60616a44cceb639e580dec57e03df38a92e3f7772c2d9,100,land_pad2__2275.jpg,1052,961,JPEG,2,728292,308188,0.27786493262589534,0.6852586672487845,51.41371286338992,False
land_pad2__2275.jpg,land_pad2,LOSSLESS_PNG,402ae05ab42afc2fffa75fbe66d84734a283109d99656fc72f014d6edb1ab588,087994fb3674db9fd6f3d23b599f65b1886eb33ad733f184b12437e27cdcb00b,66737c94ff8dea0dd8c60616a44cceb639e580dec57e03df38a92e3f7772c2d9,,land_pad2__2275.png,1052,961,PNG,,1583632,1163528,0.0,0.0,,True
land_pad2__2300.jpg,land_pad2,RAW_SOURCE,ff07e86b21e05b8d552e3f03b6baf0e87a4e43009f4ed595d462407ea796c9b8,ff07e86b21e05b8d552e3f03b6baf0e87a4e43009f4ed595d462407ea796c9b8,bbf3727844a751e7941202dd81992a31aea89335af63cd0f73d6bc5391829df1,,land_pad2__2300.jpg,1052,961,JPEG,2,472781,0,0.0,0.0,,True
land_pad2__2300.jpg,land_pad2,HISTORICAL_Q95,ff07e86b21e05b8d552e3f03b6baf0e87a4e43009f4ed595d462407ea796c9b8,d9e5843bcae9042248dd98d852d9eac96e38a19ddaa64a7edc4a090e53fa958e,bbf3727844a751e7941202dd81992a31aea89335af63cd0f73d6bc5391829df1,95,land_pad2__2300.jpg,1052,961,JPEG,2,472724,-57,0.19537336345615902,0.558308400610969,53.19332035808137,False
land_pad2__2300.jpg,land_pad2,Q90,ff07e86b21e05b8d552e3f03b6baf0e87a4e43009f4ed595d462407ea796c9b8,16ada0dfca33a211116866be901b644b16a9fe66f06507b782fe93f7ae72afb2,bbf3727844a751e7941202dd81992a31aea89335af63cd0f73d6bc5391829df1,90,land_pad2__2300.jpg,1052,961,JPEG,2,358578,-114203,2.3999144717493,3.486153283047571,37.28387403399023,False
land_pad2__2300.jpg,land_pad2,Q100,ff07e86b21e05b8d552e3f03b6baf0e87a4e43009f4ed595d462407ea796c9b8,52838f90b9268859e542799fb5216b7af3afb68be13ead3102d3cd11500806ea,bbf3727844a751e7941202dd81992a31aea89335af63cd0f73d6bc5391829df1,100,land_pad2__2300.jpg,1052,961,JPEG,2,809281,336500,0.2804495739413818,0.6726320653230561,51.575252270577856,False
land_pad2__2300.jpg,land_pad2,LOSSLESS_PNG,ff07e86b21e05b8d552e3f03b6baf0e87a4e43009f4ed595d462407ea796c9b8,869231475a69f50820a57a5369dc89ea5078cc941e0a7111b42ff2115e87158d,bbf3727844a751e7941202dd81992a31aea89335af63cd0f73d6bc5391829df1,,land_pad2__2300.png,1052,961,PNG,,1737545,1264764,0.0,0.0,,True
land_pad2__2325.jpg,land_pad2,RAW_SOURCE,23d96423398a5d8a5724fe8f06ead733736e330cf1ab3e54a793331d91d6aeb0,23d96423398a5d8a5724fe8f06ead733736e330cf1ab3e54a793331d91d6aeb0,8115abe25864ddb8484b4f947fa2ce2b0b4ffafea9cdb7a95e81c15e400cd229,,land_pad2__2325.jpg,1052,961,JPEG,2,389468,0,0.0,0.0,,True
land_pad2__2325.jpg,land_pad2,HISTORICAL_Q95,23d96423398a5d8a5724fe8f06ead733736e330cf1ab3e54a793331d91d6aeb0,de8347312164475c420bd67bfcafd115800683de4ee7f6ac6cc2c39ad78d13e3,8115abe25864ddb8484b4f947fa2ce2b0b4ffafea9cdb7a95e81c15e400cd229,95,land_pad2__2325.jpg,1052,961,JPEG,2,389452,-16,0.21076712971938558,0.6229111730855303,52.24228119200306,False
land_pad2__2325.jpg,land_pad2,Q90,23d96423398a5d8a5724fe8f06ead733736e330cf1ab3e54a793331d91d6aeb0,b8c170c33c99ed7e6dae9a707731c2fdb7a3a5faea0e0839267a6ae960a08786,8115abe25864ddb8484b4f947fa2ce2b0b4ffafea9cdb7a95e81c15e400cd229,90,land_pad2__2325.jpg,1052,961,JPEG,2,292096,-97372,1.9852158780526727,3.0680546513087665,38.39354177986494,False
land_pad2__2325.jpg,land_pad2,Q100,23d96423398a5d8a5724fe8f06ead733736e330cf1ab3e54a793331d91d6aeb0,ff3b4e62628d776ca6480bc93394ef3b29ddd08355bc17fe45beb39fdc28fd79,8115abe25864ddb8484b4f947fa2ce2b0b4ffafea9cdb7a95e81c15e400cd229,100,land_pad2__2325.jpg,1052,961,JPEG,2,680108,290640,0.27921973440741515,0.7027376832275317,51.194938757972324,False
land_pad2__2325.jpg,land_pad2,LOSSLESS_PNG,23d96423398a5d8a5724fe8f06ead733736e330cf1ab3e54a793331d91d6aeb0,27e19c7126a22b4401c156bf0d00609f66b5229c513d49552f88ce02f26353e9,8115abe25864ddb8484b4f947fa2ce2b0b4ffafea9cdb7a95e81c15e400cd229,,land_pad2__2325.png,1052,961,PNG,,1479574,1090106,0.0,0.0,,True
land_pad2__2350.jpg,land_pad2,RAW_SOURCE,cf09f077f3666b811c0daf1415b79fe8f61853aea2aa6c0cbfef3503b40a02c1,cf09f077f3666b811c0daf1415b79fe8f61853aea2aa6c0cbfef3503b40a02c1,f96774afce2c68c35b0dba5a3e713f5cc4dac45924c9e60fe6a1bd1e3057d6fe,,land_pad2__2350.jpg,1052,961,JPEG,2,359669,0,0.0,0.0,,True
land_pad2__2350.jpg,land_pad2,HISTORICAL_Q95,cf09f077f3666b811c0daf1415b79fe8f61853aea2aa6c0cbfef3503b40a02c1,b8115b132e284b1f34232c00a1fd02b0cd9ae16496daeebc03cb3e5dda475645,f96774afce2c68c35b0dba5a3e713f5cc4dac45924c9e60fe6a1bd1e3057d6fe,95,land_pad2__2350.jpg,1052,961,JPEG,2,359621,-48,0.21932555995616101,0.6453375817033256,51.93506446270838,False
land_pad2__2350.jpg,land_pad2,Q90,cf09f077f3666b811c0daf1415b79fe8f61853aea2aa6c0cbfef3503b40a02c1,03d83683d470ac2211ce8f22f05f72b227ff0ee2a8226d8809e967cccc93b7cc,f96774afce2c68c35b0dba5a3e713f5cc4dac45924c9e60fe6a1bd1e3057d6fe,90,land_pad2__2350.jpg,1052,961,JPEG,2,268523,-91146,1.8364995931308352,2.896917648559857,38.89208061716426,False
land_pad2__2350.jpg,land_pad2,Q100,cf09f077f3666b811c0daf1415b79fe8f61853aea2aa6c0cbfef3503b40a02c1,4fd765be2d0d1571170103e333b72a4192781aa98dcf6afddf89937f0b2ddd6b,f96774afce2c68c35b0dba5a3e713f5cc4dac45924c9e60fe6a1bd1e3057d6fe,100,land_pad2__2350.jpg,1052,961,JPEG,2,632333,272664,0.2823332396940766,0.7127665540550114,51.071857356288504,False
land_pad2__2350.jpg,land_pad2,LOSSLESS_PNG,cf09f077f3666b811c0daf1415b79fe8f61853aea2aa6c0cbfef3503b40a02c1,8c09bb6cd1c49922833a15782abe0c61e66aab822e567f6e7113b9ae54475b13,f96774afce2c68c35b0dba5a3e713f5cc4dac45924c9e60fe6a1bd1e3057d6fe,,land_pad2__2350.png,1052,961,PNG,,1376805,1017136,0.0,0.0,,True
land_pad2__2375.jpg,land_pad2,RAW_SOURCE,a8b9448c170c2f5759e648cf46906b276c4029584032902fa4d29ba71ff421bb,a8b9448c170c2f5759e648cf46906b276c4029584032902fa4d29ba71ff421bb,9328787568a6a854d195226aa4cac467034b0f3082b4e794e9201c43e43e35a4,,land_pad2__2375.jpg,1052,961,JPEG,2,318490,0,0.0,0.0,,True
land_pad2__2375.jpg,land_pad2,HISTORICAL_Q95,a8b9448c170c2f5759e648cf46906b276c4029584032902fa4d29ba71ff421bb,08895d194ebe7b4570ae1968b32c7c9f5f2556506309653c00bac8379e9b5bf0,9328787568a6a854d195226aa4cac467034b0f3082b4e794e9201c43e43e35a4,95,land_pad2__2375.jpg,1052,961,JPEG,2,318434,-56,0.22295012456658872,0.6607141950106381,51.730530859872616,False
land_pad2__2375.jpg,land_pad2,Q90,a8b9448c170c2f5759e648cf46906b276c4029584032902fa4d29ba71ff421bb,4b30054e88352e4e3e0809ffd6374d2ffca33a7c57ef66908ac055e48bec142a,9328787568a6a854d195226aa4cac467034b0f3082b4e794e9201c43e43e35a4,90,land_pad2__2375.jpg,1052,961,JPEG,2,236552,-81938,1.6362632529222703,2.647509189137059,39.67405408551855,False
land_pad2__2375.jpg,land_pad2,Q100,a8b9448c170c2f5759e648cf46906b276c4029584032902fa4d29ba71ff421bb,3266c7d0fef83788c4573b8cde461f9f40f4730b59778fa87243553b4110721d,9328787568a6a854d195226aa4cac467034b0f3082b4e794e9201c43e43e35a4,100,land_pad2__2375.jpg,1052,961,JPEG,2,566684,248194,0.2808857878028933,0.7209512758047629,50.97268531468338,False
land_pad2__2375.jpg,land_pad2,LOSSLESS_PNG,a8b9448c170c2f5759e648cf46906b276c4029584032902fa4d29ba71ff421bb,e4da28fee4f0e5b23b6228659c08da42ef9d5931a0e25f49d8b453dae4a1cae2,9328787568a6a854d195226aa4cac467034b0f3082b4e794e9201c43e43e35a4,,land_pad2__2375.png,1052,961,PNG,,1221240,902750,0.0,0.0,,True
land_pad2__2400.jpg,land_pad2,RAW_SOURCE,f043a7fec23fdd06ae2fc057ac020ed842af471650e97ab9e5f9dd881311c89e,f043a7fec23fdd06ae2fc057ac020ed842af471650e97ab9e5f9dd881311c89e,0f5f6db4ed15bffbd4dbc59f5714eacbcee65adc828257d1e61189c06a34fdc5,,land_pad2__2400.jpg,1052,961,JPEG,2,382367,0,0.0,0.0,,True
land_pad2__2400.jpg,land_pad2,HISTORICAL_Q95,f043a7fec23fdd06ae2fc057ac020ed842af471650e97ab9e5f9dd881311c89e,203f28bc196c8642d8724843859415d00cd7897ddf3237697cc14561e4e252ab,0f5f6db4ed15bffbd4dbc59f5714eacbcee65adc828257d1e61189c06a34fdc5,95,land_pad2__2400.jpg,1052,961,JPEG,2,381966,-401,0.22408467626534992,0.6718796972341071,51.58497325190641,False
land_pad2__2400.jpg,land_pad2,Q90,f043a7fec23fdd06ae2fc057ac020ed842af471650e97ab9e5f9dd881311c89e,45752d07d27a937c28cbae0e760934b7bb2bf0683add431c17aa87fe1d49ad0e,0f5f6db4ed15bffbd4dbc59f5714eacbcee65adc828257d1e61189c06a34fdc5,90,land_pad2__2400.jpg,1052,961,JPEG,2,286294,-96073,2.0485872341996942,3.0525931606938608,38.43742507160432,False
land_pad2__2400.jpg,land_pad2,Q100,f043a7fec23fdd06ae2fc057ac020ed842af471650e97ab9e5f9dd881311c89e,861367761f5b02375201496961c0dec7d8b73061044788eccf3d7a625bb89c16,0f5f6db4ed15bffbd4dbc59f5714eacbcee65adc828257d1e61189c06a34fdc5,100,land_pad2__2400.jpg,1052,961,JPEG,2,669983,287616,0.29704152703207076,0.7461992435121971,50.6737075202287,False
land_pad2__2400.jpg,land_pad2,LOSSLESS_PNG,f043a7fec23fdd06ae2fc057ac020ed842af471650e97ab9e5f9dd881311c89e,db368cfd3ea9b6501abb62bdcf5ed69d8c36c410fad736acddd77c28e777e1d7,0f5f6db4ed15bffbd4dbc59f5714eacbcee65adc828257d1e61189c06a34fdc5,,land_pad2__2400.png,1052,961,PNG,,1423615,1041248,0.0,0.0,,True
land_pad2__2425.jpg,land_pad2,RAW_SOURCE,f0013c116ddc22ebc936c3152bb8ac5feb81557a191a403db91a2b8024740310,f0013c116ddc22ebc936c3152bb8ac5feb81557a191a403db91a2b8024740310,f177bc33fd0664ea11c9977630952ad43ae4fc8d0d637aa066d2b9f95b7bd82f,,land_pad2__2425.jpg,1052,961,JPEG,2,289519,0,0.0,0.0,,True
land_pad2__2425.jpg,land_pad2,HISTORICAL_Q95,f0013c116ddc22ebc936c3152bb8ac5feb81557a191a403db91a2b8024740310,bf3e412409da76743c67629122fff0464f93b18616295a67d36c5b51afbf2be1,f177bc33fd0664ea11c9977630952ad43ae4fc8d0d637aa066d2b9f95b7bd82f,95,land_pad2__2425.jpg,1052,961,JPEG,2,289634,115,0.20274053089501984,0.6486767442356919,51.89023704304989,False
land_pad2__2425.jpg,land_pad2,Q90,f0013c116ddc22ebc936c3152bb8ac5feb81557a191a403db91a2b8024740310,0f5d9a3b001741a4b4a4826fde7a3f5b4c3f5525b03f770acfe20b1f9b4b9fb4,f177bc33fd0664ea11c9977630952ad43ae4fc8d0d637aa066d2b9f95b7bd82f,90,land_pad2__2425.jpg,1052,961,JPEG,2,214087,-75432,1.4590476623816815,2.3808696816391652,40.596091115061945,False
land_pad2__2425.jpg,land_pad2,Q100,f0013c116ddc22ebc936c3152bb8ac5feb81557a191a403db91a2b8024740310,e0d5c2190aa2fc8aefd4b1924b2cfb728faa985ce40b94bad5c0f2c0ed1cdf75,f177bc33fd0664ea11c9977630952ad43ae4fc8d0d637aa066d2b9f95b7bd82f,100,land_pad2__2425.jpg,1052,961,JPEG,2,521825,232306,0.2602231647694826,0.7051365323601253,51.16533929694477,False
land_pad2__2425.jpg,land_pad2,LOSSLESS_PNG,f0013c116ddc22ebc936c3152bb8ac5feb81557a191a403db91a2b8024740310,d226814a8ae772994e31d4908e2f6981750bf64a692eab0e39358849b39ffd5b,f177bc33fd0664ea11c9977630952ad43ae4fc8d0d637aa066d2b9f95b7bd82f,,land_pad2__2425.png,1052,961,PNG,,1158872,869353,0.0,0.0,,True
land_pad2__2450.jpg,land_pad2,RAW_SOURCE,0d76c0cac01e125aa8e24291ef0650fb13860bab5844f951a834cf05aa5859be,0d76c0cac01e125aa8e24291ef0650fb13860bab5844f951a834cf05aa5859be,cf93b05f5e2ec1926ba80f638ac135fcb54fb55cb298d9bfec3151eefc85eac3,,land_pad2__2450.jpg,1052,961,JPEG,2,246349,0,0.0,0.0,,True
land_pad2__2450.jpg,land_pad2,HISTORICAL_Q95,0d76c0cac01e125aa8e24291ef0650fb13860bab5844f951a834cf05aa5859be,b8300fa04b8f833c156d0366aa4420b37d7421609be35ca0d5e24fd64b20a8fa,cf93b05f5e2ec1926ba80f638ac135fcb54fb55cb298d9bfec3151eefc85eac3,95,land_pad2__2450.jpg,1052,961,JPEG,2,246925,576,0.1452150339804993,0.5342650667223197,53.57566803914093,False
land_pad2__2450.jpg,land_pad2,Q90,0d76c0cac01e125aa8e24291ef0650fb13860bab5844f951a834cf05aa5859be,d6c70b4491691d00282700eaa382b56d9ecb66fc676f854604b7c00aef272358,cf93b05f5e2ec1926ba80f638ac135fcb54fb55cb298d9bfec3151eefc85eac3,90,land_pad2__2450.jpg,1052,961,JPEG,2,181497,-64852,1.2130177690381139,2.010085057336116,42.06651490653652,False
land_pad2__2450.jpg,land_pad2,Q100,0d76c0cac01e125aa8e24291ef0650fb13860bab5844f951a834cf05aa5859be,e03299754202d64c0d7866993d6a6bf333da2fab34fa2171a4b626039047b7ce,cf93b05f5e2ec1926ba80f638ac135fcb54fb55cb298d9bfec3151eefc85eac3,100,land_pad2__2450.jpg,1052,961,JPEG,2,453116,206767,0.20282724612221373,0.6084499766918474,52.44630603261526,False
land_pad2__2450.jpg,land_pad2,LOSSLESS_PNG,0d76c0cac01e125aa8e24291ef0650fb13860bab5844f951a834cf05aa5859be,a3d420aba0000dcaed72013a108082f197b9e0b25b729e66916f5fd589b0028a,cf93b05f5e2ec1926ba80f638ac135fcb54fb55cb298d9bfec3151eefc85eac3,,land_pad2__2450.png,1052,961,PNG,,1024794,778445,0.0,0.0,,True
land_pad2__2475.jpg,land_pad2,RAW_SOURCE,680c5987d402b13da1635ca16b6afd26863f7baf55ac0c680e0cba1ccc5f8d75,680c5987d402b13da1635ca16b6afd26863f7baf55ac0c680e0cba1ccc5f8d75,b586cf3c1d58c05d3672ae7496cca9e09bd1e71ebc2424bc1e7681dfb1dfef32,,land_pad2__2475.jpg,1052,961,JPEG,2,249243,0,0.0,0.0,,True
land_pad2__2475.jpg,land_pad2,HISTORICAL_Q95,680c5987d402b13da1635ca16b6afd26863f7baf55ac0c680e0cba1ccc5f8d75,4b66414a9675f1545fd0761d0c26d0000aa498b7ca72918c6ff5c1915184acde,b586cf3c1d58c05d3672ae7496cca9e09bd1e71ebc2424bc1e7681dfb1dfef32,95,land_pad2__2475.jpg,1052,961,JPEG,2,249886,643,0.11702599082862829,0.430950459827216,55.442256639815355,False
land_pad2__2475.jpg,land_pad2,Q90,680c5987d402b13da1635ca16b6afd26863f7baf55ac0c680e0cba1ccc5f8d75,34218e5345331c0a051419e8feaab938912d418d91450750ce9ea38a0d525926,b586cf3c1d58c05d3672ae7496cca9e09bd1e71ebc2424bc1e7681dfb1dfef32,90,land_pad2__2475.jpg,1052,961,JPEG,2,184856,-64387,1.211809361024176,1.9815801824802095,42.19057060311589,False
land_pad2__2475.jpg,land_pad2,Q100,680c5987d402b13da1635ca16b6afd26863f7baf55ac0c680e0cba1ccc5f8d75,999d79f27a7459e8dcb11028a91b5052196c6966bc276150e6564f3f7fd4313c,b586cf3c1d58c05d3672ae7496cca9e09bd1e71ebc2424bc1e7681dfb1dfef32,100,land_pad2__2475.jpg,1052,961,JPEG,2,459400,210157,0.1836249338920036,0.5390719364611695,53.49786913895092,False
land_pad2__2475.jpg,land_pad2,LOSSLESS_PNG,680c5987d402b13da1635ca16b6afd26863f7baf55ac0c680e0cba1ccc5f8d75,ca199239cd413328ff955277ca89e75d9f9594c5c2cf4c0c57c64afeb8f6bb2c,b586cf3c1d58c05d3672ae7496cca9e09bd1e71ebc2424bc1e7681dfb1dfef32,,land_pad2__2475.png,1052,961,PNG,,1007293,758050,0.0,0.0,,True
land_pad2__2500.jpg,land_pad2,RAW_SOURCE,da59d66e6237f1599d9107727b625f475d090a1730bea9ecbbde699e5e2cea09,da59d66e6237f1599d9107727b625f475d090a1730bea9ecbbde699e5e2cea09,59d6b983a0b7f45d21944014720d51e468b3f63f3e4cc0d5fda056fbbdcae626,,land_pad2__2500.jpg,1052,961,JPEG,2,227040,0,0.0,0.0,,True
land_pad2__2500.jpg,land_pad2,HISTORICAL_Q95,da59d66e6237f1599d9107727b625f475d090a1730bea9ecbbde699e5e2cea09,010d8834fdef6802e9a300255fb480f46cbc766eac230e38787e1678b6b7545f,59d6b983a0b7f45d21944014720d51e468b3f63f3e4cc0d5fda056fbbdcae626,95,land_pad2__2500.jpg,1052,961,JPEG,2,227557,517,0.15330691651203002,0.5245625605826476,53.73485779638685,False
land_pad2__2500.jpg,land_pad2,Q90,da59d66e6237f1599d9107727b625f475d090a1730bea9ecbbde699e5e2cea09,1c7e27db8178d9e128317cb3c0d916a731fdbffaf21a3e1ba4c918c85e19aadb,59d6b983a0b7f45d21944014720d51e468b3f63f3e4cc0d5fda056fbbdcae626,90,land_pad2__2500.jpg,1052,961,JPEG,2,166937,-60103,1.0952420047241664,1.7535595467316603,43.252393247067374,False
land_pad2__2500.jpg,land_pad2,Q100,da59d66e6237f1599d9107727b625f475d090a1730bea9ecbbde699e5e2cea09,379dda4d80120ef6fc7cf3ade9959d62f555f1d699a580b152cd25316507fed0,59d6b983a0b7f45d21944014720d51e468b3f63f3e4cc0d5fda056fbbdcae626,100,land_pad2__2500.jpg,1052,961,JPEG,2,423438,196398,0.21142590167350497,0.6036010204704737,52.515804301905575,False
land_pad2__2500.jpg,land_pad2,LOSSLESS_PNG,da59d66e6237f1599d9107727b625f475d090a1730bea9ecbbde699e5e2cea09,4bead1f30f88f73ed441a5c451ddefd1f42e8e313e7d2b4e278d18874c85526f,59d6b983a0b7f45d21944014720d51e468b3f63f3e4cc0d5fda056fbbdcae626,,land_pad2__2500.png,1052,961,PNG,,914907,687867,0.0,0.0,,True
land_pad2__2525.jpg,land_pad2,RAW_SOURCE,4bf67210ed80cf3afaf88562036fa2a70121f4c746d38ef74363c85e46d7eae0,4bf67210ed80cf3afaf88562036fa2a70121f4c746d38ef74363c85e46d7eae0,b6210b6e877cf704d786f59eec447f613daccb2e33243f45d62c144995f27015,,land_pad2__2525.jpg,1052,961,JPEG,2,247918,0,0.0,0.0,,True
land_pad2__2525.jpg,land_pad2,HISTORICAL_Q95,4bf67210ed80cf3afaf88562036fa2a70121f4c746d38ef74363c85e46d7eae0,44607d6cab2cd49bb32adc57fec22a81ecedebaf125db119f8627db209ea35aa,b6210b6e877cf704d786f59eec447f613daccb2e33243f45d62c144995f27015,95,land_pad2__2525.jpg,1052,961,JPEG,2,248419,501,0.11686772729610712,0.43494181072497523,55.362180445285205,False
land_pad2__2525.jpg,land_pad2,Q90,4bf67210ed80cf3afaf88562036fa2a70121f4c746d38ef74363c85e46d7eae0,0639a4cc0e2f77c7babacdebb5282518c5ecf4a2da0d176d815722e0541062c9,b6210b6e877cf704d786f59eec447f613daccb2e33243f45d62c144995f27015,90,land_pad2__2525.jpg,1052,961,JPEG,2,184603,-63315,1.1436643810774845,1.8800659147639476,42.64734209237961,False
land_pad2__2525.jpg,land_pad2,Q100,4bf67210ed80cf3afaf88562036fa2a70121f4c746d38ef74363c85e46d7eae0,2cb7d386a33019bd47816c10f345f298f5622eb5323538d007976a09cee8fb7a,b6210b6e877cf704d786f59eec447f613daccb2e33243f45d62c144995f27015,100,land_pad2__2525.jpg,1052,961,JPEG,2,447945,200027,0.1821049445484148,0.5405579980362223,53.47395765858964,False
land_pad2__2525.jpg,land_pad2,LOSSLESS_PNG,4bf67210ed80cf3afaf88562036fa2a70121f4c746d38ef74363c85e46d7eae0,fd69433fd0f0116dc34457b7aeaacef47829a54cef4f84d5511bbacfa87dac98,b6210b6e877cf704d786f59eec447f613daccb2e33243f45d62c144995f27015,,land_pad2__2525.png,1052,961,PNG,,961078,713160,0.0,0.0,,True
