dose_index,nominal_occluded_box_fraction,nominal_visible_box_fraction,frame_id,sequence,frame_index,source_image_sha256,source_label_sha256,image_path,image_sha256,label_path,label_sha256,width,height,target_count
0,0.0,1.0,land_pad__6500.jpg,land_pad,6500,f72c47ffb3e3d3345c63da92a5de3a9dd2e9c067dd97461609ab97a9c488e8e1,51640b1d3de4656f6fc1afc64a4ee6f2748ebf4805253d426bf9a255b2077bc4,dose_00/images/test/land_pad__6500.jpg,f72c47ffb3e3d3345c63da92a5de3a9dd2e9c067dd97461609ab97a9c488e8e1,dose_00/labels/test/land_pad__6500.txt,51640b1d3de4656f6fc1afc64a4ee6f2748ebf4805253d426bf9a255b2077bc4,1052,961,1
1,0.15,0.85,land_pad__6500.jpg,land_pad,6500,f72c47ffb3e3d3345c63da92a5de3a9dd2e9c067dd97461609ab97a9c488e8e1,51640b1d3de4656f6fc1afc64a4ee6f2748ebf4805253d426bf9a255b2077bc4,dose_01/images/test/land_pad__6500.png,45b44a0af72272242f9f995eef7938ac17c04c61cd32a3b4565f3c6621a3e75d,dose_01/labels/test/land_pad__6500.txt,51640b1d3de4656f6fc1afc64a4ee6f2748ebf4805253d426bf9a255b2077bc4,1052,961,1
2,0.3,0.7,land_pad__6500.jpg,land_pad,6500,f72c47ffb3e3d3345c63da92a5de3a9dd2e9c067dd97461609ab97a9c488e8e1,51640b1d3de4656f6fc1afc64a4ee6f2748ebf4805253d426bf9a255b2077bc4,dose_02/images/test/land_pad__6500.png,6ed53b22420e8da892185f4d630aac1b2021bab6fde619b110eb053f1ccb0851,dose_02/labels/test/land_pad__6500.txt,51640b1d3de4656f6fc1afc64a4ee6f2748ebf4805253d426bf9a255b2077bc4,1052,961,1
3,0.45,0.55,land_pad__6500.jpg,land_pad,6500,f72c47ffb3e3d3345c63da92a5de3a9dd2e9c067dd97461609ab97a9c488e8e1,51640b1d3de4656f6fc1afc64a4ee6f2748ebf4805253d426bf9a255b2077bc4,dose_03/images/test/land_pad__6500.png,0e2ab8ad7c28a597fa9d00be7ab80bd4bd89b5193c43c9c33ee4f89326b1dc32,dose_03/labels/test/land_pad__6500.txt,51640b1d3de4656f6fc1afc64a4ee6f2748ebf4805253d426bf9a255b2077bc4,1052,961,1
4,0.6,0.4,land_pad__6500.jpg,land_pad,6500,f72c47ffb3e3d3345c63da92a5de3a9dd2e9c067dd97461609ab97a9c488e8e1,51640b1d3de4656f6fc1afc64a4ee6f2748ebf4805253d426bf9a255b2077bc4,dose_04/images/test/land_pad__6500.png,39260ffaf36226b38193fa936372d18a1d936d5183685db8b5095d0c22bbfd3e,dose_04/labels/test/land_pad__6500.txt,51640b1d3de4656f6fc1afc64a4ee6f2748ebf4805253d426bf9a255b2077bc4,1052,961,1
5,0.75,0.25,land_pad__6500.jpg,land_pad,6500,f72c47ffb3e3d3345c63da92a5de3a9dd2e9c067dd97461609ab97a9c488e8e1,51640b1d3de4656f6fc1afc64a4ee6f2748ebf4805253d426bf9a255b2077bc4,dose_05/images/test/land_pad__6500.png,6e247cba834753853416f953edf3ee66c1a5d8ee2d5616f6e30986ab3d929d73,dose_05/labels/test/land_pad__6500.txt,51640b1d3de4656f6fc1afc64a4ee6f2748ebf4805253d426bf9a255b2077bc4,1052,961,1
0,0.0,1.0,land_pad__6525.jpg,land_pad,6525,31045f31c54082b0022ad67444ff0ed6268ee2f34d201ce412bbb5dafe802352,a225e211cd8c78fb20fafc8d2bae4ec34350075954198e5c0976be37f451ca98,dose_00/images/test/land_pad__6525.jpg,31045f31c54082b0022ad67444ff0ed6268ee2f34d201ce412bbb5dafe802352,dose_00/labels/test/land_pad__6525.txt,a225e211cd8c78fb20fafc8d2bae4ec34350075954198e5c0976be37f451ca98,1052,961,1
1,0.15,0.85,land_pad__6525.jpg,land_pad,6525,31045f31c54082b0022ad67444ff0ed6268ee2f34d201ce412bbb5dafe802352,a225e211cd8c78fb20fafc8d2bae4ec34350075954198e5c0976be37f451ca98,dose_01/images/test/land_pad__6525.png,431a436cc533e267433323d9f87037232f59c8271883d60489972ddc4b0fd6c6,dose_01/labels/test/land_pad__6525.txt,a225e211cd8c78fb20fafc8d2bae4ec34350075954198e5c0976be37f451ca98,1052,961,1
2,0.3,0.7,land_pad__6525.jpg,land_pad,6525,31045f31c54082b0022ad67444ff0ed6268ee2f34d201ce412bbb5dafe802352,a225e211cd8c78fb20fafc8d2bae4ec34350075954198e5c0976be37f451ca98,dose_02/images/test/land_pad__6525.png,1c8e758fc370a161dc295331ab08cf7f1fdc20fa2f622cc33e31b5d000366eec,dose_02/labels/test/land_pad__6525.txt,a225e211cd8c78fb20fafc8d2bae4ec34350075954198e5c0976be37f451ca98,1052,961,1
3,0.45,0.55,land_pad__6525.jpg,land_pad,6525,31045f31c54082b0022ad67444ff0ed6268ee2f34d201ce412bbb5dafe802352,a225e211cd8c78fb20fafc8d2bae4ec34350075954198e5c0976be37f451ca98,dose_03/images/test/land_pad__6525.png,222b2e7afb03fb137c920d938f01c2d2ed30c5cc2d4c2c0f218b51c0ea9920af,dose_03/labels/test/land_pad__6525.txt,a225e211cd8c78fb20fafc8d2bae4ec34350075954198e5c0976be37f451ca98,1052,961,1
4,0.6,0.4,land_pad__6525.jpg,land_pad,6525,31045f31c54082b0022ad67444ff0ed6268ee2f34d201ce412bbb5dafe802352,a225e211cd8c78fb20fafc8d2bae4ec34350075954198e5c0976be37f451ca98,dose_04/images/test/land_pad__6525.png,7618417cdc5aaf1947115ee8ec17badd0f96a23257d05e236f7a6cad745788b7,dose_04/labels/test/land_pad__6525.txt,a225e211cd8c78fb20fafc8d2bae4ec34350075954198e5c0976be37f451ca98,1052,961,1
5,0.75,0.25,land_pad__6525.jpg,land_pad,6525,31045f31c54082b0022ad67444ff0ed6268ee2f34d201ce412bbb5dafe802352,a225e211cd8c78fb20fafc8d2bae4ec34350075954198e5c0976be37f451ca98,dose_05/images/test/land_pad__6525.png,d09a99a27a5c2422d02065623f6d3d620ba1544ec18fe987a0c93645ee7f5a9e,dose_05/labels/test/land_pad__6525.txt,a225e211cd8c78fb20fafc8d2bae4ec34350075954198e5c0976be37f451ca98,1052,961,1
0,0.0,1.0,land_pad__6550.jpg,land_pad,6550,1f3a2a5b4e074bcd5bb05411ebdabc28392e13c8ad7004d2ab4748d5b488cc08,5a1f431305ee0e535c35e9b11bd869aff299fdd8c2092bcaef90b049c2665d8a,dose_00/images/test/land_pad__6550.jpg,1f3a2a5b4e074bcd5bb05411ebdabc28392e13c8ad7004d2ab4748d5b488cc08,dose_00/labels/test/land_pad__6550.txt,5a1f431305ee0e535c35e9b11bd869aff299fdd8c2092bcaef90b049c2665d8a,1052,961,1
1,0.15,0.85,land_pad__6550.jpg,land_pad,6550,1f3a2a5b4e074bcd5bb05411ebdabc28392e13c8ad7004d2ab4748d5b488cc08,5a1f431305ee0e535c35e9b11bd869aff299fdd8c2092bcaef90b049c2665d8a,dose_01/images/test/land_pad__6550.png,7d527bdb878c03dba5630df42938b4d867c5a77fc68eaa1a21418a8810d1fe4a,dose_01/labels/test/land_pad__6550.txt,5a1f431305ee0e535c35e9b11bd869aff299fdd8c2092bcaef90b049c2665d8a,1052,961,1
2,0.3,0.7,land_pad__6550.jpg,land_pad,6550,1f3a2a5b4e074bcd5bb05411ebdabc28392e13c8ad7004d2ab4748d5b488cc08,5a1f431305ee0e535c35e9b11bd869aff299fdd8c2092bcaef90b049c2665d8a,dose_02/images/test/land_pad__6550.png,a3b467404b2f4d9f528b64fe66849618c130f6ea720bb5fdde6b8d0ca83bb4dc,dose_02/labels/test/land_pad__6550.txt,5a1f431305ee0e535c35e9b11bd869aff299fdd8c2092bcaef90b049c2665d8a,1052,961,1
3,0.45,0.55,land_pad__6550.jpg,land_pad,6550,1f3a2a5b4e074bcd5bb05411ebdabc28392e13c8ad7004d2ab4748d5b488cc08,5a1f431305ee0e535c35e9b11bd869aff299fdd8c2092bcaef90b049c2665d8a,dose_03/images/test/land_pad__6550.png,d4ccb275bdf6768df647b168cf037d622078dcfefdd61b04341a73a2d4da00c1,dose_03/labels/test/land_pad__6550.txt,5a1f431305ee0e535c35e9b11bd869aff299fdd8c2092bcaef90b049c2665d8a,1052,961,1
4,0.6,0.4,land_pad__6550.jpg,land_pad,6550,1f3a2a5b4e074bcd5bb05411ebdabc28392e13c8ad7004d2ab4748d5b488cc08,5a1f431305ee0e535c35e9b11bd869aff299fdd8c2092bcaef90b049c2665d8a,dose_04/images/test/land_pad__6550.png,5dce71339b6bb80df0387e611f3462b94397b13e2c709cdc0c61681ba02a03b7,dose_04/labels/test/land_pad__6550.txt,5a1f431305ee0e535c35e9b11bd869aff299fdd8c2092bcaef90b049c2665d8a,1052,961,1
5,0.75,0.25,land_pad__6550.jpg,land_pad,6550,1f3a2a5b4e074bcd5bb05411ebdabc28392e13c8ad7004d2ab4748d5b488cc08,5a1f431305ee0e535c35e9b11bd869aff299fdd8c2092bcaef90b049c2665d8a,dose_05/images/test/land_pad__6550.png,51f02c9348fa36377ef0e2e27760bb1e3acbf84192138118cda2c2f4a7790ec2,dose_05/labels/test/land_pad__6550.txt,5a1f431305ee0e535c35e9b11bd869aff299fdd8c2092bcaef90b049c2665d8a,1052,961,1
0,0.0,1.0,land_pad__6575.jpg,land_pad,6575,fa0a6563e3286533256448ed9d067fc016baf5cca1bbe331272d1c0aa4dcdd0b,1cdbf293aaf7ae8cb877ff159c3f9acacddcbb27756bd62e05761b9c6d68e5d8,dose_00/images/test/land_pad__6575.jpg,fa0a6563e3286533256448ed9d067fc016baf5cca1bbe331272d1c0aa4dcdd0b,dose_00/labels/test/land_pad__6575.txt,1cdbf293aaf7ae8cb877ff159c3f9acacddcbb27756bd62e05761b9c6d68e5d8,1052,961,1
1,0.15,0.85,land_pad__6575.jpg,land_pad,6575,fa0a6563e3286533256448ed9d067fc016baf5cca1bbe331272d1c0aa4dcdd0b,1cdbf293aaf7ae8cb877ff159c3f9acacddcbb27756bd62e05761b9c6d68e5d8,dose_01/images/test/land_pad__6575.png,a5216fafa80a54cfe447149a8a5f6d27d64d9294711b7ed3d0cf0450adc7cc3a,dose_01/labels/test/land_pad__6575.txt,1cdbf293aaf7ae8cb877ff159c3f9acacddcbb27756bd62e05761b9c6d68e5d8,1052,961,1
2,0.3,0.7,land_pad__6575.jpg,land_pad,6575,fa0a6563e3286533256448ed9d067fc016baf5cca1bbe331272d1c0aa4dcdd0b,1cdbf293aaf7ae8cb877ff159c3f9acacddcbb27756bd62e05761b9c6d68e5d8,dose_02/images/test/land_pad__6575.png,23e5e868f898cb6024a8e3d6a70f8d46ceda6b9961a8e0545d2abc372518d6d5,dose_02/labels/test/land_pad__6575.txt,1cdbf293aaf7ae8cb877ff159c3f9acacddcbb27756bd62e05761b9c6d68e5d8,1052,961,1
3,0.45,0.55,land_pad__6575.jpg,land_pad,6575,fa0a6563e3286533256448ed9d067fc016baf5cca1bbe331272d1c0aa4dcdd0b,1cdbf293aaf7ae8cb877ff159c3f9acacddcbb27756bd62e05761b9c6d68e5d8,dose_03/images/test/land_pad__6575.png,86c4a0dd57f7ef9437e1574436355bbe71259b714a56c4b08dbe7aef96460da5,dose_03/labels/test/land_pad__6575.txt,1cdbf293aaf7ae8cb877ff159c3f9acacddcbb27756bd62e05761b9c6d68e5d8,1052,961,1
4,0.6,0.4,land_pad__6575.jpg,land_pad,6575,fa0a6563e3286533256448ed9d067fc016baf5cca1bbe331272d1c0aa4dcdd0b,1cdbf293aaf7ae8cb877ff159c3f9acacddcbb27756bd62e05761b9c6d68e5d8,dose_04/images/test/land_pad__6575.png,d4d38d61a2afcaa58ec9d857ad842a3fdabc7d9afbe21476d6910c5bc66ed26e,dose_04/labels/test/land_pad__6575.txt,1cdbf293aaf7ae8cb877ff159c3f9acacddcbb27756bd62e05761b9c6d68e5d8,1052,961,1
5,0.75,0.25,land_pad__6575.jpg,land_pad,6575,fa0a6563e3286533256448ed9d067fc016baf5cca1bbe331272d1c0aa4dcdd0b,1cdbf293aaf7ae8cb877ff159c3f9acacddcbb27756bd62e05761b9c6d68e5d8,dose_05/images/test/land_pad__6575.png,1797467990e0b27c9bae0e48ac7b79fdc4c67027aeb4f43b21689d74bc9279f4,dose_05/labels/test/land_pad__6575.txt,1cdbf293aaf7ae8cb877ff159c3f9acacddcbb27756bd62e05761b9c6d68e5d8,1052,961,1
0,0.0,1.0,land_pad__6600.jpg,land_pad,6600,95142936d577a13eb25bd70c8b347f3c26737c6880fc1835795e0dd29fc8c617,0a888f6e3db22380450ce475077cdc761aea1a93d924b5a8610e1bbf5e01c783,dose_00/images/test/land_pad__6600.jpg,95142936d577a13eb25bd70c8b347f3c26737c6880fc1835795e0dd29fc8c617,dose_00/labels/test/land_pad__6600.txt,0a888f6e3db22380450ce475077cdc761aea1a93d924b5a8610e1bbf5e01c783,1052,961,1
1,0.15,0.85,land_pad__6600.jpg,land_pad,6600,95142936d577a13eb25bd70c8b347f3c26737c6880fc1835795e0dd29fc8c617,0a888f6e3db22380450ce475077cdc761aea1a93d924b5a8610e1bbf5e01c783,dose_01/images/test/land_pad__6600.png,5e4ac56db898f7c2ecf88333ee405f02efe0a0186db3090ed571cdec43501dc7,dose_01/labels/test/land_pad__6600.txt,0a888f6e3db22380450ce475077cdc761aea1a93d924b5a8610e1bbf5e01c783,1052,961,1
2,0.3,0.7,land_pad__6600.jpg,land_pad,6600,95142936d577a13eb25bd70c8b347f3c26737c6880fc1835795e0dd29fc8c617,0a888f6e3db22380450ce475077cdc761aea1a93d924b5a8610e1bbf5e01c783,dose_02/images/test/land_pad__6600.png,fdb351806accd9c1d58d54ce51248deb4edb5b8d4c5d6bd4d2a361ed165be455,dose_02/labels/test/land_pad__6600.txt,0a888f6e3db22380450ce475077cdc761aea1a93d924b5a8610e1bbf5e01c783,1052,961,1
3,0.45,0.55,land_pad__6600.jpg,land_pad,6600,95142936d577a13eb25bd70c8b347f3c26737c6880fc1835795e0dd29fc8c617,0a888f6e3db22380450ce475077cdc761aea1a93d924b5a8610e1bbf5e01c783,dose_03/images/test/land_pad__6600.png,c58861624cba6828f51c6e8b67ab4e064dfc08d525ceec82fefa7296716ace7d,dose_03/labels/test/land_pad__6600.txt,0a888f6e3db22380450ce475077cdc761aea1a93d924b5a8610e1bbf5e01c783,1052,961,1
4,0.6,0.4,land_pad__6600.jpg,land_pad,6600,95142936d577a13eb25bd70c8b347f3c26737c6880fc1835795e0dd29fc8c617,0a888f6e3db22380450ce475077cdc761aea1a93d924b5a8610e1bbf5e01c783,dose_04/images/test/land_pad__6600.png,db2a80fd22211b51145c4b6addbc3fdcb034a2dab6c4373eada76ce0d91997c1,dose_04/labels/test/land_pad__6600.txt,0a888f6e3db22380450ce475077cdc761aea1a93d924b5a8610e1bbf5e01c783,1052,961,1
5,0.75,0.25,land_pad__6600.jpg,land_pad,6600,95142936d577a13eb25bd70c8b347f3c26737c6880fc1835795e0dd29fc8c617,0a888f6e3db22380450ce475077cdc761aea1a93d924b5a8610e1bbf5e01c783,dose_05/images/test/land_pad__6600.png,b1fda7ddd411dac7db25b421b55a612b2f653544eaad004ffe3c417f0bd79efe,dose_05/labels/test/land_pad__6600.txt,0a888f6e3db22380450ce475077cdc761aea1a93d924b5a8610e1bbf5e01c783,1052,961,1
0,0.0,1.0,land_pad__6625.jpg,land_pad,6625,393e028560483b5dd13ffebc9e2f554245d8fce9b7a2dfb5f16cecd0d3865400,e0331afcb3838a49f63c8b05e8444822a4c4a17297550d14295072767b2eee1e,dose_00/images/test/land_pad__6625.jpg,393e028560483b5dd13ffebc9e2f554245d8fce9b7a2dfb5f16cecd0d3865400,dose_00/labels/test/land_pad__6625.txt,e0331afcb3838a49f63c8b05e8444822a4c4a17297550d14295072767b2eee1e,1052,961,1
1,0.15,0.85,land_pad__6625.jpg,land_pad,6625,393e028560483b5dd13ffebc9e2f554245d8fce9b7a2dfb5f16cecd0d3865400,e0331afcb3838a49f63c8b05e8444822a4c4a17297550d14295072767b2eee1e,dose_01/images/test/land_pad__6625.png,09917f6cfa91bc6d366f202b1b335aed1870996cf65358558dda9782cc42264c,dose_01/labels/test/land_pad__6625.txt,e0331afcb3838a49f63c8b05e8444822a4c4a17297550d14295072767b2eee1e,1052,961,1
2,0.3,0.7,land_pad__6625.jpg,land_pad,6625,393e028560483b5dd13ffebc9e2f554245d8fce9b7a2dfb5f16cecd0d3865400,e0331afcb3838a49f63c8b05e8444822a4c4a17297550d14295072767b2eee1e,dose_02/images/test/land_pad__6625.png,0d17ef6eb7f270e189b207f209d077345a124d01bfe909c203391c939b8831c1,dose_02/labels/test/land_pad__6625.txt,e0331afcb3838a49f63c8b05e8444822a4c4a17297550d14295072767b2eee1e,1052,961,1
3,0.45,0.55,land_pad__6625.jpg,land_pad,6625,393e028560483b5dd13ffebc9e2f554245d8fce9b7a2dfb5f16cecd0d3865400,e0331afcb3838a49f63c8b05e8444822a4c4a17297550d14295072767b2eee1e,dose_03/images/test/land_pad__6625.png,89cc2ad49a3014dfb8342a478e5d05be00f0bcd109629972d7b17ca38a8b02ce,dose_03/labels/test/land_pad__6625.txt,e0331afcb3838a49f63c8b05e8444822a4c4a17297550d14295072767b2eee1e,1052,961,1
4,0.6,0.4,land_pad__6625.jpg,land_pad,6625,393e028560483b5dd13ffebc9e2f554245d8fce9b7a2dfb5f16cecd0d3865400,e0331afcb3838a49f63c8b05e8444822a4c4a17297550d14295072767b2eee1e,dose_04/images/test/land_pad__6625.png,7e3e90ca3f271878fca003e996aa515b1233a4d80421a7127277191e8cf541b0,dose_04/labels/test/land_pad__6625.txt,e0331afcb3838a49f63c8b05e8444822a4c4a17297550d14295072767b2eee1e,1052,961,1
5,0.75,0.25,land_pad__6625.jpg,land_pad,6625,393e028560483b5dd13ffebc9e2f554245d8fce9b7a2dfb5f16cecd0d3865400,e0331afcb3838a49f63c8b05e8444822a4c4a17297550d14295072767b2eee1e,dose_05/images/test/land_pad__6625.png,7bef3ed2c2624647c10a4b0d3fca9f5ab2d83f49e1c961d83e9fad406da279a8,dose_05/labels/test/land_pad__6625.txt,e0331afcb3838a49f63c8b05e8444822a4c4a17297550d14295072767b2eee1e,1052,961,1
0,0.0,1.0,land_pad__6650.jpg,land_pad,6650,34342350e7251c2f9d95d59ead7a5503d518b01caa11ace5f83e48900557e5d1,22128c3eb36a4e736b6d63a0dbf25d5fade603166a4dd06fe1140e4a31876c36,dose_00/images/test/land_pad__6650.jpg,34342350e7251c2f9d95d59ead7a5503d518b01caa11ace5f83e48900557e5d1,dose_00/labels/test/land_pad__6650.txt,22128c3eb36a4e736b6d63a0dbf25d5fade603166a4dd06fe1140e4a31876c36,1052,961,1
1,0.15,0.85,land_pad__6650.jpg,land_pad,6650,34342350e7251c2f9d95d59ead7a5503d518b01caa11ace5f83e48900557e5d1,22128c3eb36a4e736b6d63a0dbf25d5fade603166a4dd06fe1140e4a31876c36,dose_01/images/test/land_pad__6650.png,03cb6f0921b062af83e4dda71f3c9fcb62c25bb2df321e0aa625dda4225c5f8a,dose_01/labels/test/land_pad__6650.txt,22128c3eb36a4e736b6d63a0dbf25d5fade603166a4dd06fe1140e4a31876c36,1052,961,1
2,0.3,0.7,land_pad__6650.jpg,land_pad,6650,34342350e7251c2f9d95d59ead7a5503d518b01caa11ace5f83e48900557e5d1,22128c3eb36a4e736b6d63a0dbf25d5fade603166a4dd06fe1140e4a31876c36,dose_02/images/test/land_pad__6650.png,683c2239f22e953793c8e3e7dd724eca135f9a8976f040be8a46be89060076b8,dose_02/labels/test/land_pad__6650.txt,22128c3eb36a4e736b6d63a0dbf25d5fade603166a4dd06fe1140e4a31876c36,1052,961,1
3,0.45,0.55,land_pad__6650.jpg,land_pad,6650,34342350e7251c2f9d95d59ead7a5503d518b01caa11ace5f83e48900557e5d1,22128c3eb36a4e736b6d63a0dbf25d5fade603166a4dd06fe1140e4a31876c36,dose_03/images/test/land_pad__6650.png,a4a32b8610f569a2195fb3b1d6e0cb3bc03e9be2a299c00c3c592fda72d67b1f,dose_03/labels/test/land_pad__6650.txt,22128c3eb36a4e736b6d63a0dbf25d5fade603166a4dd06fe1140e4a31876c36,1052,961,1
4,0.6,0.4,land_pad__6650.jpg,land_pad,6650,34342350e7251c2f9d95d59ead7a5503d518b01caa11ace5f83e48900557e5d1,22128c3eb36a4e736b6d63a0dbf25d5fade603166a4dd06fe1140e4a31876c36,dose_04/images/test/land_pad__6650.png,536e8486da07be90e9626de073e5df4b12ac341b98026ed608fcabbfbd0f0647,dose_04/labels/test/land_pad__6650.txt,22128c3eb36a4e736b6d63a0dbf25d5fade603166a4dd06fe1140e4a31876c36,1052,961,1
5,0.75,0.25,land_pad__6650.jpg,land_pad,6650,34342350e7251c2f9d95d59ead7a5503d518b01caa11ace5f83e48900557e5d1,22128c3eb36a4e736b6d63a0dbf25d5fade603166a4dd06fe1140e4a31876c36,dose_05/images/test/land_pad__6650.png,d04ad36863c5ef214d8a22286ea66bb15027306e5639f2499f2384e32a5a6a56,dose_05/labels/test/land_pad__6650.txt,22128c3eb36a4e736b6d63a0dbf25d5fade603166a4dd06fe1140e4a31876c36,1052,961,1
0,0.0,1.0,land_pad__6675.jpg,land_pad,6675,4dc8a02d5f8aa1158860b37d93d3a0290dede06cc1d2384547544a417b298251,75cbfbb4ed9de149c2e307da2c80e59ff9a36a5ca6153727227e4ada44470930,dose_00/images/test/land_pad__6675.jpg,4dc8a02d5f8aa1158860b37d93d3a0290dede06cc1d2384547544a417b298251,dose_00/labels/test/land_pad__6675.txt,75cbfbb4ed9de149c2e307da2c80e59ff9a36a5ca6153727227e4ada44470930,1052,961,1
1,0.15,0.85,land_pad__6675.jpg,land_pad,6675,4dc8a02d5f8aa1158860b37d93d3a0290dede06cc1d2384547544a417b298251,75cbfbb4ed9de149c2e307da2c80e59ff9a36a5ca6153727227e4ada44470930,dose_01/images/test/land_pad__6675.png,e9df3dd516be9af0020f6cc2023de8ab97d3d56fe6175df678bb70982957a649,dose_01/labels/test/land_pad__6675.txt,75cbfbb4ed9de149c2e307da2c80e59ff9a36a5ca6153727227e4ada44470930,1052,961,1
2,0.3,0.7,land_pad__6675.jpg,land_pad,6675,4dc8a02d5f8aa1158860b37d93d3a0290dede06cc1d2384547544a417b298251,75cbfbb4ed9de149c2e307da2c80e59ff9a36a5ca6153727227e4ada44470930,dose_02/images/test/land_pad__6675.png,492a9090d3f8153e6fff0b0d4cacb3bd7ab03dfe5feee17d48505686113e8e86,dose_02/labels/test/land_pad__6675.txt,75cbfbb4ed9de149c2e307da2c80e59ff9a36a5ca6153727227e4ada44470930,1052,961,1
3,0.45,0.55,land_pad__6675.jpg,land_pad,6675,4dc8a02d5f8aa1158860b37d93d3a0290dede06cc1d2384547544a417b298251,75cbfbb4ed9de149c2e307da2c80e59ff9a36a5ca6153727227e4ada44470930,dose_03/images/test/land_pad__6675.png,95c2d661b1456ea2f3a5d34c5a9cbb03443bf9c70f9573f2b75aa79a6ec05a92,dose_03/labels/test/land_pad__6675.txt,75cbfbb4ed9de149c2e307da2c80e59ff9a36a5ca6153727227e4ada44470930,1052,961,1
4,0.6,0.4,land_pad__6675.jpg,land_pad,6675,4dc8a02d5f8aa1158860b37d93d3a0290dede06cc1d2384547544a417b298251,75cbfbb4ed9de149c2e307da2c80e59ff9a36a5ca6153727227e4ada44470930,dose_04/images/test/land_pad__6675.png,73535a2a54afeb5e4be90754ede7c174fa5af8cb288869221edf4756b0f235ab,dose_04/labels/test/land_pad__6675.txt,75cbfbb4ed9de149c2e307da2c80e59ff9a36a5ca6153727227e4ada44470930,1052,961,1
5,0.75,0.25,land_pad__6675.jpg,land_pad,6675,4dc8a02d5f8aa1158860b37d93d3a0290dede06cc1d2384547544a417b298251,75cbfbb4ed9de149c2e307da2c80e59ff9a36a5ca6153727227e4ada44470930,dose_05/images/test/land_pad__6675.png,1438fdcd1da7e63b3f2acf1f1f9f9344285ab5b2fbab3c9a89670defa69a431b,dose_05/labels/test/land_pad__6675.txt,75cbfbb4ed9de149c2e307da2c80e59ff9a36a5ca6153727227e4ada44470930,1052,961,1
0,0.0,1.0,land_pad__6700.jpg,land_pad,6700,b654087e78b422f9f60dce5c2a40ee77031f498a1ac8b79d346042ebeb9812c1,614b9d7d3d2f5ccbc601ed8269ded8c028eefed6ed08ddc1c24cd5c1206ad28c,dose_00/images/test/land_pad__6700.jpg,b654087e78b422f9f60dce5c2a40ee77031f498a1ac8b79d346042ebeb9812c1,dose_00/labels/test/land_pad__6700.txt,614b9d7d3d2f5ccbc601ed8269ded8c028eefed6ed08ddc1c24cd5c1206ad28c,1052,961,1
1,0.15,0.85,land_pad__6700.jpg,land_pad,6700,b654087e78b422f9f60dce5c2a40ee77031f498a1ac8b79d346042ebeb9812c1,614b9d7d3d2f5ccbc601ed8269ded8c028eefed6ed08ddc1c24cd5c1206ad28c,dose_01/images/test/land_pad__6700.png,e33c53b73a0c5e8a9fc5f6794982c87325a3f4d960cad956507880f942d5f865,dose_01/labels/test/land_pad__6700.txt,614b9d7d3d2f5ccbc601ed8269ded8c028eefed6ed08ddc1c24cd5c1206ad28c,1052,961,1
2,0.3,0.7,land_pad__6700.jpg,land_pad,6700,b654087e78b422f9f60dce5c2a40ee77031f498a1ac8b79d346042ebeb9812c1,614b9d7d3d2f5ccbc601ed8269ded8c028eefed6ed08ddc1c24cd5c1206ad28c,dose_02/images/test/land_pad__6700.png,86019a355c2efc4e74e48282bdccdbd80f512937146843cdad1460481f9df021,dose_02/labels/test/land_pad__6700.txt,614b9d7d3d2f5ccbc601ed8269ded8c028eefed6ed08ddc1c24cd5c1206ad28c,1052,961,1
3,0.45,0.55,land_pad__6700.jpg,land_pad,6700,b654087e78b422f9f60dce5c2a40ee77031f498a1ac8b79d346042ebeb9812c1,614b9d7d3d2f5ccbc601ed8269ded8c028eefed6ed08ddc1c24cd5c1206ad28c,dose_03/images/test/land_pad__6700.png,5c7f2213db7358a34b917e713c9df5641f164d2bea5cfed245e3d639e546a3e6,dose_03/labels/test/land_pad__6700.txt,614b9d7d3d2f5ccbc601ed8269ded8c028eefed6ed08ddc1c24cd5c1206ad28c,1052,961,1
4,0.6,0.4,land_pad__6700.jpg,land_pad,6700,b654087e78b422f9f60dce5c2a40ee77031f498a1ac8b79d346042ebeb9812c1,614b9d7d3d2f5ccbc601ed8269ded8c028eefed6ed08ddc1c24cd5c1206ad28c,dose_04/images/test/land_pad__6700.png,b9593509d0051fe38371fcbab61fda8e157a0e3ae3f6f94691ab33c8ce5d335e,dose_04/labels/test/land_pad__6700.txt,614b9d7d3d2f5ccbc601ed8269ded8c028eefed6ed08ddc1c24cd5c1206ad28c,1052,961,1
5,0.75,0.25,land_pad__6700.jpg,land_pad,6700,b654087e78b422f9f60dce5c2a40ee77031f498a1ac8b79d346042ebeb9812c1,614b9d7d3d2f5ccbc601ed8269ded8c028eefed6ed08ddc1c24cd5c1206ad28c,dose_05/images/test/land_pad__6700.png,611c848c48a272d597a8d26a9db65d1e5562c582909696037a0c42084f2ad307,dose_05/labels/test/land_pad__6700.txt,614b9d7d3d2f5ccbc601ed8269ded8c028eefed6ed08ddc1c24cd5c1206ad28c,1052,961,1
0,0.0,1.0,land_pad__6725.jpg,land_pad,6725,8eabf7fe85e5171edf09c9b7d2f6f6e41f1578aaf09c41f8fdd877a955951d80,f843aef58e57e1079596faeb8c6cdd242c1df4fd1dd2dc0f8992a12427eaabaa,dose_00/images/test/land_pad__6725.jpg,8eabf7fe85e5171edf09c9b7d2f6f6e41f1578aaf09c41f8fdd877a955951d80,dose_00/labels/test/land_pad__6725.txt,f843aef58e57e1079596faeb8c6cdd242c1df4fd1dd2dc0f8992a12427eaabaa,1052,961,1
1,0.15,0.85,land_pad__6725.jpg,land_pad,6725,8eabf7fe85e5171edf09c9b7d2f6f6e41f1578aaf09c41f8fdd877a955951d80,f843aef58e57e1079596faeb8c6cdd242c1df4fd1dd2dc0f8992a12427eaabaa,dose_01/images/test/land_pad__6725.png,868a14292b97663c3a286ef18490c6e28c9e3228b2862fa6c1cfc00c5f74266e,dose_01/labels/test/land_pad__6725.txt,f843aef58e57e1079596faeb8c6cdd242c1df4fd1dd2dc0f8992a12427eaabaa,1052,961,1
2,0.3,0.7,land_pad__6725.jpg,land_pad,6725,8eabf7fe85e5171edf09c9b7d2f6f6e41f1578aaf09c41f8fdd877a955951d80,f843aef58e57e1079596faeb8c6cdd242c1df4fd1dd2dc0f8992a12427eaabaa,dose_02/images/test/land_pad__6725.png,b0beaeb735d1ef6239bea89b5fdc7bc41b3ee32be976c8268774852234f3b3fe,dose_02/labels/test/land_pad__6725.txt,f843aef58e57e1079596faeb8c6cdd242c1df4fd1dd2dc0f8992a12427eaabaa,1052,961,1
3,0.45,0.55,land_pad__6725.jpg,land_pad,6725,8eabf7fe85e5171edf09c9b7d2f6f6e41f1578aaf09c41f8fdd877a955951d80,f843aef58e57e1079596faeb8c6cdd242c1df4fd1dd2dc0f8992a12427eaabaa,dose_03/images/test/land_pad__6725.png,abc788441948fc9933b79818b20161ad15af103ab80e554b7c0c97a5d3eba09f,dose_03/labels/test/land_pad__6725.txt,f843aef58e57e1079596faeb8c6cdd242c1df4fd1dd2dc0f8992a12427eaabaa,1052,961,1
4,0.6,0.4,land_pad__6725.jpg,land_pad,6725,8eabf7fe85e5171edf09c9b7d2f6f6e41f1578aaf09c41f8fdd877a955951d80,f843aef58e57e1079596faeb8c6cdd242c1df4fd1dd2dc0f8992a12427eaabaa,dose_04/images/test/land_pad__6725.png,28485242c8dd44b244453b70a1e598dfa1898d98f92553ebbee065dfb56117cd,dose_04/labels/test/land_pad__6725.txt,f843aef58e57e1079596faeb8c6cdd242c1df4fd1dd2dc0f8992a12427eaabaa,1052,961,1
5,0.75,0.25,land_pad__6725.jpg,land_pad,6725,8eabf7fe85e5171edf09c9b7d2f6f6e41f1578aaf09c41f8fdd877a955951d80,f843aef58e57e1079596faeb8c6cdd242c1df4fd1dd2dc0f8992a12427eaabaa,dose_05/images/test/land_pad__6725.png,05c7b64eace1ded49485b0bc2987f646a8b5e09d154d44ce70a08551f1208d52,dose_05/labels/test/land_pad__6725.txt,f843aef58e57e1079596faeb8c6cdd242c1df4fd1dd2dc0f8992a12427eaabaa,1052,961,1
0,0.0,1.0,land_pad__6750.jpg,land_pad,6750,7e6c77731025866bdc14184d99a06bee656fdae3fe13598a6557cfa6801596e5,4ecc60fb612d47f3815ee45761d6b04bdc7eb9b70bc29f08faac99438bafcdb9,dose_00/images/test/land_pad__6750.jpg,7e6c77731025866bdc14184d99a06bee656fdae3fe13598a6557cfa6801596e5,dose_00/labels/test/land_pad__6750.txt,4ecc60fb612d47f3815ee45761d6b04bdc7eb9b70bc29f08faac99438bafcdb9,1052,961,1
1,0.15,0.85,land_pad__6750.jpg,land_pad,6750,7e6c77731025866bdc14184d99a06bee656fdae3fe13598a6557cfa6801596e5,4ecc60fb612d47f3815ee45761d6b04bdc7eb9b70bc29f08faac99438bafcdb9,dose_01/images/test/land_pad__6750.png,bd5ebaf29042df5c4fee84707f7a02e3c08d524e4b21853b86cc2b89c7abaf44,dose_01/labels/test/land_pad__6750.txt,4ecc60fb612d47f3815ee45761d6b04bdc7eb9b70bc29f08faac99438bafcdb9,1052,961,1
2,0.3,0.7,land_pad__6750.jpg,land_pad,6750,7e6c77731025866bdc14184d99a06bee656fdae3fe13598a6557cfa6801596e5,4ecc60fb612d47f3815ee45761d6b04bdc7eb9b70bc29f08faac99438bafcdb9,dose_02/images/test/land_pad__6750.png,23aa6f8494dcbcfcdf2d8e2d0caa763526a24b13dbd64cd6e8baab7e8aefc128,dose_02/labels/test/land_pad__6750.txt,4ecc60fb612d47f3815ee45761d6b04bdc7eb9b70bc29f08faac99438bafcdb9,1052,961,1
3,0.45,0.55,land_pad__6750.jpg,land_pad,6750,7e6c77731025866bdc14184d99a06bee656fdae3fe13598a6557cfa6801596e5,4ecc60fb612d47f3815ee45761d6b04bdc7eb9b70bc29f08faac99438bafcdb9,dose_03/images/test/land_pad__6750.png,5f5ff01d3193b15001f1ff77b5744ec8b00d9835d19f7ca69d349cf9e06cd186,dose_03/labels/test/land_pad__6750.txt,4ecc60fb612d47f3815ee45761d6b04bdc7eb9b70bc29f08faac99438bafcdb9,1052,961,1
4,0.6,0.4,land_pad__6750.jpg,land_pad,6750,7e6c77731025866bdc14184d99a06bee656fdae3fe13598a6557cfa6801596e5,4ecc60fb612d47f3815ee45761d6b04bdc7eb9b70bc29f08faac99438bafcdb9,dose_04/images/test/land_pad__6750.png,a8d51a1a4f8576f9f1848b40814af54ff0964e97b251e6754109614c2cfe1187,dose_04/labels/test/land_pad__6750.txt,4ecc60fb612d47f3815ee45761d6b04bdc7eb9b70bc29f08faac99438bafcdb9,1052,961,1
5,0.75,0.25,land_pad__6750.jpg,land_pad,6750,7e6c77731025866bdc14184d99a06bee656fdae3fe13598a6557cfa6801596e5,4ecc60fb612d47f3815ee45761d6b04bdc7eb9b70bc29f08faac99438bafcdb9,dose_05/images/test/land_pad__6750.png,35b0671ef72e05f3b944c64ab0543879d865752d4cd5bd9424a0f54dac4460b1,dose_05/labels/test/land_pad__6750.txt,4ecc60fb612d47f3815ee45761d6b04bdc7eb9b70bc29f08faac99438bafcdb9,1052,961,1
0,0.0,1.0,land_pad__6775.jpg,land_pad,6775,b2e707df7cafc89711799beea8f9f37c73d4657244f52599c60ea4e72cdf6349,76b70d1a5ec5f4e4d1dc1b9176340df264f35f2e22e7801dea90c42faa8e71ec,dose_00/images/test/land_pad__6775.jpg,b2e707df7cafc89711799beea8f9f37c73d4657244f52599c60ea4e72cdf6349,dose_00/labels/test/land_pad__6775.txt,76b70d1a5ec5f4e4d1dc1b9176340df264f35f2e22e7801dea90c42faa8e71ec,1052,961,1
1,0.15,0.85,land_pad__6775.jpg,land_pad,6775,b2e707df7cafc89711799beea8f9f37c73d4657244f52599c60ea4e72cdf6349,76b70d1a5ec5f4e4d1dc1b9176340df264f35f2e22e7801dea90c42faa8e71ec,dose_01/images/test/land_pad__6775.png,ea8a934bb62dcd1e33bb639c049660b9df1ed19cde6338ed21392b0ccbc8a275,dose_01/labels/test/land_pad__6775.txt,76b70d1a5ec5f4e4d1dc1b9176340df264f35f2e22e7801dea90c42faa8e71ec,1052,961,1
2,0.3,0.7,land_pad__6775.jpg,land_pad,6775,b2e707df7cafc89711799beea8f9f37c73d4657244f52599c60ea4e72cdf6349,76b70d1a5ec5f4e4d1dc1b9176340df264f35f2e22e7801dea90c42faa8e71ec,dose_02/images/test/land_pad__6775.png,611b5618cf5df987e11c3908240296595c274991cc04113bd637264475580486,dose_02/labels/test/land_pad__6775.txt,76b70d1a5ec5f4e4d1dc1b9176340df264f35f2e22e7801dea90c42faa8e71ec,1052,961,1
3,0.45,0.55,land_pad__6775.jpg,land_pad,6775,b2e707df7cafc89711799beea8f9f37c73d4657244f52599c60ea4e72cdf6349,76b70d1a5ec5f4e4d1dc1b9176340df264f35f2e22e7801dea90c42faa8e71ec,dose_03/images/test/land_pad__6775.png,9898447698d7b5e19f4150edd92cc6f974e470b5e390ca42584a2cddcc7e204b,dose_03/labels/test/land_pad__6775.txt,76b70d1a5ec5f4e4d1dc1b9176340df264f35f2e22e7801dea90c42faa8e71ec,1052,961,1
4,0.6,0.4,land_pad__6775.jpg,land_pad,6775,b2e707df7cafc89711799beea8f9f37c73d4657244f52599c60ea4e72cdf6349,76b70d1a5ec5f4e4d1dc1b9176340df264f35f2e22e7801dea90c42faa8e71ec,dose_04/images/test/land_pad__6775.png,3b2e84f62213f08f2876d027b540db6dd0ef2789a80a63a51d4be77ca380746d,dose_04/labels/test/land_pad__6775.txt,76b70d1a5ec5f4e4d1dc1b9176340df264f35f2e22e7801dea90c42faa8e71ec,1052,961,1
5,0.75,0.25,land_pad__6775.jpg,land_pad,6775,b2e707df7cafc89711799beea8f9f37c73d4657244f52599c60ea4e72cdf6349,76b70d1a5ec5f4e4d1dc1b9176340df264f35f2e22e7801dea90c42faa8e71ec,dose_05/images/test/land_pad__6775.png,aa071d78097c967110108136541f30e14883fb35c0c21355706bc0450db37bc2,dose_05/labels/test/land_pad__6775.txt,76b70d1a5ec5f4e4d1dc1b9176340df264f35f2e22e7801dea90c42faa8e71ec,1052,961,1
0,0.0,1.0,land_pad__6800.jpg,land_pad,6800,e3378c32f6ca4c39dcfbb73271ab3a6d6feef68a49b88ecf7fa4fc1080bc9cf6,cfdcb5e2e7aa3fc57245480f2b3fedc37651f00272a10a86ed3fedb23808eeee,dose_00/images/test/land_pad__6800.jpg,e3378c32f6ca4c39dcfbb73271ab3a6d6feef68a49b88ecf7fa4fc1080bc9cf6,dose_00/labels/test/land_pad__6800.txt,cfdcb5e2e7aa3fc57245480f2b3fedc37651f00272a10a86ed3fedb23808eeee,1052,961,1
1,0.15,0.85,land_pad__6800.jpg,land_pad,6800,e3378c32f6ca4c39dcfbb73271ab3a6d6feef68a49b88ecf7fa4fc1080bc9cf6,cfdcb5e2e7aa3fc57245480f2b3fedc37651f00272a10a86ed3fedb23808eeee,dose_01/images/test/land_pad__6800.png,90a549b6c114d2c7e688c751dc082f48b98fe58c8004ed221d8bbeee4092c7f2,dose_01/labels/test/land_pad__6800.txt,cfdcb5e2e7aa3fc57245480f2b3fedc37651f00272a10a86ed3fedb23808eeee,1052,961,1
2,0.3,0.7,land_pad__6800.jpg,land_pad,6800,e3378c32f6ca4c39dcfbb73271ab3a6d6feef68a49b88ecf7fa4fc1080bc9cf6,cfdcb5e2e7aa3fc57245480f2b3fedc37651f00272a10a86ed3fedb23808eeee,dose_02/images/test/land_pad__6800.png,1af3c59dfac98f817d9351379bb04e4c9b55e9b46e384283282b750b6caa6218,dose_02/labels/test/land_pad__6800.txt,cfdcb5e2e7aa3fc57245480f2b3fedc37651f00272a10a86ed3fedb23808eeee,1052,961,1
3,0.45,0.55,land_pad__6800.jpg,land_pad,6800,e3378c32f6ca4c39dcfbb73271ab3a6d6feef68a49b88ecf7fa4fc1080bc9cf6,cfdcb5e2e7aa3fc57245480f2b3fedc37651f00272a10a86ed3fedb23808eeee,dose_03/images/test/land_pad__6800.png,ebc542021fc6a93b8a8822aeec5ead38e17714a0f851836ee284fa5a43449747,dose_03/labels/test/land_pad__6800.txt,cfdcb5e2e7aa3fc57245480f2b3fedc37651f00272a10a86ed3fedb23808eeee,1052,961,1
4,0.6,0.4,land_pad__6800.jpg,land_pad,6800,e3378c32f6ca4c39dcfbb73271ab3a6d6feef68a49b88ecf7fa4fc1080bc9cf6,cfdcb5e2e7aa3fc57245480f2b3fedc37651f00272a10a86ed3fedb23808eeee,dose_04/images/test/land_pad__6800.png,5e9ebeccffa658cc13f7107071224a00d0fb47c10ee2aa54c0492008c0174a4b,dose_04/labels/test/land_pad__6800.txt,cfdcb5e2e7aa3fc57245480f2b3fedc37651f00272a10a86ed3fedb23808eeee,1052,961,1
5,0.75,0.25,land_pad__6800.jpg,land_pad,6800,e3378c32f6ca4c39dcfbb73271ab3a6d6feef68a49b88ecf7fa4fc1080bc9cf6,cfdcb5e2e7aa3fc57245480f2b3fedc37651f00272a10a86ed3fedb23808eeee,dose_05/images/test/land_pad__6800.png,c73691255522202562baa4fcc714896172fb216604cca2db84fa0220be6e692c,dose_05/labels/test/land_pad__6800.txt,cfdcb5e2e7aa3fc57245480f2b3fedc37651f00272a10a86ed3fedb23808eeee,1052,961,1
0,0.0,1.0,land_pad__6825.jpg,land_pad,6825,799c8e41e0a6c3272c91d7079b8731dd29c1a24eb47d4f758ca6b5842519e9a1,6470a60aa4629edfe8401d4f2276e03ce0c5f0f65a3de13d508e44d47213052b,dose_00/images/test/land_pad__6825.jpg,799c8e41e0a6c3272c91d7079b8731dd29c1a24eb47d4f758ca6b5842519e9a1,dose_00/labels/test/land_pad__6825.txt,6470a60aa4629edfe8401d4f2276e03ce0c5f0f65a3de13d508e44d47213052b,1052,961,1
1,0.15,0.85,land_pad__6825.jpg,land_pad,6825,799c8e41e0a6c3272c91d7079b8731dd29c1a24eb47d4f758ca6b5842519e9a1,6470a60aa4629edfe8401d4f2276e03ce0c5f0f65a3de13d508e44d47213052b,dose_01/images/test/land_pad__6825.png,69c5b2fa5af24d14c11206fb05eac945b4c80963e520ec21bc53679398b4653e,dose_01/labels/test/land_pad__6825.txt,6470a60aa4629edfe8401d4f2276e03ce0c5f0f65a3de13d508e44d47213052b,1052,961,1
2,0.3,0.7,land_pad__6825.jpg,land_pad,6825,799c8e41e0a6c3272c91d7079b8731dd29c1a24eb47d4f758ca6b5842519e9a1,6470a60aa4629edfe8401d4f2276e03ce0c5f0f65a3de13d508e44d47213052b,dose_02/images/test/land_pad__6825.png,dd48b2dc0f59181b5e9b129451d1419acb14d7cd71692f0218be4dc1ac89cc61,dose_02/labels/test/land_pad__6825.txt,6470a60aa4629edfe8401d4f2276e03ce0c5f0f65a3de13d508e44d47213052b,1052,961,1
3,0.45,0.55,land_pad__6825.jpg,land_pad,6825,799c8e41e0a6c3272c91d7079b8731dd29c1a24eb47d4f758ca6b5842519e9a1,6470a60aa4629edfe8401d4f2276e03ce0c5f0f65a3de13d508e44d47213052b,dose_03/images/test/land_pad__6825.png,4bbfbacc737be714bcb2b4b674d838b069dd76e97f35362376cc2242810c17e4,dose_03/labels/test/land_pad__6825.txt,6470a60aa4629edfe8401d4f2276e03ce0c5f0f65a3de13d508e44d47213052b,1052,961,1
4,0.6,0.4,land_pad__6825.jpg,land_pad,6825,799c8e41e0a6c3272c91d7079b8731dd29c1a24eb47d4f758ca6b5842519e9a1,6470a60aa4629edfe8401d4f2276e03ce0c5f0f65a3de13d508e44d47213052b,dose_04/images/test/land_pad__6825.png,9ec470e6566048c61c8623ad470b6a708a2d6a8b617f5f06b92a9ebb04f64a03,dose_04/labels/test/land_pad__6825.txt,6470a60aa4629edfe8401d4f2276e03ce0c5f0f65a3de13d508e44d47213052b,1052,961,1
5,0.75,0.25,land_pad__6825.jpg,land_pad,6825,799c8e41e0a6c3272c91d7079b8731dd29c1a24eb47d4f758ca6b5842519e9a1,6470a60aa4629edfe8401d4f2276e03ce0c5f0f65a3de13d508e44d47213052b,dose_05/images/test/land_pad__6825.png,00f94ddaa56458c042d55df90cb0ca2283667919f009f268717dbded11b8dcd7,dose_05/labels/test/land_pad__6825.txt,6470a60aa4629edfe8401d4f2276e03ce0c5f0f65a3de13d508e44d47213052b,1052,961,1
0,0.0,1.0,land_pad__6850.jpg,land_pad,6850,1f2b4502a376e6fd09135686c2c17f6446e17e61f9db5391078f180b301caed9,74792a134bbddda5ca6a26446077fd3cd26577d5e5ccf3f5c1d9ab472102312d,dose_00/images/test/land_pad__6850.jpg,1f2b4502a376e6fd09135686c2c17f6446e17e61f9db5391078f180b301caed9,dose_00/labels/test/land_pad__6850.txt,74792a134bbddda5ca6a26446077fd3cd26577d5e5ccf3f5c1d9ab472102312d,1052,961,1
1,0.15,0.85,land_pad__6850.jpg,land_pad,6850,1f2b4502a376e6fd09135686c2c17f6446e17e61f9db5391078f180b301caed9,74792a134bbddda5ca6a26446077fd3cd26577d5e5ccf3f5c1d9ab472102312d,dose_01/images/test/land_pad__6850.png,5df13feeb5d45fe534bc83e11923216511e37f910bce9940d8059373672151e9,dose_01/labels/test/land_pad__6850.txt,74792a134bbddda5ca6a26446077fd3cd26577d5e5ccf3f5c1d9ab472102312d,1052,961,1
2,0.3,0.7,land_pad__6850.jpg,land_pad,6850,1f2b4502a376e6fd09135686c2c17f6446e17e61f9db5391078f180b301caed9,74792a134bbddda5ca6a26446077fd3cd26577d5e5ccf3f5c1d9ab472102312d,dose_02/images/test/land_pad__6850.png,d3e7f7194dd7821a0f12e824a87cf7811554f2571ae53e256d8e286a31abe11d,dose_02/labels/test/land_pad__6850.txt,74792a134bbddda5ca6a26446077fd3cd26577d5e5ccf3f5c1d9ab472102312d,1052,961,1
3,0.45,0.55,land_pad__6850.jpg,land_pad,6850,1f2b4502a376e6fd09135686c2c17f6446e17e61f9db5391078f180b301caed9,74792a134bbddda5ca6a26446077fd3cd26577d5e5ccf3f5c1d9ab472102312d,dose_03/images/test/land_pad__6850.png,7b8f4f781204f08e194b0348292848381d7c2936f943ad334bde37da2b0816d3,dose_03/labels/test/land_pad__6850.txt,74792a134bbddda5ca6a26446077fd3cd26577d5e5ccf3f5c1d9ab472102312d,1052,961,1
4,0.6,0.4,land_pad__6850.jpg,land_pad,6850,1f2b4502a376e6fd09135686c2c17f6446e17e61f9db5391078f180b301caed9,74792a134bbddda5ca6a26446077fd3cd26577d5e5ccf3f5c1d9ab472102312d,dose_04/images/test/land_pad__6850.png,a9de876e858483037330bc5879ee549d0af5f1d4daf9d5d0ccb73bde372ad9f5,dose_04/labels/test/land_pad__6850.txt,74792a134bbddda5ca6a26446077fd3cd26577d5e5ccf3f5c1d9ab472102312d,1052,961,1
5,0.75,0.25,land_pad__6850.jpg,land_pad,6850,1f2b4502a376e6fd09135686c2c17f6446e17e61f9db5391078f180b301caed9,74792a134bbddda5ca6a26446077fd3cd26577d5e5ccf3f5c1d9ab472102312d,dose_05/images/test/land_pad__6850.png,b8b9db69af3e6b23657593f9946be83f755b1e30a1fd380f04b77beb7cd84822,dose_05/labels/test/land_pad__6850.txt,74792a134bbddda5ca6a26446077fd3cd26577d5e5ccf3f5c1d9ab472102312d,1052,961,1
0,0.0,1.0,land_pad__7450.jpg,land_pad,7450,935e3d27cfafbe2c2948aadf31084aea9303a6cf3e5e9d0588765098d0c4bbaf,a41402090b64c18347e3a6039e8db77ce203fa4bad005c6adc2999722f1388dc,dose_00/images/test/land_pad__7450.jpg,935e3d27cfafbe2c2948aadf31084aea9303a6cf3e5e9d0588765098d0c4bbaf,dose_00/labels/test/land_pad__7450.txt,a41402090b64c18347e3a6039e8db77ce203fa4bad005c6adc2999722f1388dc,1052,961,1
1,0.15,0.85,land_pad__7450.jpg,land_pad,7450,935e3d27cfafbe2c2948aadf31084aea9303a6cf3e5e9d0588765098d0c4bbaf,a41402090b64c18347e3a6039e8db77ce203fa4bad005c6adc2999722f1388dc,dose_01/images/test/land_pad__7450.png,26448bf245befe6e5221aca62d87f8a6da74947c653e32fca4a5e91767f21e4d,dose_01/labels/test/land_pad__7450.txt,a41402090b64c18347e3a6039e8db77ce203fa4bad005c6adc2999722f1388dc,1052,961,1
2,0.3,0.7,land_pad__7450.jpg,land_pad,7450,935e3d27cfafbe2c2948aadf31084aea9303a6cf3e5e9d0588765098d0c4bbaf,a41402090b64c18347e3a6039e8db77ce203fa4bad005c6adc2999722f1388dc,dose_02/images/test/land_pad__7450.png,91d620ce0aa640ab89ddb7089fe61346630854dcd9ae77c32e58a46856c505f3,dose_02/labels/test/land_pad__7450.txt,a41402090b64c18347e3a6039e8db77ce203fa4bad005c6adc2999722f1388dc,1052,961,1
3,0.45,0.55,land_pad__7450.jpg,land_pad,7450,935e3d27cfafbe2c2948aadf31084aea9303a6cf3e5e9d0588765098d0c4bbaf,a41402090b64c18347e3a6039e8db77ce203fa4bad005c6adc2999722f1388dc,dose_03/images/test/land_pad__7450.png,31e9f70a518afa41c96db61775835e6825f0a79abc133ee75f5477e494df47c6,dose_03/labels/test/land_pad__7450.txt,a41402090b64c18347e3a6039e8db77ce203fa4bad005c6adc2999722f1388dc,1052,961,1
4,0.6,0.4,land_pad__7450.jpg,land_pad,7450,935e3d27cfafbe2c2948aadf31084aea9303a6cf3e5e9d0588765098d0c4bbaf,a41402090b64c18347e3a6039e8db77ce203fa4bad005c6adc2999722f1388dc,dose_04/images/test/land_pad__7450.png,2cfa3d8bc6b16748c9cb375a786b868f3d556e1f32b4b74edfaf0d65d9f4d3c6,dose_04/labels/test/land_pad__7450.txt,a41402090b64c18347e3a6039e8db77ce203fa4bad005c6adc2999722f1388dc,1052,961,1
5,0.75,0.25,land_pad__7450.jpg,land_pad,7450,935e3d27cfafbe2c2948aadf31084aea9303a6cf3e5e9d0588765098d0c4bbaf,a41402090b64c18347e3a6039e8db77ce203fa4bad005c6adc2999722f1388dc,dose_05/images/test/land_pad__7450.png,a0eac3c2a9ea978d683fecdc9cdfd198e3145b644e62a77af50078a98cbf93f6,dose_05/labels/test/land_pad__7450.txt,a41402090b64c18347e3a6039e8db77ce203fa4bad005c6adc2999722f1388dc,1052,961,1
0,0.0,1.0,land_pad__7475.jpg,land_pad,7475,0ea800f36327b9d46e2e00bff45b8a9011e138c0d26bef7ec43360ce7ab0ec91,1aa27389e1356d9403ae31f65ff7126170c031f625ef862de0f68cc030aab000,dose_00/images/test/land_pad__7475.jpg,0ea800f36327b9d46e2e00bff45b8a9011e138c0d26bef7ec43360ce7ab0ec91,dose_00/labels/test/land_pad__7475.txt,1aa27389e1356d9403ae31f65ff7126170c031f625ef862de0f68cc030aab000,1052,961,1
1,0.15,0.85,land_pad__7475.jpg,land_pad,7475,0ea800f36327b9d46e2e00bff45b8a9011e138c0d26bef7ec43360ce7ab0ec91,1aa27389e1356d9403ae31f65ff7126170c031f625ef862de0f68cc030aab000,dose_01/images/test/land_pad__7475.png,d5f9043d59dcf3bc0cbf0fbf8c1d1bfe899b704f79b89b4eff329b973112f47b,dose_01/labels/test/land_pad__7475.txt,1aa27389e1356d9403ae31f65ff7126170c031f625ef862de0f68cc030aab000,1052,961,1
2,0.3,0.7,land_pad__7475.jpg,land_pad,7475,0ea800f36327b9d46e2e00bff45b8a9011e138c0d26bef7ec43360ce7ab0ec91,1aa27389e1356d9403ae31f65ff7126170c031f625ef862de0f68cc030aab000,dose_02/images/test/land_pad__7475.png,c627fbd38f634a4120b002ce62dcde384f4cc086c103c83b5c9b53cb77a76d70,dose_02/labels/test/land_pad__7475.txt,1aa27389e1356d9403ae31f65ff7126170c031f625ef862de0f68cc030aab000,1052,961,1
3,0.45,0.55,land_pad__7475.jpg,land_pad,7475,0ea800f36327b9d46e2e00bff45b8a9011e138c0d26bef7ec43360ce7ab0ec91,1aa27389e1356d9403ae31f65ff7126170c031f625ef862de0f68cc030aab000,dose_03/images/test/land_pad__7475.png,dacf770d828590fcf50c1fee1b88a05e6e40d81ce945906fa4cec8574a06d186,dose_03/labels/test/land_pad__7475.txt,1aa27389e1356d9403ae31f65ff7126170c031f625ef862de0f68cc030aab000,1052,961,1
4,0.6,0.4,land_pad__7475.jpg,land_pad,7475,0ea800f36327b9d46e2e00bff45b8a9011e138c0d26bef7ec43360ce7ab0ec91,1aa27389e1356d9403ae31f65ff7126170c031f625ef862de0f68cc030aab000,dose_04/images/test/land_pad__7475.png,c0cbad95b6fb1d86b0275763acd80d658eb7db7f3db9b9cf31eb7afc7c127a8a,dose_04/labels/test/land_pad__7475.txt,1aa27389e1356d9403ae31f65ff7126170c031f625ef862de0f68cc030aab000,1052,961,1
5,0.75,0.25,land_pad__7475.jpg,land_pad,7475,0ea800f36327b9d46e2e00bff45b8a9011e138c0d26bef7ec43360ce7ab0ec91,1aa27389e1356d9403ae31f65ff7126170c031f625ef862de0f68cc030aab000,dose_05/images/test/land_pad__7475.png,2e8da9f92805a8d2bccb9f9306df2be16d71d8782217a9e8d7926b16031d4033,dose_05/labels/test/land_pad__7475.txt,1aa27389e1356d9403ae31f65ff7126170c031f625ef862de0f68cc030aab000,1052,961,1
0,0.0,1.0,land_pad__7500.jpg,land_pad,7500,2bcff4d1fe5a28745c8bfe1e1c2b0bb36cf59dc1bfa271194780e55b1202661a,bfd84ecfbd4ec5d72b0f501e42d1412017adc79d62c8bd517ac5a3296e9cf98a,dose_00/images/test/land_pad__7500.jpg,2bcff4d1fe5a28745c8bfe1e1c2b0bb36cf59dc1bfa271194780e55b1202661a,dose_00/labels/test/land_pad__7500.txt,bfd84ecfbd4ec5d72b0f501e42d1412017adc79d62c8bd517ac5a3296e9cf98a,1052,961,1
1,0.15,0.85,land_pad__7500.jpg,land_pad,7500,2bcff4d1fe5a28745c8bfe1e1c2b0bb36cf59dc1bfa271194780e55b1202661a,bfd84ecfbd4ec5d72b0f501e42d1412017adc79d62c8bd517ac5a3296e9cf98a,dose_01/images/test/land_pad__7500.png,28f0040799e96137fcc2a105acbb11b38aa1185a7df121bc27532ab0fb7f9352,dose_01/labels/test/land_pad__7500.txt,bfd84ecfbd4ec5d72b0f501e42d1412017adc79d62c8bd517ac5a3296e9cf98a,1052,961,1
2,0.3,0.7,land_pad__7500.jpg,land_pad,7500,2bcff4d1fe5a28745c8bfe1e1c2b0bb36cf59dc1bfa271194780e55b1202661a,bfd84ecfbd4ec5d72b0f501e42d1412017adc79d62c8bd517ac5a3296e9cf98a,dose_02/images/test/land_pad__7500.png,33a2dbcdc4a69c0adff1aeb9a777224230cd5635e6e670ed1bb3282f38c97928,dose_02/labels/test/land_pad__7500.txt,bfd84ecfbd4ec5d72b0f501e42d1412017adc79d62c8bd517ac5a3296e9cf98a,1052,961,1
3,0.45,0.55,land_pad__7500.jpg,land_pad,7500,2bcff4d1fe5a28745c8bfe1e1c2b0bb36cf59dc1bfa271194780e55b1202661a,bfd84ecfbd4ec5d72b0f501e42d1412017adc79d62c8bd517ac5a3296e9cf98a,dose_03/images/test/land_pad__7500.png,73d54d9b03a743e9cb67c76505b3047864990912f2a22e3f653f8a9941bc12ce,dose_03/labels/test/land_pad__7500.txt,bfd84ecfbd4ec5d72b0f501e42d1412017adc79d62c8bd517ac5a3296e9cf98a,1052,961,1
4,0.6,0.4,land_pad__7500.jpg,land_pad,7500,2bcff4d1fe5a28745c8bfe1e1c2b0bb36cf59dc1bfa271194780e55b1202661a,bfd84ecfbd4ec5d72b0f501e42d1412017adc79d62c8bd517ac5a3296e9cf98a,dose_04/images/test/land_pad__7500.png,fad9ed24bbf60374c51122928e709930c8e66a4abd4e6959b3eab372739f40a8,dose_04/labels/test/land_pad__7500.txt,bfd84ecfbd4ec5d72b0f501e42d1412017adc79d62c8bd517ac5a3296e9cf98a,1052,961,1
5,0.75,0.25,land_pad__7500.jpg,land_pad,7500,2bcff4d1fe5a28745c8bfe1e1c2b0bb36cf59dc1bfa271194780e55b1202661a,bfd84ecfbd4ec5d72b0f501e42d1412017adc79d62c8bd517ac5a3296e9cf98a,dose_05/images/test/land_pad__7500.png,f0b1373a1dc7a51f00f58905ffe0892b203b8962d944b86e5fbabb9894a917d4,dose_05/labels/test/land_pad__7500.txt,bfd84ecfbd4ec5d72b0f501e42d1412017adc79d62c8bd517ac5a3296e9cf98a,1052,961,1
0,0.0,1.0,land_pad__7525.jpg,land_pad,7525,7a14ecea02abbda5318e32edfb98d988e2631ca6dd832b3826b44c346987456e,fae75b0bdd0da2a2173b1f8f695b61c180c975b8b20c82de4af92699d16aadee,dose_00/images/test/land_pad__7525.jpg,7a14ecea02abbda5318e32edfb98d988e2631ca6dd832b3826b44c346987456e,dose_00/labels/test/land_pad__7525.txt,fae75b0bdd0da2a2173b1f8f695b61c180c975b8b20c82de4af92699d16aadee,1052,961,1
1,0.15,0.85,land_pad__7525.jpg,land_pad,7525,7a14ecea02abbda5318e32edfb98d988e2631ca6dd832b3826b44c346987456e,fae75b0bdd0da2a2173b1f8f695b61c180c975b8b20c82de4af92699d16aadee,dose_01/images/test/land_pad__7525.png,b949a4e65a7bca0e7dbdcfd9797a1afac894078ab0fea0fea34fb3d9846770c3,dose_01/labels/test/land_pad__7525.txt,fae75b0bdd0da2a2173b1f8f695b61c180c975b8b20c82de4af92699d16aadee,1052,961,1
2,0.3,0.7,land_pad__7525.jpg,land_pad,7525,7a14ecea02abbda5318e32edfb98d988e2631ca6dd832b3826b44c346987456e,fae75b0bdd0da2a2173b1f8f695b61c180c975b8b20c82de4af92699d16aadee,dose_02/images/test/land_pad__7525.png,c6fa9a6257fa4ecad6f20c742aa18b03bbc6043ce18fb4b865efd9487eeae770,dose_02/labels/test/land_pad__7525.txt,fae75b0bdd0da2a2173b1f8f695b61c180c975b8b20c82de4af92699d16aadee,1052,961,1
3,0.45,0.55,land_pad__7525.jpg,land_pad,7525,7a14ecea02abbda5318e32edfb98d988e2631ca6dd832b3826b44c346987456e,fae75b0bdd0da2a2173b1f8f695b61c180c975b8b20c82de4af92699d16aadee,dose_03/images/test/land_pad__7525.png,05942d49cfd341e22898b17a17f2874c1e30936b69a43d3a4816376acb6adbf6,dose_03/labels/test/land_pad__7525.txt,fae75b0bdd0da2a2173b1f8f695b61c180c975b8b20c82de4af92699d16aadee,1052,961,1
4,0.6,0.4,land_pad__7525.jpg,land_pad,7525,7a14ecea02abbda5318e32edfb98d988e2631ca6dd832b3826b44c346987456e,fae75b0bdd0da2a2173b1f8f695b61c180c975b8b20c82de4af92699d16aadee,dose_04/images/test/land_pad__7525.png,d6964a6ddb2f48ebd6981fb8711f061531d1c1240cae621bc7e519044fc6e55a,dose_04/labels/test/land_pad__7525.txt,fae75b0bdd0da2a2173b1f8f695b61c180c975b8b20c82de4af92699d16aadee,1052,961,1
5,0.75,0.25,land_pad__7525.jpg,land_pad,7525,7a14ecea02abbda5318e32edfb98d988e2631ca6dd832b3826b44c346987456e,fae75b0bdd0da2a2173b1f8f695b61c180c975b8b20c82de4af92699d16aadee,dose_05/images/test/land_pad__7525.png,d60317ec846c6ada43ab7b9b7959e0c977e05fc4bb9183175c81ba026b87f5da,dose_05/labels/test/land_pad__7525.txt,fae75b0bdd0da2a2173b1f8f695b61c180c975b8b20c82de4af92699d16aadee,1052,961,1
0,0.0,1.0,land_pad__7550.jpg,land_pad,7550,3efc8b6f09ea8d79468015eca5941be8600bc5ffff39e5ed2f0a4e0cacd380a8,64b70e917d941aaea741efd961989aef80b398727e3ad7613b7f8ca9013b8c74,dose_00/images/test/land_pad__7550.jpg,3efc8b6f09ea8d79468015eca5941be8600bc5ffff39e5ed2f0a4e0cacd380a8,dose_00/labels/test/land_pad__7550.txt,64b70e917d941aaea741efd961989aef80b398727e3ad7613b7f8ca9013b8c74,1052,961,1
1,0.15,0.85,land_pad__7550.jpg,land_pad,7550,3efc8b6f09ea8d79468015eca5941be8600bc5ffff39e5ed2f0a4e0cacd380a8,64b70e917d941aaea741efd961989aef80b398727e3ad7613b7f8ca9013b8c74,dose_01/images/test/land_pad__7550.png,fe864738347818a70d8c554627b85ff35d069f5f7fd0e3d7fe75880506589ec7,dose_01/labels/test/land_pad__7550.txt,64b70e917d941aaea741efd961989aef80b398727e3ad7613b7f8ca9013b8c74,1052,961,1
2,0.3,0.7,land_pad__7550.jpg,land_pad,7550,3efc8b6f09ea8d79468015eca5941be8600bc5ffff39e5ed2f0a4e0cacd380a8,64b70e917d941aaea741efd961989aef80b398727e3ad7613b7f8ca9013b8c74,dose_02/images/test/land_pad__7550.png,cba10c35953c068013eb66f5866c05a54e95cb7f505750893337ef299c624247,dose_02/labels/test/land_pad__7550.txt,64b70e917d941aaea741efd961989aef80b398727e3ad7613b7f8ca9013b8c74,1052,961,1
3,0.45,0.55,land_pad__7550.jpg,land_pad,7550,3efc8b6f09ea8d79468015eca5941be8600bc5ffff39e5ed2f0a4e0cacd380a8,64b70e917d941aaea741efd961989aef80b398727e3ad7613b7f8ca9013b8c74,dose_03/images/test/land_pad__7550.png,869d0c9ba1ba53d44a7e7a363185ca5b2703c240f587a39e0800061c078da96b,dose_03/labels/test/land_pad__7550.txt,64b70e917d941aaea741efd961989aef80b398727e3ad7613b7f8ca9013b8c74,1052,961,1
4,0.6,0.4,land_pad__7550.jpg,land_pad,7550,3efc8b6f09ea8d79468015eca5941be8600bc5ffff39e5ed2f0a4e0cacd380a8,64b70e917d941aaea741efd961989aef80b398727e3ad7613b7f8ca9013b8c74,dose_04/images/test/land_pad__7550.png,b7918a3e6c4feb457fe49626c54dfec10ea38ba34c8bf8056f7b98cca8a44f41,dose_04/labels/test/land_pad__7550.txt,64b70e917d941aaea741efd961989aef80b398727e3ad7613b7f8ca9013b8c74,1052,961,1
5,0.75,0.25,land_pad__7550.jpg,land_pad,7550,3efc8b6f09ea8d79468015eca5941be8600bc5ffff39e5ed2f0a4e0cacd380a8,64b70e917d941aaea741efd961989aef80b398727e3ad7613b7f8ca9013b8c74,dose_05/images/test/land_pad__7550.png,9a4c0b85c8db522dc26bbd1238b8f66084c386f0da5cf8f4abc0149a20eeed07,dose_05/labels/test/land_pad__7550.txt,64b70e917d941aaea741efd961989aef80b398727e3ad7613b7f8ca9013b8c74,1052,961,1
0,0.0,1.0,land_pad__7575.jpg,land_pad,7575,b19cc7c32ba8bee57c8db43b166e5e359a48a3a7a5a2bfaa5e58080ff808807e,6dc94ed95b986caeabfcc7487e14cf03b4fb4b13ec98fe8380643de4025d3b38,dose_00/images/test/land_pad__7575.jpg,b19cc7c32ba8bee57c8db43b166e5e359a48a3a7a5a2bfaa5e58080ff808807e,dose_00/labels/test/land_pad__7575.txt,6dc94ed95b986caeabfcc7487e14cf03b4fb4b13ec98fe8380643de4025d3b38,1052,961,1
1,0.15,0.85,land_pad__7575.jpg,land_pad,7575,b19cc7c32ba8bee57c8db43b166e5e359a48a3a7a5a2bfaa5e58080ff808807e,6dc94ed95b986caeabfcc7487e14cf03b4fb4b13ec98fe8380643de4025d3b38,dose_01/images/test/land_pad__7575.png,d2782bbf82cc297de55a999a8e2a381ea2126cf154763a7d5ebe3addb2a198e0,dose_01/labels/test/land_pad__7575.txt,6dc94ed95b986caeabfcc7487e14cf03b4fb4b13ec98fe8380643de4025d3b38,1052,961,1
2,0.3,0.7,land_pad__7575.jpg,land_pad,7575,b19cc7c32ba8bee57c8db43b166e5e359a48a3a7a5a2bfaa5e58080ff808807e,6dc94ed95b986caeabfcc7487e14cf03b4fb4b13ec98fe8380643de4025d3b38,dose_02/images/test/land_pad__7575.png,b997d0f4a210a0a9fd4ee98124536805f7b74721953fdd42715407fe6721e8af,dose_02/labels/test/land_pad__7575.txt,6dc94ed95b986caeabfcc7487e14cf03b4fb4b13ec98fe8380643de4025d3b38,1052,961,1
3,0.45,0.55,land_pad__7575.jpg,land_pad,7575,b19cc7c32ba8bee57c8db43b166e5e359a48a3a7a5a2bfaa5e58080ff808807e,6dc94ed95b986caeabfcc7487e14cf03b4fb4b13ec98fe8380643de4025d3b38,dose_03/images/test/land_pad__7575.png,1a1698ec48aeb04bf8674c21d44b73b8d8a30f365cb96c479d83be0564443aa4,dose_03/labels/test/land_pad__7575.txt,6dc94ed95b986caeabfcc7487e14cf03b4fb4b13ec98fe8380643de4025d3b38,1052,961,1
4,0.6,0.4,land_pad__7575.jpg,land_pad,7575,b19cc7c32ba8bee57c8db43b166e5e359a48a3a7a5a2bfaa5e58080ff808807e,6dc94ed95b986caeabfcc7487e14cf03b4fb4b13ec98fe8380643de4025d3b38,dose_04/images/test/land_pad__7575.png,88213ec0079b73d05b7b792c4d5e680c9f1ccf8c72fbd2e8e138ce19f25e4360,dose_04/labels/test/land_pad__7575.txt,6dc94ed95b986caeabfcc7487e14cf03b4fb4b13ec98fe8380643de4025d3b38,1052,961,1
5,0.75,0.25,land_pad__7575.jpg,land_pad,7575,b19cc7c32ba8bee57c8db43b166e5e359a48a3a7a5a2bfaa5e58080ff808807e,6dc94ed95b986caeabfcc7487e14cf03b4fb4b13ec98fe8380643de4025d3b38,dose_05/images/test/land_pad__7575.png,ce28770399a26321fa564d0c68e7432e00b343e2af8e0c87effeba4ca4016149,dose_05/labels/test/land_pad__7575.txt,6dc94ed95b986caeabfcc7487e14cf03b4fb4b13ec98fe8380643de4025d3b38,1052,961,1
0,0.0,1.0,land_pad__7600.jpg,land_pad,7600,eb8935519a422de2068c7a232a73917ddbf441909353752284743c1fe9ea1b3b,e183472390793264f73d2b3f332dad845e0d9d60a08694f9d428153c75460490,dose_00/images/test/land_pad__7600.jpg,eb8935519a422de2068c7a232a73917ddbf441909353752284743c1fe9ea1b3b,dose_00/labels/test/land_pad__7600.txt,e183472390793264f73d2b3f332dad845e0d9d60a08694f9d428153c75460490,1052,961,1
1,0.15,0.85,land_pad__7600.jpg,land_pad,7600,eb8935519a422de2068c7a232a73917ddbf441909353752284743c1fe9ea1b3b,e183472390793264f73d2b3f332dad845e0d9d60a08694f9d428153c75460490,dose_01/images/test/land_pad__7600.png,811d226f5a71e5d56c9204c56ae2f04c8511f3268033b2d534ef90d8426a7e01,dose_01/labels/test/land_pad__7600.txt,e183472390793264f73d2b3f332dad845e0d9d60a08694f9d428153c75460490,1052,961,1
2,0.3,0.7,land_pad__7600.jpg,land_pad,7600,eb8935519a422de2068c7a232a73917ddbf441909353752284743c1fe9ea1b3b,e183472390793264f73d2b3f332dad845e0d9d60a08694f9d428153c75460490,dose_02/images/test/land_pad__7600.png,d6eca04289b9731226a270d836b5089e72a6ddb710f0e6c7828dabca120fc7bf,dose_02/labels/test/land_pad__7600.txt,e183472390793264f73d2b3f332dad845e0d9d60a08694f9d428153c75460490,1052,961,1
3,0.45,0.55,land_pad__7600.jpg,land_pad,7600,eb8935519a422de2068c7a232a73917ddbf441909353752284743c1fe9ea1b3b,e183472390793264f73d2b3f332dad845e0d9d60a08694f9d428153c75460490,dose_03/images/test/land_pad__7600.png,5b165d8105cd68b3e4e8c12d401481170f36177c2509f1b193ce1602ce145bff,dose_03/labels/test/land_pad__7600.txt,e183472390793264f73d2b3f332dad845e0d9d60a08694f9d428153c75460490,1052,961,1
4,0.6,0.4,land_pad__7600.jpg,land_pad,7600,eb8935519a422de2068c7a232a73917ddbf441909353752284743c1fe9ea1b3b,e183472390793264f73d2b3f332dad845e0d9d60a08694f9d428153c75460490,dose_04/images/test/land_pad__7600.png,6b5223c87a43e5c47d7a0e14537cb020d2aceb62e61e4326024fb27e22420f93,dose_04/labels/test/land_pad__7600.txt,e183472390793264f73d2b3f332dad845e0d9d60a08694f9d428153c75460490,1052,961,1
5,0.75,0.25,land_pad__7600.jpg,land_pad,7600,eb8935519a422de2068c7a232a73917ddbf441909353752284743c1fe9ea1b3b,e183472390793264f73d2b3f332dad845e0d9d60a08694f9d428153c75460490,dose_05/images/test/land_pad__7600.png,0320ae0d2ecda33f58c2ddd2a8db10d0ec44ea8f242b56a823d8842282efc189,dose_05/labels/test/land_pad__7600.txt,e183472390793264f73d2b3f332dad845e0d9d60a08694f9d428153c75460490,1052,961,1
0,0.0,1.0,land_pad__7625.jpg,land_pad,7625,58f314b4117f92d4f162e696f56f1b036cbb05e9287a43c1f46578941f41f7a1,aaa875ddd2f0957fb2b9c4da67a7912027db8184c088fce971aec07a82012970,dose_00/images/test/land_pad__7625.jpg,58f314b4117f92d4f162e696f56f1b036cbb05e9287a43c1f46578941f41f7a1,dose_00/labels/test/land_pad__7625.txt,aaa875ddd2f0957fb2b9c4da67a7912027db8184c088fce971aec07a82012970,1052,961,1
1,0.15,0.85,land_pad__7625.jpg,land_pad,7625,58f314b4117f92d4f162e696f56f1b036cbb05e9287a43c1f46578941f41f7a1,aaa875ddd2f0957fb2b9c4da67a7912027db8184c088fce971aec07a82012970,dose_01/images/test/land_pad__7625.png,2d5a6f02f48c845562d7157519055883f95ea8389d56513a22e61cdd10fd31f0,dose_01/labels/test/land_pad__7625.txt,aaa875ddd2f0957fb2b9c4da67a7912027db8184c088fce971aec07a82012970,1052,961,1
2,0.3,0.7,land_pad__7625.jpg,land_pad,7625,58f314b4117f92d4f162e696f56f1b036cbb05e9287a43c1f46578941f41f7a1,aaa875ddd2f0957fb2b9c4da67a7912027db8184c088fce971aec07a82012970,dose_02/images/test/land_pad__7625.png,08e70c06e28935f89210c02895e5a75137140cdd9e15ba518b31b9a75fc0548d,dose_02/labels/test/land_pad__7625.txt,aaa875ddd2f0957fb2b9c4da67a7912027db8184c088fce971aec07a82012970,1052,961,1
3,0.45,0.55,land_pad__7625.jpg,land_pad,7625,58f314b4117f92d4f162e696f56f1b036cbb05e9287a43c1f46578941f41f7a1,aaa875ddd2f0957fb2b9c4da67a7912027db8184c088fce971aec07a82012970,dose_03/images/test/land_pad__7625.png,7dacf984905c9a8f06bf62b2a1c34d7e7c133be5599b4d9ceabae266dad56516,dose_03/labels/test/land_pad__7625.txt,aaa875ddd2f0957fb2b9c4da67a7912027db8184c088fce971aec07a82012970,1052,961,1
4,0.6,0.4,land_pad__7625.jpg,land_pad,7625,58f314b4117f92d4f162e696f56f1b036cbb05e9287a43c1f46578941f41f7a1,aaa875ddd2f0957fb2b9c4da67a7912027db8184c088fce971aec07a82012970,dose_04/images/test/land_pad__7625.png,4a6891ca24b8d1b115947851dceae2fcaceab308c11b87ed62d448cbfa9a0dd7,dose_04/labels/test/land_pad__7625.txt,aaa875ddd2f0957fb2b9c4da67a7912027db8184c088fce971aec07a82012970,1052,961,1
5,0.75,0.25,land_pad__7625.jpg,land_pad,7625,58f314b4117f92d4f162e696f56f1b036cbb05e9287a43c1f46578941f41f7a1,aaa875ddd2f0957fb2b9c4da67a7912027db8184c088fce971aec07a82012970,dose_05/images/test/land_pad__7625.png,169cb51872a0c4eac93cd7cfb98cf141d1d0f0858ad643ab721ecbc505f8a8f0,dose_05/labels/test/land_pad__7625.txt,aaa875ddd2f0957fb2b9c4da67a7912027db8184c088fce971aec07a82012970,1052,961,1
0,0.0,1.0,land_pad__7650.jpg,land_pad,7650,db2658ddad21f85402934a1111a68fa1f193e84c65e0236d466301a12e2b6eb3,27119e6cc6fc57030a61ee8cb893e1b60e63f534054b98a412620722a17c4ef9,dose_00/images/test/land_pad__7650.jpg,db2658ddad21f85402934a1111a68fa1f193e84c65e0236d466301a12e2b6eb3,dose_00/labels/test/land_pad__7650.txt,27119e6cc6fc57030a61ee8cb893e1b60e63f534054b98a412620722a17c4ef9,1052,961,1
1,0.15,0.85,land_pad__7650.jpg,land_pad,7650,db2658ddad21f85402934a1111a68fa1f193e84c65e0236d466301a12e2b6eb3,27119e6cc6fc57030a61ee8cb893e1b60e63f534054b98a412620722a17c4ef9,dose_01/images/test/land_pad__7650.png,872829f765a2ac92ac1ea8e50c0c7377371d1d3c7070f95a8748a953b2f9e7e6,dose_01/labels/test/land_pad__7650.txt,27119e6cc6fc57030a61ee8cb893e1b60e63f534054b98a412620722a17c4ef9,1052,961,1
2,0.3,0.7,land_pad__7650.jpg,land_pad,7650,db2658ddad21f85402934a1111a68fa1f193e84c65e0236d466301a12e2b6eb3,27119e6cc6fc57030a61ee8cb893e1b60e63f534054b98a412620722a17c4ef9,dose_02/images/test/land_pad__7650.png,2b988923290bb1938328df7435bba63a7030f5c73fec5ba3357ab9466063a86d,dose_02/labels/test/land_pad__7650.txt,27119e6cc6fc57030a61ee8cb893e1b60e63f534054b98a412620722a17c4ef9,1052,961,1
3,0.45,0.55,land_pad__7650.jpg,land_pad,7650,db2658ddad21f85402934a1111a68fa1f193e84c65e0236d466301a12e2b6eb3,27119e6cc6fc57030a61ee8cb893e1b60e63f534054b98a412620722a17c4ef9,dose_03/images/test/land_pad__7650.png,1a39be202ba9ef9be17b00a0228b19821e49efa6a3bdddb0d709d3165e0a21e5,dose_03/labels/test/land_pad__7650.txt,27119e6cc6fc57030a61ee8cb893e1b60e63f534054b98a412620722a17c4ef9,1052,961,1
4,0.6,0.4,land_pad__7650.jpg,land_pad,7650,db2658ddad21f85402934a1111a68fa1f193e84c65e0236d466301a12e2b6eb3,27119e6cc6fc57030a61ee8cb893e1b60e63f534054b98a412620722a17c4ef9,dose_04/images/test/land_pad__7650.png,69910d20f6a2d0976795019ac6b416889ae9ae77d66fc67d15074bc0f63a956b,dose_04/labels/test/land_pad__7650.txt,27119e6cc6fc57030a61ee8cb893e1b60e63f534054b98a412620722a17c4ef9,1052,961,1
5,0.75,0.25,land_pad__7650.jpg,land_pad,7650,db2658ddad21f85402934a1111a68fa1f193e84c65e0236d466301a12e2b6eb3,27119e6cc6fc57030a61ee8cb893e1b60e63f534054b98a412620722a17c4ef9,dose_05/images/test/land_pad__7650.png,02816b3d11c8f28929c97f78d091fadc303bc1a1a507af8eaf35502ce53ca9aa,dose_05/labels/test/land_pad__7650.txt,27119e6cc6fc57030a61ee8cb893e1b60e63f534054b98a412620722a17c4ef9,1052,961,1
0,0.0,1.0,land_pad__7675.jpg,land_pad,7675,69dc200d8b80fe8c1159e8f6ee4caeefa118295684b92b24ff79ec4f879af9d6,ed90aca892a3cdce05134ddc7296b93779d857214c265c21d1936420c9515aef,dose_00/images/test/land_pad__7675.jpg,69dc200d8b80fe8c1159e8f6ee4caeefa118295684b92b24ff79ec4f879af9d6,dose_00/labels/test/land_pad__7675.txt,ed90aca892a3cdce05134ddc7296b93779d857214c265c21d1936420c9515aef,1052,961,1
1,0.15,0.85,land_pad__7675.jpg,land_pad,7675,69dc200d8b80fe8c1159e8f6ee4caeefa118295684b92b24ff79ec4f879af9d6,ed90aca892a3cdce05134ddc7296b93779d857214c265c21d1936420c9515aef,dose_01/images/test/land_pad__7675.png,640ae442d0454df0b716bbd0d7a107ea13d5e4c93de73a448a498d21575734f7,dose_01/labels/test/land_pad__7675.txt,ed90aca892a3cdce05134ddc7296b93779d857214c265c21d1936420c9515aef,1052,961,1
2,0.3,0.7,land_pad__7675.jpg,land_pad,7675,69dc200d8b80fe8c1159e8f6ee4caeefa118295684b92b24ff79ec4f879af9d6,ed90aca892a3cdce05134ddc7296b93779d857214c265c21d1936420c9515aef,dose_02/images/test/land_pad__7675.png,1da962912a3e00eae293dc90cc1dbc0562eec72d26b73425f0d9a83d37af87d0,dose_02/labels/test/land_pad__7675.txt,ed90aca892a3cdce05134ddc7296b93779d857214c265c21d1936420c9515aef,1052,961,1
3,0.45,0.55,land_pad__7675.jpg,land_pad,7675,69dc200d8b80fe8c1159e8f6ee4caeefa118295684b92b24ff79ec4f879af9d6,ed90aca892a3cdce05134ddc7296b93779d857214c265c21d1936420c9515aef,dose_03/images/test/land_pad__7675.png,1d712ce4fd2d1a94bb5a6c16492bc3f9ed145fb770c5e103d2321e39e167e567,dose_03/labels/test/land_pad__7675.txt,ed90aca892a3cdce05134ddc7296b93779d857214c265c21d1936420c9515aef,1052,961,1
4,0.6,0.4,land_pad__7675.jpg,land_pad,7675,69dc200d8b80fe8c1159e8f6ee4caeefa118295684b92b24ff79ec4f879af9d6,ed90aca892a3cdce05134ddc7296b93779d857214c265c21d1936420c9515aef,dose_04/images/test/land_pad__7675.png,512673a84ca1186d19a9cbde0c61c8a4003881d35eca29bf290f047f8d045963,dose_04/labels/test/land_pad__7675.txt,ed90aca892a3cdce05134ddc7296b93779d857214c265c21d1936420c9515aef,1052,961,1
5,0.75,0.25,land_pad__7675.jpg,land_pad,7675,69dc200d8b80fe8c1159e8f6ee4caeefa118295684b92b24ff79ec4f879af9d6,ed90aca892a3cdce05134ddc7296b93779d857214c265c21d1936420c9515aef,dose_05/images/test/land_pad__7675.png,1988d5935c43b7085572e6cfc3641069bc9a1f026af52b63afd6fc693d94eab7,dose_05/labels/test/land_pad__7675.txt,ed90aca892a3cdce05134ddc7296b93779d857214c265c21d1936420c9515aef,1052,961,1
0,0.0,1.0,land_pad__7700.jpg,land_pad,7700,64a5976b78eacf7afcc088db0567aec83ee2c0e582bda044665b5e499fedf1a8,f622f2d0702dbcd74931e960d44d3ded3bf2e4f89cfe50e0351d6c6fda826806,dose_00/images/test/land_pad__7700.jpg,64a5976b78eacf7afcc088db0567aec83ee2c0e582bda044665b5e499fedf1a8,dose_00/labels/test/land_pad__7700.txt,f622f2d0702dbcd74931e960d44d3ded3bf2e4f89cfe50e0351d6c6fda826806,1052,961,1
1,0.15,0.85,land_pad__7700.jpg,land_pad,7700,64a5976b78eacf7afcc088db0567aec83ee2c0e582bda044665b5e499fedf1a8,f622f2d0702dbcd74931e960d44d3ded3bf2e4f89cfe50e0351d6c6fda826806,dose_01/images/test/land_pad__7700.png,3bfe62d7c2b940556af5f3a8314d92ab9b770d0ae8c55006a98f5e5096d96fee,dose_01/labels/test/land_pad__7700.txt,f622f2d0702dbcd74931e960d44d3ded3bf2e4f89cfe50e0351d6c6fda826806,1052,961,1
2,0.3,0.7,land_pad__7700.jpg,land_pad,7700,64a5976b78eacf7afcc088db0567aec83ee2c0e582bda044665b5e499fedf1a8,f622f2d0702dbcd74931e960d44d3ded3bf2e4f89cfe50e0351d6c6fda826806,dose_02/images/test/land_pad__7700.png,c0b02ed48e5d34d5c271e445ee880a8ed38454b41c26d5368b7593b229926830,dose_02/labels/test/land_pad__7700.txt,f622f2d0702dbcd74931e960d44d3ded3bf2e4f89cfe50e0351d6c6fda826806,1052,961,1
3,0.45,0.55,land_pad__7700.jpg,land_pad,7700,64a5976b78eacf7afcc088db0567aec83ee2c0e582bda044665b5e499fedf1a8,f622f2d0702dbcd74931e960d44d3ded3bf2e4f89cfe50e0351d6c6fda826806,dose_03/images/test/land_pad__7700.png,ca959bbb6d1dbd2521e049979400200e1d5ccec3d4285bde551e60d2fcd1d6e6,dose_03/labels/test/land_pad__7700.txt,f622f2d0702dbcd74931e960d44d3ded3bf2e4f89cfe50e0351d6c6fda826806,1052,961,1
4,0.6,0.4,land_pad__7700.jpg,land_pad,7700,64a5976b78eacf7afcc088db0567aec83ee2c0e582bda044665b5e499fedf1a8,f622f2d0702dbcd74931e960d44d3ded3bf2e4f89cfe50e0351d6c6fda826806,dose_04/images/test/land_pad__7700.png,4e0151b06ab57914bc449a4a3cbae44ba4d329648151c88883ee8098f1a82442,dose_04/labels/test/land_pad__7700.txt,f622f2d0702dbcd74931e960d44d3ded3bf2e4f89cfe50e0351d6c6fda826806,1052,961,1
5,0.75,0.25,land_pad__7700.jpg,land_pad,7700,64a5976b78eacf7afcc088db0567aec83ee2c0e582bda044665b5e499fedf1a8,f622f2d0702dbcd74931e960d44d3ded3bf2e4f89cfe50e0351d6c6fda826806,dose_05/images/test/land_pad__7700.png,6721c68480ea47d47bb4a0deb61b75c20560aac0f37098be6e590f87f0d6d050,dose_05/labels/test/land_pad__7700.txt,f622f2d0702dbcd74931e960d44d3ded3bf2e4f89cfe50e0351d6c6fda826806,1052,961,1
0,0.0,1.0,land_pad__7725.jpg,land_pad,7725,24e7b1128bd08328b4494906e2023cdd4b12a9c550574b6b6e3a587d5eb16239,07c5f6ae6fdfbc2e8eb929ec09c10656e4f61c9c89d531aebd4df5feb7ba0f57,dose_00/images/test/land_pad__7725.jpg,24e7b1128bd08328b4494906e2023cdd4b12a9c550574b6b6e3a587d5eb16239,dose_00/labels/test/land_pad__7725.txt,07c5f6ae6fdfbc2e8eb929ec09c10656e4f61c9c89d531aebd4df5feb7ba0f57,1052,961,1
1,0.15,0.85,land_pad__7725.jpg,land_pad,7725,24e7b1128bd08328b4494906e2023cdd4b12a9c550574b6b6e3a587d5eb16239,07c5f6ae6fdfbc2e8eb929ec09c10656e4f61c9c89d531aebd4df5feb7ba0f57,dose_01/images/test/land_pad__7725.png,580ec999435fbc9b47d0391376537527c8d74336b25ecb63ea2f4a89a9f2337b,dose_01/labels/test/land_pad__7725.txt,07c5f6ae6fdfbc2e8eb929ec09c10656e4f61c9c89d531aebd4df5feb7ba0f57,1052,961,1
2,0.3,0.7,land_pad__7725.jpg,land_pad,7725,24e7b1128bd08328b4494906e2023cdd4b12a9c550574b6b6e3a587d5eb16239,07c5f6ae6fdfbc2e8eb929ec09c10656e4f61c9c89d531aebd4df5feb7ba0f57,dose_02/images/test/land_pad__7725.png,f6958f1a72e665cac3590d224ca84694f94e3f95b4c011bbbfae629ac686e636,dose_02/labels/test/land_pad__7725.txt,07c5f6ae6fdfbc2e8eb929ec09c10656e4f61c9c89d531aebd4df5feb7ba0f57,1052,961,1
3,0.45,0.55,land_pad__7725.jpg,land_pad,7725,24e7b1128bd08328b4494906e2023cdd4b12a9c550574b6b6e3a587d5eb16239,07c5f6ae6fdfbc2e8eb929ec09c10656e4f61c9c89d531aebd4df5feb7ba0f57,dose_03/images/test/land_pad__7725.png,a51f4d504b747fc2bd9ebdf2d3c50a36795df7642a8c85d3fb9b1707804e22df,dose_03/labels/test/land_pad__7725.txt,07c5f6ae6fdfbc2e8eb929ec09c10656e4f61c9c89d531aebd4df5feb7ba0f57,1052,961,1
4,0.6,0.4,land_pad__7725.jpg,land_pad,7725,24e7b1128bd08328b4494906e2023cdd4b12a9c550574b6b6e3a587d5eb16239,07c5f6ae6fdfbc2e8eb929ec09c10656e4f61c9c89d531aebd4df5feb7ba0f57,dose_04/images/test/land_pad__7725.png,812532c45535241c44f3d219673231a786c594f5a3c767d86e94801b9735a4ea,dose_04/labels/test/land_pad__7725.txt,07c5f6ae6fdfbc2e8eb929ec09c10656e4f61c9c89d531aebd4df5feb7ba0f57,1052,961,1
5,0.75,0.25,land_pad__7725.jpg,land_pad,7725,24e7b1128bd08328b4494906e2023cdd4b12a9c550574b6b6e3a587d5eb16239,07c5f6ae6fdfbc2e8eb929ec09c10656e4f61c9c89d531aebd4df5feb7ba0f57,dose_05/images/test/land_pad__7725.png,d02734cff85009cbc36ad289099772a163bae1ca8bf6ba45acb2c3ebcb6e1d12,dose_05/labels/test/land_pad__7725.txt,07c5f6ae6fdfbc2e8eb929ec09c10656e4f61c9c89d531aebd4df5feb7ba0f57,1052,961,1
0,0.0,1.0,land_pad__7750.jpg,land_pad,7750,9b97c4bbfd7b2a1717afb1077a80f7de21c04153e487e0167f99ba0e1d431171,e71e71dc8f38697d37d835722e93d1af2d2c2ca3b53b2253630ea63af1ef5ed9,dose_00/images/test/land_pad__7750.jpg,9b97c4bbfd7b2a1717afb1077a80f7de21c04153e487e0167f99ba0e1d431171,dose_00/labels/test/land_pad__7750.txt,e71e71dc8f38697d37d835722e93d1af2d2c2ca3b53b2253630ea63af1ef5ed9,1052,961,1
1,0.15,0.85,land_pad__7750.jpg,land_pad,7750,9b97c4bbfd7b2a1717afb1077a80f7de21c04153e487e0167f99ba0e1d431171,e71e71dc8f38697d37d835722e93d1af2d2c2ca3b53b2253630ea63af1ef5ed9,dose_01/images/test/land_pad__7750.png,52ebbc859ab5c5ce7de148063e64a454767ba630103234e24af68232040d8e16,dose_01/labels/test/land_pad__7750.txt,e71e71dc8f38697d37d835722e93d1af2d2c2ca3b53b2253630ea63af1ef5ed9,1052,961,1
2,0.3,0.7,land_pad__7750.jpg,land_pad,7750,9b97c4bbfd7b2a1717afb1077a80f7de21c04153e487e0167f99ba0e1d431171,e71e71dc8f38697d37d835722e93d1af2d2c2ca3b53b2253630ea63af1ef5ed9,dose_02/images/test/land_pad__7750.png,9dab982138bbb74c96da5b300b8bce6a7a434bc87e41674066ccc14a7d22cc20,dose_02/labels/test/land_pad__7750.txt,e71e71dc8f38697d37d835722e93d1af2d2c2ca3b53b2253630ea63af1ef5ed9,1052,961,1
3,0.45,0.55,land_pad__7750.jpg,land_pad,7750,9b97c4bbfd7b2a1717afb1077a80f7de21c04153e487e0167f99ba0e1d431171,e71e71dc8f38697d37d835722e93d1af2d2c2ca3b53b2253630ea63af1ef5ed9,dose_03/images/test/land_pad__7750.png,6f8e4ae42107af6aacccf47f7bc8320edbaa0bb9c645547102741281fee198b4,dose_03/labels/test/land_pad__7750.txt,e71e71dc8f38697d37d835722e93d1af2d2c2ca3b53b2253630ea63af1ef5ed9,1052,961,1
4,0.6,0.4,land_pad__7750.jpg,land_pad,7750,9b97c4bbfd7b2a1717afb1077a80f7de21c04153e487e0167f99ba0e1d431171,e71e71dc8f38697d37d835722e93d1af2d2c2ca3b53b2253630ea63af1ef5ed9,dose_04/images/test/land_pad__7750.png,ed62a4d9609a11dbf5f18fb5f13595307b5a4bd99d52cf1ef3a848ca1474ce7b,dose_04/labels/test/land_pad__7750.txt,e71e71dc8f38697d37d835722e93d1af2d2c2ca3b53b2253630ea63af1ef5ed9,1052,961,1
5,0.75,0.25,land_pad__7750.jpg,land_pad,7750,9b97c4bbfd7b2a1717afb1077a80f7de21c04153e487e0167f99ba0e1d431171,e71e71dc8f38697d37d835722e93d1af2d2c2ca3b53b2253630ea63af1ef5ed9,dose_05/images/test/land_pad__7750.png,2f1c4681e8dda24cb8a2abf96d0cfa1e1398334d2a14cef28be514f88817778f,dose_05/labels/test/land_pad__7750.txt,e71e71dc8f38697d37d835722e93d1af2d2c2ca3b53b2253630ea63af1ef5ed9,1052,961,1
0,0.0,1.0,land_pad__7775.jpg,land_pad,7775,dbea6822e1c835bb9bb22cce1f55f2668442da9c8f1601deb83fdf578b7f3a99,2431eb43bb3b0f0b2f7d4f50193e501e23936c54ae1ff4ff81e9ebe2c1b15eeb,dose_00/images/test/land_pad__7775.jpg,dbea6822e1c835bb9bb22cce1f55f2668442da9c8f1601deb83fdf578b7f3a99,dose_00/labels/test/land_pad__7775.txt,2431eb43bb3b0f0b2f7d4f50193e501e23936c54ae1ff4ff81e9ebe2c1b15eeb,1052,961,1
1,0.15,0.85,land_pad__7775.jpg,land_pad,7775,dbea6822e1c835bb9bb22cce1f55f2668442da9c8f1601deb83fdf578b7f3a99,2431eb43bb3b0f0b2f7d4f50193e501e23936c54ae1ff4ff81e9ebe2c1b15eeb,dose_01/images/test/land_pad__7775.png,85079a2d34c6b918902718a6f146ea6c3559db1643dab558e1222282accf231d,dose_01/labels/test/land_pad__7775.txt,2431eb43bb3b0f0b2f7d4f50193e501e23936c54ae1ff4ff81e9ebe2c1b15eeb,1052,961,1
2,0.3,0.7,land_pad__7775.jpg,land_pad,7775,dbea6822e1c835bb9bb22cce1f55f2668442da9c8f1601deb83fdf578b7f3a99,2431eb43bb3b0f0b2f7d4f50193e501e23936c54ae1ff4ff81e9ebe2c1b15eeb,dose_02/images/test/land_pad__7775.png,f8cd807707d3e62ecd564f6e818ecd627672f8c83139e2baed799471c2adb9c6,dose_02/labels/test/land_pad__7775.txt,2431eb43bb3b0f0b2f7d4f50193e501e23936c54ae1ff4ff81e9ebe2c1b15eeb,1052,961,1
3,0.45,0.55,land_pad__7775.jpg,land_pad,7775,dbea6822e1c835bb9bb22cce1f55f2668442da9c8f1601deb83fdf578b7f3a99,2431eb43bb3b0f0b2f7d4f50193e501e23936c54ae1ff4ff81e9ebe2c1b15eeb,dose_03/images/test/land_pad__7775.png,acb4ed63762dbb7b4128875719d3988da4632789f509019f9a3a68b595581323,dose_03/labels/test/land_pad__7775.txt,2431eb43bb3b0f0b2f7d4f50193e501e23936c54ae1ff4ff81e9ebe2c1b15eeb,1052,961,1
4,0.6,0.4,land_pad__7775.jpg,land_pad,7775,dbea6822e1c835bb9bb22cce1f55f2668442da9c8f1601deb83fdf578b7f3a99,2431eb43bb3b0f0b2f7d4f50193e501e23936c54ae1ff4ff81e9ebe2c1b15eeb,dose_04/images/test/land_pad__7775.png,135f6b08e9363099169a8705afb505d9fb03c65ea2c410ce6e2035aa6d094b32,dose_04/labels/test/land_pad__7775.txt,2431eb43bb3b0f0b2f7d4f50193e501e23936c54ae1ff4ff81e9ebe2c1b15eeb,1052,961,1
5,0.75,0.25,land_pad__7775.jpg,land_pad,7775,dbea6822e1c835bb9bb22cce1f55f2668442da9c8f1601deb83fdf578b7f3a99,2431eb43bb3b0f0b2f7d4f50193e501e23936c54ae1ff4ff81e9ebe2c1b15eeb,dose_05/images/test/land_pad__7775.png,0679c4042c3a1e7b1548199c9759846d08d1ca8151c9e7b0fe7eb66f7cfab298,dose_05/labels/test/land_pad__7775.txt,2431eb43bb3b0f0b2f7d4f50193e501e23936c54ae1ff4ff81e9ebe2c1b15eeb,1052,961,1
0,0.0,1.0,land_pad__7800.jpg,land_pad,7800,138ed68711a50ca358963968fcc5d169082b7b7854f2c695919874112deb84d9,7a87632277819d7ac47437d836bbdfc65fdc61d9bfa6e39a2cfc0c10f783ed14,dose_00/images/test/land_pad__7800.jpg,138ed68711a50ca358963968fcc5d169082b7b7854f2c695919874112deb84d9,dose_00/labels/test/land_pad__7800.txt,7a87632277819d7ac47437d836bbdfc65fdc61d9bfa6e39a2cfc0c10f783ed14,1052,961,1
1,0.15,0.85,land_pad__7800.jpg,land_pad,7800,138ed68711a50ca358963968fcc5d169082b7b7854f2c695919874112deb84d9,7a87632277819d7ac47437d836bbdfc65fdc61d9bfa6e39a2cfc0c10f783ed14,dose_01/images/test/land_pad__7800.png,ede8e9e636d52b0801b03e5f10f91f6a75131966af7754356c5e2b0f31adf6fc,dose_01/labels/test/land_pad__7800.txt,7a87632277819d7ac47437d836bbdfc65fdc61d9bfa6e39a2cfc0c10f783ed14,1052,961,1
2,0.3,0.7,land_pad__7800.jpg,land_pad,7800,138ed68711a50ca358963968fcc5d169082b7b7854f2c695919874112deb84d9,7a87632277819d7ac47437d836bbdfc65fdc61d9bfa6e39a2cfc0c10f783ed14,dose_02/images/test/land_pad__7800.png,8f60bbbbfe168378af9ca7f1baa69b1a9786186a13ff13f1f2269ca6865c8f2d,dose_02/labels/test/land_pad__7800.txt,7a87632277819d7ac47437d836bbdfc65fdc61d9bfa6e39a2cfc0c10f783ed14,1052,961,1
3,0.45,0.55,land_pad__7800.jpg,land_pad,7800,138ed68711a50ca358963968fcc5d169082b7b7854f2c695919874112deb84d9,7a87632277819d7ac47437d836bbdfc65fdc61d9bfa6e39a2cfc0c10f783ed14,dose_03/images/test/land_pad__7800.png,9bcfa96a3de5188c9c76cb96fcb182f653267f20edf48cfb16a772a15d8c719d,dose_03/labels/test/land_pad__7800.txt,7a87632277819d7ac47437d836bbdfc65fdc61d9bfa6e39a2cfc0c10f783ed14,1052,961,1
4,0.6,0.4,land_pad__7800.jpg,land_pad,7800,138ed68711a50ca358963968fcc5d169082b7b7854f2c695919874112deb84d9,7a87632277819d7ac47437d836bbdfc65fdc61d9bfa6e39a2cfc0c10f783ed14,dose_04/images/test/land_pad__7800.png,69978df39d0ceefece587d8869b4076ea0bc348d0486587b9077869c8515dd0e,dose_04/labels/test/land_pad__7800.txt,7a87632277819d7ac47437d836bbdfc65fdc61d9bfa6e39a2cfc0c10f783ed14,1052,961,1
5,0.75,0.25,land_pad__7800.jpg,land_pad,7800,138ed68711a50ca358963968fcc5d169082b7b7854f2c695919874112deb84d9,7a87632277819d7ac47437d836bbdfc65fdc61d9bfa6e39a2cfc0c10f783ed14,dose_05/images/test/land_pad__7800.png,2f4301577adb87aaa914396506a23fcd8d33c106fe70950bec480410c5a4d440,dose_05/labels/test/land_pad__7800.txt,7a87632277819d7ac47437d836bbdfc65fdc61d9bfa6e39a2cfc0c10f783ed14,1052,961,1
0,0.0,1.0,land_pad__7825.jpg,land_pad,7825,f8d83454e0fabdad4e9933c865c10f3fa819a720a919da17a1e4a0b44930bfb1,fa69b1c645b47b95c1a67c611c197318e1b431f8a50d433ead1b3c72c8fabaa0,dose_00/images/test/land_pad__7825.jpg,f8d83454e0fabdad4e9933c865c10f3fa819a720a919da17a1e4a0b44930bfb1,dose_00/labels/test/land_pad__7825.txt,fa69b1c645b47b95c1a67c611c197318e1b431f8a50d433ead1b3c72c8fabaa0,1052,961,1
1,0.15,0.85,land_pad__7825.jpg,land_pad,7825,f8d83454e0fabdad4e9933c865c10f3fa819a720a919da17a1e4a0b44930bfb1,fa69b1c645b47b95c1a67c611c197318e1b431f8a50d433ead1b3c72c8fabaa0,dose_01/images/test/land_pad__7825.png,104e71c856885b391ec335cefb4fddcdc65d3d94592e9106b55c90277223fc1a,dose_01/labels/test/land_pad__7825.txt,fa69b1c645b47b95c1a67c611c197318e1b431f8a50d433ead1b3c72c8fabaa0,1052,961,1
2,0.3,0.7,land_pad__7825.jpg,land_pad,7825,f8d83454e0fabdad4e9933c865c10f3fa819a720a919da17a1e4a0b44930bfb1,fa69b1c645b47b95c1a67c611c197318e1b431f8a50d433ead1b3c72c8fabaa0,dose_02/images/test/land_pad__7825.png,86f3aa735a6f56b84d4b3eb2170c39dfd48222e3a4fe1a5ae99a27397cc365e7,dose_02/labels/test/land_pad__7825.txt,fa69b1c645b47b95c1a67c611c197318e1b431f8a50d433ead1b3c72c8fabaa0,1052,961,1
3,0.45,0.55,land_pad__7825.jpg,land_pad,7825,f8d83454e0fabdad4e9933c865c10f3fa819a720a919da17a1e4a0b44930bfb1,fa69b1c645b47b95c1a67c611c197318e1b431f8a50d433ead1b3c72c8fabaa0,dose_03/images/test/land_pad__7825.png,4ff3300127598d8bcbfffeb5fe8dc1c065ebd64a20394a521219c22629636264,dose_03/labels/test/land_pad__7825.txt,fa69b1c645b47b95c1a67c611c197318e1b431f8a50d433ead1b3c72c8fabaa0,1052,961,1
4,0.6,0.4,land_pad__7825.jpg,land_pad,7825,f8d83454e0fabdad4e9933c865c10f3fa819a720a919da17a1e4a0b44930bfb1,fa69b1c645b47b95c1a67c611c197318e1b431f8a50d433ead1b3c72c8fabaa0,dose_04/images/test/land_pad__7825.png,3f28948d2f70861fce5a2fd734d7895069b36cbcd7ff665efb4ba80cf260cbb5,dose_04/labels/test/land_pad__7825.txt,fa69b1c645b47b95c1a67c611c197318e1b431f8a50d433ead1b3c72c8fabaa0,1052,961,1
5,0.75,0.25,land_pad__7825.jpg,land_pad,7825,f8d83454e0fabdad4e9933c865c10f3fa819a720a919da17a1e4a0b44930bfb1,fa69b1c645b47b95c1a67c611c197318e1b431f8a50d433ead1b3c72c8fabaa0,dose_05/images/test/land_pad__7825.png,3169f46091fc43c729a50f4c49dc4b54179c24c631b9ef2e42498f629a41f395,dose_05/labels/test/land_pad__7825.txt,fa69b1c645b47b95c1a67c611c197318e1b431f8a50d433ead1b3c72c8fabaa0,1052,961,1
0,0.0,1.0,land_pad__7850.jpg,land_pad,7850,a8a85dc7a6ede37037fb7b317f843a61dfea04a70e5f244efda719bac23a8c7e,1914977714149ca3512dbbf5b11085cc5bca917dc8f3f709a6e63478eeb265cb,dose_00/images/test/land_pad__7850.jpg,a8a85dc7a6ede37037fb7b317f843a61dfea04a70e5f244efda719bac23a8c7e,dose_00/labels/test/land_pad__7850.txt,1914977714149ca3512dbbf5b11085cc5bca917dc8f3f709a6e63478eeb265cb,1052,961,1
1,0.15,0.85,land_pad__7850.jpg,land_pad,7850,a8a85dc7a6ede37037fb7b317f843a61dfea04a70e5f244efda719bac23a8c7e,1914977714149ca3512dbbf5b11085cc5bca917dc8f3f709a6e63478eeb265cb,dose_01/images/test/land_pad__7850.png,cd9ee10b2cdfa95c117eb3ba172afdf8833e30092e250a987203a6d0987b071e,dose_01/labels/test/land_pad__7850.txt,1914977714149ca3512dbbf5b11085cc5bca917dc8f3f709a6e63478eeb265cb,1052,961,1
2,0.3,0.7,land_pad__7850.jpg,land_pad,7850,a8a85dc7a6ede37037fb7b317f843a61dfea04a70e5f244efda719bac23a8c7e,1914977714149ca3512dbbf5b11085cc5bca917dc8f3f709a6e63478eeb265cb,dose_02/images/test/land_pad__7850.png,1364a0956e0d029bc85ed2875d0d8a7f19345b751ef0b2edb8888df0e30e6b94,dose_02/labels/test/land_pad__7850.txt,1914977714149ca3512dbbf5b11085cc5bca917dc8f3f709a6e63478eeb265cb,1052,961,1
3,0.45,0.55,land_pad__7850.jpg,land_pad,7850,a8a85dc7a6ede37037fb7b317f843a61dfea04a70e5f244efda719bac23a8c7e,1914977714149ca3512dbbf5b11085cc5bca917dc8f3f709a6e63478eeb265cb,dose_03/images/test/land_pad__7850.png,9092d3f53bda19dfb654c417121c0d647a67063845917d34c9e6dca86d2b0fee,dose_03/labels/test/land_pad__7850.txt,1914977714149ca3512dbbf5b11085cc5bca917dc8f3f709a6e63478eeb265cb,1052,961,1
4,0.6,0.4,land_pad__7850.jpg,land_pad,7850,a8a85dc7a6ede37037fb7b317f843a61dfea04a70e5f244efda719bac23a8c7e,1914977714149ca3512dbbf5b11085cc5bca917dc8f3f709a6e63478eeb265cb,dose_04/images/test/land_pad__7850.png,afe446d95a5d1a07c62d04ee129c10462e70f2c706cccdd6dee5d867e317e891,dose_04/labels/test/land_pad__7850.txt,1914977714149ca3512dbbf5b11085cc5bca917dc8f3f709a6e63478eeb265cb,1052,961,1
5,0.75,0.25,land_pad__7850.jpg,land_pad,7850,a8a85dc7a6ede37037fb7b317f843a61dfea04a70e5f244efda719bac23a8c7e,1914977714149ca3512dbbf5b11085cc5bca917dc8f3f709a6e63478eeb265cb,dose_05/images/test/land_pad__7850.png,3991dc1bff57e270b0b6eed8a774867793b4d76fd6aed044049bb58008aafd01,dose_05/labels/test/land_pad__7850.txt,1914977714149ca3512dbbf5b11085cc5bca917dc8f3f709a6e63478eeb265cb,1052,961,1
0,0.0,1.0,land_pad__7875.jpg,land_pad,7875,58d448e41fee416835285a3242cb26ad9f63a3fd937e2b355da3ec00bec0134d,382a4535877851ad6f81a72d77d4dfc42f8633522b2e760dad3955d9815e549d,dose_00/images/test/land_pad__7875.jpg,58d448e41fee416835285a3242cb26ad9f63a3fd937e2b355da3ec00bec0134d,dose_00/labels/test/land_pad__7875.txt,382a4535877851ad6f81a72d77d4dfc42f8633522b2e760dad3955d9815e549d,1052,961,1
1,0.15,0.85,land_pad__7875.jpg,land_pad,7875,58d448e41fee416835285a3242cb26ad9f63a3fd937e2b355da3ec00bec0134d,382a4535877851ad6f81a72d77d4dfc42f8633522b2e760dad3955d9815e549d,dose_01/images/test/land_pad__7875.png,4c704350a936745c07e2ac145d758a079375f43f4cf9384da1a3a95a78f49317,dose_01/labels/test/land_pad__7875.txt,382a4535877851ad6f81a72d77d4dfc42f8633522b2e760dad3955d9815e549d,1052,961,1
2,0.3,0.7,land_pad__7875.jpg,land_pad,7875,58d448e41fee416835285a3242cb26ad9f63a3fd937e2b355da3ec00bec0134d,382a4535877851ad6f81a72d77d4dfc42f8633522b2e760dad3955d9815e549d,dose_02/images/test/land_pad__7875.png,ce6cc5e7b64e8697c68ec9517b2f01784a247900645c1b870c6d82ee79434cf4,dose_02/labels/test/land_pad__7875.txt,382a4535877851ad6f81a72d77d4dfc42f8633522b2e760dad3955d9815e549d,1052,961,1
3,0.45,0.55,land_pad__7875.jpg,land_pad,7875,58d448e41fee416835285a3242cb26ad9f63a3fd937e2b355da3ec00bec0134d,382a4535877851ad6f81a72d77d4dfc42f8633522b2e760dad3955d9815e549d,dose_03/images/test/land_pad__7875.png,67bd12113ec15a1d451a0467c4639f22861525e6254420c20737600bac1e351c,dose_03/labels/test/land_pad__7875.txt,382a4535877851ad6f81a72d77d4dfc42f8633522b2e760dad3955d9815e549d,1052,961,1
4,0.6,0.4,land_pad__7875.jpg,land_pad,7875,58d448e41fee416835285a3242cb26ad9f63a3fd937e2b355da3ec00bec0134d,382a4535877851ad6f81a72d77d4dfc42f8633522b2e760dad3955d9815e549d,dose_04/images/test/land_pad__7875.png,f86a38e88dccb0d6737742a6722d24581719c225eaa9cf321d358f595a99363c,dose_04/labels/test/land_pad__7875.txt,382a4535877851ad6f81a72d77d4dfc42f8633522b2e760dad3955d9815e549d,1052,961,1
5,0.75,0.25,land_pad__7875.jpg,land_pad,7875,58d448e41fee416835285a3242cb26ad9f63a3fd937e2b355da3ec00bec0134d,382a4535877851ad6f81a72d77d4dfc42f8633522b2e760dad3955d9815e549d,dose_05/images/test/land_pad__7875.png,1521511bf0dece42d9557c607716586cd83bf8ba8bbf85e985322f3877e30286,dose_05/labels/test/land_pad__7875.txt,382a4535877851ad6f81a72d77d4dfc42f8633522b2e760dad3955d9815e549d,1052,961,1
0,0.0,1.0,land_pad__7900.jpg,land_pad,7900,5d1a938f8fea46795d917c2c75b287872451c9c886fcf4f53609323840b5d371,09a8a54e1c98155424e003c3df46b2c4085f7395840826499f0a478c23790099,dose_00/images/test/land_pad__7900.jpg,5d1a938f8fea46795d917c2c75b287872451c9c886fcf4f53609323840b5d371,dose_00/labels/test/land_pad__7900.txt,09a8a54e1c98155424e003c3df46b2c4085f7395840826499f0a478c23790099,1052,961,1
1,0.15,0.85,land_pad__7900.jpg,land_pad,7900,5d1a938f8fea46795d917c2c75b287872451c9c886fcf4f53609323840b5d371,09a8a54e1c98155424e003c3df46b2c4085f7395840826499f0a478c23790099,dose_01/images/test/land_pad__7900.png,1d04376894b4150060ad0d3ed38c22b77e3d90edec469b013587d0bf85fcbf12,dose_01/labels/test/land_pad__7900.txt,09a8a54e1c98155424e003c3df46b2c4085f7395840826499f0a478c23790099,1052,961,1
2,0.3,0.7,land_pad__7900.jpg,land_pad,7900,5d1a938f8fea46795d917c2c75b287872451c9c886fcf4f53609323840b5d371,09a8a54e1c98155424e003c3df46b2c4085f7395840826499f0a478c23790099,dose_02/images/test/land_pad__7900.png,6246e5c6ccc9c6ec2624fd962b8d3e8ef43c61637227ce6dddb86bbc622aa598,dose_02/labels/test/land_pad__7900.txt,09a8a54e1c98155424e003c3df46b2c4085f7395840826499f0a478c23790099,1052,961,1
3,0.45,0.55,land_pad__7900.jpg,land_pad,7900,5d1a938f8fea46795d917c2c75b287872451c9c886fcf4f53609323840b5d371,09a8a54e1c98155424e003c3df46b2c4085f7395840826499f0a478c23790099,dose_03/images/test/land_pad__7900.png,050a22a3b7f079f739d1db9406e16fc87ddd74fc5fce5033adbac6017f2e598b,dose_03/labels/test/land_pad__7900.txt,09a8a54e1c98155424e003c3df46b2c4085f7395840826499f0a478c23790099,1052,961,1
4,0.6,0.4,land_pad__7900.jpg,land_pad,7900,5d1a938f8fea46795d917c2c75b287872451c9c886fcf4f53609323840b5d371,09a8a54e1c98155424e003c3df46b2c4085f7395840826499f0a478c23790099,dose_04/images/test/land_pad__7900.png,dcd44d1b7567b6d3450cd113372bbe3e1182f0d4f139ae6b5145269505a7bf0c,dose_04/labels/test/land_pad__7900.txt,09a8a54e1c98155424e003c3df46b2c4085f7395840826499f0a478c23790099,1052,961,1
5,0.75,0.25,land_pad__7900.jpg,land_pad,7900,5d1a938f8fea46795d917c2c75b287872451c9c886fcf4f53609323840b5d371,09a8a54e1c98155424e003c3df46b2c4085f7395840826499f0a478c23790099,dose_05/images/test/land_pad__7900.png,a28cfa18c60256825a6e4d3655493362a53ec5195a4b54fbbaae305977bce5f0,dose_05/labels/test/land_pad__7900.txt,09a8a54e1c98155424e003c3df46b2c4085f7395840826499f0a478c23790099,1052,961,1
0,0.0,1.0,land_pad__7925.jpg,land_pad,7925,b692b231472413740d0551bb2a8dda57170116e5fc534200ec293fb0a7376eda,6fac819e94f2b891da38a222c0a0e31059776a01029fcaf417554c241a7945b5,dose_00/images/test/land_pad__7925.jpg,b692b231472413740d0551bb2a8dda57170116e5fc534200ec293fb0a7376eda,dose_00/labels/test/land_pad__7925.txt,6fac819e94f2b891da38a222c0a0e31059776a01029fcaf417554c241a7945b5,1052,961,1
1,0.15,0.85,land_pad__7925.jpg,land_pad,7925,b692b231472413740d0551bb2a8dda57170116e5fc534200ec293fb0a7376eda,6fac819e94f2b891da38a222c0a0e31059776a01029fcaf417554c241a7945b5,dose_01/images/test/land_pad__7925.png,06bfaa47ff430cf8eb0e1cd763fd48298006a992677ffa50bc428e6edda25d7a,dose_01/labels/test/land_pad__7925.txt,6fac819e94f2b891da38a222c0a0e31059776a01029fcaf417554c241a7945b5,1052,961,1
2,0.3,0.7,land_pad__7925.jpg,land_pad,7925,b692b231472413740d0551bb2a8dda57170116e5fc534200ec293fb0a7376eda,6fac819e94f2b891da38a222c0a0e31059776a01029fcaf417554c241a7945b5,dose_02/images/test/land_pad__7925.png,79468912175a865e09d0945bcb67d02f0c3cd8b23e72504b029c54bc6f2a9e0e,dose_02/labels/test/land_pad__7925.txt,6fac819e94f2b891da38a222c0a0e31059776a01029fcaf417554c241a7945b5,1052,961,1
3,0.45,0.55,land_pad__7925.jpg,land_pad,7925,b692b231472413740d0551bb2a8dda57170116e5fc534200ec293fb0a7376eda,6fac819e94f2b891da38a222c0a0e31059776a01029fcaf417554c241a7945b5,dose_03/images/test/land_pad__7925.png,b0cc728022ee5e2442d4d99cdb699d82bb190f8370eab91850ceccd51431cb36,dose_03/labels/test/land_pad__7925.txt,6fac819e94f2b891da38a222c0a0e31059776a01029fcaf417554c241a7945b5,1052,961,1
4,0.6,0.4,land_pad__7925.jpg,land_pad,7925,b692b231472413740d0551bb2a8dda57170116e5fc534200ec293fb0a7376eda,6fac819e94f2b891da38a222c0a0e31059776a01029fcaf417554c241a7945b5,dose_04/images/test/land_pad__7925.png,20a04f785ae38142c2a393cba4aea19b58599a39c6b72545d6ab8c1a74576ce2,dose_04/labels/test/land_pad__7925.txt,6fac819e94f2b891da38a222c0a0e31059776a01029fcaf417554c241a7945b5,1052,961,1
5,0.75,0.25,land_pad__7925.jpg,land_pad,7925,b692b231472413740d0551bb2a8dda57170116e5fc534200ec293fb0a7376eda,6fac819e94f2b891da38a222c0a0e31059776a01029fcaf417554c241a7945b5,dose_05/images/test/land_pad__7925.png,8d57611c980c3379b31cc0c75c8014675567d439c992669e5e5f18c7c10367af,dose_05/labels/test/land_pad__7925.txt,6fac819e94f2b891da38a222c0a0e31059776a01029fcaf417554c241a7945b5,1052,961,1
0,0.0,1.0,land_pad__7950.jpg,land_pad,7950,6f43a27d3a12872d5559a038d7129eeb701187c4bfc8fb76cd466b3103a4abba,96ee3b57f5f46a295614aea5e91c21e4feb7206658ffa198dbd3f2cb1260308b,dose_00/images/test/land_pad__7950.jpg,6f43a27d3a12872d5559a038d7129eeb701187c4bfc8fb76cd466b3103a4abba,dose_00/labels/test/land_pad__7950.txt,96ee3b57f5f46a295614aea5e91c21e4feb7206658ffa198dbd3f2cb1260308b,1052,961,1
1,0.15,0.85,land_pad__7950.jpg,land_pad,7950,6f43a27d3a12872d5559a038d7129eeb701187c4bfc8fb76cd466b3103a4abba,96ee3b57f5f46a295614aea5e91c21e4feb7206658ffa198dbd3f2cb1260308b,dose_01/images/test/land_pad__7950.png,50d30402f209073076576fe667bca6f975f3e3201868a5d4305ddbd951554323,dose_01/labels/test/land_pad__7950.txt,96ee3b57f5f46a295614aea5e91c21e4feb7206658ffa198dbd3f2cb1260308b,1052,961,1
2,0.3,0.7,land_pad__7950.jpg,land_pad,7950,6f43a27d3a12872d5559a038d7129eeb701187c4bfc8fb76cd466b3103a4abba,96ee3b57f5f46a295614aea5e91c21e4feb7206658ffa198dbd3f2cb1260308b,dose_02/images/test/land_pad__7950.png,1c69dc78e7faae72a81f21f3840694e13f1f8d287673c1e3438354a0ad842b11,dose_02/labels/test/land_pad__7950.txt,96ee3b57f5f46a295614aea5e91c21e4feb7206658ffa198dbd3f2cb1260308b,1052,961,1
3,0.45,0.55,land_pad__7950.jpg,land_pad,7950,6f43a27d3a12872d5559a038d7129eeb701187c4bfc8fb76cd466b3103a4abba,96ee3b57f5f46a295614aea5e91c21e4feb7206658ffa198dbd3f2cb1260308b,dose_03/images/test/land_pad__7950.png,f36c7c7c48a807b9de26fc2d0730cdfb92156cf382f5e0f41ac1dc4c81f952d7,dose_03/labels/test/land_pad__7950.txt,96ee3b57f5f46a295614aea5e91c21e4feb7206658ffa198dbd3f2cb1260308b,1052,961,1
4,0.6,0.4,land_pad__7950.jpg,land_pad,7950,6f43a27d3a12872d5559a038d7129eeb701187c4bfc8fb76cd466b3103a4abba,96ee3b57f5f46a295614aea5e91c21e4feb7206658ffa198dbd3f2cb1260308b,dose_04/images/test/land_pad__7950.png,9a1220a8a9989817b78f714c4c855c231a915152d5ed99ecb38fc7becc414e94,dose_04/labels/test/land_pad__7950.txt,96ee3b57f5f46a295614aea5e91c21e4feb7206658ffa198dbd3f2cb1260308b,1052,961,1
5,0.75,0.25,land_pad__7950.jpg,land_pad,7950,6f43a27d3a12872d5559a038d7129eeb701187c4bfc8fb76cd466b3103a4abba,96ee3b57f5f46a295614aea5e91c21e4feb7206658ffa198dbd3f2cb1260308b,dose_05/images/test/land_pad__7950.png,df21162af9374aa4f8c7f93cb2e1887f8c1f1ba31582199ab575d968872102ed,dose_05/labels/test/land_pad__7950.txt,96ee3b57f5f46a295614aea5e91c21e4feb7206658ffa198dbd3f2cb1260308b,1052,961,1
0,0.0,1.0,land_pad__7975.jpg,land_pad,7975,e8626d1f944fd7a5756d63dbd947aa1483d07974138075bfe84aab0266e84659,c2f73ab38e8cd0161363ad8cf51cf00c0c8f6b0926d16e03651932f09dd84cb9,dose_00/images/test/land_pad__7975.jpg,e8626d1f944fd7a5756d63dbd947aa1483d07974138075bfe84aab0266e84659,dose_00/labels/test/land_pad__7975.txt,c2f73ab38e8cd0161363ad8cf51cf00c0c8f6b0926d16e03651932f09dd84cb9,1052,961,1
1,0.15,0.85,land_pad__7975.jpg,land_pad,7975,e8626d1f944fd7a5756d63dbd947aa1483d07974138075bfe84aab0266e84659,c2f73ab38e8cd0161363ad8cf51cf00c0c8f6b0926d16e03651932f09dd84cb9,dose_01/images/test/land_pad__7975.png,348ff9722f31eab8805c0dab30fe70445fc0a9d78ee316b232e8168e7e675dd1,dose_01/labels/test/land_pad__7975.txt,c2f73ab38e8cd0161363ad8cf51cf00c0c8f6b0926d16e03651932f09dd84cb9,1052,961,1
2,0.3,0.7,land_pad__7975.jpg,land_pad,7975,e8626d1f944fd7a5756d63dbd947aa1483d07974138075bfe84aab0266e84659,c2f73ab38e8cd0161363ad8cf51cf00c0c8f6b0926d16e03651932f09dd84cb9,dose_02/images/test/land_pad__7975.png,e967855f1a809e6b885ba39e6429e4cfc6526d314aa7000bc1ae028e7f78be0b,dose_02/labels/test/land_pad__7975.txt,c2f73ab38e8cd0161363ad8cf51cf00c0c8f6b0926d16e03651932f09dd84cb9,1052,961,1
3,0.45,0.55,land_pad__7975.jpg,land_pad,7975,e8626d1f944fd7a5756d63dbd947aa1483d07974138075bfe84aab0266e84659,c2f73ab38e8cd0161363ad8cf51cf00c0c8f6b0926d16e03651932f09dd84cb9,dose_03/images/test/land_pad__7975.png,d2fda0876e9a94c7714075667b91c61edad009c3eedfd786d282e886f17aee24,dose_03/labels/test/land_pad__7975.txt,c2f73ab38e8cd0161363ad8cf51cf00c0c8f6b0926d16e03651932f09dd84cb9,1052,961,1
4,0.6,0.4,land_pad__7975.jpg,land_pad,7975,e8626d1f944fd7a5756d63dbd947aa1483d07974138075bfe84aab0266e84659,c2f73ab38e8cd0161363ad8cf51cf00c0c8f6b0926d16e03651932f09dd84cb9,dose_04/images/test/land_pad__7975.png,c11fb033ccdedda03853d6523af9c1908226917d6b5af9b617aaf2a82f18a25f,dose_04/labels/test/land_pad__7975.txt,c2f73ab38e8cd0161363ad8cf51cf00c0c8f6b0926d16e03651932f09dd84cb9,1052,961,1
5,0.75,0.25,land_pad__7975.jpg,land_pad,7975,e8626d1f944fd7a5756d63dbd947aa1483d07974138075bfe84aab0266e84659,c2f73ab38e8cd0161363ad8cf51cf00c0c8f6b0926d16e03651932f09dd84cb9,dose_05/images/test/land_pad__7975.png,8463aed03d8eb7ea8a727ca257b4b58ab68c36edaaccd9471eeda503e9b90229,dose_05/labels/test/land_pad__7975.txt,c2f73ab38e8cd0161363ad8cf51cf00c0c8f6b0926d16e03651932f09dd84cb9,1052,961,1
0,0.0,1.0,land_pad__8000.jpg,land_pad,8000,66679fc30dd94f2048f5efc137a7702f7c6089c684cf75e900f66c9b1abf4563,e4063174117555e4428cce002dc8a98e9bf23e4d6b30c358920afe7a57076316,dose_00/images/test/land_pad__8000.jpg,66679fc30dd94f2048f5efc137a7702f7c6089c684cf75e900f66c9b1abf4563,dose_00/labels/test/land_pad__8000.txt,e4063174117555e4428cce002dc8a98e9bf23e4d6b30c358920afe7a57076316,1052,961,1
1,0.15,0.85,land_pad__8000.jpg,land_pad,8000,66679fc30dd94f2048f5efc137a7702f7c6089c684cf75e900f66c9b1abf4563,e4063174117555e4428cce002dc8a98e9bf23e4d6b30c358920afe7a57076316,dose_01/images/test/land_pad__8000.png,1f462a0c0831d788d247c280e729e0ca3b9517b4e140f08e7a9cf4da69c4c680,dose_01/labels/test/land_pad__8000.txt,e4063174117555e4428cce002dc8a98e9bf23e4d6b30c358920afe7a57076316,1052,961,1
2,0.3,0.7,land_pad__8000.jpg,land_pad,8000,66679fc30dd94f2048f5efc137a7702f7c6089c684cf75e900f66c9b1abf4563,e4063174117555e4428cce002dc8a98e9bf23e4d6b30c358920afe7a57076316,dose_02/images/test/land_pad__8000.png,f0f9b7ad58b362d1e7287271eb7a7dbdd1d383e30cdb0c17e74dc1ccff711224,dose_02/labels/test/land_pad__8000.txt,e4063174117555e4428cce002dc8a98e9bf23e4d6b30c358920afe7a57076316,1052,961,1
3,0.45,0.55,land_pad__8000.jpg,land_pad,8000,66679fc30dd94f2048f5efc137a7702f7c6089c684cf75e900f66c9b1abf4563,e4063174117555e4428cce002dc8a98e9bf23e4d6b30c358920afe7a57076316,dose_03/images/test/land_pad__8000.png,6a0e91b91174fe909a565b557f53e5d0fc48e4ef29fc9db84be90097d4c8a7e2,dose_03/labels/test/land_pad__8000.txt,e4063174117555e4428cce002dc8a98e9bf23e4d6b30c358920afe7a57076316,1052,961,1
4,0.6,0.4,land_pad__8000.jpg,land_pad,8000,66679fc30dd94f2048f5efc137a7702f7c6089c684cf75e900f66c9b1abf4563,e4063174117555e4428cce002dc8a98e9bf23e4d6b30c358920afe7a57076316,dose_04/images/test/land_pad__8000.png,ee9d085159ac91c2181073fd3b105d1be4eddb2956e466fd7d6958ea43979d83,dose_04/labels/test/land_pad__8000.txt,e4063174117555e4428cce002dc8a98e9bf23e4d6b30c358920afe7a57076316,1052,961,1
5,0.75,0.25,land_pad__8000.jpg,land_pad,8000,66679fc30dd94f2048f5efc137a7702f7c6089c684cf75e900f66c9b1abf4563,e4063174117555e4428cce002dc8a98e9bf23e4d6b30c358920afe7a57076316,dose_05/images/test/land_pad__8000.png,499d2b1baf838c944a81637c029277d0f5a7dd93f6a20f63a28d9f8b4c0b1220,dose_05/labels/test/land_pad__8000.txt,e4063174117555e4428cce002dc8a98e9bf23e4d6b30c358920afe7a57076316,1052,961,1
0,0.0,1.0,land_pad__8025.jpg,land_pad,8025,ce697b9962e97f541b286c777368d3ae2bb4bd2aaa45d6f461b31a22bff8ec0e,861ec79b6bbc53a6b72b304eeb9bf1e9a49f237f867092c802673d061fd65c73,dose_00/images/test/land_pad__8025.jpg,ce697b9962e97f541b286c777368d3ae2bb4bd2aaa45d6f461b31a22bff8ec0e,dose_00/labels/test/land_pad__8025.txt,861ec79b6bbc53a6b72b304eeb9bf1e9a49f237f867092c802673d061fd65c73,1052,961,1
1,0.15,0.85,land_pad__8025.jpg,land_pad,8025,ce697b9962e97f541b286c777368d3ae2bb4bd2aaa45d6f461b31a22bff8ec0e,861ec79b6bbc53a6b72b304eeb9bf1e9a49f237f867092c802673d061fd65c73,dose_01/images/test/land_pad__8025.png,0c7111668c3bb53b66217e26a00c0cb9a1fa41a8b7106024f6f3d419bc739c4e,dose_01/labels/test/land_pad__8025.txt,861ec79b6bbc53a6b72b304eeb9bf1e9a49f237f867092c802673d061fd65c73,1052,961,1
2,0.3,0.7,land_pad__8025.jpg,land_pad,8025,ce697b9962e97f541b286c777368d3ae2bb4bd2aaa45d6f461b31a22bff8ec0e,861ec79b6bbc53a6b72b304eeb9bf1e9a49f237f867092c802673d061fd65c73,dose_02/images/test/land_pad__8025.png,80636bd66e322e957de256dbf63baaf34d52941ed86b38c4c62e976f34715acc,dose_02/labels/test/land_pad__8025.txt,861ec79b6bbc53a6b72b304eeb9bf1e9a49f237f867092c802673d061fd65c73,1052,961,1
3,0.45,0.55,land_pad__8025.jpg,land_pad,8025,ce697b9962e97f541b286c777368d3ae2bb4bd2aaa45d6f461b31a22bff8ec0e,861ec79b6bbc53a6b72b304eeb9bf1e9a49f237f867092c802673d061fd65c73,dose_03/images/test/land_pad__8025.png,4484675e0cad1665e3278861375fcfc1ddd52cd52ee282e392f9be84f5bccf93,dose_03/labels/test/land_pad__8025.txt,861ec79b6bbc53a6b72b304eeb9bf1e9a49f237f867092c802673d061fd65c73,1052,961,1
4,0.6,0.4,land_pad__8025.jpg,land_pad,8025,ce697b9962e97f541b286c777368d3ae2bb4bd2aaa45d6f461b31a22bff8ec0e,861ec79b6bbc53a6b72b304eeb9bf1e9a49f237f867092c802673d061fd65c73,dose_04/images/test/land_pad__8025.png,c135a4c76e62236cce8a61cd8b052c97de98eb8c58b5086860ca7097c431d459,dose_04/labels/test/land_pad__8025.txt,861ec79b6bbc53a6b72b304eeb9bf1e9a49f237f867092c802673d061fd65c73,1052,961,1
5,0.75,0.25,land_pad__8025.jpg,land_pad,8025,ce697b9962e97f541b286c777368d3ae2bb4bd2aaa45d6f461b31a22bff8ec0e,861ec79b6bbc53a6b72b304eeb9bf1e9a49f237f867092c802673d061fd65c73,dose_05/images/test/land_pad__8025.png,a989452afae6153ae43b7ff55570af0cfd865190c2f5c7058187258f7d281a0f,dose_05/labels/test/land_pad__8025.txt,861ec79b6bbc53a6b72b304eeb9bf1e9a49f237f867092c802673d061fd65c73,1052,961,1
0,0.0,1.0,land_pad__8050.jpg,land_pad,8050,c37ef1ef752a759daf38f8607104e7a02f02d61164deda9c6471260de1f15e50,6381539e7c66c71ef65a8c07ec9845cf2d022203cda45117f9bf1fc341b4a027,dose_00/images/test/land_pad__8050.jpg,c37ef1ef752a759daf38f8607104e7a02f02d61164deda9c6471260de1f15e50,dose_00/labels/test/land_pad__8050.txt,6381539e7c66c71ef65a8c07ec9845cf2d022203cda45117f9bf1fc341b4a027,1052,961,1
1,0.15,0.85,land_pad__8050.jpg,land_pad,8050,c37ef1ef752a759daf38f8607104e7a02f02d61164deda9c6471260de1f15e50,6381539e7c66c71ef65a8c07ec9845cf2d022203cda45117f9bf1fc341b4a027,dose_01/images/test/land_pad__8050.png,7ff026ae3cc838e068d2a423104d1a449a007d0dc33a8180880788fd472c8818,dose_01/labels/test/land_pad__8050.txt,6381539e7c66c71ef65a8c07ec9845cf2d022203cda45117f9bf1fc341b4a027,1052,961,1
2,0.3,0.7,land_pad__8050.jpg,land_pad,8050,c37ef1ef752a759daf38f8607104e7a02f02d61164deda9c6471260de1f15e50,6381539e7c66c71ef65a8c07ec9845cf2d022203cda45117f9bf1fc341b4a027,dose_02/images/test/land_pad__8050.png,ecba601575cdae4254022fdf652cee758cd7090847d8099809d9c7bfb05c3a9b,dose_02/labels/test/land_pad__8050.txt,6381539e7c66c71ef65a8c07ec9845cf2d022203cda45117f9bf1fc341b4a027,1052,961,1
3,0.45,0.55,land_pad__8050.jpg,land_pad,8050,c37ef1ef752a759daf38f8607104e7a02f02d61164deda9c6471260de1f15e50,6381539e7c66c71ef65a8c07ec9845cf2d022203cda45117f9bf1fc341b4a027,dose_03/images/test/land_pad__8050.png,5af4f481f279ab543695dfb1d87821a63284997c9bf4d6ca48cb4f5140b2df2f,dose_03/labels/test/land_pad__8050.txt,6381539e7c66c71ef65a8c07ec9845cf2d022203cda45117f9bf1fc341b4a027,1052,961,1
4,0.6,0.4,land_pad__8050.jpg,land_pad,8050,c37ef1ef752a759daf38f8607104e7a02f02d61164deda9c6471260de1f15e50,6381539e7c66c71ef65a8c07ec9845cf2d022203cda45117f9bf1fc341b4a027,dose_04/images/test/land_pad__8050.png,010fd80561072e181637753eec337c98c2d614ebffc945361078cdd032b57ee1,dose_04/labels/test/land_pad__8050.txt,6381539e7c66c71ef65a8c07ec9845cf2d022203cda45117f9bf1fc341b4a027,1052,961,1
5,0.75,0.25,land_pad__8050.jpg,land_pad,8050,c37ef1ef752a759daf38f8607104e7a02f02d61164deda9c6471260de1f15e50,6381539e7c66c71ef65a8c07ec9845cf2d022203cda45117f9bf1fc341b4a027,dose_05/images/test/land_pad__8050.png,3836a58361b931267ccf029746bf3a49cc9605ad3fb4a30ff808463133f1b713,dose_05/labels/test/land_pad__8050.txt,6381539e7c66c71ef65a8c07ec9845cf2d022203cda45117f9bf1fc341b4a027,1052,961,1
0,0.0,1.0,land_pad__8075.jpg,land_pad,8075,ac20eff3c9735c895af0fa2c3b6076c225f8cbf81c71ebc8839edfd0c8c612c1,46b1724f5962af05fd7c22a9b4fef5f4487a39c8e17be08b99f48331ad03fe3c,dose_00/images/test/land_pad__8075.jpg,ac20eff3c9735c895af0fa2c3b6076c225f8cbf81c71ebc8839edfd0c8c612c1,dose_00/labels/test/land_pad__8075.txt,46b1724f5962af05fd7c22a9b4fef5f4487a39c8e17be08b99f48331ad03fe3c,1052,961,1
1,0.15,0.85,land_pad__8075.jpg,land_pad,8075,ac20eff3c9735c895af0fa2c3b6076c225f8cbf81c71ebc8839edfd0c8c612c1,46b1724f5962af05fd7c22a9b4fef5f4487a39c8e17be08b99f48331ad03fe3c,dose_01/images/test/land_pad__8075.png,2bee731116afb464d112eb0d3919bbaef689ff6f279e2282447bbcb915c85da8,dose_01/labels/test/land_pad__8075.txt,46b1724f5962af05fd7c22a9b4fef5f4487a39c8e17be08b99f48331ad03fe3c,1052,961,1
2,0.3,0.7,land_pad__8075.jpg,land_pad,8075,ac20eff3c9735c895af0fa2c3b6076c225f8cbf81c71ebc8839edfd0c8c612c1,46b1724f5962af05fd7c22a9b4fef5f4487a39c8e17be08b99f48331ad03fe3c,dose_02/images/test/land_pad__8075.png,219a322bd0c1cedb1bfe016ab96b49f98ec6d5380269643c4dd43fe62fd05243,dose_02/labels/test/land_pad__8075.txt,46b1724f5962af05fd7c22a9b4fef5f4487a39c8e17be08b99f48331ad03fe3c,1052,961,1
3,0.45,0.55,land_pad__8075.jpg,land_pad,8075,ac20eff3c9735c895af0fa2c3b6076c225f8cbf81c71ebc8839edfd0c8c612c1,46b1724f5962af05fd7c22a9b4fef5f4487a39c8e17be08b99f48331ad03fe3c,dose_03/images/test/land_pad__8075.png,72d5b4b40676463d6892dda67d1fcf276eddf34c1800a40490971322c1ae3ad4,dose_03/labels/test/land_pad__8075.txt,46b1724f5962af05fd7c22a9b4fef5f4487a39c8e17be08b99f48331ad03fe3c,1052,961,1
4,0.6,0.4,land_pad__8075.jpg,land_pad,8075,ac20eff3c9735c895af0fa2c3b6076c225f8cbf81c71ebc8839edfd0c8c612c1,46b1724f5962af05fd7c22a9b4fef5f4487a39c8e17be08b99f48331ad03fe3c,dose_04/images/test/land_pad__8075.png,a425fae03d389078e1ecdb6783ec89a0a13a24462505c66055301bd461ac0489,dose_04/labels/test/land_pad__8075.txt,46b1724f5962af05fd7c22a9b4fef5f4487a39c8e17be08b99f48331ad03fe3c,1052,961,1
5,0.75,0.25,land_pad__8075.jpg,land_pad,8075,ac20eff3c9735c895af0fa2c3b6076c225f8cbf81c71ebc8839edfd0c8c612c1,46b1724f5962af05fd7c22a9b4fef5f4487a39c8e17be08b99f48331ad03fe3c,dose_05/images/test/land_pad__8075.png,d0e2afce5c741e9ae2126682b0d4e04763cc02337747722f1e90b56d4cf5f6e8,dose_05/labels/test/land_pad__8075.txt,46b1724f5962af05fd7c22a9b4fef5f4487a39c8e17be08b99f48331ad03fe3c,1052,961,1
0,0.0,1.0,land_pad__8100.jpg,land_pad,8100,9b37a47163f82daf97a952b68520c5630804f518e472441b3a97d95ca4e176e3,d5c2b4b7723d1d633c7ae3c00ac74ed274d44f71c1387b0dd2b60ebf29940a0b,dose_00/images/test/land_pad__8100.jpg,9b37a47163f82daf97a952b68520c5630804f518e472441b3a97d95ca4e176e3,dose_00/labels/test/land_pad__8100.txt,d5c2b4b7723d1d633c7ae3c00ac74ed274d44f71c1387b0dd2b60ebf29940a0b,1052,961,1
1,0.15,0.85,land_pad__8100.jpg,land_pad,8100,9b37a47163f82daf97a952b68520c5630804f518e472441b3a97d95ca4e176e3,d5c2b4b7723d1d633c7ae3c00ac74ed274d44f71c1387b0dd2b60ebf29940a0b,dose_01/images/test/land_pad__8100.png,f6eebed4d908a2b3f26490d1cf8808ae2de79ba750b95bc0fe23797ab12ea200,dose_01/labels/test/land_pad__8100.txt,d5c2b4b7723d1d633c7ae3c00ac74ed274d44f71c1387b0dd2b60ebf29940a0b,1052,961,1
2,0.3,0.7,land_pad__8100.jpg,land_pad,8100,9b37a47163f82daf97a952b68520c5630804f518e472441b3a97d95ca4e176e3,d5c2b4b7723d1d633c7ae3c00ac74ed274d44f71c1387b0dd2b60ebf29940a0b,dose_02/images/test/land_pad__8100.png,28494ae216a0aefb514e5fc362181164c7b7e8092d43777f59d5df82cdec584f,dose_02/labels/test/land_pad__8100.txt,d5c2b4b7723d1d633c7ae3c00ac74ed274d44f71c1387b0dd2b60ebf29940a0b,1052,961,1
3,0.45,0.55,land_pad__8100.jpg,land_pad,8100,9b37a47163f82daf97a952b68520c5630804f518e472441b3a97d95ca4e176e3,d5c2b4b7723d1d633c7ae3c00ac74ed274d44f71c1387b0dd2b60ebf29940a0b,dose_03/images/test/land_pad__8100.png,bde65ea1554ad762c5390effb1fae6fbf2b2e1b4f7b0ff7e059a6723eee1335a,dose_03/labels/test/land_pad__8100.txt,d5c2b4b7723d1d633c7ae3c00ac74ed274d44f71c1387b0dd2b60ebf29940a0b,1052,961,1
4,0.6,0.4,land_pad__8100.jpg,land_pad,8100,9b37a47163f82daf97a952b68520c5630804f518e472441b3a97d95ca4e176e3,d5c2b4b7723d1d633c7ae3c00ac74ed274d44f71c1387b0dd2b60ebf29940a0b,dose_04/images/test/land_pad__8100.png,3b524bb86c992a0d2ad8131a7b30a5af55dc638a2492aa500d3b75404e86c96f,dose_04/labels/test/land_pad__8100.txt,d5c2b4b7723d1d633c7ae3c00ac74ed274d44f71c1387b0dd2b60ebf29940a0b,1052,961,1
5,0.75,0.25,land_pad__8100.jpg,land_pad,8100,9b37a47163f82daf97a952b68520c5630804f518e472441b3a97d95ca4e176e3,d5c2b4b7723d1d633c7ae3c00ac74ed274d44f71c1387b0dd2b60ebf29940a0b,dose_05/images/test/land_pad__8100.png,28ff37304e13426fda60a4a697dba9eb9dc56f09c860fd880d15acbd6a357f25,dose_05/labels/test/land_pad__8100.txt,d5c2b4b7723d1d633c7ae3c00ac74ed274d44f71c1387b0dd2b60ebf29940a0b,1052,961,1
0,0.0,1.0,land_pad__8125.jpg,land_pad,8125,ce0594716803733c6c0924748dc520cbb0ac7f077476bdcd839f1c1adf5ceeba,27beb29c2af8b4a70484de5a0bc24ae5bbe85f60ae1ccb0630f183fa792b80f5,dose_00/images/test/land_pad__8125.jpg,ce0594716803733c6c0924748dc520cbb0ac7f077476bdcd839f1c1adf5ceeba,dose_00/labels/test/land_pad__8125.txt,27beb29c2af8b4a70484de5a0bc24ae5bbe85f60ae1ccb0630f183fa792b80f5,1052,961,1
1,0.15,0.85,land_pad__8125.jpg,land_pad,8125,ce0594716803733c6c0924748dc520cbb0ac7f077476bdcd839f1c1adf5ceeba,27beb29c2af8b4a70484de5a0bc24ae5bbe85f60ae1ccb0630f183fa792b80f5,dose_01/images/test/land_pad__8125.png,741f7360832743fe31fb84eaed66adee3789987f1de714f44af97b1e0616b654,dose_01/labels/test/land_pad__8125.txt,27beb29c2af8b4a70484de5a0bc24ae5bbe85f60ae1ccb0630f183fa792b80f5,1052,961,1
2,0.3,0.7,land_pad__8125.jpg,land_pad,8125,ce0594716803733c6c0924748dc520cbb0ac7f077476bdcd839f1c1adf5ceeba,27beb29c2af8b4a70484de5a0bc24ae5bbe85f60ae1ccb0630f183fa792b80f5,dose_02/images/test/land_pad__8125.png,406e18f7a662bec0aaeaf7185b62e0829a318ffcc1bb9a3c62e1080111cf813d,dose_02/labels/test/land_pad__8125.txt,27beb29c2af8b4a70484de5a0bc24ae5bbe85f60ae1ccb0630f183fa792b80f5,1052,961,1
3,0.45,0.55,land_pad__8125.jpg,land_pad,8125,ce0594716803733c6c0924748dc520cbb0ac7f077476bdcd839f1c1adf5ceeba,27beb29c2af8b4a70484de5a0bc24ae5bbe85f60ae1ccb0630f183fa792b80f5,dose_03/images/test/land_pad__8125.png,006dd4565c15393c7c018332d3599f8d54dc36f7abc5261ff395a7ae4f4e2e14,dose_03/labels/test/land_pad__8125.txt,27beb29c2af8b4a70484de5a0bc24ae5bbe85f60ae1ccb0630f183fa792b80f5,1052,961,1
4,0.6,0.4,land_pad__8125.jpg,land_pad,8125,ce0594716803733c6c0924748dc520cbb0ac7f077476bdcd839f1c1adf5ceeba,27beb29c2af8b4a70484de5a0bc24ae5bbe85f60ae1ccb0630f183fa792b80f5,dose_04/images/test/land_pad__8125.png,108c876b2655855f76feecc8e8515b1e22982546f6088fa613e3ae3e727977ec,dose_04/labels/test/land_pad__8125.txt,27beb29c2af8b4a70484de5a0bc24ae5bbe85f60ae1ccb0630f183fa792b80f5,1052,961,1
5,0.75,0.25,land_pad__8125.jpg,land_pad,8125,ce0594716803733c6c0924748dc520cbb0ac7f077476bdcd839f1c1adf5ceeba,27beb29c2af8b4a70484de5a0bc24ae5bbe85f60ae1ccb0630f183fa792b80f5,dose_05/images/test/land_pad__8125.png,1f9de4b056d39901cb57e4991c187cf27c7932aaf57366bbb6c6f7e7382de361,dose_05/labels/test/land_pad__8125.txt,27beb29c2af8b4a70484de5a0bc24ae5bbe85f60ae1ccb0630f183fa792b80f5,1052,961,1
0,0.0,1.0,land_pad__8150.jpg,land_pad,8150,c24f0948162d273fbc880877e87729e2fed91d1a9fc33a907d33471162f8a3d1,f87d536456b0afe650f6a108d8c488589e2376836039e0be750998cd01c113d7,dose_00/images/test/land_pad__8150.jpg,c24f0948162d273fbc880877e87729e2fed91d1a9fc33a907d33471162f8a3d1,dose_00/labels/test/land_pad__8150.txt,f87d536456b0afe650f6a108d8c488589e2376836039e0be750998cd01c113d7,1052,961,1
1,0.15,0.85,land_pad__8150.jpg,land_pad,8150,c24f0948162d273fbc880877e87729e2fed91d1a9fc33a907d33471162f8a3d1,f87d536456b0afe650f6a108d8c488589e2376836039e0be750998cd01c113d7,dose_01/images/test/land_pad__8150.png,abbb0c14ba97de2a0bfcefa2526ea12865ba938d66a74f21d2fd6577bb1ad0c4,dose_01/labels/test/land_pad__8150.txt,f87d536456b0afe650f6a108d8c488589e2376836039e0be750998cd01c113d7,1052,961,1
2,0.3,0.7,land_pad__8150.jpg,land_pad,8150,c24f0948162d273fbc880877e87729e2fed91d1a9fc33a907d33471162f8a3d1,f87d536456b0afe650f6a108d8c488589e2376836039e0be750998cd01c113d7,dose_02/images/test/land_pad__8150.png,38f06b776f7f83b544845bf24f0831facc40b0eb476ba4f38edc975b14e80e1e,dose_02/labels/test/land_pad__8150.txt,f87d536456b0afe650f6a108d8c488589e2376836039e0be750998cd01c113d7,1052,961,1
3,0.45,0.55,land_pad__8150.jpg,land_pad,8150,c24f0948162d273fbc880877e87729e2fed91d1a9fc33a907d33471162f8a3d1,f87d536456b0afe650f6a108d8c488589e2376836039e0be750998cd01c113d7,dose_03/images/test/land_pad__8150.png,61131417b906685e70da29968004f45d6547448a935f4d41b1276169ad29f0c9,dose_03/labels/test/land_pad__8150.txt,f87d536456b0afe650f6a108d8c488589e2376836039e0be750998cd01c113d7,1052,961,1
4,0.6,0.4,land_pad__8150.jpg,land_pad,8150,c24f0948162d273fbc880877e87729e2fed91d1a9fc33a907d33471162f8a3d1,f87d536456b0afe650f6a108d8c488589e2376836039e0be750998cd01c113d7,dose_04/images/test/land_pad__8150.png,005041bb773cc792d521e753b7aac284a4cda9a6c1b8530bb0dc8b39607e953f,dose_04/labels/test/land_pad__8150.txt,f87d536456b0afe650f6a108d8c488589e2376836039e0be750998cd01c113d7,1052,961,1
5,0.75,0.25,land_pad__8150.jpg,land_pad,8150,c24f0948162d273fbc880877e87729e2fed91d1a9fc33a907d33471162f8a3d1,f87d536456b0afe650f6a108d8c488589e2376836039e0be750998cd01c113d7,dose_05/images/test/land_pad__8150.png,d293bacf3bade3b2f0ec872786abd3bb4b7660fd4b4525bb759e4e64a66efdb1,dose_05/labels/test/land_pad__8150.txt,f87d536456b0afe650f6a108d8c488589e2376836039e0be750998cd01c113d7,1052,961,1
0,0.0,1.0,land_pad__8175.jpg,land_pad,8175,ceff0e4de811db1aa9d8e4cd0ddabbdb07c0915f5a1072032c18c98a3ff88758,8e3f21d654597bf9573cc454e5ae15597d0465ac6b36c26faa707ba8a55b2a87,dose_00/images/test/land_pad__8175.jpg,ceff0e4de811db1aa9d8e4cd0ddabbdb07c0915f5a1072032c18c98a3ff88758,dose_00/labels/test/land_pad__8175.txt,8e3f21d654597bf9573cc454e5ae15597d0465ac6b36c26faa707ba8a55b2a87,1052,961,1
1,0.15,0.85,land_pad__8175.jpg,land_pad,8175,ceff0e4de811db1aa9d8e4cd0ddabbdb07c0915f5a1072032c18c98a3ff88758,8e3f21d654597bf9573cc454e5ae15597d0465ac6b36c26faa707ba8a55b2a87,dose_01/images/test/land_pad__8175.png,335a0d51c1d18c61bc7d23a1ad6b5c4205245dcca3e6900cd5ad2ee0c1b62295,dose_01/labels/test/land_pad__8175.txt,8e3f21d654597bf9573cc454e5ae15597d0465ac6b36c26faa707ba8a55b2a87,1052,961,1
2,0.3,0.7,land_pad__8175.jpg,land_pad,8175,ceff0e4de811db1aa9d8e4cd0ddabbdb07c0915f5a1072032c18c98a3ff88758,8e3f21d654597bf9573cc454e5ae15597d0465ac6b36c26faa707ba8a55b2a87,dose_02/images/test/land_pad__8175.png,eac3463593e8214389e07d1cb82c0aca3b5a8bf7f47d4da595b4d32459b04ff7,dose_02/labels/test/land_pad__8175.txt,8e3f21d654597bf9573cc454e5ae15597d0465ac6b36c26faa707ba8a55b2a87,1052,961,1
3,0.45,0.55,land_pad__8175.jpg,land_pad,8175,ceff0e4de811db1aa9d8e4cd0ddabbdb07c0915f5a1072032c18c98a3ff88758,8e3f21d654597bf9573cc454e5ae15597d0465ac6b36c26faa707ba8a55b2a87,dose_03/images/test/land_pad__8175.png,cfc5d68a52f563edcaf2e391fe766d3f95c8169d9f055f77ab04397c9d9cc1d0,dose_03/labels/test/land_pad__8175.txt,8e3f21d654597bf9573cc454e5ae15597d0465ac6b36c26faa707ba8a55b2a87,1052,961,1
4,0.6,0.4,land_pad__8175.jpg,land_pad,8175,ceff0e4de811db1aa9d8e4cd0ddabbdb07c0915f5a1072032c18c98a3ff88758,8e3f21d654597bf9573cc454e5ae15597d0465ac6b36c26faa707ba8a55b2a87,dose_04/images/test/land_pad__8175.png,4bf906b9aa60ce780360d9b54ac272e4bdfaa077b1999875e7b7a2cfe996269f,dose_04/labels/test/land_pad__8175.txt,8e3f21d654597bf9573cc454e5ae15597d0465ac6b36c26faa707ba8a55b2a87,1052,961,1
5,0.75,0.25,land_pad__8175.jpg,land_pad,8175,ceff0e4de811db1aa9d8e4cd0ddabbdb07c0915f5a1072032c18c98a3ff88758,8e3f21d654597bf9573cc454e5ae15597d0465ac6b36c26faa707ba8a55b2a87,dose_05/images/test/land_pad__8175.png,18958a4c056db23b25c8b3c95456d4267eaf1d7868fe1dc623ec21285992f94d,dose_05/labels/test/land_pad__8175.txt,8e3f21d654597bf9573cc454e5ae15597d0465ac6b36c26faa707ba8a55b2a87,1052,961,1
0,0.0,1.0,land_pad__8200.jpg,land_pad,8200,7d3a654f59540ff1ea8ddc6e3cef983dbe8c465c9bdfe986edd623a60cfd0de2,7d278bcae45692204724bf60164ca0d1a1e911ce88929e6191f092853b6b1b07,dose_00/images/test/land_pad__8200.jpg,7d3a654f59540ff1ea8ddc6e3cef983dbe8c465c9bdfe986edd623a60cfd0de2,dose_00/labels/test/land_pad__8200.txt,7d278bcae45692204724bf60164ca0d1a1e911ce88929e6191f092853b6b1b07,1052,961,1
1,0.15,0.85,land_pad__8200.jpg,land_pad,8200,7d3a654f59540ff1ea8ddc6e3cef983dbe8c465c9bdfe986edd623a60cfd0de2,7d278bcae45692204724bf60164ca0d1a1e911ce88929e6191f092853b6b1b07,dose_01/images/test/land_pad__8200.png,4d91e81977794b1c36cf03a581a16ece63d063151e4c798d3fab8ad13b50ace0,dose_01/labels/test/land_pad__8200.txt,7d278bcae45692204724bf60164ca0d1a1e911ce88929e6191f092853b6b1b07,1052,961,1
2,0.3,0.7,land_pad__8200.jpg,land_pad,8200,7d3a654f59540ff1ea8ddc6e3cef983dbe8c465c9bdfe986edd623a60cfd0de2,7d278bcae45692204724bf60164ca0d1a1e911ce88929e6191f092853b6b1b07,dose_02/images/test/land_pad__8200.png,7c503a0804640340f36fe01e65afa377f1d2f0e998fb29617b13db986938a273,dose_02/labels/test/land_pad__8200.txt,7d278bcae45692204724bf60164ca0d1a1e911ce88929e6191f092853b6b1b07,1052,961,1
3,0.45,0.55,land_pad__8200.jpg,land_pad,8200,7d3a654f59540ff1ea8ddc6e3cef983dbe8c465c9bdfe986edd623a60cfd0de2,7d278bcae45692204724bf60164ca0d1a1e911ce88929e6191f092853b6b1b07,dose_03/images/test/land_pad__8200.png,b95830e10894c3c6c6068a44bc7c84e1237ebc704fe6b3d8234e2470991b3208,dose_03/labels/test/land_pad__8200.txt,7d278bcae45692204724bf60164ca0d1a1e911ce88929e6191f092853b6b1b07,1052,961,1
4,0.6,0.4,land_pad__8200.jpg,land_pad,8200,7d3a654f59540ff1ea8ddc6e3cef983dbe8c465c9bdfe986edd623a60cfd0de2,7d278bcae45692204724bf60164ca0d1a1e911ce88929e6191f092853b6b1b07,dose_04/images/test/land_pad__8200.png,5731bb842b5e8344269d8ae4d81db414d34243412b06e5c6ba21e378f2b6d609,dose_04/labels/test/land_pad__8200.txt,7d278bcae45692204724bf60164ca0d1a1e911ce88929e6191f092853b6b1b07,1052,961,1
5,0.75,0.25,land_pad__8200.jpg,land_pad,8200,7d3a654f59540ff1ea8ddc6e3cef983dbe8c465c9bdfe986edd623a60cfd0de2,7d278bcae45692204724bf60164ca0d1a1e911ce88929e6191f092853b6b1b07,dose_05/images/test/land_pad__8200.png,d977a9ee0a383b75fc49d1b795bb671003d7f341609d3d6d95b635d8b1531bbf,dose_05/labels/test/land_pad__8200.txt,7d278bcae45692204724bf60164ca0d1a1e911ce88929e6191f092853b6b1b07,1052,961,1
0,0.0,1.0,land_pad__8225.jpg,land_pad,8225,a4b3683afcaba473b082d1e1af02d81daf0a6539125b0bcef2cb1969addd2936,7c7e2e2e273f9d87235a36c1bbf1d200b48c90860ddd407a67f445571f0ad3d0,dose_00/images/test/land_pad__8225.jpg,a4b3683afcaba473b082d1e1af02d81daf0a6539125b0bcef2cb1969addd2936,dose_00/labels/test/land_pad__8225.txt,7c7e2e2e273f9d87235a36c1bbf1d200b48c90860ddd407a67f445571f0ad3d0,1052,961,1
1,0.15,0.85,land_pad__8225.jpg,land_pad,8225,a4b3683afcaba473b082d1e1af02d81daf0a6539125b0bcef2cb1969addd2936,7c7e2e2e273f9d87235a36c1bbf1d200b48c90860ddd407a67f445571f0ad3d0,dose_01/images/test/land_pad__8225.png,a1a791fcd01721166036d320c108c637fa5697e7d608741a4a8909fe778d0dd1,dose_01/labels/test/land_pad__8225.txt,7c7e2e2e273f9d87235a36c1bbf1d200b48c90860ddd407a67f445571f0ad3d0,1052,961,1
2,0.3,0.7,land_pad__8225.jpg,land_pad,8225,a4b3683afcaba473b082d1e1af02d81daf0a6539125b0bcef2cb1969addd2936,7c7e2e2e273f9d87235a36c1bbf1d200b48c90860ddd407a67f445571f0ad3d0,dose_02/images/test/land_pad__8225.png,e963b9086fe9632206c95a2b2297d601aa38b6c7b86c1683a3a01605c5a5cebe,dose_02/labels/test/land_pad__8225.txt,7c7e2e2e273f9d87235a36c1bbf1d200b48c90860ddd407a67f445571f0ad3d0,1052,961,1
3,0.45,0.55,land_pad__8225.jpg,land_pad,8225,a4b3683afcaba473b082d1e1af02d81daf0a6539125b0bcef2cb1969addd2936,7c7e2e2e273f9d87235a36c1bbf1d200b48c90860ddd407a67f445571f0ad3d0,dose_03/images/test/land_pad__8225.png,dcf5cb1f900972efe28288917f6726bcba83bbc10027842a18c98dabacda6660,dose_03/labels/test/land_pad__8225.txt,7c7e2e2e273f9d87235a36c1bbf1d200b48c90860ddd407a67f445571f0ad3d0,1052,961,1
4,0.6,0.4,land_pad__8225.jpg,land_pad,8225,a4b3683afcaba473b082d1e1af02d81daf0a6539125b0bcef2cb1969addd2936,7c7e2e2e273f9d87235a36c1bbf1d200b48c90860ddd407a67f445571f0ad3d0,dose_04/images/test/land_pad__8225.png,03caa61773109e37d7147b06825a215066752cb2e50a476691d21c25b2f54a68,dose_04/labels/test/land_pad__8225.txt,7c7e2e2e273f9d87235a36c1bbf1d200b48c90860ddd407a67f445571f0ad3d0,1052,961,1
5,0.75,0.25,land_pad__8225.jpg,land_pad,8225,a4b3683afcaba473b082d1e1af02d81daf0a6539125b0bcef2cb1969addd2936,7c7e2e2e273f9d87235a36c1bbf1d200b48c90860ddd407a67f445571f0ad3d0,dose_05/images/test/land_pad__8225.png,ea149e710e91736c308d2e403d735872ac1167e9b61d4bdbe42d07c169348272,dose_05/labels/test/land_pad__8225.txt,7c7e2e2e273f9d87235a36c1bbf1d200b48c90860ddd407a67f445571f0ad3d0,1052,961,1
0,0.0,1.0,land_pad__8250.jpg,land_pad,8250,2b3bf29d8c8d62ee73b1147bfc3f1c188fa583ac6d709e7cf2be582348530de4,d0a7dd237afab2a948411292c50dee46a64bde0d8a6a728823d8de0fdfbba94c,dose_00/images/test/land_pad__8250.jpg,2b3bf29d8c8d62ee73b1147bfc3f1c188fa583ac6d709e7cf2be582348530de4,dose_00/labels/test/land_pad__8250.txt,d0a7dd237afab2a948411292c50dee46a64bde0d8a6a728823d8de0fdfbba94c,1052,961,1
1,0.15,0.85,land_pad__8250.jpg,land_pad,8250,2b3bf29d8c8d62ee73b1147bfc3f1c188fa583ac6d709e7cf2be582348530de4,d0a7dd237afab2a948411292c50dee46a64bde0d8a6a728823d8de0fdfbba94c,dose_01/images/test/land_pad__8250.png,4a2e16813608e0aa5debae2cdd97b6d458ffbf5e46ca712600dd721050867891,dose_01/labels/test/land_pad__8250.txt,d0a7dd237afab2a948411292c50dee46a64bde0d8a6a728823d8de0fdfbba94c,1052,961,1
2,0.3,0.7,land_pad__8250.jpg,land_pad,8250,2b3bf29d8c8d62ee73b1147bfc3f1c188fa583ac6d709e7cf2be582348530de4,d0a7dd237afab2a948411292c50dee46a64bde0d8a6a728823d8de0fdfbba94c,dose_02/images/test/land_pad__8250.png,85dbeb384f6970adb946cfe66e96d38db43fa0123bdc257b11cdde31141612c9,dose_02/labels/test/land_pad__8250.txt,d0a7dd237afab2a948411292c50dee46a64bde0d8a6a728823d8de0fdfbba94c,1052,961,1
3,0.45,0.55,land_pad__8250.jpg,land_pad,8250,2b3bf29d8c8d62ee73b1147bfc3f1c188fa583ac6d709e7cf2be582348530de4,d0a7dd237afab2a948411292c50dee46a64bde0d8a6a728823d8de0fdfbba94c,dose_03/images/test/land_pad__8250.png,f4edc2410890b08936142b39c9d2650cfed0f0634a163f865e3277814c8fb4b8,dose_03/labels/test/land_pad__8250.txt,d0a7dd237afab2a948411292c50dee46a64bde0d8a6a728823d8de0fdfbba94c,1052,961,1
4,0.6,0.4,land_pad__8250.jpg,land_pad,8250,2b3bf29d8c8d62ee73b1147bfc3f1c188fa583ac6d709e7cf2be582348530de4,d0a7dd237afab2a948411292c50dee46a64bde0d8a6a728823d8de0fdfbba94c,dose_04/images/test/land_pad__8250.png,8e3d5db599a2c164aa602d1c4f8f8f101216fa4afdb868e231a26dd5205f484c,dose_04/labels/test/land_pad__8250.txt,d0a7dd237afab2a948411292c50dee46a64bde0d8a6a728823d8de0fdfbba94c,1052,961,1
5,0.75,0.25,land_pad__8250.jpg,land_pad,8250,2b3bf29d8c8d62ee73b1147bfc3f1c188fa583ac6d709e7cf2be582348530de4,d0a7dd237afab2a948411292c50dee46a64bde0d8a6a728823d8de0fdfbba94c,dose_05/images/test/land_pad__8250.png,c1b7b197a0a197441b5cbd82e592e1e43f54953ada7adf267e3f8b57aa0af28b,dose_05/labels/test/land_pad__8250.txt,d0a7dd237afab2a948411292c50dee46a64bde0d8a6a728823d8de0fdfbba94c,1052,961,1
0,0.0,1.0,land_pad__8275.jpg,land_pad,8275,01972f1a8a1fdc60eb55748e3ccfc0f85ee30b9c4db008e1cda79b67006dc45e,673dc179246af7e819c5b3eb2656fb351bf195c1b672d1ffe569d42cb767a3db,dose_00/images/test/land_pad__8275.jpg,01972f1a8a1fdc60eb55748e3ccfc0f85ee30b9c4db008e1cda79b67006dc45e,dose_00/labels/test/land_pad__8275.txt,673dc179246af7e819c5b3eb2656fb351bf195c1b672d1ffe569d42cb767a3db,1052,961,1
1,0.15,0.85,land_pad__8275.jpg,land_pad,8275,01972f1a8a1fdc60eb55748e3ccfc0f85ee30b9c4db008e1cda79b67006dc45e,673dc179246af7e819c5b3eb2656fb351bf195c1b672d1ffe569d42cb767a3db,dose_01/images/test/land_pad__8275.png,a71d8743f20155072aad839db3b4f01fbd8d0fd8796fa49ddde6783faa72a4fc,dose_01/labels/test/land_pad__8275.txt,673dc179246af7e819c5b3eb2656fb351bf195c1b672d1ffe569d42cb767a3db,1052,961,1
2,0.3,0.7,land_pad__8275.jpg,land_pad,8275,01972f1a8a1fdc60eb55748e3ccfc0f85ee30b9c4db008e1cda79b67006dc45e,673dc179246af7e819c5b3eb2656fb351bf195c1b672d1ffe569d42cb767a3db,dose_02/images/test/land_pad__8275.png,bda1fc88bbd2629f9a5b2fce173c542066f636a4c23e00eac083b0301a49b47a,dose_02/labels/test/land_pad__8275.txt,673dc179246af7e819c5b3eb2656fb351bf195c1b672d1ffe569d42cb767a3db,1052,961,1
3,0.45,0.55,land_pad__8275.jpg,land_pad,8275,01972f1a8a1fdc60eb55748e3ccfc0f85ee30b9c4db008e1cda79b67006dc45e,673dc179246af7e819c5b3eb2656fb351bf195c1b672d1ffe569d42cb767a3db,dose_03/images/test/land_pad__8275.png,607d954e486549cfa934a5e7db1ab7b97dc154ccb81309fd56323944153b1231,dose_03/labels/test/land_pad__8275.txt,673dc179246af7e819c5b3eb2656fb351bf195c1b672d1ffe569d42cb767a3db,1052,961,1
4,0.6,0.4,land_pad__8275.jpg,land_pad,8275,01972f1a8a1fdc60eb55748e3ccfc0f85ee30b9c4db008e1cda79b67006dc45e,673dc179246af7e819c5b3eb2656fb351bf195c1b672d1ffe569d42cb767a3db,dose_04/images/test/land_pad__8275.png,42663c4ede24cc4f872778d43bce89d3e58e7d488daf5dc50c32181904bf692c,dose_04/labels/test/land_pad__8275.txt,673dc179246af7e819c5b3eb2656fb351bf195c1b672d1ffe569d42cb767a3db,1052,961,1
5,0.75,0.25,land_pad__8275.jpg,land_pad,8275,01972f1a8a1fdc60eb55748e3ccfc0f85ee30b9c4db008e1cda79b67006dc45e,673dc179246af7e819c5b3eb2656fb351bf195c1b672d1ffe569d42cb767a3db,dose_05/images/test/land_pad__8275.png,2719e16f3083249f252b7a15055c98ed2ba6d615436c4bd5e67bf0640db4bc59,dose_05/labels/test/land_pad__8275.txt,673dc179246af7e819c5b3eb2656fb351bf195c1b672d1ffe569d42cb767a3db,1052,961,1
0,0.0,1.0,land_pad__8300.jpg,land_pad,8300,b04283431924dad2fe374a961aafe26bf1a1b0933f186a7af58d38aad1842784,2a0e8af2f45359532c43447ac2a264750429ee0827e43d1b8816564b34f64a04,dose_00/images/test/land_pad__8300.jpg,b04283431924dad2fe374a961aafe26bf1a1b0933f186a7af58d38aad1842784,dose_00/labels/test/land_pad__8300.txt,2a0e8af2f45359532c43447ac2a264750429ee0827e43d1b8816564b34f64a04,1052,961,1
1,0.15,0.85,land_pad__8300.jpg,land_pad,8300,b04283431924dad2fe374a961aafe26bf1a1b0933f186a7af58d38aad1842784,2a0e8af2f45359532c43447ac2a264750429ee0827e43d1b8816564b34f64a04,dose_01/images/test/land_pad__8300.png,50934d91c52c1ed92971d07a495742581396ff6eb8fa98ca43d5c9358b732fdb,dose_01/labels/test/land_pad__8300.txt,2a0e8af2f45359532c43447ac2a264750429ee0827e43d1b8816564b34f64a04,1052,961,1
2,0.3,0.7,land_pad__8300.jpg,land_pad,8300,b04283431924dad2fe374a961aafe26bf1a1b0933f186a7af58d38aad1842784,2a0e8af2f45359532c43447ac2a264750429ee0827e43d1b8816564b34f64a04,dose_02/images/test/land_pad__8300.png,fd0d519024f3e1739a7c0d407d33883803376462f3edc2aff9001029d72a841b,dose_02/labels/test/land_pad__8300.txt,2a0e8af2f45359532c43447ac2a264750429ee0827e43d1b8816564b34f64a04,1052,961,1
3,0.45,0.55,land_pad__8300.jpg,land_pad,8300,b04283431924dad2fe374a961aafe26bf1a1b0933f186a7af58d38aad1842784,2a0e8af2f45359532c43447ac2a264750429ee0827e43d1b8816564b34f64a04,dose_03/images/test/land_pad__8300.png,c403cb8338e3b89878451d760f48b33bea784e1ca00e2d9a35a6c43db67601d7,dose_03/labels/test/land_pad__8300.txt,2a0e8af2f45359532c43447ac2a264750429ee0827e43d1b8816564b34f64a04,1052,961,1
4,0.6,0.4,land_pad__8300.jpg,land_pad,8300,b04283431924dad2fe374a961aafe26bf1a1b0933f186a7af58d38aad1842784,2a0e8af2f45359532c43447ac2a264750429ee0827e43d1b8816564b34f64a04,dose_04/images/test/land_pad__8300.png,db2f9b512053338702bf19c5f468a26d56020fb04a60a5f0e3bf914e2c9ed8fd,dose_04/labels/test/land_pad__8300.txt,2a0e8af2f45359532c43447ac2a264750429ee0827e43d1b8816564b34f64a04,1052,961,1
5,0.75,0.25,land_pad__8300.jpg,land_pad,8300,b04283431924dad2fe374a961aafe26bf1a1b0933f186a7af58d38aad1842784,2a0e8af2f45359532c43447ac2a264750429ee0827e43d1b8816564b34f64a04,dose_05/images/test/land_pad__8300.png,a2da822795f2e60e2c4bde2206e0187751ec37d3238d117a464f97ecb77b48b1,dose_05/labels/test/land_pad__8300.txt,2a0e8af2f45359532c43447ac2a264750429ee0827e43d1b8816564b34f64a04,1052,961,1
0,0.0,1.0,land_pad__8325.jpg,land_pad,8325,b49b68d889b1a7dd72f1ea7ac6b7094649da4ff30127e87d53be5d4522f7a009,3d08310e00486ca341ff468be021dda220469547b4c03249660ac6adb4a99e33,dose_00/images/test/land_pad__8325.jpg,b49b68d889b1a7dd72f1ea7ac6b7094649da4ff30127e87d53be5d4522f7a009,dose_00/labels/test/land_pad__8325.txt,3d08310e00486ca341ff468be021dda220469547b4c03249660ac6adb4a99e33,1052,961,1
1,0.15,0.85,land_pad__8325.jpg,land_pad,8325,b49b68d889b1a7dd72f1ea7ac6b7094649da4ff30127e87d53be5d4522f7a009,3d08310e00486ca341ff468be021dda220469547b4c03249660ac6adb4a99e33,dose_01/images/test/land_pad__8325.png,d512643b050b9948ab3e0cc274af0631b0ceae97ab04e049b4a22eb205b8c963,dose_01/labels/test/land_pad__8325.txt,3d08310e00486ca341ff468be021dda220469547b4c03249660ac6adb4a99e33,1052,961,1
2,0.3,0.7,land_pad__8325.jpg,land_pad,8325,b49b68d889b1a7dd72f1ea7ac6b7094649da4ff30127e87d53be5d4522f7a009,3d08310e00486ca341ff468be021dda220469547b4c03249660ac6adb4a99e33,dose_02/images/test/land_pad__8325.png,54d698fecb395be0879278b4dcffc600195aff1658b9181934c664ff17d8d8d7,dose_02/labels/test/land_pad__8325.txt,3d08310e00486ca341ff468be021dda220469547b4c03249660ac6adb4a99e33,1052,961,1
3,0.45,0.55,land_pad__8325.jpg,land_pad,8325,b49b68d889b1a7dd72f1ea7ac6b7094649da4ff30127e87d53be5d4522f7a009,3d08310e00486ca341ff468be021dda220469547b4c03249660ac6adb4a99e33,dose_03/images/test/land_pad__8325.png,900187f673c3f954e3b541cfc3aa2f07f53c19cf8f85c2f9eaff846d6f0790be,dose_03/labels/test/land_pad__8325.txt,3d08310e00486ca341ff468be021dda220469547b4c03249660ac6adb4a99e33,1052,961,1
4,0.6,0.4,land_pad__8325.jpg,land_pad,8325,b49b68d889b1a7dd72f1ea7ac6b7094649da4ff30127e87d53be5d4522f7a009,3d08310e00486ca341ff468be021dda220469547b4c03249660ac6adb4a99e33,dose_04/images/test/land_pad__8325.png,0f8f4b44f1f3dd0cff9556e0ed2bf22269b4063af6b21b9285d2e46247506386,dose_04/labels/test/land_pad__8325.txt,3d08310e00486ca341ff468be021dda220469547b4c03249660ac6adb4a99e33,1052,961,1
5,0.75,0.25,land_pad__8325.jpg,land_pad,8325,b49b68d889b1a7dd72f1ea7ac6b7094649da4ff30127e87d53be5d4522f7a009,3d08310e00486ca341ff468be021dda220469547b4c03249660ac6adb4a99e33,dose_05/images/test/land_pad__8325.png,a7d7e57d78667de7b3f7dc17728913742c6b5cafeedf0526b5c0878ec9cccbd2,dose_05/labels/test/land_pad__8325.txt,3d08310e00486ca341ff468be021dda220469547b4c03249660ac6adb4a99e33,1052,961,1
0,0.0,1.0,land_pad__8350.jpg,land_pad,8350,158453c45ef146187cf8f3dc2ebf2bab7dee88e99ceef40de33f44b56daa69c6,6f5c30072dd8aed52ba6e47151b47d631a9d03fac6eae1ef886f9f10f8255a02,dose_00/images/test/land_pad__8350.jpg,158453c45ef146187cf8f3dc2ebf2bab7dee88e99ceef40de33f44b56daa69c6,dose_00/labels/test/land_pad__8350.txt,6f5c30072dd8aed52ba6e47151b47d631a9d03fac6eae1ef886f9f10f8255a02,1052,961,1
1,0.15,0.85,land_pad__8350.jpg,land_pad,8350,158453c45ef146187cf8f3dc2ebf2bab7dee88e99ceef40de33f44b56daa69c6,6f5c30072dd8aed52ba6e47151b47d631a9d03fac6eae1ef886f9f10f8255a02,dose_01/images/test/land_pad__8350.png,ed2f26e7106fe84b113955e184e911be7bca1a0096f5a34679fcd54209de8906,dose_01/labels/test/land_pad__8350.txt,6f5c30072dd8aed52ba6e47151b47d631a9d03fac6eae1ef886f9f10f8255a02,1052,961,1
2,0.3,0.7,land_pad__8350.jpg,land_pad,8350,158453c45ef146187cf8f3dc2ebf2bab7dee88e99ceef40de33f44b56daa69c6,6f5c30072dd8aed52ba6e47151b47d631a9d03fac6eae1ef886f9f10f8255a02,dose_02/images/test/land_pad__8350.png,f5dbd73bb06840c059b5d75cfd9e15a66943ea1d26b772de25397f1e0ddaf14a,dose_02/labels/test/land_pad__8350.txt,6f5c30072dd8aed52ba6e47151b47d631a9d03fac6eae1ef886f9f10f8255a02,1052,961,1
3,0.45,0.55,land_pad__8350.jpg,land_pad,8350,158453c45ef146187cf8f3dc2ebf2bab7dee88e99ceef40de33f44b56daa69c6,6f5c30072dd8aed52ba6e47151b47d631a9d03fac6eae1ef886f9f10f8255a02,dose_03/images/test/land_pad__8350.png,77e67226251de9a5db8d94b70bdb6263963f8fd96fe5d2203e432236fd557669,dose_03/labels/test/land_pad__8350.txt,6f5c30072dd8aed52ba6e47151b47d631a9d03fac6eae1ef886f9f10f8255a02,1052,961,1
4,0.6,0.4,land_pad__8350.jpg,land_pad,8350,158453c45ef146187cf8f3dc2ebf2bab7dee88e99ceef40de33f44b56daa69c6,6f5c30072dd8aed52ba6e47151b47d631a9d03fac6eae1ef886f9f10f8255a02,dose_04/images/test/land_pad__8350.png,9bb06cc12f7d194ba2520fd4684e78bb5bf2387aa91a46f94eacd4bde188c375,dose_04/labels/test/land_pad__8350.txt,6f5c30072dd8aed52ba6e47151b47d631a9d03fac6eae1ef886f9f10f8255a02,1052,961,1
5,0.75,0.25,land_pad__8350.jpg,land_pad,8350,158453c45ef146187cf8f3dc2ebf2bab7dee88e99ceef40de33f44b56daa69c6,6f5c30072dd8aed52ba6e47151b47d631a9d03fac6eae1ef886f9f10f8255a02,dose_05/images/test/land_pad__8350.png,52fb97629d8354c13104487ff15e0e217ea0bbcdfb7df98707d5c83c6860df6e,dose_05/labels/test/land_pad__8350.txt,6f5c30072dd8aed52ba6e47151b47d631a9d03fac6eae1ef886f9f10f8255a02,1052,961,1
0,0.0,1.0,land_pad__8375.jpg,land_pad,8375,9cae1faa5b7adeac3273818a51de581f27545b427bbd94640c2e9bcd11b368cb,20a2d735e2941f3cce972e5dfa72de4c69d210fbd58021374a0417dcf669dfb6,dose_00/images/test/land_pad__8375.jpg,9cae1faa5b7adeac3273818a51de581f27545b427bbd94640c2e9bcd11b368cb,dose_00/labels/test/land_pad__8375.txt,20a2d735e2941f3cce972e5dfa72de4c69d210fbd58021374a0417dcf669dfb6,1052,961,1
1,0.15,0.85,land_pad__8375.jpg,land_pad,8375,9cae1faa5b7adeac3273818a51de581f27545b427bbd94640c2e9bcd11b368cb,20a2d735e2941f3cce972e5dfa72de4c69d210fbd58021374a0417dcf669dfb6,dose_01/images/test/land_pad__8375.png,7ce3ab2237c9c7a6f746301a3665c46faa1e57df75e7aa21537ab32ac2860b06,dose_01/labels/test/land_pad__8375.txt,20a2d735e2941f3cce972e5dfa72de4c69d210fbd58021374a0417dcf669dfb6,1052,961,1
2,0.3,0.7,land_pad__8375.jpg,land_pad,8375,9cae1faa5b7adeac3273818a51de581f27545b427bbd94640c2e9bcd11b368cb,20a2d735e2941f3cce972e5dfa72de4c69d210fbd58021374a0417dcf669dfb6,dose_02/images/test/land_pad__8375.png,27a68681b18ed5c08bc69bd2809a247dfaa6acbe3934cc3c0ee4b9f9c996453f,dose_02/labels/test/land_pad__8375.txt,20a2d735e2941f3cce972e5dfa72de4c69d210fbd58021374a0417dcf669dfb6,1052,961,1
3,0.45,0.55,land_pad__8375.jpg,land_pad,8375,9cae1faa5b7adeac3273818a51de581f27545b427bbd94640c2e9bcd11b368cb,20a2d735e2941f3cce972e5dfa72de4c69d210fbd58021374a0417dcf669dfb6,dose_03/images/test/land_pad__8375.png,ae92572ea0fb3fdaded69875225bdadddb69364249ccbf3263abb668e7810490,dose_03/labels/test/land_pad__8375.txt,20a2d735e2941f3cce972e5dfa72de4c69d210fbd58021374a0417dcf669dfb6,1052,961,1
4,0.6,0.4,land_pad__8375.jpg,land_pad,8375,9cae1faa5b7adeac3273818a51de581f27545b427bbd94640c2e9bcd11b368cb,20a2d735e2941f3cce972e5dfa72de4c69d210fbd58021374a0417dcf669dfb6,dose_04/images/test/land_pad__8375.png,819aa28a673a4f343e607a8495133d615dc0f4a91e285ac770c2de4559b7da39,dose_04/labels/test/land_pad__8375.txt,20a2d735e2941f3cce972e5dfa72de4c69d210fbd58021374a0417dcf669dfb6,1052,961,1
5,0.75,0.25,land_pad__8375.jpg,land_pad,8375,9cae1faa5b7adeac3273818a51de581f27545b427bbd94640c2e9bcd11b368cb,20a2d735e2941f3cce972e5dfa72de4c69d210fbd58021374a0417dcf669dfb6,dose_05/images/test/land_pad__8375.png,5ae55d17bcd82e0afd664f39cbf03047e4bf692c2473b6309ca7519d9962bb92,dose_05/labels/test/land_pad__8375.txt,20a2d735e2941f3cce972e5dfa72de4c69d210fbd58021374a0417dcf669dfb6,1052,961,1
0,0.0,1.0,land_pad__8400.jpg,land_pad,8400,c303df4592f3c9f6b3b71ca9e72d59d04efe2ed8f08d3c3fa409a5b18a790ad6,63db1ef5ee99ea091e26fe063564f75e3fc98171de4493b444e7107a8b20ddb4,dose_00/images/test/land_pad__8400.jpg,c303df4592f3c9f6b3b71ca9e72d59d04efe2ed8f08d3c3fa409a5b18a790ad6,dose_00/labels/test/land_pad__8400.txt,63db1ef5ee99ea091e26fe063564f75e3fc98171de4493b444e7107a8b20ddb4,1052,961,1
1,0.15,0.85,land_pad__8400.jpg,land_pad,8400,c303df4592f3c9f6b3b71ca9e72d59d04efe2ed8f08d3c3fa409a5b18a790ad6,63db1ef5ee99ea091e26fe063564f75e3fc98171de4493b444e7107a8b20ddb4,dose_01/images/test/land_pad__8400.png,7ae8fb5c6c926df4e5c18b451d9b84dff8085bc8e8bdea5192059cfb6b91bf00,dose_01/labels/test/land_pad__8400.txt,63db1ef5ee99ea091e26fe063564f75e3fc98171de4493b444e7107a8b20ddb4,1052,961,1
2,0.3,0.7,land_pad__8400.jpg,land_pad,8400,c303df4592f3c9f6b3b71ca9e72d59d04efe2ed8f08d3c3fa409a5b18a790ad6,63db1ef5ee99ea091e26fe063564f75e3fc98171de4493b444e7107a8b20ddb4,dose_02/images/test/land_pad__8400.png,ba90f19141e136eabf48eb22b43c816136e9bd83d89829f139479b0b7e54a22e,dose_02/labels/test/land_pad__8400.txt,63db1ef5ee99ea091e26fe063564f75e3fc98171de4493b444e7107a8b20ddb4,1052,961,1
3,0.45,0.55,land_pad__8400.jpg,land_pad,8400,c303df4592f3c9f6b3b71ca9e72d59d04efe2ed8f08d3c3fa409a5b18a790ad6,63db1ef5ee99ea091e26fe063564f75e3fc98171de4493b444e7107a8b20ddb4,dose_03/images/test/land_pad__8400.png,bedbdda08a36b28004c382a31ff980b7dbd8438b5116bb7e3b4ec3663f475edb,dose_03/labels/test/land_pad__8400.txt,63db1ef5ee99ea091e26fe063564f75e3fc98171de4493b444e7107a8b20ddb4,1052,961,1
4,0.6,0.4,land_pad__8400.jpg,land_pad,8400,c303df4592f3c9f6b3b71ca9e72d59d04efe2ed8f08d3c3fa409a5b18a790ad6,63db1ef5ee99ea091e26fe063564f75e3fc98171de4493b444e7107a8b20ddb4,dose_04/images/test/land_pad__8400.png,f64e142005f4fc5330c3daa305e702e7fc4cdfb6481e0131d9dd785eba44855a,dose_04/labels/test/land_pad__8400.txt,63db1ef5ee99ea091e26fe063564f75e3fc98171de4493b444e7107a8b20ddb4,1052,961,1
5,0.75,0.25,land_pad__8400.jpg,land_pad,8400,c303df4592f3c9f6b3b71ca9e72d59d04efe2ed8f08d3c3fa409a5b18a790ad6,63db1ef5ee99ea091e26fe063564f75e3fc98171de4493b444e7107a8b20ddb4,dose_05/images/test/land_pad__8400.png,f2c3453a2792e18b402524f2b2f4238c843e421178bd2d6a8f89d8cd0923c316,dose_05/labels/test/land_pad__8400.txt,63db1ef5ee99ea091e26fe063564f75e3fc98171de4493b444e7107a8b20ddb4,1052,961,1
0,0.0,1.0,land_pad__8425.jpg,land_pad,8425,fc0779ed449aaf79cd0aa3627b5d700dc8b06bd1da97fc68ac6f362e7c418913,de72004ecea516562b59c15a59db3a200e2f28f9a439546e8afdb81ceca42cd1,dose_00/images/test/land_pad__8425.jpg,fc0779ed449aaf79cd0aa3627b5d700dc8b06bd1da97fc68ac6f362e7c418913,dose_00/labels/test/land_pad__8425.txt,de72004ecea516562b59c15a59db3a200e2f28f9a439546e8afdb81ceca42cd1,1052,961,1
1,0.15,0.85,land_pad__8425.jpg,land_pad,8425,fc0779ed449aaf79cd0aa3627b5d700dc8b06bd1da97fc68ac6f362e7c418913,de72004ecea516562b59c15a59db3a200e2f28f9a439546e8afdb81ceca42cd1,dose_01/images/test/land_pad__8425.png,9e6c2b09a67ae48c823394fe1945a9898efb5856307a32641c1a76053ee8f584,dose_01/labels/test/land_pad__8425.txt,de72004ecea516562b59c15a59db3a200e2f28f9a439546e8afdb81ceca42cd1,1052,961,1
2,0.3,0.7,land_pad__8425.jpg,land_pad,8425,fc0779ed449aaf79cd0aa3627b5d700dc8b06bd1da97fc68ac6f362e7c418913,de72004ecea516562b59c15a59db3a200e2f28f9a439546e8afdb81ceca42cd1,dose_02/images/test/land_pad__8425.png,ac49ec14b0b46ed41fd814acc72858b19a8b0bbfbd1d963b2d3dfa0f496c9186,dose_02/labels/test/land_pad__8425.txt,de72004ecea516562b59c15a59db3a200e2f28f9a439546e8afdb81ceca42cd1,1052,961,1
3,0.45,0.55,land_pad__8425.jpg,land_pad,8425,fc0779ed449aaf79cd0aa3627b5d700dc8b06bd1da97fc68ac6f362e7c418913,de72004ecea516562b59c15a59db3a200e2f28f9a439546e8afdb81ceca42cd1,dose_03/images/test/land_pad__8425.png,717f289d417256df6e800b256fc2002e0bbb30a2533da368bc044051aa7f3621,dose_03/labels/test/land_pad__8425.txt,de72004ecea516562b59c15a59db3a200e2f28f9a439546e8afdb81ceca42cd1,1052,961,1
4,0.6,0.4,land_pad__8425.jpg,land_pad,8425,fc0779ed449aaf79cd0aa3627b5d700dc8b06bd1da97fc68ac6f362e7c418913,de72004ecea516562b59c15a59db3a200e2f28f9a439546e8afdb81ceca42cd1,dose_04/images/test/land_pad__8425.png,9bb7fa8f7e7330eeb9bd800dc99d4e9faa4ea3125c8a2478566ca3796965aec2,dose_04/labels/test/land_pad__8425.txt,de72004ecea516562b59c15a59db3a200e2f28f9a439546e8afdb81ceca42cd1,1052,961,1
5,0.75,0.25,land_pad__8425.jpg,land_pad,8425,fc0779ed449aaf79cd0aa3627b5d700dc8b06bd1da97fc68ac6f362e7c418913,de72004ecea516562b59c15a59db3a200e2f28f9a439546e8afdb81ceca42cd1,dose_05/images/test/land_pad__8425.png,a76b32ea1a35ecb902b0b12c595b2089a3413dbe4609c5d2e33de37530c9c9ad,dose_05/labels/test/land_pad__8425.txt,de72004ecea516562b59c15a59db3a200e2f28f9a439546e8afdb81ceca42cd1,1052,961,1
0,0.0,1.0,land_pad__8450.jpg,land_pad,8450,9cc43d6bf31a15278dc1868e646bff8db83372ce83853a48b9d4fd83374bd479,30d8adbc2b59f778834b2c7163397040c27c065f14d643a5968a53b7d9c4a59c,dose_00/images/test/land_pad__8450.jpg,9cc43d6bf31a15278dc1868e646bff8db83372ce83853a48b9d4fd83374bd479,dose_00/labels/test/land_pad__8450.txt,30d8adbc2b59f778834b2c7163397040c27c065f14d643a5968a53b7d9c4a59c,1052,961,1
1,0.15,0.85,land_pad__8450.jpg,land_pad,8450,9cc43d6bf31a15278dc1868e646bff8db83372ce83853a48b9d4fd83374bd479,30d8adbc2b59f778834b2c7163397040c27c065f14d643a5968a53b7d9c4a59c,dose_01/images/test/land_pad__8450.png,3e80c76d39acf250f2683b237d7daff0e321097fb5d489587e218bbbd907945f,dose_01/labels/test/land_pad__8450.txt,30d8adbc2b59f778834b2c7163397040c27c065f14d643a5968a53b7d9c4a59c,1052,961,1
2,0.3,0.7,land_pad__8450.jpg,land_pad,8450,9cc43d6bf31a15278dc1868e646bff8db83372ce83853a48b9d4fd83374bd479,30d8adbc2b59f778834b2c7163397040c27c065f14d643a5968a53b7d9c4a59c,dose_02/images/test/land_pad__8450.png,a5a9a8f946b08a6402f61e78da7c8135628339c7888663e9b13b1bc0c836252a,dose_02/labels/test/land_pad__8450.txt,30d8adbc2b59f778834b2c7163397040c27c065f14d643a5968a53b7d9c4a59c,1052,961,1
3,0.45,0.55,land_pad__8450.jpg,land_pad,8450,9cc43d6bf31a15278dc1868e646bff8db83372ce83853a48b9d4fd83374bd479,30d8adbc2b59f778834b2c7163397040c27c065f14d643a5968a53b7d9c4a59c,dose_03/images/test/land_pad__8450.png,1eb81c9f9aedd58262ca34b2a9822da6eb2ea5019325ddc6cd84173ab00f7066,dose_03/labels/test/land_pad__8450.txt,30d8adbc2b59f778834b2c7163397040c27c065f14d643a5968a53b7d9c4a59c,1052,961,1
4,0.6,0.4,land_pad__8450.jpg,land_pad,8450,9cc43d6bf31a15278dc1868e646bff8db83372ce83853a48b9d4fd83374bd479,30d8adbc2b59f778834b2c7163397040c27c065f14d643a5968a53b7d9c4a59c,dose_04/images/test/land_pad__8450.png,469044b64a3477ca493f5c69e14059b6c7df1875278047d35df8da0606eaf4c1,dose_04/labels/test/land_pad__8450.txt,30d8adbc2b59f778834b2c7163397040c27c065f14d643a5968a53b7d9c4a59c,1052,961,1
5,0.75,0.25,land_pad__8450.jpg,land_pad,8450,9cc43d6bf31a15278dc1868e646bff8db83372ce83853a48b9d4fd83374bd479,30d8adbc2b59f778834b2c7163397040c27c065f14d643a5968a53b7d9c4a59c,dose_05/images/test/land_pad__8450.png,94634e4cc86ac1eb237d6cae27ec5c2c50c5f3d1b1317b2027dcb1600e1eb4fb,dose_05/labels/test/land_pad__8450.txt,30d8adbc2b59f778834b2c7163397040c27c065f14d643a5968a53b7d9c4a59c,1052,961,1
0,0.0,1.0,land_pad__8475.jpg,land_pad,8475,7dbe1754425bc79dd4cdd0c0545c199e744f7522f2a5e5bc168d74f261d81b7d,bfd53fbe9fa7d5111a610202c9319d80af21f6c46cae2d68c104a7371103e2fc,dose_00/images/test/land_pad__8475.jpg,7dbe1754425bc79dd4cdd0c0545c199e744f7522f2a5e5bc168d74f261d81b7d,dose_00/labels/test/land_pad__8475.txt,bfd53fbe9fa7d5111a610202c9319d80af21f6c46cae2d68c104a7371103e2fc,1052,961,1
1,0.15,0.85,land_pad__8475.jpg,land_pad,8475,7dbe1754425bc79dd4cdd0c0545c199e744f7522f2a5e5bc168d74f261d81b7d,bfd53fbe9fa7d5111a610202c9319d80af21f6c46cae2d68c104a7371103e2fc,dose_01/images/test/land_pad__8475.png,7e64d05d1b573f6ddd6a76b55b205a298c4b9157b7857ecb80f2a375b6ad4736,dose_01/labels/test/land_pad__8475.txt,bfd53fbe9fa7d5111a610202c9319d80af21f6c46cae2d68c104a7371103e2fc,1052,961,1
2,0.3,0.7,land_pad__8475.jpg,land_pad,8475,7dbe1754425bc79dd4cdd0c0545c199e744f7522f2a5e5bc168d74f261d81b7d,bfd53fbe9fa7d5111a610202c9319d80af21f6c46cae2d68c104a7371103e2fc,dose_02/images/test/land_pad__8475.png,91dd680e23cbee49714f5b8f9ad5f6ee96df7bf3cbadd9c081640d0e7759b502,dose_02/labels/test/land_pad__8475.txt,bfd53fbe9fa7d5111a610202c9319d80af21f6c46cae2d68c104a7371103e2fc,1052,961,1
3,0.45,0.55,land_pad__8475.jpg,land_pad,8475,7dbe1754425bc79dd4cdd0c0545c199e744f7522f2a5e5bc168d74f261d81b7d,bfd53fbe9fa7d5111a610202c9319d80af21f6c46cae2d68c104a7371103e2fc,dose_03/images/test/land_pad__8475.png,2a701140a23241c1cad574e2988e01041cbddd637d2fe5d9a8a79475ad26c4dd,dose_03/labels/test/land_pad__8475.txt,bfd53fbe9fa7d5111a610202c9319d80af21f6c46cae2d68c104a7371103e2fc,1052,961,1
4,0.6,0.4,land_pad__8475.jpg,land_pad,8475,7dbe1754425bc79dd4cdd0c0545c199e744f7522f2a5e5bc168d74f261d81b7d,bfd53fbe9fa7d5111a610202c9319d80af21f6c46cae2d68c104a7371103e2fc,dose_04/images/test/land_pad__8475.png,db63d2eba70b32376e30dae776ad98475414ade0095cfdf25d4a5c1f9a425a52,dose_04/labels/test/land_pad__8475.txt,bfd53fbe9fa7d5111a610202c9319d80af21f6c46cae2d68c104a7371103e2fc,1052,961,1
5,0.75,0.25,land_pad__8475.jpg,land_pad,8475,7dbe1754425bc79dd4cdd0c0545c199e744f7522f2a5e5bc168d74f261d81b7d,bfd53fbe9fa7d5111a610202c9319d80af21f6c46cae2d68c104a7371103e2fc,dose_05/images/test/land_pad__8475.png,705391ad00a8b59f1b422781dd44a3cc319d42a445ebc3225c47ff6674ef1b49,dose_05/labels/test/land_pad__8475.txt,bfd53fbe9fa7d5111a610202c9319d80af21f6c46cae2d68c104a7371103e2fc,1052,961,1
0,0.0,1.0,land_pad__8500.jpg,land_pad,8500,076a2d0708a55343260cdfabdca735efaded7890078490b5847d97006ab5eaaf,39c15a955cf0d48ea5684547981f730961781f42f5c888d0989a5234df91e0d3,dose_00/images/test/land_pad__8500.jpg,076a2d0708a55343260cdfabdca735efaded7890078490b5847d97006ab5eaaf,dose_00/labels/test/land_pad__8500.txt,39c15a955cf0d48ea5684547981f730961781f42f5c888d0989a5234df91e0d3,1052,961,1
1,0.15,0.85,land_pad__8500.jpg,land_pad,8500,076a2d0708a55343260cdfabdca735efaded7890078490b5847d97006ab5eaaf,39c15a955cf0d48ea5684547981f730961781f42f5c888d0989a5234df91e0d3,dose_01/images/test/land_pad__8500.png,6e3b99ae63b05e9e0c58c3a4e9c08fae12e5ba3b0cfa934376f6f2931c8ab010,dose_01/labels/test/land_pad__8500.txt,39c15a955cf0d48ea5684547981f730961781f42f5c888d0989a5234df91e0d3,1052,961,1
2,0.3,0.7,land_pad__8500.jpg,land_pad,8500,076a2d0708a55343260cdfabdca735efaded7890078490b5847d97006ab5eaaf,39c15a955cf0d48ea5684547981f730961781f42f5c888d0989a5234df91e0d3,dose_02/images/test/land_pad__8500.png,4a1e393bfb76afdd6d9d3160f40de25ff7f2ddfc811a3c2ce8d4c16fad0097a3,dose_02/labels/test/land_pad__8500.txt,39c15a955cf0d48ea5684547981f730961781f42f5c888d0989a5234df91e0d3,1052,961,1
3,0.45,0.55,land_pad__8500.jpg,land_pad,8500,076a2d0708a55343260cdfabdca735efaded7890078490b5847d97006ab5eaaf,39c15a955cf0d48ea5684547981f730961781f42f5c888d0989a5234df91e0d3,dose_03/images/test/land_pad__8500.png,c49f994397da7db3662eb28baea9377b440fbd13333345edd14a5a4f6d4427b8,dose_03/labels/test/land_pad__8500.txt,39c15a955cf0d48ea5684547981f730961781f42f5c888d0989a5234df91e0d3,1052,961,1
4,0.6,0.4,land_pad__8500.jpg,land_pad,8500,076a2d0708a55343260cdfabdca735efaded7890078490b5847d97006ab5eaaf,39c15a955cf0d48ea5684547981f730961781f42f5c888d0989a5234df91e0d3,dose_04/images/test/land_pad__8500.png,889394a55e46e01b1ae7253dd256b7bd5fdacbce92a214abfbe164447387a0a1,dose_04/labels/test/land_pad__8500.txt,39c15a955cf0d48ea5684547981f730961781f42f5c888d0989a5234df91e0d3,1052,961,1
5,0.75,0.25,land_pad__8500.jpg,land_pad,8500,076a2d0708a55343260cdfabdca735efaded7890078490b5847d97006ab5eaaf,39c15a955cf0d48ea5684547981f730961781f42f5c888d0989a5234df91e0d3,dose_05/images/test/land_pad__8500.png,da226cab12426e1ad65dc242538ae67ce3430a9881e2da09e9b38f1d8b01f4a9,dose_05/labels/test/land_pad__8500.txt,39c15a955cf0d48ea5684547981f730961781f42f5c888d0989a5234df91e0d3,1052,961,1
0,0.0,1.0,land_pad__8525.jpg,land_pad,8525,23444a7b38bedcf9bac654c81f469fb194194f9b44c3cef4e952a8de9eede7c6,ba7e0af43190f33a32c699ce98effe7439e2f5c9bd8b92a29001cbe940083914,dose_00/images/test/land_pad__8525.jpg,23444a7b38bedcf9bac654c81f469fb194194f9b44c3cef4e952a8de9eede7c6,dose_00/labels/test/land_pad__8525.txt,ba7e0af43190f33a32c699ce98effe7439e2f5c9bd8b92a29001cbe940083914,1052,961,1
1,0.15,0.85,land_pad__8525.jpg,land_pad,8525,23444a7b38bedcf9bac654c81f469fb194194f9b44c3cef4e952a8de9eede7c6,ba7e0af43190f33a32c699ce98effe7439e2f5c9bd8b92a29001cbe940083914,dose_01/images/test/land_pad__8525.png,48b7e40a1e1a24e61e44695484e6e646f9451a06cded8cd2f5f84ef397de1827,dose_01/labels/test/land_pad__8525.txt,ba7e0af43190f33a32c699ce98effe7439e2f5c9bd8b92a29001cbe940083914,1052,961,1
2,0.3,0.7,land_pad__8525.jpg,land_pad,8525,23444a7b38bedcf9bac654c81f469fb194194f9b44c3cef4e952a8de9eede7c6,ba7e0af43190f33a32c699ce98effe7439e2f5c9bd8b92a29001cbe940083914,dose_02/images/test/land_pad__8525.png,22958aec3d24969c5b1d7bb3464f50f92d273a890d75bb9851da6faf6500f6cd,dose_02/labels/test/land_pad__8525.txt,ba7e0af43190f33a32c699ce98effe7439e2f5c9bd8b92a29001cbe940083914,1052,961,1
3,0.45,0.55,land_pad__8525.jpg,land_pad,8525,23444a7b38bedcf9bac654c81f469fb194194f9b44c3cef4e952a8de9eede7c6,ba7e0af43190f33a32c699ce98effe7439e2f5c9bd8b92a29001cbe940083914,dose_03/images/test/land_pad__8525.png,facd99234101e2ed62f8f89fefcc3aaaf6fa8bd6e3fdcb978330e6230cf1bac5,dose_03/labels/test/land_pad__8525.txt,ba7e0af43190f33a32c699ce98effe7439e2f5c9bd8b92a29001cbe940083914,1052,961,1
4,0.6,0.4,land_pad__8525.jpg,land_pad,8525,23444a7b38bedcf9bac654c81f469fb194194f9b44c3cef4e952a8de9eede7c6,ba7e0af43190f33a32c699ce98effe7439e2f5c9bd8b92a29001cbe940083914,dose_04/images/test/land_pad__8525.png,b76296fe78553aebe0afffd6af3469ecdc3129cb7f3be3ff25402e2808afcd29,dose_04/labels/test/land_pad__8525.txt,ba7e0af43190f33a32c699ce98effe7439e2f5c9bd8b92a29001cbe940083914,1052,961,1
5,0.75,0.25,land_pad__8525.jpg,land_pad,8525,23444a7b38bedcf9bac654c81f469fb194194f9b44c3cef4e952a8de9eede7c6,ba7e0af43190f33a32c699ce98effe7439e2f5c9bd8b92a29001cbe940083914,dose_05/images/test/land_pad__8525.png,ec3c810c6d2e9fdee5d36f48a26ad353edafed2a4c4f8b92dc22bd5cf02e6b01,dose_05/labels/test/land_pad__8525.txt,ba7e0af43190f33a32c699ce98effe7439e2f5c9bd8b92a29001cbe940083914,1052,961,1
0,0.0,1.0,land_pad__8550.jpg,land_pad,8550,1b3f9ea6f00333c1cbdacccded1f23cc21910edfdfe00166c81ecd463a41a85d,abe728f55db27701c50ca734a5ff477dfa015818a4b35579c48ca9948b001eb4,dose_00/images/test/land_pad__8550.jpg,1b3f9ea6f00333c1cbdacccded1f23cc21910edfdfe00166c81ecd463a41a85d,dose_00/labels/test/land_pad__8550.txt,abe728f55db27701c50ca734a5ff477dfa015818a4b35579c48ca9948b001eb4,1052,961,1
1,0.15,0.85,land_pad__8550.jpg,land_pad,8550,1b3f9ea6f00333c1cbdacccded1f23cc21910edfdfe00166c81ecd463a41a85d,abe728f55db27701c50ca734a5ff477dfa015818a4b35579c48ca9948b001eb4,dose_01/images/test/land_pad__8550.png,766f7b7874fe4c07870aa252a568cab3c8c47afb5a48a6244c1125988202bbc6,dose_01/labels/test/land_pad__8550.txt,abe728f55db27701c50ca734a5ff477dfa015818a4b35579c48ca9948b001eb4,1052,961,1
2,0.3,0.7,land_pad__8550.jpg,land_pad,8550,1b3f9ea6f00333c1cbdacccded1f23cc21910edfdfe00166c81ecd463a41a85d,abe728f55db27701c50ca734a5ff477dfa015818a4b35579c48ca9948b001eb4,dose_02/images/test/land_pad__8550.png,494aa70020e6c2b9982259e55846d2c03fa54391b9c9dcebaab8631ea5b8f251,dose_02/labels/test/land_pad__8550.txt,abe728f55db27701c50ca734a5ff477dfa015818a4b35579c48ca9948b001eb4,1052,961,1
3,0.45,0.55,land_pad__8550.jpg,land_pad,8550,1b3f9ea6f00333c1cbdacccded1f23cc21910edfdfe00166c81ecd463a41a85d,abe728f55db27701c50ca734a5ff477dfa015818a4b35579c48ca9948b001eb4,dose_03/images/test/land_pad__8550.png,eeb41f166d07b749f1790da432fb5e567c0492855766026545fa8b5427994b1b,dose_03/labels/test/land_pad__8550.txt,abe728f55db27701c50ca734a5ff477dfa015818a4b35579c48ca9948b001eb4,1052,961,1
4,0.6,0.4,land_pad__8550.jpg,land_pad,8550,1b3f9ea6f00333c1cbdacccded1f23cc21910edfdfe00166c81ecd463a41a85d,abe728f55db27701c50ca734a5ff477dfa015818a4b35579c48ca9948b001eb4,dose_04/images/test/land_pad__8550.png,14ed30a75bb979363506c36237e3f6bbf6494bb6d8d352c1276e48065d779fef,dose_04/labels/test/land_pad__8550.txt,abe728f55db27701c50ca734a5ff477dfa015818a4b35579c48ca9948b001eb4,1052,961,1
5,0.75,0.25,land_pad__8550.jpg,land_pad,8550,1b3f9ea6f00333c1cbdacccded1f23cc21910edfdfe00166c81ecd463a41a85d,abe728f55db27701c50ca734a5ff477dfa015818a4b35579c48ca9948b001eb4,dose_05/images/test/land_pad__8550.png,537459f27a648e28aeb04c6fc83205a3a5bc2eadf6742f3720006f10dacfdcaf,dose_05/labels/test/land_pad__8550.txt,abe728f55db27701c50ca734a5ff477dfa015818a4b35579c48ca9948b001eb4,1052,961,1
0,0.0,1.0,land_pad__8575.jpg,land_pad,8575,f6200186a2b19a370f1cd36156254e0a0bb31688694b33e8c560a04d2ea9aeb8,3917186d66aaac29c9c932039d5522defe50ddf1e3904931ffcc8488d10e2844,dose_00/images/test/land_pad__8575.jpg,f6200186a2b19a370f1cd36156254e0a0bb31688694b33e8c560a04d2ea9aeb8,dose_00/labels/test/land_pad__8575.txt,3917186d66aaac29c9c932039d5522defe50ddf1e3904931ffcc8488d10e2844,1052,961,1
1,0.15,0.85,land_pad__8575.jpg,land_pad,8575,f6200186a2b19a370f1cd36156254e0a0bb31688694b33e8c560a04d2ea9aeb8,3917186d66aaac29c9c932039d5522defe50ddf1e3904931ffcc8488d10e2844,dose_01/images/test/land_pad__8575.png,b6a2e4d981be9bdd1b1355f0537e708a21c18ef374177db6ddbbeeb00425b9ff,dose_01/labels/test/land_pad__8575.txt,3917186d66aaac29c9c932039d5522defe50ddf1e3904931ffcc8488d10e2844,1052,961,1
2,0.3,0.7,land_pad__8575.jpg,land_pad,8575,f6200186a2b19a370f1cd36156254e0a0bb31688694b33e8c560a04d2ea9aeb8,3917186d66aaac29c9c932039d5522defe50ddf1e3904931ffcc8488d10e2844,dose_02/images/test/land_pad__8575.png,1ecf9e4a7e38d18f92672431be5eaa00f9163ded3c534433b76bcc0474da10a2,dose_02/labels/test/land_pad__8575.txt,3917186d66aaac29c9c932039d5522defe50ddf1e3904931ffcc8488d10e2844,1052,961,1
3,0.45,0.55,land_pad__8575.jpg,land_pad,8575,f6200186a2b19a370f1cd36156254e0a0bb31688694b33e8c560a04d2ea9aeb8,3917186d66aaac29c9c932039d5522defe50ddf1e3904931ffcc8488d10e2844,dose_03/images/test/land_pad__8575.png,df332cf14f2ae62b2057abfe5034241db56be367ac1a5a185432c768560119f7,dose_03/labels/test/land_pad__8575.txt,3917186d66aaac29c9c932039d5522defe50ddf1e3904931ffcc8488d10e2844,1052,961,1
4,0.6,0.4,land_pad__8575.jpg,land_pad,8575,f6200186a2b19a370f1cd36156254e0a0bb31688694b33e8c560a04d2ea9aeb8,3917186d66aaac29c9c932039d5522defe50ddf1e3904931ffcc8488d10e2844,dose_04/images/test/land_pad__8575.png,09796d6eb5ccb2730426d58d598c9be96436f84a75fd23e34e225502d8e4fec5,dose_04/labels/test/land_pad__8575.txt,3917186d66aaac29c9c932039d5522defe50ddf1e3904931ffcc8488d10e2844,1052,961,1
5,0.75,0.25,land_pad__8575.jpg,land_pad,8575,f6200186a2b19a370f1cd36156254e0a0bb31688694b33e8c560a04d2ea9aeb8,3917186d66aaac29c9c932039d5522defe50ddf1e3904931ffcc8488d10e2844,dose_05/images/test/land_pad__8575.png,2e24986b894f3def1e484370f059304a623cad6ec295af3b479f848acc414189,dose_05/labels/test/land_pad__8575.txt,3917186d66aaac29c9c932039d5522defe50ddf1e3904931ffcc8488d10e2844,1052,961,1
0,0.0,1.0,land_pad__8600.jpg,land_pad,8600,1c589678fb62c6433481a2ddfe1164655dc5ac1efebab99d6e0026d3a5bba66a,fdeaccaa9616dfaae97b5ac9222550e439be7cdbdea5273b8f5d4103ee939d5c,dose_00/images/test/land_pad__8600.jpg,1c589678fb62c6433481a2ddfe1164655dc5ac1efebab99d6e0026d3a5bba66a,dose_00/labels/test/land_pad__8600.txt,fdeaccaa9616dfaae97b5ac9222550e439be7cdbdea5273b8f5d4103ee939d5c,1052,961,1
1,0.15,0.85,land_pad__8600.jpg,land_pad,8600,1c589678fb62c6433481a2ddfe1164655dc5ac1efebab99d6e0026d3a5bba66a,fdeaccaa9616dfaae97b5ac9222550e439be7cdbdea5273b8f5d4103ee939d5c,dose_01/images/test/land_pad__8600.png,75ff7e8af8f0928b0c567952aca38d831216da27c60975f0e8c2f062f6954874,dose_01/labels/test/land_pad__8600.txt,fdeaccaa9616dfaae97b5ac9222550e439be7cdbdea5273b8f5d4103ee939d5c,1052,961,1
2,0.3,0.7,land_pad__8600.jpg,land_pad,8600,1c589678fb62c6433481a2ddfe1164655dc5ac1efebab99d6e0026d3a5bba66a,fdeaccaa9616dfaae97b5ac9222550e439be7cdbdea5273b8f5d4103ee939d5c,dose_02/images/test/land_pad__8600.png,d87f6f3de97f37785c910968442212268a6fc41337224780cfee7d1b27b1fe12,dose_02/labels/test/land_pad__8600.txt,fdeaccaa9616dfaae97b5ac9222550e439be7cdbdea5273b8f5d4103ee939d5c,1052,961,1
3,0.45,0.55,land_pad__8600.jpg,land_pad,8600,1c589678fb62c6433481a2ddfe1164655dc5ac1efebab99d6e0026d3a5bba66a,fdeaccaa9616dfaae97b5ac9222550e439be7cdbdea5273b8f5d4103ee939d5c,dose_03/images/test/land_pad__8600.png,e2af9fc189addc73bcae875f329fda13c32e60ee5a55beaa710d30676c641836,dose_03/labels/test/land_pad__8600.txt,fdeaccaa9616dfaae97b5ac9222550e439be7cdbdea5273b8f5d4103ee939d5c,1052,961,1
4,0.6,0.4,land_pad__8600.jpg,land_pad,8600,1c589678fb62c6433481a2ddfe1164655dc5ac1efebab99d6e0026d3a5bba66a,fdeaccaa9616dfaae97b5ac9222550e439be7cdbdea5273b8f5d4103ee939d5c,dose_04/images/test/land_pad__8600.png,cefdd55c89bf725c6c04625bcd2d236a1c2807f88d496f2a46cc760ae6db7ed9,dose_04/labels/test/land_pad__8600.txt,fdeaccaa9616dfaae97b5ac9222550e439be7cdbdea5273b8f5d4103ee939d5c,1052,961,1
5,0.75,0.25,land_pad__8600.jpg,land_pad,8600,1c589678fb62c6433481a2ddfe1164655dc5ac1efebab99d6e0026d3a5bba66a,fdeaccaa9616dfaae97b5ac9222550e439be7cdbdea5273b8f5d4103ee939d5c,dose_05/images/test/land_pad__8600.png,8b06df8945c86f7629deaa42f3d31f898a78f8dfb11df0f5d0585ec120f0bafe,dose_05/labels/test/land_pad__8600.txt,fdeaccaa9616dfaae97b5ac9222550e439be7cdbdea5273b8f5d4103ee939d5c,1052,961,1
0,0.0,1.0,land_pad__8625.jpg,land_pad,8625,ac8fdc61adf6c27f481b522feb04e5cd7589e69e6d189e3e1eb1713e599a9da4,728462766d04d009381c42cf092cf98cc7d0794f8a695b8951a87570a8b97b17,dose_00/images/test/land_pad__8625.jpg,ac8fdc61adf6c27f481b522feb04e5cd7589e69e6d189e3e1eb1713e599a9da4,dose_00/labels/test/land_pad__8625.txt,728462766d04d009381c42cf092cf98cc7d0794f8a695b8951a87570a8b97b17,1052,961,1
1,0.15,0.85,land_pad__8625.jpg,land_pad,8625,ac8fdc61adf6c27f481b522feb04e5cd7589e69e6d189e3e1eb1713e599a9da4,728462766d04d009381c42cf092cf98cc7d0794f8a695b8951a87570a8b97b17,dose_01/images/test/land_pad__8625.png,f20e3440a5e334cd8fb331b6eb7819e8e16b32d61e720e56284a244af84e2fa0,dose_01/labels/test/land_pad__8625.txt,728462766d04d009381c42cf092cf98cc7d0794f8a695b8951a87570a8b97b17,1052,961,1
2,0.3,0.7,land_pad__8625.jpg,land_pad,8625,ac8fdc61adf6c27f481b522feb04e5cd7589e69e6d189e3e1eb1713e599a9da4,728462766d04d009381c42cf092cf98cc7d0794f8a695b8951a87570a8b97b17,dose_02/images/test/land_pad__8625.png,bcc3dd03c21888aa67d748a86501dc54bbc709525ff5385045a1ed27294a6667,dose_02/labels/test/land_pad__8625.txt,728462766d04d009381c42cf092cf98cc7d0794f8a695b8951a87570a8b97b17,1052,961,1
3,0.45,0.55,land_pad__8625.jpg,land_pad,8625,ac8fdc61adf6c27f481b522feb04e5cd7589e69e6d189e3e1eb1713e599a9da4,728462766d04d009381c42cf092cf98cc7d0794f8a695b8951a87570a8b97b17,dose_03/images/test/land_pad__8625.png,407b47e59b5892a83468e0207dbce3962ae011de8d7ec2c1db3250fca4890a68,dose_03/labels/test/land_pad__8625.txt,728462766d04d009381c42cf092cf98cc7d0794f8a695b8951a87570a8b97b17,1052,961,1
4,0.6,0.4,land_pad__8625.jpg,land_pad,8625,ac8fdc61adf6c27f481b522feb04e5cd7589e69e6d189e3e1eb1713e599a9da4,728462766d04d009381c42cf092cf98cc7d0794f8a695b8951a87570a8b97b17,dose_04/images/test/land_pad__8625.png,8b62bd4683900ccbf6717dab8fbbcd20f2b3122ce3bac3287fdfecf146f99d5b,dose_04/labels/test/land_pad__8625.txt,728462766d04d009381c42cf092cf98cc7d0794f8a695b8951a87570a8b97b17,1052,961,1
5,0.75,0.25,land_pad__8625.jpg,land_pad,8625,ac8fdc61adf6c27f481b522feb04e5cd7589e69e6d189e3e1eb1713e599a9da4,728462766d04d009381c42cf092cf98cc7d0794f8a695b8951a87570a8b97b17,dose_05/images/test/land_pad__8625.png,00275336bc6b0245e20577a774f65a18efa2b906dfaf98c7860815d653129853,dose_05/labels/test/land_pad__8625.txt,728462766d04d009381c42cf092cf98cc7d0794f8a695b8951a87570a8b97b17,1052,961,1
0,0.0,1.0,land_pad__8650.jpg,land_pad,8650,89749f433aaa84fc8b64dc49e8d4b96c66c0954695782074f631c6862a27d149,ff4085f86e6e9e435405d9ed6332dd3b537ebf159e6deb128d8b9b2fa4aa818f,dose_00/images/test/land_pad__8650.jpg,89749f433aaa84fc8b64dc49e8d4b96c66c0954695782074f631c6862a27d149,dose_00/labels/test/land_pad__8650.txt,ff4085f86e6e9e435405d9ed6332dd3b537ebf159e6deb128d8b9b2fa4aa818f,1052,961,1
1,0.15,0.85,land_pad__8650.jpg,land_pad,8650,89749f433aaa84fc8b64dc49e8d4b96c66c0954695782074f631c6862a27d149,ff4085f86e6e9e435405d9ed6332dd3b537ebf159e6deb128d8b9b2fa4aa818f,dose_01/images/test/land_pad__8650.png,6b01a968752e6006dd6a6799c98302c30323df046333eecf3b1d6ed84f4c2929,dose_01/labels/test/land_pad__8650.txt,ff4085f86e6e9e435405d9ed6332dd3b537ebf159e6deb128d8b9b2fa4aa818f,1052,961,1
2,0.3,0.7,land_pad__8650.jpg,land_pad,8650,89749f433aaa84fc8b64dc49e8d4b96c66c0954695782074f631c6862a27d149,ff4085f86e6e9e435405d9ed6332dd3b537ebf159e6deb128d8b9b2fa4aa818f,dose_02/images/test/land_pad__8650.png,30ded0a54cf43c2e9c4c45d1ffc040b1044a117fd20a74096f2a550c78bc3841,dose_02/labels/test/land_pad__8650.txt,ff4085f86e6e9e435405d9ed6332dd3b537ebf159e6deb128d8b9b2fa4aa818f,1052,961,1
3,0.45,0.55,land_pad__8650.jpg,land_pad,8650,89749f433aaa84fc8b64dc49e8d4b96c66c0954695782074f631c6862a27d149,ff4085f86e6e9e435405d9ed6332dd3b537ebf159e6deb128d8b9b2fa4aa818f,dose_03/images/test/land_pad__8650.png,54a79434bd35cbecff5664f32745331c24d082b5c1c737327159dc30d9a0fc78,dose_03/labels/test/land_pad__8650.txt,ff4085f86e6e9e435405d9ed6332dd3b537ebf159e6deb128d8b9b2fa4aa818f,1052,961,1
4,0.6,0.4,land_pad__8650.jpg,land_pad,8650,89749f433aaa84fc8b64dc49e8d4b96c66c0954695782074f631c6862a27d149,ff4085f86e6e9e435405d9ed6332dd3b537ebf159e6deb128d8b9b2fa4aa818f,dose_04/images/test/land_pad__8650.png,e50363e49b5576e680ae128a61bed933ff55f931ba2261d9d1f37e801c47b9e3,dose_04/labels/test/land_pad__8650.txt,ff4085f86e6e9e435405d9ed6332dd3b537ebf159e6deb128d8b9b2fa4aa818f,1052,961,1
5,0.75,0.25,land_pad__8650.jpg,land_pad,8650,89749f433aaa84fc8b64dc49e8d4b96c66c0954695782074f631c6862a27d149,ff4085f86e6e9e435405d9ed6332dd3b537ebf159e6deb128d8b9b2fa4aa818f,dose_05/images/test/land_pad__8650.png,1c0f3dba0e7163cc26c71dcaf0ee5ff8f6f927c285ff1bccdfb1aa27519a1edd,dose_05/labels/test/land_pad__8650.txt,ff4085f86e6e9e435405d9ed6332dd3b537ebf159e6deb128d8b9b2fa4aa818f,1052,961,1
0,0.0,1.0,land_pad__8675.jpg,land_pad,8675,552d1afac41c85e7aad5fc1902dbc5f0e8f5aaa3cdc4927ab54e3dea0f1f4cba,640c4d7ea3b82b7502d6645f89121e8aa4f4eef1ea255e643ab5de2bda3ecea3,dose_00/images/test/land_pad__8675.jpg,552d1afac41c85e7aad5fc1902dbc5f0e8f5aaa3cdc4927ab54e3dea0f1f4cba,dose_00/labels/test/land_pad__8675.txt,640c4d7ea3b82b7502d6645f89121e8aa4f4eef1ea255e643ab5de2bda3ecea3,1052,961,1
1,0.15,0.85,land_pad__8675.jpg,land_pad,8675,552d1afac41c85e7aad5fc1902dbc5f0e8f5aaa3cdc4927ab54e3dea0f1f4cba,640c4d7ea3b82b7502d6645f89121e8aa4f4eef1ea255e643ab5de2bda3ecea3,dose_01/images/test/land_pad__8675.png,a231304deb77afb6d7dff41fcd9ff37f9f62ec0c60dad13b51bfb1434de2db7e,dose_01/labels/test/land_pad__8675.txt,640c4d7ea3b82b7502d6645f89121e8aa4f4eef1ea255e643ab5de2bda3ecea3,1052,961,1
2,0.3,0.7,land_pad__8675.jpg,land_pad,8675,552d1afac41c85e7aad5fc1902dbc5f0e8f5aaa3cdc4927ab54e3dea0f1f4cba,640c4d7ea3b82b7502d6645f89121e8aa4f4eef1ea255e643ab5de2bda3ecea3,dose_02/images/test/land_pad__8675.png,c5d29a7787c6c4049bf50b9407bd151d7c5748fa59d01a636e09c98f92ddf581,dose_02/labels/test/land_pad__8675.txt,640c4d7ea3b82b7502d6645f89121e8aa4f4eef1ea255e643ab5de2bda3ecea3,1052,961,1
3,0.45,0.55,land_pad__8675.jpg,land_pad,8675,552d1afac41c85e7aad5fc1902dbc5f0e8f5aaa3cdc4927ab54e3dea0f1f4cba,640c4d7ea3b82b7502d6645f89121e8aa4f4eef1ea255e643ab5de2bda3ecea3,dose_03/images/test/land_pad__8675.png,95314c024ab4544c18a3abdb12c103837ff6960c7b089598c5fbe22b9a8d8836,dose_03/labels/test/land_pad__8675.txt,640c4d7ea3b82b7502d6645f89121e8aa4f4eef1ea255e643ab5de2bda3ecea3,1052,961,1
4,0.6,0.4,land_pad__8675.jpg,land_pad,8675,552d1afac41c85e7aad5fc1902dbc5f0e8f5aaa3cdc4927ab54e3dea0f1f4cba,640c4d7ea3b82b7502d6645f89121e8aa4f4eef1ea255e643ab5de2bda3ecea3,dose_04/images/test/land_pad__8675.png,80618ade4bb3ae25a2b0c34b29551da25ec840d7aa16f65e2f766c04767e5eb6,dose_04/labels/test/land_pad__8675.txt,640c4d7ea3b82b7502d6645f89121e8aa4f4eef1ea255e643ab5de2bda3ecea3,1052,961,1
5,0.75,0.25,land_pad__8675.jpg,land_pad,8675,552d1afac41c85e7aad5fc1902dbc5f0e8f5aaa3cdc4927ab54e3dea0f1f4cba,640c4d7ea3b82b7502d6645f89121e8aa4f4eef1ea255e643ab5de2bda3ecea3,dose_05/images/test/land_pad__8675.png,3bb4cb3e32d41ae0674aeca876320904aa37022282d18a0650682739bbfdece1,dose_05/labels/test/land_pad__8675.txt,640c4d7ea3b82b7502d6645f89121e8aa4f4eef1ea255e643ab5de2bda3ecea3,1052,961,1
0,0.0,1.0,land_pad__8700.jpg,land_pad,8700,972dbd4b6e9446d7780e3d407856401df49c2c62ab6b3e9ba3f6ef5f9fab419c,2cf5490ce6ba072437b1d6c6550530cf67f62b5ea7daf1d7b9130eb303a7b473,dose_00/images/test/land_pad__8700.jpg,972dbd4b6e9446d7780e3d407856401df49c2c62ab6b3e9ba3f6ef5f9fab419c,dose_00/labels/test/land_pad__8700.txt,2cf5490ce6ba072437b1d6c6550530cf67f62b5ea7daf1d7b9130eb303a7b473,1052,961,1
1,0.15,0.85,land_pad__8700.jpg,land_pad,8700,972dbd4b6e9446d7780e3d407856401df49c2c62ab6b3e9ba3f6ef5f9fab419c,2cf5490ce6ba072437b1d6c6550530cf67f62b5ea7daf1d7b9130eb303a7b473,dose_01/images/test/land_pad__8700.png,3f22a8de002fb25d783002a11050888ff00b4eda248ab9fd73913b3a8af7a9d2,dose_01/labels/test/land_pad__8700.txt,2cf5490ce6ba072437b1d6c6550530cf67f62b5ea7daf1d7b9130eb303a7b473,1052,961,1
2,0.3,0.7,land_pad__8700.jpg,land_pad,8700,972dbd4b6e9446d7780e3d407856401df49c2c62ab6b3e9ba3f6ef5f9fab419c,2cf5490ce6ba072437b1d6c6550530cf67f62b5ea7daf1d7b9130eb303a7b473,dose_02/images/test/land_pad__8700.png,5ea4a21c9c7796759b89e8b0e3d87f1fc278cc230d2eb957f8c0913cfecf9b62,dose_02/labels/test/land_pad__8700.txt,2cf5490ce6ba072437b1d6c6550530cf67f62b5ea7daf1d7b9130eb303a7b473,1052,961,1
3,0.45,0.55,land_pad__8700.jpg,land_pad,8700,972dbd4b6e9446d7780e3d407856401df49c2c62ab6b3e9ba3f6ef5f9fab419c,2cf5490ce6ba072437b1d6c6550530cf67f62b5ea7daf1d7b9130eb303a7b473,dose_03/images/test/land_pad__8700.png,af2fb9f1114ca98deee9ceb30917f32ca418a11b8b5afa23d820610bab0f988f,dose_03/labels/test/land_pad__8700.txt,2cf5490ce6ba072437b1d6c6550530cf67f62b5ea7daf1d7b9130eb303a7b473,1052,961,1
4,0.6,0.4,land_pad__8700.jpg,land_pad,8700,972dbd4b6e9446d7780e3d407856401df49c2c62ab6b3e9ba3f6ef5f9fab419c,2cf5490ce6ba072437b1d6c6550530cf67f62b5ea7daf1d7b9130eb303a7b473,dose_04/images/test/land_pad__8700.png,be55184e1c3d6b338f5524e9deaad6fed1c6419780adc821f35989d2b608e8ae,dose_04/labels/test/land_pad__8700.txt,2cf5490ce6ba072437b1d6c6550530cf67f62b5ea7daf1d7b9130eb303a7b473,1052,961,1
5,0.75,0.25,land_pad__8700.jpg,land_pad,8700,972dbd4b6e9446d7780e3d407856401df49c2c62ab6b3e9ba3f6ef5f9fab419c,2cf5490ce6ba072437b1d6c6550530cf67f62b5ea7daf1d7b9130eb303a7b473,dose_05/images/test/land_pad__8700.png,6cd3ecc65d22b46babbc832725e253a596e5bea6eb4dbce04de6fab5ec8ebc53,dose_05/labels/test/land_pad__8700.txt,2cf5490ce6ba072437b1d6c6550530cf67f62b5ea7daf1d7b9130eb303a7b473,1052,961,1
0,0.0,1.0,land_pad2__2050.jpg,land_pad2,2050,51b79b23d73d323ef475dddc00afd72c148b0837d81fa80f97c42325bc36ea53,8ffb1d0c2394b602444712861260aa08f81e6946b446a7f508f1cf5cef1d606a,dose_00/images/test/land_pad2__2050.jpg,51b79b23d73d323ef475dddc00afd72c148b0837d81fa80f97c42325bc36ea53,dose_00/labels/test/land_pad2__2050.txt,8ffb1d0c2394b602444712861260aa08f81e6946b446a7f508f1cf5cef1d606a,1052,961,1
1,0.15,0.85,land_pad2__2050.jpg,land_pad2,2050,51b79b23d73d323ef475dddc00afd72c148b0837d81fa80f97c42325bc36ea53,8ffb1d0c2394b602444712861260aa08f81e6946b446a7f508f1cf5cef1d606a,dose_01/images/test/land_pad2__2050.png,830a30e145fff273824e2a9e830ed0af966d7207a515598145fb0c9e22647b6c,dose_01/labels/test/land_pad2__2050.txt,8ffb1d0c2394b602444712861260aa08f81e6946b446a7f508f1cf5cef1d606a,1052,961,1
2,0.3,0.7,land_pad2__2050.jpg,land_pad2,2050,51b79b23d73d323ef475dddc00afd72c148b0837d81fa80f97c42325bc36ea53,8ffb1d0c2394b602444712861260aa08f81e6946b446a7f508f1cf5cef1d606a,dose_02/images/test/land_pad2__2050.png,b42d62c2ebc3568c61ac6cf72c5180a61c17a9a0835757bc076e5dee831c890f,dose_02/labels/test/land_pad2__2050.txt,8ffb1d0c2394b602444712861260aa08f81e6946b446a7f508f1cf5cef1d606a,1052,961,1
3,0.45,0.55,land_pad2__2050.jpg,land_pad2,2050,51b79b23d73d323ef475dddc00afd72c148b0837d81fa80f97c42325bc36ea53,8ffb1d0c2394b602444712861260aa08f81e6946b446a7f508f1cf5cef1d606a,dose_03/images/test/land_pad2__2050.png,09152489a536b7f280f7d4da5ebe4af229b9fd81eb19dcd53d62b2af862c74ae,dose_03/labels/test/land_pad2__2050.txt,8ffb1d0c2394b602444712861260aa08f81e6946b446a7f508f1cf5cef1d606a,1052,961,1
4,0.6,0.4,land_pad2__2050.jpg,land_pad2,2050,51b79b23d73d323ef475dddc00afd72c148b0837d81fa80f97c42325bc36ea53,8ffb1d0c2394b602444712861260aa08f81e6946b446a7f508f1cf5cef1d606a,dose_04/images/test/land_pad2__2050.png,6dc29fdc38a164804a47dee76a31455bd57f5fdb6bfb83bda339f58fa65659c1,dose_04/labels/test/land_pad2__2050.txt,8ffb1d0c2394b602444712861260aa08f81e6946b446a7f508f1cf5cef1d606a,1052,961,1
5,0.75,0.25,land_pad2__2050.jpg,land_pad2,2050,51b79b23d73d323ef475dddc00afd72c148b0837d81fa80f97c42325bc36ea53,8ffb1d0c2394b602444712861260aa08f81e6946b446a7f508f1cf5cef1d606a,dose_05/images/test/land_pad2__2050.png,ce33156579dd38224e06b5a30682805d486230d23ebc7f3ce0a7a8f8f2759eba,dose_05/labels/test/land_pad2__2050.txt,8ffb1d0c2394b602444712861260aa08f81e6946b446a7f508f1cf5cef1d606a,1052,961,1
0,0.0,1.0,land_pad2__2075.jpg,land_pad2,2075,7204e4a48a8b284f9d894b683c0fba56521ca59732b04a2cdcdd782759995ffa,15ed271e590c558ae8cc002c04dc9a12b58614a8af93e45780e78200db22c784,dose_00/images/test/land_pad2__2075.jpg,7204e4a48a8b284f9d894b683c0fba56521ca59732b04a2cdcdd782759995ffa,dose_00/labels/test/land_pad2__2075.txt,15ed271e590c558ae8cc002c04dc9a12b58614a8af93e45780e78200db22c784,1052,961,1
1,0.15,0.85,land_pad2__2075.jpg,land_pad2,2075,7204e4a48a8b284f9d894b683c0fba56521ca59732b04a2cdcdd782759995ffa,15ed271e590c558ae8cc002c04dc9a12b58614a8af93e45780e78200db22c784,dose_01/images/test/land_pad2__2075.png,89cf411e6336531b0b47c1228e975d6cc873e8bfb45bea3a149240d69b7e9b31,dose_01/labels/test/land_pad2__2075.txt,15ed271e590c558ae8cc002c04dc9a12b58614a8af93e45780e78200db22c784,1052,961,1
2,0.3,0.7,land_pad2__2075.jpg,land_pad2,2075,7204e4a48a8b284f9d894b683c0fba56521ca59732b04a2cdcdd782759995ffa,15ed271e590c558ae8cc002c04dc9a12b58614a8af93e45780e78200db22c784,dose_02/images/test/land_pad2__2075.png,11db57064d2503e5bd4d255bd1ad90ca8ef68c8624a81ad49e23bb9219815294,dose_02/labels/test/land_pad2__2075.txt,15ed271e590c558ae8cc002c04dc9a12b58614a8af93e45780e78200db22c784,1052,961,1
3,0.45,0.55,land_pad2__2075.jpg,land_pad2,2075,7204e4a48a8b284f9d894b683c0fba56521ca59732b04a2cdcdd782759995ffa,15ed271e590c558ae8cc002c04dc9a12b58614a8af93e45780e78200db22c784,dose_03/images/test/land_pad2__2075.png,3ee7faedf6d3418758614fdcc8480ed01fb38a1f2eb4e11bbecf2b1dc512ede7,dose_03/labels/test/land_pad2__2075.txt,15ed271e590c558ae8cc002c04dc9a12b58614a8af93e45780e78200db22c784,1052,961,1
4,0.6,0.4,land_pad2__2075.jpg,land_pad2,2075,7204e4a48a8b284f9d894b683c0fba56521ca59732b04a2cdcdd782759995ffa,15ed271e590c558ae8cc002c04dc9a12b58614a8af93e45780e78200db22c784,dose_04/images/test/land_pad2__2075.png,68cceb0e1031c920a50fde3d1018b26cff35bf6e559873264e25f69514418ec7,dose_04/labels/test/land_pad2__2075.txt,15ed271e590c558ae8cc002c04dc9a12b58614a8af93e45780e78200db22c784,1052,961,1
5,0.75,0.25,land_pad2__2075.jpg,land_pad2,2075,7204e4a48a8b284f9d894b683c0fba56521ca59732b04a2cdcdd782759995ffa,15ed271e590c558ae8cc002c04dc9a12b58614a8af93e45780e78200db22c784,dose_05/images/test/land_pad2__2075.png,bfd3685589c06dc4b9bdc94838cfda8a72accf0b374062c499d5491af29a8879,dose_05/labels/test/land_pad2__2075.txt,15ed271e590c558ae8cc002c04dc9a12b58614a8af93e45780e78200db22c784,1052,961,1
0,0.0,1.0,land_pad2__2100.jpg,land_pad2,2100,b0e921535c7ecdf19d7dc2d3072a1f4732c9f6996ca9cffab0a2838f7aa50d66,1c37612c3da22a1789eeac00653a09f81f88415be654db1125b706576c515fa7,dose_00/images/test/land_pad2__2100.jpg,b0e921535c7ecdf19d7dc2d3072a1f4732c9f6996ca9cffab0a2838f7aa50d66,dose_00/labels/test/land_pad2__2100.txt,1c37612c3da22a1789eeac00653a09f81f88415be654db1125b706576c515fa7,1052,961,1
1,0.15,0.85,land_pad2__2100.jpg,land_pad2,2100,b0e921535c7ecdf19d7dc2d3072a1f4732c9f6996ca9cffab0a2838f7aa50d66,1c37612c3da22a1789eeac00653a09f81f88415be654db1125b706576c515fa7,dose_01/images/test/land_pad2__2100.png,50b69f1837f3503e14dc0e55239f66210a489902bc4b83ba6da313eaa940f2be,dose_01/labels/test/land_pad2__2100.txt,1c37612c3da22a1789eeac00653a09f81f88415be654db1125b706576c515fa7,1052,961,1
2,0.3,0.7,land_pad2__2100.jpg,land_pad2,2100,b0e921535c7ecdf19d7dc2d3072a1f4732c9f6996ca9cffab0a2838f7aa50d66,1c37612c3da22a1789eeac00653a09f81f88415be654db1125b706576c515fa7,dose_02/images/test/land_pad2__2100.png,2ec2a68b462cf33c730a0e187c2d9879073ca29f2357abc78c812fefa9f90c86,dose_02/labels/test/land_pad2__2100.txt,1c37612c3da22a1789eeac00653a09f81f88415be654db1125b706576c515fa7,1052,961,1
3,0.45,0.55,land_pad2__2100.jpg,land_pad2,2100,b0e921535c7ecdf19d7dc2d3072a1f4732c9f6996ca9cffab0a2838f7aa50d66,1c37612c3da22a1789eeac00653a09f81f88415be654db1125b706576c515fa7,dose_03/images/test/land_pad2__2100.png,f889667b6520553b8ff4c78cc33594de62cbfa5d20877a9d4dbc12630a13d222,dose_03/labels/test/land_pad2__2100.txt,1c37612c3da22a1789eeac00653a09f81f88415be654db1125b706576c515fa7,1052,961,1
4,0.6,0.4,land_pad2__2100.jpg,land_pad2,2100,b0e921535c7ecdf19d7dc2d3072a1f4732c9f6996ca9cffab0a2838f7aa50d66,1c37612c3da22a1789eeac00653a09f81f88415be654db1125b706576c515fa7,dose_04/images/test/land_pad2__2100.png,46453d37b636253de49e95013fc0595bf0d15fefb8877560c1c978c1adc9c349,dose_04/labels/test/land_pad2__2100.txt,1c37612c3da22a1789eeac00653a09f81f88415be654db1125b706576c515fa7,1052,961,1
5,0.75,0.25,land_pad2__2100.jpg,land_pad2,2100,b0e921535c7ecdf19d7dc2d3072a1f4732c9f6996ca9cffab0a2838f7aa50d66,1c37612c3da22a1789eeac00653a09f81f88415be654db1125b706576c515fa7,dose_05/images/test/land_pad2__2100.png,28b7943c924e03b0fdb7c2f3f533694609148d956056d4b5108c14dcfe20bcd1,dose_05/labels/test/land_pad2__2100.txt,1c37612c3da22a1789eeac00653a09f81f88415be654db1125b706576c515fa7,1052,961,1
0,0.0,1.0,land_pad2__2125.jpg,land_pad2,2125,360cb4bf1402d4e54e1175bb641ea798f9fb3d6db192267686c956a80ea51817,15f2062c83f2eaac61ca91c6bdd3725c84c1c45e85b32e5faeae05d5b268df4f,dose_00/images/test/land_pad2__2125.jpg,360cb4bf1402d4e54e1175bb641ea798f9fb3d6db192267686c956a80ea51817,dose_00/labels/test/land_pad2__2125.txt,15f2062c83f2eaac61ca91c6bdd3725c84c1c45e85b32e5faeae05d5b268df4f,1052,961,1
1,0.15,0.85,land_pad2__2125.jpg,land_pad2,2125,360cb4bf1402d4e54e1175bb641ea798f9fb3d6db192267686c956a80ea51817,15f2062c83f2eaac61ca91c6bdd3725c84c1c45e85b32e5faeae05d5b268df4f,dose_01/images/test/land_pad2__2125.png,431f40afc034db47525827b25f813173ef0085b5d3d2a67553853ba931f04879,dose_01/labels/test/land_pad2__2125.txt,15f2062c83f2eaac61ca91c6bdd3725c84c1c45e85b32e5faeae05d5b268df4f,1052,961,1
2,0.3,0.7,land_pad2__2125.jpg,land_pad2,2125,360cb4bf1402d4e54e1175bb641ea798f9fb3d6db192267686c956a80ea51817,15f2062c83f2eaac61ca91c6bdd3725c84c1c45e85b32e5faeae05d5b268df4f,dose_02/images/test/land_pad2__2125.png,2ca3d21b07ff4fffec0fffbc1cbdd2d1b72d5d156938b25400a01a6f6ab64267,dose_02/labels/test/land_pad2__2125.txt,15f2062c83f2eaac61ca91c6bdd3725c84c1c45e85b32e5faeae05d5b268df4f,1052,961,1
3,0.45,0.55,land_pad2__2125.jpg,land_pad2,2125,360cb4bf1402d4e54e1175bb641ea798f9fb3d6db192267686c956a80ea51817,15f2062c83f2eaac61ca91c6bdd3725c84c1c45e85b32e5faeae05d5b268df4f,dose_03/images/test/land_pad2__2125.png,fcadf86a651696953a1933c59b0bed4f050ef8440ce5195ed53502a1f09c8cfd,dose_03/labels/test/land_pad2__2125.txt,15f2062c83f2eaac61ca91c6bdd3725c84c1c45e85b32e5faeae05d5b268df4f,1052,961,1
4,0.6,0.4,land_pad2__2125.jpg,land_pad2,2125,360cb4bf1402d4e54e1175bb641ea798f9fb3d6db192267686c956a80ea51817,15f2062c83f2eaac61ca91c6bdd3725c84c1c45e85b32e5faeae05d5b268df4f,dose_04/images/test/land_pad2__2125.png,96515097b8457cf0f9c422f810bbdb539f4ee32acd24dfdbdecaa0f36f2c1e82,dose_04/labels/test/land_pad2__2125.txt,15f2062c83f2eaac61ca91c6bdd3725c84c1c45e85b32e5faeae05d5b268df4f,1052,961,1
5,0.75,0.25,land_pad2__2125.jpg,land_pad2,2125,360cb4bf1402d4e54e1175bb641ea798f9fb3d6db192267686c956a80ea51817,15f2062c83f2eaac61ca91c6bdd3725c84c1c45e85b32e5faeae05d5b268df4f,dose_05/images/test/land_pad2__2125.png,5b4d620e2d5036a28a15dfdc436b5a28bd9689996932e3dab6056bd56a35e267,dose_05/labels/test/land_pad2__2125.txt,15f2062c83f2eaac61ca91c6bdd3725c84c1c45e85b32e5faeae05d5b268df4f,1052,961,1
0,0.0,1.0,land_pad2__2150.jpg,land_pad2,2150,61d64f5543676d46f2d96afa0d0083398d00eb3d8adc70af1b63d0e877ddfd59,9db83eaa76388abd9e5a5f7f23621d0172c094f12040f6720a7d546fc1a6b739,dose_00/images/test/land_pad2__2150.jpg,61d64f5543676d46f2d96afa0d0083398d00eb3d8adc70af1b63d0e877ddfd59,dose_00/labels/test/land_pad2__2150.txt,9db83eaa76388abd9e5a5f7f23621d0172c094f12040f6720a7d546fc1a6b739,1052,961,1
1,0.15,0.85,land_pad2__2150.jpg,land_pad2,2150,61d64f5543676d46f2d96afa0d0083398d00eb3d8adc70af1b63d0e877ddfd59,9db83eaa76388abd9e5a5f7f23621d0172c094f12040f6720a7d546fc1a6b739,dose_01/images/test/land_pad2__2150.png,f9d2ad00096158ccc8800cfac0311c5811c9e45c66fb8e57f9af89061d3f4ba2,dose_01/labels/test/land_pad2__2150.txt,9db83eaa76388abd9e5a5f7f23621d0172c094f12040f6720a7d546fc1a6b739,1052,961,1
2,0.3,0.7,land_pad2__2150.jpg,land_pad2,2150,61d64f5543676d46f2d96afa0d0083398d00eb3d8adc70af1b63d0e877ddfd59,9db83eaa76388abd9e5a5f7f23621d0172c094f12040f6720a7d546fc1a6b739,dose_02/images/test/land_pad2__2150.png,f6eeadab2a655acf7e9bb015e6b79c853e6a65f4257968b9300218acc0151aae,dose_02/labels/test/land_pad2__2150.txt,9db83eaa76388abd9e5a5f7f23621d0172c094f12040f6720a7d546fc1a6b739,1052,961,1
3,0.45,0.55,land_pad2__2150.jpg,land_pad2,2150,61d64f5543676d46f2d96afa0d0083398d00eb3d8adc70af1b63d0e877ddfd59,9db83eaa76388abd9e5a5f7f23621d0172c094f12040f6720a7d546fc1a6b739,dose_03/images/test/land_pad2__2150.png,a4973c3a418cb4ab8b87e0de59403ce89f9f0000646b97506f6e3ae868f7e911,dose_03/labels/test/land_pad2__2150.txt,9db83eaa76388abd9e5a5f7f23621d0172c094f12040f6720a7d546fc1a6b739,1052,961,1
4,0.6,0.4,land_pad2__2150.jpg,land_pad2,2150,61d64f5543676d46f2d96afa0d0083398d00eb3d8adc70af1b63d0e877ddfd59,9db83eaa76388abd9e5a5f7f23621d0172c094f12040f6720a7d546fc1a6b739,dose_04/images/test/land_pad2__2150.png,e24576770ba4ccf781f95cf39c252708999533f77b194f147616f7e01508aa2b,dose_04/labels/test/land_pad2__2150.txt,9db83eaa76388abd9e5a5f7f23621d0172c094f12040f6720a7d546fc1a6b739,1052,961,1
5,0.75,0.25,land_pad2__2150.jpg,land_pad2,2150,61d64f5543676d46f2d96afa0d0083398d00eb3d8adc70af1b63d0e877ddfd59,9db83eaa76388abd9e5a5f7f23621d0172c094f12040f6720a7d546fc1a6b739,dose_05/images/test/land_pad2__2150.png,7c745c74f2376206bb3f8405ea72ef5c71482de7397766d4b79c1ea476b4622d,dose_05/labels/test/land_pad2__2150.txt,9db83eaa76388abd9e5a5f7f23621d0172c094f12040f6720a7d546fc1a6b739,1052,961,1
0,0.0,1.0,land_pad2__2175.jpg,land_pad2,2175,5634542411147c434b150db70ed877d689e857f89a99e01d02bef460a2bf6b0d,05899dd9d3244d37e156a2f1a121d069322785b3edce8ef3bf858d99a20f2423,dose_00/images/test/land_pad2__2175.jpg,5634542411147c434b150db70ed877d689e857f89a99e01d02bef460a2bf6b0d,dose_00/labels/test/land_pad2__2175.txt,05899dd9d3244d37e156a2f1a121d069322785b3edce8ef3bf858d99a20f2423,1052,961,1
1,0.15,0.85,land_pad2__2175.jpg,land_pad2,2175,5634542411147c434b150db70ed877d689e857f89a99e01d02bef460a2bf6b0d,05899dd9d3244d37e156a2f1a121d069322785b3edce8ef3bf858d99a20f2423,dose_01/images/test/land_pad2__2175.png,79d8c84735b191115450b4998a5f243b72492e72a18e760bb357edd009d6418c,dose_01/labels/test/land_pad2__2175.txt,05899dd9d3244d37e156a2f1a121d069322785b3edce8ef3bf858d99a20f2423,1052,961,1
2,0.3,0.7,land_pad2__2175.jpg,land_pad2,2175,5634542411147c434b150db70ed877d689e857f89a99e01d02bef460a2bf6b0d,05899dd9d3244d37e156a2f1a121d069322785b3edce8ef3bf858d99a20f2423,dose_02/images/test/land_pad2__2175.png,0091ae884acbc82cda0e6b7770737419598c4b8b393548cdace7c4a5ea9ff8e8,dose_02/labels/test/land_pad2__2175.txt,05899dd9d3244d37e156a2f1a121d069322785b3edce8ef3bf858d99a20f2423,1052,961,1
3,0.45,0.55,land_pad2__2175.jpg,land_pad2,2175,5634542411147c434b150db70ed877d689e857f89a99e01d02bef460a2bf6b0d,05899dd9d3244d37e156a2f1a121d069322785b3edce8ef3bf858d99a20f2423,dose_03/images/test/land_pad2__2175.png,f8cdeef9912fbbe263a06e6a96055ff34d48020cb1d98ee032d2ba00683d3a93,dose_03/labels/test/land_pad2__2175.txt,05899dd9d3244d37e156a2f1a121d069322785b3edce8ef3bf858d99a20f2423,1052,961,1
4,0.6,0.4,land_pad2__2175.jpg,land_pad2,2175,5634542411147c434b150db70ed877d689e857f89a99e01d02bef460a2bf6b0d,05899dd9d3244d37e156a2f1a121d069322785b3edce8ef3bf858d99a20f2423,dose_04/images/test/land_pad2__2175.png,f19429540d4953527a0eedbe8257d0903a262e22b5ba090593e8cbc6e10e535f,dose_04/labels/test/land_pad2__2175.txt,05899dd9d3244d37e156a2f1a121d069322785b3edce8ef3bf858d99a20f2423,1052,961,1
5,0.75,0.25,land_pad2__2175.jpg,land_pad2,2175,5634542411147c434b150db70ed877d689e857f89a99e01d02bef460a2bf6b0d,05899dd9d3244d37e156a2f1a121d069322785b3edce8ef3bf858d99a20f2423,dose_05/images/test/land_pad2__2175.png,64b2a3571e94ca2c170859a945f956d34a3ee017254868d96e4449880b2f7165,dose_05/labels/test/land_pad2__2175.txt,05899dd9d3244d37e156a2f1a121d069322785b3edce8ef3bf858d99a20f2423,1052,961,1
0,0.0,1.0,land_pad2__2200.jpg,land_pad2,2200,d1671a417fcf9d28529f07f26e26203d87cc7415c11f4d044979904068cc32b4,a8787464b834a02b138f68699fc43132018a75c0b4cbaffb87d70c88006684cf,dose_00/images/test/land_pad2__2200.jpg,d1671a417fcf9d28529f07f26e26203d87cc7415c11f4d044979904068cc32b4,dose_00/labels/test/land_pad2__2200.txt,a8787464b834a02b138f68699fc43132018a75c0b4cbaffb87d70c88006684cf,1052,961,1
1,0.15,0.85,land_pad2__2200.jpg,land_pad2,2200,d1671a417fcf9d28529f07f26e26203d87cc7415c11f4d044979904068cc32b4,a8787464b834a02b138f68699fc43132018a75c0b4cbaffb87d70c88006684cf,dose_01/images/test/land_pad2__2200.png,c285fdf166ce1c058abb8d8ce7590a469cbb0adec7c2439ba75aae76d7785ee7,dose_01/labels/test/land_pad2__2200.txt,a8787464b834a02b138f68699fc43132018a75c0b4cbaffb87d70c88006684cf,1052,961,1
2,0.3,0.7,land_pad2__2200.jpg,land_pad2,2200,d1671a417fcf9d28529f07f26e26203d87cc7415c11f4d044979904068cc32b4,a8787464b834a02b138f68699fc43132018a75c0b4cbaffb87d70c88006684cf,dose_02/images/test/land_pad2__2200.png,8f87d8e63c91a82c30159337d9d242fc11dac21b5d075141f425acbdd158652c,dose_02/labels/test/land_pad2__2200.txt,a8787464b834a02b138f68699fc43132018a75c0b4cbaffb87d70c88006684cf,1052,961,1
3,0.45,0.55,land_pad2__2200.jpg,land_pad2,2200,d1671a417fcf9d28529f07f26e26203d87cc7415c11f4d044979904068cc32b4,a8787464b834a02b138f68699fc43132018a75c0b4cbaffb87d70c88006684cf,dose_03/images/test/land_pad2__2200.png,5fa5f4e68173a32ae711f3f16aab55361b10e5b401cdfb3ded56d26789835bd3,dose_03/labels/test/land_pad2__2200.txt,a8787464b834a02b138f68699fc43132018a75c0b4cbaffb87d70c88006684cf,1052,961,1
4,0.6,0.4,land_pad2__2200.jpg,land_pad2,2200,d1671a417fcf9d28529f07f26e26203d87cc7415c11f4d044979904068cc32b4,a8787464b834a02b138f68699fc43132018a75c0b4cbaffb87d70c88006684cf,dose_04/images/test/land_pad2__2200.png,19bd997bbe0ced610dc4f1e12fbbbd02f3ecc266f286d75c802605b889118c65,dose_04/labels/test/land_pad2__2200.txt,a8787464b834a02b138f68699fc43132018a75c0b4cbaffb87d70c88006684cf,1052,961,1
5,0.75,0.25,land_pad2__2200.jpg,land_pad2,2200,d1671a417fcf9d28529f07f26e26203d87cc7415c11f4d044979904068cc32b4,a8787464b834a02b138f68699fc43132018a75c0b4cbaffb87d70c88006684cf,dose_05/images/test/land_pad2__2200.png,24eea995fd6ea8093515642a482cd87d228a2531e84841b0980c97ecca63c601,dose_05/labels/test/land_pad2__2200.txt,a8787464b834a02b138f68699fc43132018a75c0b4cbaffb87d70c88006684cf,1052,961,1
0,0.0,1.0,land_pad2__2225.jpg,land_pad2,2225,85555b55b528ced66972581a772579f14cfca4c7aa46e72d15f35f1039feb25f,a1316a0b2db08400fecdf9aba41cec5a34d7b582e5ceca7f6ad023c5198d4e4c,dose_00/images/test/land_pad2__2225.jpg,85555b55b528ced66972581a772579f14cfca4c7aa46e72d15f35f1039feb25f,dose_00/labels/test/land_pad2__2225.txt,a1316a0b2db08400fecdf9aba41cec5a34d7b582e5ceca7f6ad023c5198d4e4c,1052,961,1
1,0.15,0.85,land_pad2__2225.jpg,land_pad2,2225,85555b55b528ced66972581a772579f14cfca4c7aa46e72d15f35f1039feb25f,a1316a0b2db08400fecdf9aba41cec5a34d7b582e5ceca7f6ad023c5198d4e4c,dose_01/images/test/land_pad2__2225.png,880cafac5971d854d41528c1c0c2598826bd212ed04d1ed4a5ae0b6a370d04ec,dose_01/labels/test/land_pad2__2225.txt,a1316a0b2db08400fecdf9aba41cec5a34d7b582e5ceca7f6ad023c5198d4e4c,1052,961,1
2,0.3,0.7,land_pad2__2225.jpg,land_pad2,2225,85555b55b528ced66972581a772579f14cfca4c7aa46e72d15f35f1039feb25f,a1316a0b2db08400fecdf9aba41cec5a34d7b582e5ceca7f6ad023c5198d4e4c,dose_02/images/test/land_pad2__2225.png,39ccb4a93f0bebe9dbe4cca8c8bda344ae1f9e5910a24ab4c10cedc8e5fe0ee6,dose_02/labels/test/land_pad2__2225.txt,a1316a0b2db08400fecdf9aba41cec5a34d7b582e5ceca7f6ad023c5198d4e4c,1052,961,1
3,0.45,0.55,land_pad2__2225.jpg,land_pad2,2225,85555b55b528ced66972581a772579f14cfca4c7aa46e72d15f35f1039feb25f,a1316a0b2db08400fecdf9aba41cec5a34d7b582e5ceca7f6ad023c5198d4e4c,dose_03/images/test/land_pad2__2225.png,8e074eb80cf13d383088c8578e9783f46505bd5eeeb35002e9b06bd69ad041bd,dose_03/labels/test/land_pad2__2225.txt,a1316a0b2db08400fecdf9aba41cec5a34d7b582e5ceca7f6ad023c5198d4e4c,1052,961,1
4,0.6,0.4,land_pad2__2225.jpg,land_pad2,2225,85555b55b528ced66972581a772579f14cfca4c7aa46e72d15f35f1039feb25f,a1316a0b2db08400fecdf9aba41cec5a34d7b582e5ceca7f6ad023c5198d4e4c,dose_04/images/test/land_pad2__2225.png,d9497a9174e96809164c77f52fa773f1a677d7abe3d78b7a6a9ddbe7f4c3fe63,dose_04/labels/test/land_pad2__2225.txt,a1316a0b2db08400fecdf9aba41cec5a34d7b582e5ceca7f6ad023c5198d4e4c,1052,961,1
5,0.75,0.25,land_pad2__2225.jpg,land_pad2,2225,85555b55b528ced66972581a772579f14cfca4c7aa46e72d15f35f1039feb25f,a1316a0b2db08400fecdf9aba41cec5a34d7b582e5ceca7f6ad023c5198d4e4c,dose_05/images/test/land_pad2__2225.png,adf83ea05f79056cea426e80ed89b5c18e191417b0970e7fa22d377309fb25a7,dose_05/labels/test/land_pad2__2225.txt,a1316a0b2db08400fecdf9aba41cec5a34d7b582e5ceca7f6ad023c5198d4e4c,1052,961,1
0,0.0,1.0,land_pad2__2250.jpg,land_pad2,2250,d9ced95c7ec34b0239a57784ea02d19b1873329e0affd61067b3c35f7727df77,005da16c9d31660c8e7a9a5bb0de5311e8e512128a6997d0cdbebc8b459ed3b4,dose_00/images/test/land_pad2__2250.jpg,d9ced95c7ec34b0239a57784ea02d19b1873329e0affd61067b3c35f7727df77,dose_00/labels/test/land_pad2__2250.txt,005da16c9d31660c8e7a9a5bb0de5311e8e512128a6997d0cdbebc8b459ed3b4,1052,961,1
1,0.15,0.85,land_pad2__2250.jpg,land_pad2,2250,d9ced95c7ec34b0239a57784ea02d19b1873329e0affd61067b3c35f7727df77,005da16c9d31660c8e7a9a5bb0de5311e8e512128a6997d0cdbebc8b459ed3b4,dose_01/images/test/land_pad2__2250.png,ef8b4a4b7705f2bf7d13ee55320078f93991759ec9a577e7d41ee2b05deaa976,dose_01/labels/test/land_pad2__2250.txt,005da16c9d31660c8e7a9a5bb0de5311e8e512128a6997d0cdbebc8b459ed3b4,1052,961,1
2,0.3,0.7,land_pad2__2250.jpg,land_pad2,2250,d9ced95c7ec34b0239a57784ea02d19b1873329e0affd61067b3c35f7727df77,005da16c9d31660c8e7a9a5bb0de5311e8e512128a6997d0cdbebc8b459ed3b4,dose_02/images/test/land_pad2__2250.png,803d8f3ea8b59e157b155959cfaeffaf08cc86814a5cf97b496030ec6f9bbe1a,dose_02/labels/test/land_pad2__2250.txt,005da16c9d31660c8e7a9a5bb0de5311e8e512128a6997d0cdbebc8b459ed3b4,1052,961,1
3,0.45,0.55,land_pad2__2250.jpg,land_pad2,2250,d9ced95c7ec34b0239a57784ea02d19b1873329e0affd61067b3c35f7727df77,005da16c9d31660c8e7a9a5bb0de5311e8e512128a6997d0cdbebc8b459ed3b4,dose_03/images/test/land_pad2__2250.png,2111562c8b06fa7e97a63c8fbc53824d0bb264ba9513103fee9584891d784bf9,dose_03/labels/test/land_pad2__2250.txt,005da16c9d31660c8e7a9a5bb0de5311e8e512128a6997d0cdbebc8b459ed3b4,1052,961,1
4,0.6,0.4,land_pad2__2250.jpg,land_pad2,2250,d9ced95c7ec34b0239a57784ea02d19b1873329e0affd61067b3c35f7727df77,005da16c9d31660c8e7a9a5bb0de5311e8e512128a6997d0cdbebc8b459ed3b4,dose_04/images/test/land_pad2__2250.png,7da591e54fed5e65304ef8781a33cd9bd63e7ddf72de083b6a2f35ab9e90259a,dose_04/labels/test/land_pad2__2250.txt,005da16c9d31660c8e7a9a5bb0de5311e8e512128a6997d0cdbebc8b459ed3b4,1052,961,1
5,0.75,0.25,land_pad2__2250.jpg,land_pad2,2250,d9ced95c7ec34b0239a57784ea02d19b1873329e0affd61067b3c35f7727df77,005da16c9d31660c8e7a9a5bb0de5311e8e512128a6997d0cdbebc8b459ed3b4,dose_05/images/test/land_pad2__2250.png,c077de05abdef616737da129402713874ea9402fd72797804287f4f7f07fb61b,dose_05/labels/test/land_pad2__2250.txt,005da16c9d31660c8e7a9a5bb0de5311e8e512128a6997d0cdbebc8b459ed3b4,1052,961,1
0,0.0,1.0,land_pad2__2275.jpg,land_pad2,2275,402ae05ab42afc2fffa75fbe66d84734a283109d99656fc72f014d6edb1ab588,66737c94ff8dea0dd8c60616a44cceb639e580dec57e03df38a92e3f7772c2d9,dose_00/images/test/land_pad2__2275.jpg,402ae05ab42afc2fffa75fbe66d84734a283109d99656fc72f014d6edb1ab588,dose_00/labels/test/land_pad2__2275.txt,66737c94ff8dea0dd8c60616a44cceb639e580dec57e03df38a92e3f7772c2d9,1052,961,1
1,0.15,0.85,land_pad2__2275.jpg,land_pad2,2275,402ae05ab42afc2fffa75fbe66d84734a283109d99656fc72f014d6edb1ab588,66737c94ff8dea0dd8c60616a44cceb639e580dec57e03df38a92e3f7772c2d9,dose_01/images/test/land_pad2__2275.png,fb451f4deba8b2322b085284c0c9b954094a1aba6cf5aec27f67578be00325ef,dose_01/labels/test/land_pad2__2275.txt,66737c94ff8dea0dd8c60616a44cceb639e580dec57e03df38a92e3f7772c2d9,1052,961,1
2,0.3,0.7,land_pad2__2275.jpg,land_pad2,2275,402ae05ab42afc2fffa75fbe66d84734a283109d99656fc72f014d6edb1ab588,66737c94ff8dea0dd8c60616a44cceb639e580dec57e03df38a92e3f7772c2d9,dose_02/images/test/land_pad2__2275.png,47ca9acd1345afc37349d328eb9b12e3dd28ef6a356be0fdc039a4b2a6e4917b,dose_02/labels/test/land_pad2__2275.txt,66737c94ff8dea0dd8c60616a44cceb639e580dec57e03df38a92e3f7772c2d9,1052,961,1
3,0.45,0.55,land_pad2__2275.jpg,land_pad2,2275,402ae05ab42afc2fffa75fbe66d84734a283109d99656fc72f014d6edb1ab588,66737c94ff8dea0dd8c60616a44cceb639e580dec57e03df38a92e3f7772c2d9,dose_03/images/test/land_pad2__2275.png,905eca80b9e69e8c5c08a325d9809c1dc641e7815e9eacd608b3033ad9d44a02,dose_03/labels/test/land_pad2__2275.txt,66737c94ff8dea0dd8c60616a44cceb639e580dec57e03df38a92e3f7772c2d9,1052,961,1
4,0.6,0.4,land_pad2__2275.jpg,land_pad2,2275,402ae05ab42afc2fffa75fbe66d84734a283109d99656fc72f014d6edb1ab588,66737c94ff8dea0dd8c60616a44cceb639e580dec57e03df38a92e3f7772c2d9,dose_04/images/test/land_pad2__2275.png,2e68c7f1e45494dc4e3dc690fc3acd346b7f66bfef0d01bee5b2dbb6a518d195,dose_04/labels/test/land_pad2__2275.txt,66737c94ff8dea0dd8c60616a44cceb639e580dec57e03df38a92e3f7772c2d9,1052,961,1
5,0.75,0.25,land_pad2__2275.jpg,land_pad2,2275,402ae05ab42afc2fffa75fbe66d84734a283109d99656fc72f014d6edb1ab588,66737c94ff8dea0dd8c60616a44cceb639e580dec57e03df38a92e3f7772c2d9,dose_05/images/test/land_pad2__2275.png,e72dc444dc214ba14e8684c993c9b22c0e538fd24657eb0e9f0cbfd366f1e22f,dose_05/labels/test/land_pad2__2275.txt,66737c94ff8dea0dd8c60616a44cceb639e580dec57e03df38a92e3f7772c2d9,1052,961,1
0,0.0,1.0,land_pad2__2300.jpg,land_pad2,2300,ff07e86b21e05b8d552e3f03b6baf0e87a4e43009f4ed595d462407ea796c9b8,bbf3727844a751e7941202dd81992a31aea89335af63cd0f73d6bc5391829df1,dose_00/images/test/land_pad2__2300.jpg,ff07e86b21e05b8d552e3f03b6baf0e87a4e43009f4ed595d462407ea796c9b8,dose_00/labels/test/land_pad2__2300.txt,bbf3727844a751e7941202dd81992a31aea89335af63cd0f73d6bc5391829df1,1052,961,1
1,0.15,0.85,land_pad2__2300.jpg,land_pad2,2300,ff07e86b21e05b8d552e3f03b6baf0e87a4e43009f4ed595d462407ea796c9b8,bbf3727844a751e7941202dd81992a31aea89335af63cd0f73d6bc5391829df1,dose_01/images/test/land_pad2__2300.png,f0ce5646704fc8e9a11f8d96d9f587387d69e8a862c9e09f551e2e582d5df40e,dose_01/labels/test/land_pad2__2300.txt,bbf3727844a751e7941202dd81992a31aea89335af63cd0f73d6bc5391829df1,1052,961,1
2,0.3,0.7,land_pad2__2300.jpg,land_pad2,2300,ff07e86b21e05b8d552e3f03b6baf0e87a4e43009f4ed595d462407ea796c9b8,bbf3727844a751e7941202dd81992a31aea89335af63cd0f73d6bc5391829df1,dose_02/images/test/land_pad2__2300.png,ca5f653bf177efe1a64220e7040d9d1685d1df48f2d7f382ea3b644990010163,dose_02/labels/test/land_pad2__2300.txt,bbf3727844a751e7941202dd81992a31aea89335af63cd0f73d6bc5391829df1,1052,961,1
3,0.45,0.55,land_pad2__2300.jpg,land_pad2,2300,ff07e86b21e05b8d552e3f03b6baf0e87a4e43009f4ed595d462407ea796c9b8,bbf3727844a751e7941202dd81992a31aea89335af63cd0f73d6bc5391829df1,dose_03/images/test/land_pad2__2300.png,1bb7158d834ccfd7ecce91ec631564998d380cacfe9a59c3a2d71a0909572c3c,dose_03/labels/test/land_pad2__2300.txt,bbf3727844a751e7941202dd81992a31aea89335af63cd0f73d6bc5391829df1,1052,961,1
4,0.6,0.4,land_pad2__2300.jpg,land_pad2,2300,ff07e86b21e05b8d552e3f03b6baf0e87a4e43009f4ed595d462407ea796c9b8,bbf3727844a751e7941202dd81992a31aea89335af63cd0f73d6bc5391829df1,dose_04/images/test/land_pad2__2300.png,43ee3d7c28ba73dcfce770fc3b9c52b9e08fc107cfc0d9983a4e77b587f56ab0,dose_04/labels/test/land_pad2__2300.txt,bbf3727844a751e7941202dd81992a31aea89335af63cd0f73d6bc5391829df1,1052,961,1
5,0.75,0.25,land_pad2__2300.jpg,land_pad2,2300,ff07e86b21e05b8d552e3f03b6baf0e87a4e43009f4ed595d462407ea796c9b8,bbf3727844a751e7941202dd81992a31aea89335af63cd0f73d6bc5391829df1,dose_05/images/test/land_pad2__2300.png,a6637894e850c518c8da9ff57a85e9e888ee14c4af9f2c45eccad399540e45f3,dose_05/labels/test/land_pad2__2300.txt,bbf3727844a751e7941202dd81992a31aea89335af63cd0f73d6bc5391829df1,1052,961,1
0,0.0,1.0,land_pad2__2325.jpg,land_pad2,2325,23d96423398a5d8a5724fe8f06ead733736e330cf1ab3e54a793331d91d6aeb0,8115abe25864ddb8484b4f947fa2ce2b0b4ffafea9cdb7a95e81c15e400cd229,dose_00/images/test/land_pad2__2325.jpg,23d96423398a5d8a5724fe8f06ead733736e330cf1ab3e54a793331d91d6aeb0,dose_00/labels/test/land_pad2__2325.txt,8115abe25864ddb8484b4f947fa2ce2b0b4ffafea9cdb7a95e81c15e400cd229,1052,961,1
1,0.15,0.85,land_pad2__2325.jpg,land_pad2,2325,23d96423398a5d8a5724fe8f06ead733736e330cf1ab3e54a793331d91d6aeb0,8115abe25864ddb8484b4f947fa2ce2b0b4ffafea9cdb7a95e81c15e400cd229,dose_01/images/test/land_pad2__2325.png,f5f34d910fb64819bd958baba63cc35dd7d2b0d9100cc7c7be2514c6b325a1f1,dose_01/labels/test/land_pad2__2325.txt,8115abe25864ddb8484b4f947fa2ce2b0b4ffafea9cdb7a95e81c15e400cd229,1052,961,1
2,0.3,0.7,land_pad2__2325.jpg,land_pad2,2325,23d96423398a5d8a5724fe8f06ead733736e330cf1ab3e54a793331d91d6aeb0,8115abe25864ddb8484b4f947fa2ce2b0b4ffafea9cdb7a95e81c15e400cd229,dose_02/images/test/land_pad2__2325.png,4beb63a179668539b746b9988c9480bec209316c5583a8ea503157bfb01ae974,dose_02/labels/test/land_pad2__2325.txt,8115abe25864ddb8484b4f947fa2ce2b0b4ffafea9cdb7a95e81c15e400cd229,1052,961,1
3,0.45,0.55,land_pad2__2325.jpg,land_pad2,2325,23d96423398a5d8a5724fe8f06ead733736e330cf1ab3e54a793331d91d6aeb0,8115abe25864ddb8484b4f947fa2ce2b0b4ffafea9cdb7a95e81c15e400cd229,dose_03/images/test/land_pad2__2325.png,8b7255bee108e428348a75e4227c98ce50c410c9030c68f29975e5122f70fe75,dose_03/labels/test/land_pad2__2325.txt,8115abe25864ddb8484b4f947fa2ce2b0b4ffafea9cdb7a95e81c15e400cd229,1052,961,1
4,0.6,0.4,land_pad2__2325.jpg,land_pad2,2325,23d96423398a5d8a5724fe8f06ead733736e330cf1ab3e54a793331d91d6aeb0,8115abe25864ddb8484b4f947fa2ce2b0b4ffafea9cdb7a95e81c15e400cd229,dose_04/images/test/land_pad2__2325.png,f6b1f417822a53d4a9bfeb74450aba868771d4c62115720d29ce96ba2bedcb84,dose_04/labels/test/land_pad2__2325.txt,8115abe25864ddb8484b4f947fa2ce2b0b4ffafea9cdb7a95e81c15e400cd229,1052,961,1
5,0.75,0.25,land_pad2__2325.jpg,land_pad2,2325,23d96423398a5d8a5724fe8f06ead733736e330cf1ab3e54a793331d91d6aeb0,8115abe25864ddb8484b4f947fa2ce2b0b4ffafea9cdb7a95e81c15e400cd229,dose_05/images/test/land_pad2__2325.png,f865e2799515a90da0eb8f08897f93ac619a342c9a4022fdc996e625fe5e20ac,dose_05/labels/test/land_pad2__2325.txt,8115abe25864ddb8484b4f947fa2ce2b0b4ffafea9cdb7a95e81c15e400cd229,1052,961,1
0,0.0,1.0,land_pad2__2350.jpg,land_pad2,2350,cf09f077f3666b811c0daf1415b79fe8f61853aea2aa6c0cbfef3503b40a02c1,f96774afce2c68c35b0dba5a3e713f5cc4dac45924c9e60fe6a1bd1e3057d6fe,dose_00/images/test/land_pad2__2350.jpg,cf09f077f3666b811c0daf1415b79fe8f61853aea2aa6c0cbfef3503b40a02c1,dose_00/labels/test/land_pad2__2350.txt,f96774afce2c68c35b0dba5a3e713f5cc4dac45924c9e60fe6a1bd1e3057d6fe,1052,961,1
1,0.15,0.85,land_pad2__2350.jpg,land_pad2,2350,cf09f077f3666b811c0daf1415b79fe8f61853aea2aa6c0cbfef3503b40a02c1,f96774afce2c68c35b0dba5a3e713f5cc4dac45924c9e60fe6a1bd1e3057d6fe,dose_01/images/test/land_pad2__2350.png,a430ce5a47d01ae2d98c772095718ed3b9799ea61482537e934b41adc7e4facb,dose_01/labels/test/land_pad2__2350.txt,f96774afce2c68c35b0dba5a3e713f5cc4dac45924c9e60fe6a1bd1e3057d6fe,1052,961,1
2,0.3,0.7,land_pad2__2350.jpg,land_pad2,2350,cf09f077f3666b811c0daf1415b79fe8f61853aea2aa6c0cbfef3503b40a02c1,f96774afce2c68c35b0dba5a3e713f5cc4dac45924c9e60fe6a1bd1e3057d6fe,dose_02/images/test/land_pad2__2350.png,5f5b4d43d7e592149b72197b39dbbb4b313d918b5f8ca64106234c3b7755411a,dose_02/labels/test/land_pad2__2350.txt,f96774afce2c68c35b0dba5a3e713f5cc4dac45924c9e60fe6a1bd1e3057d6fe,1052,961,1
3,0.45,0.55,land_pad2__2350.jpg,land_pad2,2350,cf09f077f3666b811c0daf1415b79fe8f61853aea2aa6c0cbfef3503b40a02c1,f96774afce2c68c35b0dba5a3e713f5cc4dac45924c9e60fe6a1bd1e3057d6fe,dose_03/images/test/land_pad2__2350.png,7a95e7cebdd199f792b8832d5e373dbb29d0e234dc943ad608cf6f16e9a4fa01,dose_03/labels/test/land_pad2__2350.txt,f96774afce2c68c35b0dba5a3e713f5cc4dac45924c9e60fe6a1bd1e3057d6fe,1052,961,1
4,0.6,0.4,land_pad2__2350.jpg,land_pad2,2350,cf09f077f3666b811c0daf1415b79fe8f61853aea2aa6c0cbfef3503b40a02c1,f96774afce2c68c35b0dba5a3e713f5cc4dac45924c9e60fe6a1bd1e3057d6fe,dose_04/images/test/land_pad2__2350.png,cb689877e647a14326058945b7af13b8758d1648cad30e6b8b6a3b1cb22c43fe,dose_04/labels/test/land_pad2__2350.txt,f96774afce2c68c35b0dba5a3e713f5cc4dac45924c9e60fe6a1bd1e3057d6fe,1052,961,1
5,0.75,0.25,land_pad2__2350.jpg,land_pad2,2350,cf09f077f3666b811c0daf1415b79fe8f61853aea2aa6c0cbfef3503b40a02c1,f96774afce2c68c35b0dba5a3e713f5cc4dac45924c9e60fe6a1bd1e3057d6fe,dose_05/images/test/land_pad2__2350.png,c7ee0bb9f5a4301533df14d43f35e3fa3f5d086c257450fb51759a862c87b201,dose_05/labels/test/land_pad2__2350.txt,f96774afce2c68c35b0dba5a3e713f5cc4dac45924c9e60fe6a1bd1e3057d6fe,1052,961,1
0,0.0,1.0,land_pad2__2375.jpg,land_pad2,2375,a8b9448c170c2f5759e648cf46906b276c4029584032902fa4d29ba71ff421bb,9328787568a6a854d195226aa4cac467034b0f3082b4e794e9201c43e43e35a4,dose_00/images/test/land_pad2__2375.jpg,a8b9448c170c2f5759e648cf46906b276c4029584032902fa4d29ba71ff421bb,dose_00/labels/test/land_pad2__2375.txt,9328787568a6a854d195226aa4cac467034b0f3082b4e794e9201c43e43e35a4,1052,961,1
1,0.15,0.85,land_pad2__2375.jpg,land_pad2,2375,a8b9448c170c2f5759e648cf46906b276c4029584032902fa4d29ba71ff421bb,9328787568a6a854d195226aa4cac467034b0f3082b4e794e9201c43e43e35a4,dose_01/images/test/land_pad2__2375.png,5e6575da4a8f660112c6ba769499e3b8ff38b246136ed73efea89a05caefe04e,dose_01/labels/test/land_pad2__2375.txt,9328787568a6a854d195226aa4cac467034b0f3082b4e794e9201c43e43e35a4,1052,961,1
2,0.3,0.7,land_pad2__2375.jpg,land_pad2,2375,a8b9448c170c2f5759e648cf46906b276c4029584032902fa4d29ba71ff421bb,9328787568a6a854d195226aa4cac467034b0f3082b4e794e9201c43e43e35a4,dose_02/images/test/land_pad2__2375.png,9a5795126671488b5df361c659e7673c1402ab4c9f6ac64640ee2523dc56ecf6,dose_02/labels/test/land_pad2__2375.txt,9328787568a6a854d195226aa4cac467034b0f3082b4e794e9201c43e43e35a4,1052,961,1
3,0.45,0.55,land_pad2__2375.jpg,land_pad2,2375,a8b9448c170c2f5759e648cf46906b276c4029584032902fa4d29ba71ff421bb,9328787568a6a854d195226aa4cac467034b0f3082b4e794e9201c43e43e35a4,dose_03/images/test/land_pad2__2375.png,c7339d842daa976ad5d99f7c9409de95a4f8b01a9c866410fb3a71c24665ff8e,dose_03/labels/test/land_pad2__2375.txt,9328787568a6a854d195226aa4cac467034b0f3082b4e794e9201c43e43e35a4,1052,961,1
4,0.6,0.4,land_pad2__2375.jpg,land_pad2,2375,a8b9448c170c2f5759e648cf46906b276c4029584032902fa4d29ba71ff421bb,9328787568a6a854d195226aa4cac467034b0f3082b4e794e9201c43e43e35a4,dose_04/images/test/land_pad2__2375.png,4cc4713a2a6b7557073b7180b397d0aa68cf5f85a75cc18889fb6b61284657be,dose_04/labels/test/land_pad2__2375.txt,9328787568a6a854d195226aa4cac467034b0f3082b4e794e9201c43e43e35a4,1052,961,1
5,0.75,0.25,land_pad2__2375.jpg,land_pad2,2375,a8b9448c170c2f5759e648cf46906b276c4029584032902fa4d29ba71ff421bb,9328787568a6a854d195226aa4cac467034b0f3082b4e794e9201c43e43e35a4,dose_05/images/test/land_pad2__2375.png,d936af710a0c8763fcf543b14c92ed1115cd4a2fdef16cff645c9eca2030e25d,dose_05/labels/test/land_pad2__2375.txt,9328787568a6a854d195226aa4cac467034b0f3082b4e794e9201c43e43e35a4,1052,961,1
0,0.0,1.0,land_pad2__2400.jpg,land_pad2,2400,f043a7fec23fdd06ae2fc057ac020ed842af471650e97ab9e5f9dd881311c89e,0f5f6db4ed15bffbd4dbc59f5714eacbcee65adc828257d1e61189c06a34fdc5,dose_00/images/test/land_pad2__2400.jpg,f043a7fec23fdd06ae2fc057ac020ed842af471650e97ab9e5f9dd881311c89e,dose_00/labels/test/land_pad2__2400.txt,0f5f6db4ed15bffbd4dbc59f5714eacbcee65adc828257d1e61189c06a34fdc5,1052,961,1
1,0.15,0.85,land_pad2__2400.jpg,land_pad2,2400,f043a7fec23fdd06ae2fc057ac020ed842af471650e97ab9e5f9dd881311c89e,0f5f6db4ed15bffbd4dbc59f5714eacbcee65adc828257d1e61189c06a34fdc5,dose_01/images/test/land_pad2__2400.png,13517e3841ea45c1c5d485bc75d20b8fdefc4b879e6d12056452bc1be9bd0856,dose_01/labels/test/land_pad2__2400.txt,0f5f6db4ed15bffbd4dbc59f5714eacbcee65adc828257d1e61189c06a34fdc5,1052,961,1
2,0.3,0.7,land_pad2__2400.jpg,land_pad2,2400,f043a7fec23fdd06ae2fc057ac020ed842af471650e97ab9e5f9dd881311c89e,0f5f6db4ed15bffbd4dbc59f5714eacbcee65adc828257d1e61189c06a34fdc5,dose_02/images/test/land_pad2__2400.png,b37e417a1afe898d83b7fb62d9c734ac88519216a3f319feb9b16de50e158a22,dose_02/labels/test/land_pad2__2400.txt,0f5f6db4ed15bffbd4dbc59f5714eacbcee65adc828257d1e61189c06a34fdc5,1052,961,1
3,0.45,0.55,land_pad2__2400.jpg,land_pad2,2400,f043a7fec23fdd06ae2fc057ac020ed842af471650e97ab9e5f9dd881311c89e,0f5f6db4ed15bffbd4dbc59f5714eacbcee65adc828257d1e61189c06a34fdc5,dose_03/images/test/land_pad2__2400.png,6a914b8d5d366a77d754e19f93aaf08c1beccc2190aed85bc48ade9acef96eff,dose_03/labels/test/land_pad2__2400.txt,0f5f6db4ed15bffbd4dbc59f5714eacbcee65adc828257d1e61189c06a34fdc5,1052,961,1
4,0.6,0.4,land_pad2__2400.jpg,land_pad2,2400,f043a7fec23fdd06ae2fc057ac020ed842af471650e97ab9e5f9dd881311c89e,0f5f6db4ed15bffbd4dbc59f5714eacbcee65adc828257d1e61189c06a34fdc5,dose_04/images/test/land_pad2__2400.png,c9c4a8a0f6fff1afcb1909186b074389c45efa0f382250dd956f8a4099077886,dose_04/labels/test/land_pad2__2400.txt,0f5f6db4ed15bffbd4dbc59f5714eacbcee65adc828257d1e61189c06a34fdc5,1052,961,1
5,0.75,0.25,land_pad2__2400.jpg,land_pad2,2400,f043a7fec23fdd06ae2fc057ac020ed842af471650e97ab9e5f9dd881311c89e,0f5f6db4ed15bffbd4dbc59f5714eacbcee65adc828257d1e61189c06a34fdc5,dose_05/images/test/land_pad2__2400.png,9c24b9533ea7d139d880dc0aba4ce6c1f36dd87ce260ff38a34da030036c655b,dose_05/labels/test/land_pad2__2400.txt,0f5f6db4ed15bffbd4dbc59f5714eacbcee65adc828257d1e61189c06a34fdc5,1052,961,1
0,0.0,1.0,land_pad2__2425.jpg,land_pad2,2425,f0013c116ddc22ebc936c3152bb8ac5feb81557a191a403db91a2b8024740310,f177bc33fd0664ea11c9977630952ad43ae4fc8d0d637aa066d2b9f95b7bd82f,dose_00/images/test/land_pad2__2425.jpg,f0013c116ddc22ebc936c3152bb8ac5feb81557a191a403db91a2b8024740310,dose_00/labels/test/land_pad2__2425.txt,f177bc33fd0664ea11c9977630952ad43ae4fc8d0d637aa066d2b9f95b7bd82f,1052,961,1
1,0.15,0.85,land_pad2__2425.jpg,land_pad2,2425,f0013c116ddc22ebc936c3152bb8ac5feb81557a191a403db91a2b8024740310,f177bc33fd0664ea11c9977630952ad43ae4fc8d0d637aa066d2b9f95b7bd82f,dose_01/images/test/land_pad2__2425.png,d58a7201965a9ac5519ac2d2c335c9b9ab909468841eba916c0a82745116f470,dose_01/labels/test/land_pad2__2425.txt,f177bc33fd0664ea11c9977630952ad43ae4fc8d0d637aa066d2b9f95b7bd82f,1052,961,1
2,0.3,0.7,land_pad2__2425.jpg,land_pad2,2425,f0013c116ddc22ebc936c3152bb8ac5feb81557a191a403db91a2b8024740310,f177bc33fd0664ea11c9977630952ad43ae4fc8d0d637aa066d2b9f95b7bd82f,dose_02/images/test/land_pad2__2425.png,e5ce0b18c7c9848b65ab390565a8fb56d691845a4742cb9b7d75337161b05114,dose_02/labels/test/land_pad2__2425.txt,f177bc33fd0664ea11c9977630952ad43ae4fc8d0d637aa066d2b9f95b7bd82f,1052,961,1
3,0.45,0.55,land_pad2__2425.jpg,land_pad2,2425,f0013c116ddc22ebc936c3152bb8ac5feb81557a191a403db91a2b8024740310,f177bc33fd0664ea11c9977630952ad43ae4fc8d0d637aa066d2b9f95b7bd82f,dose_03/images/test/land_pad2__2425.png,e2108bc0ed988d390d785003a1ddc864bc1deea4e57769e892df82f768db071e,dose_03/labels/test/land_pad2__2425.txt,f177bc33fd0664ea11c9977630952ad43ae4fc8d0d637aa066d2b9f95b7bd82f,1052,961,1
4,0.6,0.4,land_pad2__2425.jpg,land_pad2,2425,f0013c116ddc22ebc936c3152bb8ac5feb81557a191a403db91a2b8024740310,f177bc33fd0664ea11c9977630952ad43ae4fc8d0d637aa066d2b9f95b7bd82f,dose_04/images/test/land_pad2__2425.png,278400cd1b256f363c971051765d6f1375ddb9413ced635770b239f65747503b,dose_04/labels/test/land_pad2__2425.txt,f177bc33fd0664ea11c9977630952ad43ae4fc8d0d637aa066d2b9f95b7bd82f,1052,961,1
5,0.75,0.25,land_pad2__2425.jpg,land_pad2,2425,f0013c116ddc22ebc936c3152bb8ac5feb81557a191a403db91a2b8024740310,f177bc33fd0664ea11c9977630952ad43ae4fc8d0d637aa066d2b9f95b7bd82f,dose_05/images/test/land_pad2__2425.png,0f97d1ebe6e97f364e31040c2ce4edb7c269a2593728bff7577c2bda93122562,dose_05/labels/test/land_pad2__2425.txt,f177bc33fd0664ea11c9977630952ad43ae4fc8d0d637aa066d2b9f95b7bd82f,1052,961,1
0,0.0,1.0,land_pad2__2450.jpg,land_pad2,2450,0d76c0cac01e125aa8e24291ef0650fb13860bab5844f951a834cf05aa5859be,cf93b05f5e2ec1926ba80f638ac135fcb54fb55cb298d9bfec3151eefc85eac3,dose_00/images/test/land_pad2__2450.jpg,0d76c0cac01e125aa8e24291ef0650fb13860bab5844f951a834cf05aa5859be,dose_00/labels/test/land_pad2__2450.txt,cf93b05f5e2ec1926ba80f638ac135fcb54fb55cb298d9bfec3151eefc85eac3,1052,961,1
1,0.15,0.85,land_pad2__2450.jpg,land_pad2,2450,0d76c0cac01e125aa8e24291ef0650fb13860bab5844f951a834cf05aa5859be,cf93b05f5e2ec1926ba80f638ac135fcb54fb55cb298d9bfec3151eefc85eac3,dose_01/images/test/land_pad2__2450.png,2be7a1e055b851f972ea1b35299a832b2fa93608fd6a324a3b27ce90d653d278,dose_01/labels/test/land_pad2__2450.txt,cf93b05f5e2ec1926ba80f638ac135fcb54fb55cb298d9bfec3151eefc85eac3,1052,961,1
2,0.3,0.7,land_pad2__2450.jpg,land_pad2,2450,0d76c0cac01e125aa8e24291ef0650fb13860bab5844f951a834cf05aa5859be,cf93b05f5e2ec1926ba80f638ac135fcb54fb55cb298d9bfec3151eefc85eac3,dose_02/images/test/land_pad2__2450.png,cd0915f2b1ad2aabb29b27bed9a209fda89c3e4fcdc3ae043600a11d14716cfc,dose_02/labels/test/land_pad2__2450.txt,cf93b05f5e2ec1926ba80f638ac135fcb54fb55cb298d9bfec3151eefc85eac3,1052,961,1
3,0.45,0.55,land_pad2__2450.jpg,land_pad2,2450,0d76c0cac01e125aa8e24291ef0650fb13860bab5844f951a834cf05aa5859be,cf93b05f5e2ec1926ba80f638ac135fcb54fb55cb298d9bfec3151eefc85eac3,dose_03/images/test/land_pad2__2450.png,b2c93db225414385b92b4ff2d2cd3e505d1ee0bfab3ae97e83964cf26984bbbd,dose_03/labels/test/land_pad2__2450.txt,cf93b05f5e2ec1926ba80f638ac135fcb54fb55cb298d9bfec3151eefc85eac3,1052,961,1
4,0.6,0.4,land_pad2__2450.jpg,land_pad2,2450,0d76c0cac01e125aa8e24291ef0650fb13860bab5844f951a834cf05aa5859be,cf93b05f5e2ec1926ba80f638ac135fcb54fb55cb298d9bfec3151eefc85eac3,dose_04/images/test/land_pad2__2450.png,effd4c872fc8353ed914c3068be4865da6c5abc09bd4f32cde6c87479c8e0e19,dose_04/labels/test/land_pad2__2450.txt,cf93b05f5e2ec1926ba80f638ac135fcb54fb55cb298d9bfec3151eefc85eac3,1052,961,1
5,0.75,0.25,land_pad2__2450.jpg,land_pad2,2450,0d76c0cac01e125aa8e24291ef0650fb13860bab5844f951a834cf05aa5859be,cf93b05f5e2ec1926ba80f638ac135fcb54fb55cb298d9bfec3151eefc85eac3,dose_05/images/test/land_pad2__2450.png,46d6dc46afbafc67f943c279553931423cf842ab62cff7dc5cad1810f34db028,dose_05/labels/test/land_pad2__2450.txt,cf93b05f5e2ec1926ba80f638ac135fcb54fb55cb298d9bfec3151eefc85eac3,1052,961,1
0,0.0,1.0,land_pad2__2475.jpg,land_pad2,2475,680c5987d402b13da1635ca16b6afd26863f7baf55ac0c680e0cba1ccc5f8d75,b586cf3c1d58c05d3672ae7496cca9e09bd1e71ebc2424bc1e7681dfb1dfef32,dose_00/images/test/land_pad2__2475.jpg,680c5987d402b13da1635ca16b6afd26863f7baf55ac0c680e0cba1ccc5f8d75,dose_00/labels/test/land_pad2__2475.txt,b586cf3c1d58c05d3672ae7496cca9e09bd1e71ebc2424bc1e7681dfb1dfef32,1052,961,1
1,0.15,0.85,land_pad2__2475.jpg,land_pad2,2475,680c5987d402b13da1635ca16b6afd26863f7baf55ac0c680e0cba1ccc5f8d75,b586cf3c1d58c05d3672ae7496cca9e09bd1e71ebc2424bc1e7681dfb1dfef32,dose_01/images/test/land_pad2__2475.png,48769f57491c36995dc308e897288bd3e697800471eaec37dbe66919c6c4152d,dose_01/labels/test/land_pad2__2475.txt,b586cf3c1d58c05d3672ae7496cca9e09bd1e71ebc2424bc1e7681dfb1dfef32,1052,961,1
2,0.3,0.7,land_pad2__2475.jpg,land_pad2,2475,680c5987d402b13da1635ca16b6afd26863f7baf55ac0c680e0cba1ccc5f8d75,b586cf3c1d58c05d3672ae7496cca9e09bd1e71ebc2424bc1e7681dfb1dfef32,dose_02/images/test/land_pad2__2475.png,a799cd24364bad95f0c95e1328f385dc4ead8853b229464a2ce25799a4df917d,dose_02/labels/test/land_pad2__2475.txt,b586cf3c1d58c05d3672ae7496cca9e09bd1e71ebc2424bc1e7681dfb1dfef32,1052,961,1
3,0.45,0.55,land_pad2__2475.jpg,land_pad2,2475,680c5987d402b13da1635ca16b6afd26863f7baf55ac0c680e0cba1ccc5f8d75,b586cf3c1d58c05d3672ae7496cca9e09bd1e71ebc2424bc1e7681dfb1dfef32,dose_03/images/test/land_pad2__2475.png,51900b8c9114ba70e3258b9ed63feded58b4aa61c27d9409ab445a5e14d9b234,dose_03/labels/test/land_pad2__2475.txt,b586cf3c1d58c05d3672ae7496cca9e09bd1e71ebc2424bc1e7681dfb1dfef32,1052,961,1
4,0.6,0.4,land_pad2__2475.jpg,land_pad2,2475,680c5987d402b13da1635ca16b6afd26863f7baf55ac0c680e0cba1ccc5f8d75,b586cf3c1d58c05d3672ae7496cca9e09bd1e71ebc2424bc1e7681dfb1dfef32,dose_04/images/test/land_pad2__2475.png,3b8bf9d73793e6545e94090c4d89ac27926e44b62155e83cb4802c1d7b55e241,dose_04/labels/test/land_pad2__2475.txt,b586cf3c1d58c05d3672ae7496cca9e09bd1e71ebc2424bc1e7681dfb1dfef32,1052,961,1
5,0.75,0.25,land_pad2__2475.jpg,land_pad2,2475,680c5987d402b13da1635ca16b6afd26863f7baf55ac0c680e0cba1ccc5f8d75,b586cf3c1d58c05d3672ae7496cca9e09bd1e71ebc2424bc1e7681dfb1dfef32,dose_05/images/test/land_pad2__2475.png,f2af15561d7b3b5f575ee139356240e9211ad182a3628d4b38c2ed78d93c8d64,dose_05/labels/test/land_pad2__2475.txt,b586cf3c1d58c05d3672ae7496cca9e09bd1e71ebc2424bc1e7681dfb1dfef32,1052,961,1
0,0.0,1.0,land_pad2__2500.jpg,land_pad2,2500,da59d66e6237f1599d9107727b625f475d090a1730bea9ecbbde699e5e2cea09,59d6b983a0b7f45d21944014720d51e468b3f63f3e4cc0d5fda056fbbdcae626,dose_00/images/test/land_pad2__2500.jpg,da59d66e6237f1599d9107727b625f475d090a1730bea9ecbbde699e5e2cea09,dose_00/labels/test/land_pad2__2500.txt,59d6b983a0b7f45d21944014720d51e468b3f63f3e4cc0d5fda056fbbdcae626,1052,961,1
1,0.15,0.85,land_pad2__2500.jpg,land_pad2,2500,da59d66e6237f1599d9107727b625f475d090a1730bea9ecbbde699e5e2cea09,59d6b983a0b7f45d21944014720d51e468b3f63f3e4cc0d5fda056fbbdcae626,dose_01/images/test/land_pad2__2500.png,29953926a9829f837b9685c203b5beccd071e06eecd95eb21443b4d0f5758139,dose_01/labels/test/land_pad2__2500.txt,59d6b983a0b7f45d21944014720d51e468b3f63f3e4cc0d5fda056fbbdcae626,1052,961,1
2,0.3,0.7,land_pad2__2500.jpg,land_pad2,2500,da59d66e6237f1599d9107727b625f475d090a1730bea9ecbbde699e5e2cea09,59d6b983a0b7f45d21944014720d51e468b3f63f3e4cc0d5fda056fbbdcae626,dose_02/images/test/land_pad2__2500.png,c8c670beae435fa736764de449e7981f93e117205ca3ddc3d1b71b4ca327587f,dose_02/labels/test/land_pad2__2500.txt,59d6b983a0b7f45d21944014720d51e468b3f63f3e4cc0d5fda056fbbdcae626,1052,961,1
3,0.45,0.55,land_pad2__2500.jpg,land_pad2,2500,da59d66e6237f1599d9107727b625f475d090a1730bea9ecbbde699e5e2cea09,59d6b983a0b7f45d21944014720d51e468b3f63f3e4cc0d5fda056fbbdcae626,dose_03/images/test/land_pad2__2500.png,f512e4905c0015b23548dec0b1f7044525d1338f11f698b99b6b0e49af0a5d0a,dose_03/labels/test/land_pad2__2500.txt,59d6b983a0b7f45d21944014720d51e468b3f63f3e4cc0d5fda056fbbdcae626,1052,961,1
4,0.6,0.4,land_pad2__2500.jpg,land_pad2,2500,da59d66e6237f1599d9107727b625f475d090a1730bea9ecbbde699e5e2cea09,59d6b983a0b7f45d21944014720d51e468b3f63f3e4cc0d5fda056fbbdcae626,dose_04/images/test/land_pad2__2500.png,1b69deebe45e64b08c6f56507111a08f1e34ed486c8b282ad61a80f3e21b7b40,dose_04/labels/test/land_pad2__2500.txt,59d6b983a0b7f45d21944014720d51e468b3f63f3e4cc0d5fda056fbbdcae626,1052,961,1
5,0.75,0.25,land_pad2__2500.jpg,land_pad2,2500,da59d66e6237f1599d9107727b625f475d090a1730bea9ecbbde699e5e2cea09,59d6b983a0b7f45d21944014720d51e468b3f63f3e4cc0d5fda056fbbdcae626,dose_05/images/test/land_pad2__2500.png,abf89caee94cb53746d29d21163a4dd75b57ca31cb340404d7de60a6b744315b,dose_05/labels/test/land_pad2__2500.txt,59d6b983a0b7f45d21944014720d51e468b3f63f3e4cc0d5fda056fbbdcae626,1052,961,1
0,0.0,1.0,land_pad2__2525.jpg,land_pad2,2525,4bf67210ed80cf3afaf88562036fa2a70121f4c746d38ef74363c85e46d7eae0,b6210b6e877cf704d786f59eec447f613daccb2e33243f45d62c144995f27015,dose_00/images/test/land_pad2__2525.jpg,4bf67210ed80cf3afaf88562036fa2a70121f4c746d38ef74363c85e46d7eae0,dose_00/labels/test/land_pad2__2525.txt,b6210b6e877cf704d786f59eec447f613daccb2e33243f45d62c144995f27015,1052,961,1
1,0.15,0.85,land_pad2__2525.jpg,land_pad2,2525,4bf67210ed80cf3afaf88562036fa2a70121f4c746d38ef74363c85e46d7eae0,b6210b6e877cf704d786f59eec447f613daccb2e33243f45d62c144995f27015,dose_01/images/test/land_pad2__2525.png,4fe79c451d3b9064f26b58dcdd1ffa97c2b8cf79898edef1ca3994d2eda57302,dose_01/labels/test/land_pad2__2525.txt,b6210b6e877cf704d786f59eec447f613daccb2e33243f45d62c144995f27015,1052,961,1
2,0.3,0.7,land_pad2__2525.jpg,land_pad2,2525,4bf67210ed80cf3afaf88562036fa2a70121f4c746d38ef74363c85e46d7eae0,b6210b6e877cf704d786f59eec447f613daccb2e33243f45d62c144995f27015,dose_02/images/test/land_pad2__2525.png,b5fb094a329d0d89238d31c495a28f9cc1692c765bf4399a0531e52d9f7caa09,dose_02/labels/test/land_pad2__2525.txt,b6210b6e877cf704d786f59eec447f613daccb2e33243f45d62c144995f27015,1052,961,1
3,0.45,0.55,land_pad2__2525.jpg,land_pad2,2525,4bf67210ed80cf3afaf88562036fa2a70121f4c746d38ef74363c85e46d7eae0,b6210b6e877cf704d786f59eec447f613daccb2e33243f45d62c144995f27015,dose_03/images/test/land_pad2__2525.png,40ecfdb4da92f964bc6ca1860782f5e568cdcfaeb102577b06b8b6c87d1139db,dose_03/labels/test/land_pad2__2525.txt,b6210b6e877cf704d786f59eec447f613daccb2e33243f45d62c144995f27015,1052,961,1
4,0.6,0.4,land_pad2__2525.jpg,land_pad2,2525,4bf67210ed80cf3afaf88562036fa2a70121f4c746d38ef74363c85e46d7eae0,b6210b6e877cf704d786f59eec447f613daccb2e33243f45d62c144995f27015,dose_04/images/test/land_pad2__2525.png,18cc350bfce504c544abcfc1adf41cdc6653d3694ffe24e1eb53ccc6868785c6,dose_04/labels/test/land_pad2__2525.txt,b6210b6e877cf704d786f59eec447f613daccb2e33243f45d62c144995f27015,1052,961,1
5,0.75,0.25,land_pad2__2525.jpg,land_pad2,2525,4bf67210ed80cf3afaf88562036fa2a70121f4c746d38ef74363c85e46d7eae0,b6210b6e877cf704d786f59eec447f613daccb2e33243f45d62c144995f27015,dose_05/images/test/land_pad2__2525.png,0f739f444db9cd353f297528ca1dbd38034e3dd84948aa0423dfdd3ec64b14fb,dose_05/labels/test/land_pad2__2525.txt,b6210b6e877cf704d786f59eec447f613daccb2e33243f45d62c144995f27015,1052,961,1
